SEED=987702 
SEED is set to: 987702
SEED=59349 
SEED is set to: 59349
SEED=87212 
SEED is set to: 87212
SEED=152242 
SEED is set to: 152242
SEED=251623 
SEED is set to: 251623
SEED=399608 
SEED is set to: 399608
SEED=497074 
SEED is set to: 497074
timeout: the monitored command dumped core
environment: line 1: 3162930 Segmentation fault      timeout ${TIMEOUT}s "$WORKDIR/a.out" > "$TMP_OUT"
SEED=116388 
SEED is set to: 116388
SEED=290864 
SEED is set to: 290864
SEED=438975 
SEED is set to: 438975
SEED=508520 
SEED is set to: 508520
SEED=523056 
SEED is set to: 523056
SEED=966365 
SEED is set to: 966365
SEED=113694 
SEED is set to: 113694
SEED=501289 
SEED is set to: 501289
SEED=711595 
SEED is set to: 711595
SEED=809761 
SEED is set to: 809761
SEED=459094 
SEED is set to: 459094
SEED=691474 
SEED is set to: 691474
SEED=767652 
SEED is set to: 767652
SEED=894812 
SEED is set to: 894812
SEED=971718 
SEED is set to: 971718
SEED=154031 
SEED is set to: 154031
SEED=200269 
SEED is set to: 200269
SEED=52932 
SEED is set to: 52932
SEED=140802 
SEED is set to: 140802
SEED=173082 
SEED is set to: 173082
SEED=281380 
SEED is set to: 281380
SEED=627497 
SEED is set to: 627497
timeout: the monitored command dumped core
environment: line 1: 3164016 Segmentation fault      timeout ${TIMEOUT}s "$WORKDIR/a.out" > "$TMP_OUT"
SEED=948012 
SEED is set to: 948012
SEED=276939 
SEED is set to: 276939
SEED=369626 
SEED is set to: 369626
SEED=846867 
SEED is set to: 846867
SEED=943889 
SEED is set to: 943889
SEED=128161 
SEED is set to: 128161
SEED=437255 
SEED is set to: 437255
SEED=471977 
SEED is set to: 471977
SEED=700648 
SEED is set to: 700648
SEED=387291 
SEED is set to: 387291
SEED=703628 
SEED is set to: 703628
SEED=710153 
SEED is set to: 710153
SEED=800827 
SEED is set to: 800827
timeout: the monitored command dumped core
environment: line 1: 3164640 Segmentation fault      timeout ${TIMEOUT}s "$WORKDIR/a.out" > "$TMP_OUT"
SEED=887026 
SEED is set to: 887026
timeout: the monitored command dumped core
environment: line 1: 3164651 Segmentation fault      timeout ${TIMEOUT}s "$WORKDIR/a.out" > "$TMP_OUT"
SEED=305585 
SEED is set to: 305585
SEED=586508 
SEED is set to: 586508
timeout: the monitored command dumped core
environment: line 1: 3164792 Segmentation fault      timeout ${TIMEOUT}s "$WORKDIR/a.out" > "$TMP_OUT"
SEED=124832 
SEED is set to: 124832
SEED=261239 
SEED is set to: 261239
SEED=367968 
SEED is set to: 367968
SEED=492875 
SEED is set to: 492875
timeout: the monitored command dumped core
environment: line 1: 3165006 Segmentation fault      timeout ${TIMEOUT}s "$WORKDIR/a.out" > "$TMP_OUT"
SEED=836531 
SEED is set to: 836531
SEED=20387 
SEED is set to: 20387
SEED=102894 
SEED is set to: 102894
SEED=135878 
SEED is set to: 135878
SEED=759510 
SEED is set to: 759510
SEED=119453 
SEED is set to: 119453
SEED=307413 
SEED is set to: 307413
SEED=398282 
SEED is set to: 398282
timeout: the monitored command dumped core
environment: line 1: 3165446 Segmentation fault      timeout ${TIMEOUT}s "$WORKDIR/a.out" > "$TMP_OUT"
SEED=698527 
SEED is set to: 698527
SEED=701006 
SEED is set to: 701006
timeout: the monitored command dumped core
environment: line 1: 3165498 Segmentation fault      timeout ${TIMEOUT}s "$WORKDIR/a.out" > "$TMP_OUT"
timeout: the monitored command dumped core
environment: line 1: 3165501 Segmentation fault      timeout ${TIMEOUT}s "$WORKDIR/a.out" > "$TMP_OUT"
SEED=604165 
SEED is set to: 604165
SEED=737043 
SEED is set to: 737043
SEED=943641 
SEED is set to: 943641
SEED=956758 
SEED is set to: 956758
timeout: the monitored command dumped core
environment: line 1: 3165693 Segmentation fault      timeout ${TIMEOUT}s "$WORKDIR/a.out" > "$TMP_OUT"
SEED=192989 
SEED is set to: 192989
SEED=360322 
SEED is set to: 360322
SEED=840287 
SEED is set to: 840287
SEED=957292 
SEED is set to: 957292
SEED=213173 
SEED is set to: 213173
SEED=286885 
SEED is set to: 286885
SEED=305451 
SEED is set to: 305451
SEED=518954 
SEED is set to: 518954
SEED=532627 
SEED is set to: 532627
SEED=445978 
SEED is set to: 445978
SEED=475113 
SEED is set to: 475113
SEED=540793 
SEED is set to: 540793
SEED=46024 
SEED is set to: 46024
SEED=63775 
SEED is set to: 63775
SEED=177109 
SEED is set to: 177109
SEED=817070 
SEED is set to: 817070
SEED=838672 
SEED is set to: 838672
SEED=890929 
SEED is set to: 890929
*** stack smashing detected ***: terminated
timeout: the monitored command dumped core
environment: line 1: 3166592 Aborted                 timeout ${TIMEOUT}s "$WORKDIR/a.out" > "$TMP_OUT"
SEED=280022 
SEED is set to: 280022
SEED=522533 
SEED is set to: 522533
SEED=945152 
SEED is set to: 945152
SEED=145694 
SEED is set to: 145694
SEED=447168 
SEED is set to: 447168
SEED=773598 
SEED is set to: 773598
SEED=866423 
SEED is set to: 866423
SEED=695023 
SEED is set to: 695023
SEED=742345 
SEED is set to: 742345
SEED=780015 
SEED is set to: 780015
SEED=25333 
SEED is set to: 25333
SEED=517163 
SEED is set to: 517163
SEED=163120 
SEED is set to: 163120
SEED=200681 
SEED is set to: 200681
SEED=200746 
SEED is set to: 200746
SEED=540758 
SEED is set to: 540758
SEED=895487 
SEED is set to: 895487
SEED=310149 
SEED is set to: 310149
SEED=455694 
SEED is set to: 455694
SEED=484455 
SEED is set to: 484455
SEED=516860 
SEED is set to: 516860
SEED=33757 
SEED is set to: 33757
SEED=606698 
SEED is set to: 606698
SEED=655591 
SEED is set to: 655591
SEED=678063 
SEED is set to: 678063
SEED=907687 
SEED is set to: 907687
SEED=961790 
SEED is set to: 961790
SEED=94585 
SEED is set to: 94585
SEED=557515 
SEED is set to: 557515
SEED=577406 
SEED is set to: 577406
SEED=878197 
SEED is set to: 878197
SEED=181327 
SEED is set to: 181327
SEED=285720 
SEED is set to: 285720
SEED=302582 
SEED is set to: 302582
SEED=304331 
SEED is set to: 304331
SEED=996346 
SEED is set to: 996346
SEED=78211 
SEED is set to: 78211
timeout: the monitored command dumped core
environment: line 1: 3168517 Segmentation fault      timeout ${TIMEOUT}s "$WORKDIR/a.out" > "$TMP_OUT"
SEED=427506 
SEED is set to: 427506
SEED=611181 
SEED is set to: 611181
SEED=710807 
SEED is set to: 710807
SEED=723145 
SEED is set to: 723145
SEED=812431 
SEED is set to: 812431
double free or corruption (out)
SEED=842993 
SEED is set to: 842993
timeout: the monitored command dumped core
environment: line 1: 3168816 Aborted                 timeout ${TIMEOUT}s "$WORKDIR/a.out" > "$TMP_OUT"
timeout: the monitored command dumped core
environment: line 1: 3168776 Segmentation fault      timeout ${TIMEOUT}s "$WORKDIR/a.out" > "$TMP_OUT"
SEED=60401 
SEED is set to: 60401
timeout: the monitored command dumped core
environment: line 1: 3168938 Segmentation fault      timeout ${TIMEOUT}s "$WORKDIR/a.out" > "$TMP_OUT"
SEED=367568 
SEED is set to: 367568
SEED=95893 
SEED is set to: 95893
SEED=454848 
SEED is set to: 454848
SEED=456215 
SEED is set to: 456215
SEED=646518 
SEED is set to: 646518
SEED=752139 
SEED is set to: 752139
SEED=231042 
SEED is set to: 231042
SEED=378737 
SEED is set to: 378737
SEED=466474 
SEED is set to: 466474
SEED=777418 
SEED is set to: 777418
SEED=794282 
SEED is set to: 794282
SEED=858471 
SEED is set to: 858471
SEED=56966 
SEED is set to: 56966
malloc(): corrupted top size
SEED=76087 
SEED is set to: 76087
timeout: the monitored command dumped core
environment: line 1: 3169471 Aborted                 timeout ${TIMEOUT}s "$WORKDIR/a.out" > "$TMP_OUT"
SEED=976132 
SEED is set to: 976132
SEED=595803 
SEED is set to: 595803
SEED=714454 
SEED is set to: 714454
timeout: the monitored command dumped core
environment: line 1: 3169805 Segmentation fault      timeout ${TIMEOUT}s "$WORKDIR/a.out" > "$TMP_OUT"
SEED=860744 
SEED is set to: 860744
SEED=60685 
SEED is set to: 60685
SEED=337128 
SEED is set to: 337128
SEED=534265 
SEED is set to: 534265
timeout: the monitored command dumped core
environment: line 1: 3169953 Segmentation fault      timeout ${TIMEOUT}s "$WORKDIR/a.out" > "$TMP_OUT"
SEED=686627 
SEED is set to: 686627
SEED=870596 
SEED is set to: 870596
SEED=170851 
SEED is set to: 170851
SEED=317417 
SEED is set to: 317417
SEED=436047 
SEED is set to: 436047
SEED=514647 
SEED is set to: 514647
SEED=905432 
SEED is set to: 905432
SEED=214193 
SEED is set to: 214193
SEED=266464 
SEED is set to: 266464
SEED=519229 
SEED is set to: 519229
SEED=818027 
SEED is set to: 818027
SEED=967675 
SEED is set to: 967675
SEED=139549 
SEED is set to: 139549
SEED=440770 
SEED is set to: 440770
SEED=493613 
SEED is set to: 493613
SEED=687198 
SEED is set to: 687198
SEED=720868 
SEED is set to: 720868
SEED=930575 
SEED is set to: 930575
SEED=299234 
SEED is set to: 299234
SEED=690208 
SEED is set to: 690208
SEED=742283 
SEED is set to: 742283
SEED=827933 
SEED is set to: 827933
timeout: the monitored command dumped core
environment: line 1: 3170915 Segmentation fault      timeout ${TIMEOUT}s "$WORKDIR/a.out" > "$TMP_OUT"
SEED=579565 
SEED is set to: 579565
SEED=601185 
SEED is set to: 601185
SEED=849121 
SEED is set to: 849121
SEED=6758 
SEED is set to: 6758
SEED=60753 
SEED is set to: 60753
SEED=623535 
SEED is set to: 623535
SEED=862564 
SEED is set to: 862564
SEED=117416 
SEED is set to: 117416
SEED=192753 
SEED is set to: 192753
timeout: the monitored command dumped core
environment: line 1: 3171464 Segmentation fault      timeout ${TIMEOUT}s "$WORKDIR/a.out" > "$TMP_OUT"
SEED=461965 
SEED is set to: 461965
SEED=504356 
SEED is set to: 504356
SEED=597562 
SEED is set to: 597562
SEED=147251 
SEED is set to: 147251
SEED=213991 
SEED is set to: 213991
SEED=330232 
SEED is set to: 330232
SEED=561102 
SEED is set to: 561102
SEED=648671 
SEED is set to: 648671
SEED=848081 
SEED is set to: 848081
SEED=879581 
SEED is set to: 879581
SEED=922992 
SEED is set to: 922992
SEED=371946 
SEED is set to: 371946
SEED=220016 
SEED is set to: 220016
SEED=288306 
SEED is set to: 288306
SEED=856748 
SEED is set to: 856748
SEED=147821 
SEED is set to: 147821
SEED=30291 
SEED is set to: 30291
SEED=312365 
SEED is set to: 312365
SEED=923052 
SEED is set to: 923052
SEED=990902 
SEED is set to: 990902
SEED=173166 
SEED is set to: 173166
SEED=351110 
SEED is set to: 351110
SEED=543621 
SEED is set to: 543621
SEED=603658 
SEED is set to: 603658
SEED=397405 
SEED is set to: 397405
SEED=569379 
SEED is set to: 569379
SEED=642083 
SEED is set to: 642083
SEED=871084 
SEED is set to: 871084
SEED=9226 
SEED is set to: 9226
SEED=196752 
SEED is set to: 196752
SEED=317157 
SEED is set to: 317157
SEED=651151 
SEED is set to: 651151
SEED=79142 
SEED is set to: 79142
SEED=704594 
SEED is set to: 704594
SEED=791406 
SEED is set to: 791406
SEED=97394 
SEED is set to: 97394
SEED=192208 
SEED is set to: 192208
timeout: the monitored command dumped core
environment: line 1: 3173440 Segmentation fault      timeout ${TIMEOUT}s "$WORKDIR/a.out" > "$TMP_OUT"
SEED=329056 
SEED is set to: 329056
SEED=555909 
SEED is set to: 555909
SEED=15124 
SEED is set to: 15124
SEED=257812 
SEED is set to: 257812
timeout: the monitored command dumped core
environment: line 1: 3173657 Segmentation fault      timeout ${TIMEOUT}s "$WORKDIR/a.out" > "$TMP_OUT"
SEED=348220 
SEED is set to: 348220
SEED=424182 
SEED is set to: 424182
SEED=938510 
SEED is set to: 938510
SEED=79021 
SEED is set to: 79021
SEED=580546 
SEED is set to: 580546
SEED=666018 
SEED is set to: 666018
SEED=776430 
SEED is set to: 776430
timeout: the monitored command dumped core
environment: line 1: 3174024 Segmentation fault      timeout ${TIMEOUT}s "$WORKDIR/a.out" > "$TMP_OUT"
SEED=960731 
SEED is set to: 960731
SEED=559403 
SEED is set to: 559403
SEED=974473 
SEED is set to: 974473
SEED=22475 
SEED is set to: 22475
SEED=218062 
SEED is set to: 218062
SEED=309060 
SEED is set to: 309060
SEED=334069 
SEED is set to: 334069
SEED=365626 
SEED is set to: 365626
timeout: the monitored command dumped core
environment: line 1: 3174375 Segmentation fault      timeout ${TIMEOUT}s "$WORKDIR/a.out" > "$TMP_OUT"
SEED=29704 
SEED is set to: 29704
SEED=37947 
SEED is set to: 37947
SEED=478847 
SEED is set to: 478847
SEED=893996 
SEED is set to: 893996
SEED=321099 
SEED is set to: 321099
SEED=498960 
SEED is set to: 498960
SEED=591257 
SEED is set to: 591257
SEED=976208 
SEED is set to: 976208
SEED=3796 
SEED is set to: 3796
SEED=86134 
SEED is set to: 86134
timeout: the monitored command dumped core
environment: line 1: 3174898 Segmentation fault      timeout ${TIMEOUT}s "$WORKDIR/a.out" > "$TMP_OUT"
SEED=431157 
SEED is set to: 431157
timeout: the monitored command dumped core
environment: line 1: 3174977 Segmentation fault      timeout ${TIMEOUT}s "$WORKDIR/a.out" > "$TMP_OUT"
SEED=244808 
SEED is set to: 244808
SEED=248473 
SEED is set to: 248473
SEED=454334 
SEED is set to: 454334
timeout: the monitored command dumped core
environment: line 1: 3175104 Segmentation fault      timeout ${TIMEOUT}s "$WORKDIR/a.out" > "$TMP_OUT"
SEED=643016 
SEED is set to: 643016
SEED=22100 
SEED is set to: 22100
SEED=290805 
SEED is set to: 290805
SEED=940406 
SEED is set to: 940406
SEED=958106 
SEED is set to: 958106
SEED=8063 
SEED is set to: 8063
SEED=327681 
SEED is set to: 327681
SEED=469978 
SEED is set to: 469978
SEED=831964 
SEED is set to: 831964
SEED=955098 
SEED is set to: 955098
SEED=207710 
SEED is set to: 207710
SEED=319015 
SEED is set to: 319015
SEED=433308 
SEED is set to: 433308
SEED=474235 
SEED is set to: 474235
SEED=773153 
SEED is set to: 773153
SEED=181162 
SEED is set to: 181162
timeout: the monitored command dumped core
environment: line 1: 3175917 Segmentation fault      timeout ${TIMEOUT}s "$WORKDIR/a.out" > "$TMP_OUT"
SEED=701176 
SEED is set to: 701176
SEED=762030 
SEED is set to: 762030
SEED=10664 
SEED is set to: 10664
SEED=37979 
SEED is set to: 37979
SEED=346017 
SEED is set to: 346017
SEED=796407 
SEED is set to: 796407
SEED=991423 
SEED is set to: 991423
SEED=998607 
SEED is set to: 998607
SEED=37445 
SEED is set to: 37445
SEED=336679 
SEED is set to: 336679
timeout: the monitored command dumped core
environment: line 1: 3176332 Segmentation fault      timeout ${TIMEOUT}s "$WORKDIR/a.out" > "$TMP_OUT"
SEED=146394 
SEED is set to: 146394
SEED=395253 
SEED is set to: 395253
SEED=497209 
SEED is set to: 497209
SEED=764125 
SEED is set to: 764125
SEED=811316 
SEED is set to: 811316
free(): double free detected in tcache 2
timeout: the monitored command dumped core
environment: line 1: 3176633 Aborted                 timeout ${TIMEOUT}s "$WORKDIR/a.out" > "$TMP_OUT"
SEED=955664 
SEED is set to: 955664
SEED=406253 
SEED is set to: 406253
SEED=442620 
SEED is set to: 442620
SEED=748210 
SEED is set to: 748210
SEED=870369 
SEED is set to: 870369
SEED=204317 
SEED is set to: 204317
SEED=448920 
SEED is set to: 448920
SEED=956242 
SEED is set to: 956242
SEED=988630 
SEED is set to: 988630
SEED=995974 
SEED is set to: 995974
SEED=276667 
SEED is set to: 276667
SEED=579961 
SEED is set to: 579961
free(): double free detected in tcache 2
timeout: the monitored command dumped core
environment: line 1: 3177213 Aborted                 timeout ${TIMEOUT}s "$WORKDIR/a.out" > "$TMP_OUT"
SEED=940139 
SEED is set to: 940139
SEED=220729 
SEED is set to: 220729
SEED=462795 
SEED is set to: 462795
SEED=612742 
SEED is set to: 612742
SEED=873741 
SEED is set to: 873741
SEED=312350 
SEED is set to: 312350
SEED=381811 
SEED is set to: 381811
SEED=605720 
SEED is set to: 605720
SEED=692990 
SEED is set to: 692990
SEED=106336 
SEED is set to: 106336
SEED=354815 
SEED is set to: 354815
free(): double free detected in tcache 2
timeout: the monitored command dumped core
environment: line 1: 3177762 Aborted                 timeout ${TIMEOUT}s "$WORKDIR/a.out" > "$TMP_OUT"
SEED=114583 
SEED is set to: 114583
SEED=115577 
SEED is set to: 115577
SEED=491574 
SEED is set to: 491574
SEED=734249 
SEED is set to: 734249
SEED=786829 
SEED is set to: 786829
SEED=860404 
SEED is set to: 860404
timeout: the monitored command dumped core
environment: line 1: 3177986 Segmentation fault      timeout ${TIMEOUT}s "$WORKDIR/a.out" > "$TMP_OUT"
SEED=243428 
SEED is set to: 243428
timeout: the monitored command dumped core
environment: line 1: 3178057 Segmentation fault      timeout ${TIMEOUT}s "$WORKDIR/a.out" > "$TMP_OUT"
SEED=915932 
SEED is set to: 915932
SEED=111277 
SEED is set to: 111277
timeout: the monitored command dumped core
environment: line 1: 3178139 Segmentation fault      timeout ${TIMEOUT}s "$WORKDIR/a.out" > "$TMP_OUT"
SEED=507074 
SEED is set to: 507074
SEED=607035 
SEED is set to: 607035
SEED=632081 
SEED is set to: 632081
SEED=692672 
SEED is set to: 692672
SEED=3789 
SEED is set to: 3789
SEED=157482 
SEED is set to: 157482
SEED=161923 
SEED is set to: 161923
SEED=249482 
SEED is set to: 249482
SEED=406280 
SEED is set to: 406280
SEED=610758 
SEED is set to: 610758
SEED=189931 
SEED is set to: 189931
SEED=318480 
SEED is set to: 318480
SEED=594537 
SEED is set to: 594537
SEED=911749 
SEED is set to: 911749
timeout: the monitored command dumped core
environment: line 1: 3179047 Segmentation fault      timeout ${TIMEOUT}s "$WORKDIR/a.out" > "$TMP_OUT"
SEED=429139 
SEED is set to: 429139
SEED=88266 
SEED is set to: 88266
SEED=338652 
SEED is set to: 338652
SEED=490786 
SEED is set to: 490786
SEED=566478 
SEED is set to: 566478
timeout: the monitored command dumped core
environment: line 1: 3179279 Segmentation fault      timeout ${TIMEOUT}s "$WORKDIR/a.out" > "$TMP_OUT"
SEED=841905 
SEED is set to: 841905
SEED=267388 
SEED is set to: 267388
SEED=294536 
SEED is set to: 294536
SEED=996722 
SEED is set to: 996722
SEED=169262 
SEED is set to: 169262
SEED=330854 
SEED is set to: 330854
SEED=656246 
SEED is set to: 656246
SEED=840920 
SEED is set to: 840920
SEED=926939 
SEED is set to: 926939
SEED=950166 
SEED is set to: 950166
SEED=489420 
SEED is set to: 489420
SEED=197470 
SEED is set to: 197470
SEED=266376 
SEED is set to: 266376
SEED=430987 
SEED is set to: 430987
SEED=668269 
SEED is set to: 668269
timeout: the monitored command dumped core
environment: line 1: 3180007 Segmentation fault      timeout ${TIMEOUT}s "$WORKDIR/a.out" > "$TMP_OUT"
SEED=18539 
SEED is set to: 18539
SEED=345284 
SEED is set to: 345284
SEED=674991 
SEED is set to: 674991
timeout: the monitored command dumped core
environment: line 1: 3180243 Floating point exceptiontimeout ${TIMEOUT}s "$WORKDIR/a.out" > "$TMP_OUT"
SEED=76346 
SEED is set to: 76346
SEED=122120 
SEED is set to: 122120
SEED=311216 
SEED is set to: 311216
SEED=570598 
SEED is set to: 570598
SEED=17255 
SEED is set to: 17255
SEED=448252 
SEED is set to: 448252
SEED=503573 
SEED is set to: 503573
timeout: the monitored command dumped core
environment: line 1: 3180507 Segmentation fault      timeout ${TIMEOUT}s "$WORKDIR/a.out" > "$TMP_OUT"
SEED=572312 
SEED is set to: 572312
SEED=759666 
SEED is set to: 759666
timeout: the monitored command dumped core
environment: line 1: 3180664 Segmentation fault      timeout ${TIMEOUT}s "$WORKDIR/a.out" > "$TMP_OUT"
SEED=125989 
SEED is set to: 125989
SEED=947871 
SEED is set to: 947871
SEED=128465 
SEED is set to: 128465
SEED=243660 
SEED is set to: 243660
SEED=385036 
SEED is set to: 385036
SEED=405342 
SEED is set to: 405342
timeout: the monitored command dumped core
environment: line 1: 3180863 Segmentation fault      timeout ${TIMEOUT}s "$WORKDIR/a.out" > "$TMP_OUT"
SEED=555290 
SEED is set to: 555290
SEED=583606 
SEED is set to: 583606
SEED=904425 
SEED is set to: 904425
timeout: the monitored command dumped core
environment: line 1: 3181004 Segmentation fault      timeout ${TIMEOUT}s "$WORKDIR/a.out" > "$TMP_OUT"
SEED=717103 
SEED is set to: 717103
SEED=723559 
SEED is set to: 723559
SEED=885374 
SEED is set to: 885374
SEED=935618 
SEED is set to: 935618
SEED=295591 
SEED is set to: 295591
SEED=295720 
SEED is set to: 295720
malloc(): corrupted top size
timeout: the monitored command dumped core
environment: line 1: 3181299 Aborted                 timeout ${TIMEOUT}s "$WORKDIR/a.out" > "$TMP_OUT"
SEED=577981 
SEED is set to: 577981
SEED=726897 
SEED is set to: 726897
SEED=138312 
SEED is set to: 138312
SEED=235967 
SEED is set to: 235967
SEED=641242 
SEED is set to: 641242
SEED=805732 
SEED is set to: 805732
SEED=942245 
SEED is set to: 942245
SEED=322875 
SEED is set to: 322875
SEED=476127 
SEED is set to: 476127
SEED=660101 
SEED is set to: 660101
timeout: the monitored command dumped core
environment: line 1: 3181668 Segmentation fault      timeout ${TIMEOUT}s "$WORKDIR/a.out" > "$TMP_OUT"
SEED=798662 
SEED is set to: 798662
SEED=108767 
SEED is set to: 108767
SEED=577682 
SEED is set to: 577682
SEED=65619 
SEED is set to: 65619
SEED=252557 
SEED is set to: 252557
timeout: the monitored command dumped core
environment: line 1: 3181977 Segmentation fault      timeout ${TIMEOUT}s "$WORKDIR/a.out" > "$TMP_OUT"
SEED=358588 
SEED is set to: 358588
SEED=358787 
SEED is set to: 358787
SEED=518714 
SEED is set to: 518714
SEED=614328 
SEED is set to: 614328
SEED=54551 
SEED is set to: 54551
SEED=142582 
SEED is set to: 142582
timeout: the monitored command dumped core
timeout: the monitored command dumped core
environment: line 1: 3182150 Segmentation fault      timeout ${TIMEOUT}s "$WORKDIR/a.out" > "$TMP_OUT"
timeout: the monitored command dumped core
environment: line 1: 3182157 Segmentation fault      timeout ${TIMEOUT}s "$WORKDIR/a.out" > "$TMP_OUT"
SEED=572262 
SEED is set to: 572262
SEED=682031 
SEED is set to: 682031
SEED=9772 
SEED is set to: 9772
SEED=28348 
SEED is set to: 28348
SEED=185197 
SEED is set to: 185197
timeout: the monitored command dumped core
environment: line 1: 3182560 Segmentation fault      timeout ${TIMEOUT}s "$WORKDIR/a.out" > "$TMP_OUT"
SEED=401965 
SEED is set to: 401965
SEED=491270 
SEED is set to: 491270
SEED=621657 
SEED is set to: 621657
timeout: the monitored command dumped core
environment: line 1: 3182716 Segmentation fault      timeout ${TIMEOUT}s "$WORKDIR/a.out" > "$TMP_OUT"
SEED=955738 
SEED is set to: 955738
SEED=659624 
SEED is set to: 659624
SEED=863249 
SEED is set to: 863249
SEED=902237 
SEED is set to: 902237
SEED=85245 
SEED is set to: 85245
SEED=179537 
SEED is set to: 179537
timeout: the monitored command dumped core
environment: line 1: 3182987 Segmentation fault      timeout ${TIMEOUT}s "$WORKDIR/a.out" > "$TMP_OUT"
SEED=384944 
SEED is set to: 384944
timeout: the monitored command dumped core
environment: line 1: 3183044 Segmentation fault      timeout ${TIMEOUT}s "$WORKDIR/a.out" > "$TMP_OUT"
timeout: the monitored command dumped core
environment: line 1: 3183059 Segmentation fault      timeout ${TIMEOUT}s "$WORKDIR/a.out" > "$TMP_OUT"
SEED=6830 
SEED is set to: 6830
SEED=494866 
SEED is set to: 494866
SEED=525580 
SEED is set to: 525580
SEED=535164 
SEED is set to: 535164
SEED=871018 
SEED is set to: 871018
SEED=911735 
SEED is set to: 911735
SEED=921661 
SEED is set to: 921661
SEED=764311 
SEED is set to: 764311
SEED=868032 
SEED is set to: 868032
SEED=962745 
SEED is set to: 962745
SEED=20208 
SEED is set to: 20208
SEED=23390 
SEED is set to: 23390
SEED=281266 
SEED is set to: 281266
SEED=367473 
SEED is set to: 367473
SEED=409982 
SEED is set to: 409982
SEED=411519 
SEED is set to: 411519
SEED=462361 
SEED is set to: 462361
SEED=526245 
SEED is set to: 526245
timeout: the monitored command dumped core
environment: line 1: 3183873 Segmentation fault      timeout ${TIMEOUT}s "$WORKDIR/a.out" > "$TMP_OUT"
SEED=780798 
SEED is set to: 780798
SEED=314773 
SEED is set to: 314773
SEED=582123 
SEED is set to: 582123
SEED=801373 
SEED is set to: 801373
timeout: the monitored command dumped core
environment: line 1: 3184147 Segmentation fault      timeout ${TIMEOUT}s "$WORKDIR/a.out" > "$TMP_OUT"
SEED=939023 
SEED is set to: 939023
SEED=114112 
SEED is set to: 114112
SEED=257424 
SEED is set to: 257424
SEED=872035 
SEED is set to: 872035
SEED=56813 
SEED is set to: 56813
SEED=112593 
SEED is set to: 112593
SEED=325922 
SEED is set to: 325922
SEED=431131 
SEED is set to: 431131
SEED=540711 
SEED is set to: 540711
SEED=745801 
SEED is set to: 745801
timeout: the monitored command dumped core
environment: line 1: 3184566 Segmentation fault      timeout ${TIMEOUT}s "$WORKDIR/a.out" > "$TMP_OUT"
SEED=859778 
SEED is set to: 859778
a.out: malloc.c:2617: sysmalloc: Assertion `(old_top == initial_top (av) && old_size == 0) || ((unsigned long) (old_size) >= MINSIZE && prev_inuse (old_top) && ((unsigned long) old_end & (pagesize - 1)) == 0)' failed.
timeout: the monitored command dumped core
environment: line 1: 3184677 Aborted                 timeout ${TIMEOUT}s "$WORKDIR/a.out" > "$TMP_OUT"
SEED=408383 
SEED is set to: 408383
SEED=490037 
SEED is set to: 490037
SEED=688704 
SEED is set to: 688704
SEED=989166 
SEED is set to: 989166
SEED=291017 
SEED is set to: 291017
timeout: the monitored command dumped core
environment: line 1: 3184857 Segmentation fault      timeout ${TIMEOUT}s "$WORKDIR/a.out" > "$TMP_OUT"
SEED=852038 
SEED is set to: 852038
SEED=60271 
SEED is set to: 60271
SEED=64217 
SEED is set to: 64217
SEED=175819 
SEED is set to: 175819
timeout: the monitored command dumped core
environment: line 1: 3184939 Segmentation fault      timeout ${TIMEOUT}s "$WORKDIR/a.out" > "$TMP_OUT"
timeout: the monitored command dumped core
environment: line 1: 3184972 Segmentation fault      timeout ${TIMEOUT}s "$WORKDIR/a.out" > "$TMP_OUT"
SEED=950792 
SEED is set to: 950792
SEED=80700 
SEED is set to: 80700
SEED=288299 
SEED is set to: 288299
SEED=596109 
SEED is set to: 596109
SEED=596612 
SEED is set to: 596612
SEED=743506 
SEED is set to: 743506
SEED=839098 
SEED is set to: 839098
SEED=411304 
SEED is set to: 411304
SEED=428562 
SEED is set to: 428562
timeout: the monitored command dumped core
environment: line 1: 3185423 Segmentation fault      timeout ${TIMEOUT}s "$WORKDIR/a.out" > "$TMP_OUT"
SEED=700433 
SEED is set to: 700433
SEED=817976 
SEED is set to: 817976
SEED=17365 
SEED is set to: 17365
SEED=120690 
SEED is set to: 120690
SEED=11289 
SEED is set to: 11289
SEED=32177 
SEED is set to: 32177
SEED=59083 
SEED is set to: 59083
SEED=290140 
SEED is set to: 290140
timeout: the monitored command dumped core
environment: line 1: 3185705 Segmentation fault      timeout ${TIMEOUT}s "$WORKDIR/a.out" > "$TMP_OUT"
SEED=385928 
SEED is set to: 385928
SEED=649122 
SEED is set to: 649122
SEED=337146 
SEED is set to: 337146
SEED=472139 
SEED is set to: 472139
SEED=696027 
SEED is set to: 696027
SEED=738178 
SEED is set to: 738178
SEED=739556 
SEED is set to: 739556
timeout: the monitored command dumped core
environment: line 1: 3186010 Segmentation fault      timeout ${TIMEOUT}s "$WORKDIR/a.out" > "$TMP_OUT"
SEED=914471 
SEED is set to: 914471
timeout: the monitored command dumped core
environment: line 1: 3186157 Segmentation fault      timeout ${TIMEOUT}s "$WORKDIR/a.out" > "$TMP_OUT"
SEED=501734 
SEED is set to: 501734
SEED=745046 
SEED is set to: 745046
SEED=937119 
SEED is set to: 937119
SEED=132760 
SEED is set to: 132760
SEED=237765 
SEED is set to: 237765
SEED=478936 
SEED is set to: 478936
SEED=43596 
SEED is set to: 43596
SEED=349945 
SEED is set to: 349945
SEED=496547 
SEED is set to: 496547
SEED=510326 
SEED is set to: 510326
SEED=599509 
SEED is set to: 599509
SEED=681235 
SEED is set to: 681235
SEED=549638 
SEED is set to: 549638
SEED=929843 
SEED is set to: 929843
SEED=963213 
SEED is set to: 963213
timeout: the monitored command dumped core
environment: line 1: 3186899 Floating point exceptiontimeout ${TIMEOUT}s "$WORKDIR/a.out" > "$TMP_OUT"
SEED=140401 
SEED is set to: 140401
SEED=212353 
SEED is set to: 212353
SEED=281755 
SEED is set to: 281755
SEED=665766 
SEED is set to: 665766
SEED=920858 
SEED is set to: 920858
SEED=108135 
SEED is set to: 108135
SEED=535892 
SEED is set to: 535892
SEED=545252 
SEED is set to: 545252
SEED=688150 
SEED is set to: 688150
SEED=735427 
SEED is set to: 735427
SEED=917746 
SEED is set to: 917746
timeout: the monitored command dumped core
environment: line 1: 3187322 Segmentation fault      timeout ${TIMEOUT}s "$WORKDIR/a.out" > "$TMP_OUT"
SEED=743234 
SEED is set to: 743234
SEED=27740 
SEED is set to: 27740
SEED=202409 
SEED is set to: 202409
SEED=292678 
SEED is set to: 292678
SEED=952456 
SEED is set to: 952456
SEED=413095 
SEED is set to: 413095
SEED=440321 
SEED is set to: 440321
SEED=623515 
SEED is set to: 623515
SEED=642569 
SEED is set to: 642569
SEED=409450 
SEED is set to: 409450
SEED=431204 
SEED is set to: 431204
SEED=960584 
SEED is set to: 960584
SEED=995643 
SEED is set to: 995643
SEED=43757 
SEED is set to: 43757
SEED=206278 
SEED is set to: 206278
timeout: the monitored command dumped core
environment: line 1: 3188076 Segmentation fault      timeout ${TIMEOUT}s "$WORKDIR/a.out" > "$TMP_OUT"
SEED=960329 
SEED is set to: 960329
SEED=439344 
SEED is set to: 439344
SEED=501284 
SEED is set to: 501284
SEED=597152 
SEED is set to: 597152
SEED=745208 
SEED is set to: 745208
SEED=924075 
SEED is set to: 924075
SEED=232984 
SEED is set to: 232984
SEED=585731 
SEED is set to: 585731
SEED=125298 
SEED is set to: 125298
SEED=220900 
SEED is set to: 220900
SEED=244664 
SEED is set to: 244664
SEED=290130 
SEED is set to: 290130
SEED=989316 
SEED is set to: 989316
SEED=531192 
SEED is set to: 531192
SEED=689668 
SEED is set to: 689668
SEED=791785 
SEED is set to: 791785
SEED=805414 
SEED is set to: 805414
SEED=8040 
SEED is set to: 8040
timeout: the monitored command dumped core
environment: line 1: 3189054 Segmentation fault      timeout ${TIMEOUT}s "$WORKDIR/a.out" > "$TMP_OUT"
SEED=414744 
SEED is set to: 414744
SEED=49860 
SEED is set to: 49860
SEED=645104 
SEED is set to: 645104
SEED=910279 
SEED is set to: 910279
SEED=729033 
SEED is set to: 729033
timeout: the monitored command dumped core
environment: line 1: 3189501 Segmentation fault      timeout ${TIMEOUT}s "$WORKDIR/a.out" > "$TMP_OUT"
SEED=222291 
SEED is set to: 222291
SEED=232688 
SEED is set to: 232688
SEED=460936 
SEED is set to: 460936
SEED=85972 
SEED is set to: 85972
SEED=291824 
SEED is set to: 291824
SEED=298342 
SEED is set to: 298342
SEED=437869 
SEED is set to: 437869
SEED=744088 
SEED is set to: 744088
SEED=865651 
SEED is set to: 865651
SEED=605753 
SEED is set to: 605753
SEED=970161 
SEED is set to: 970161
SEED=84301 
SEED is set to: 84301
timeout: the monitored command dumped core
environment: line 1: 3190073 Segmentation fault      timeout ${TIMEOUT}s "$WORKDIR/a.out" > "$TMP_OUT"
SEED=392786 
SEED is set to: 392786
SEED=396896 
SEED is set to: 396896
SEED=783345 
SEED is set to: 783345
SEED=586541 
SEED is set to: 586541
SEED=867955 
SEED is set to: 867955
SEED=242079 
SEED is set to: 242079
SEED=675260 
SEED is set to: 675260
SEED=907181 
SEED is set to: 907181
SEED=956214 
SEED is set to: 956214
SEED=74505 
SEED is set to: 74505
SEED=205551 
SEED is set to: 205551
SEED=266928 
SEED is set to: 266928
timeout: the monitored command dumped core
environment: line 1: 3190726 Segmentation fault      timeout ${TIMEOUT}s "$WORKDIR/a.out" > "$TMP_OUT"
SEED=782865 
SEED is set to: 782865
SEED=808506 
SEED is set to: 808506
timeout: the monitored command dumped core
environment: line 1: 3190786 Segmentation fault      timeout ${TIMEOUT}s "$WORKDIR/a.out" > "$TMP_OUT"
SEED=409497 
SEED is set to: 409497
SEED=639533 
SEED is set to: 639533
SEED=212242 
SEED is set to: 212242
SEED=364998 
SEED is set to: 364998
SEED=520799 
SEED is set to: 520799
timeout: the monitored command dumped core
environment: line 1: 3191008 Segmentation fault      timeout ${TIMEOUT}s "$WORKDIR/a.out" > "$TMP_OUT"
SEED=644494 
SEED is set to: 644494
SEED=802697 
SEED is set to: 802697
timeout: the monitored command dumped core
environment: line 1: 3191057 Segmentation fault      timeout ${TIMEOUT}s "$WORKDIR/a.out" > "$TMP_OUT"
SEED=176690 
SEED is set to: 176690
SEED=924177 
SEED is set to: 924177
SEED=936512 
SEED is set to: 936512
SEED=95050 
SEED is set to: 95050
SEED=407807 
SEED is set to: 407807
SEED=434252 
SEED is set to: 434252
SEED=547717 
SEED is set to: 547717
timeout: the monitored command dumped core
environment: line 1: 3191496 Segmentation fault      timeout ${TIMEOUT}s "$WORKDIR/a.out" > "$TMP_OUT"
SEED=827542 
SEED is set to: 827542
timeout: the monitored command dumped core
environment: line 1: 3191593 Segmentation fault      timeout ${TIMEOUT}s "$WORKDIR/a.out" > "$TMP_OUT"
SEED=412762 
SEED is set to: 412762
SEED=431501 
SEED is set to: 431501
SEED=472689 
SEED is set to: 472689
SEED=173660 
SEED is set to: 173660
SEED=331758 
SEED is set to: 331758
SEED=500376 
SEED is set to: 500376
SEED=972317 
SEED is set to: 972317
SEED=987434 
SEED is set to: 987434
SEED=990191 
SEED is set to: 990191
SEED=752544 
SEED is set to: 752544
SEED=964889 
SEED is set to: 964889
SEED=204650 
SEED is set to: 204650
SEED=215082 
SEED is set to: 215082
SEED=403314 
SEED is set to: 403314
SEED=412156 
SEED is set to: 412156
SEED=511385 
SEED is set to: 511385
SEED=381210 
SEED is set to: 381210
SEED=620891 
SEED is set to: 620891
SEED=895875 
SEED is set to: 895875
SEED=996289 
SEED is set to: 996289
SEED=72957 
SEED is set to: 72957
SEED=74122 
SEED is set to: 74122
timeout: the monitored command dumped core
environment: line 1: 3192556 Segmentation fault      timeout ${TIMEOUT}s "$WORKDIR/a.out" > "$TMP_OUT"
SEED=491642 
SEED is set to: 491642
SEED=639302 
SEED is set to: 639302
SEED=801137 
SEED is set to: 801137
SEED=388778 
SEED is set to: 388778
SEED=525816 
SEED is set to: 525816
SEED=642963 
SEED is set to: 642963
SEED=806946 
SEED is set to: 806946
SEED=854479 
SEED is set to: 854479
SEED=13965 
SEED is set to: 13965
SEED=43181 
SEED is set to: 43181
SEED=78987 
SEED is set to: 78987
SEED=134793 
SEED is set to: 134793
SEED=304445 
SEED is set to: 304445
SEED=382803 
SEED is set to: 382803
SEED=748833 
SEED is set to: 748833
SEED=300664 
SEED is set to: 300664
SEED=441096 
SEED is set to: 441096
SEED=682722 
SEED is set to: 682722
SEED=705249 
SEED is set to: 705249
SEED=831272 
SEED is set to: 831272
SEED=834890 
SEED is set to: 834890
timeout: the monitored command dumped core
environment: line 1: 3193503 Segmentation fault      timeout ${TIMEOUT}s "$WORKDIR/a.out" > "$TMP_OUT"
timeout: the monitored command dumped core
environment: line 1: 3193522 Segmentation fault      timeout ${TIMEOUT}s "$WORKDIR/a.out" > "$TMP_OUT"
SEED=211981 
SEED is set to: 211981
SEED=668010 
SEED is set to: 668010
SEED=51287 
SEED is set to: 51287
SEED=128087 
SEED is set to: 128087
SEED=525691 
SEED is set to: 525691
SEED=638952 
SEED is set to: 638952
timeout: the monitored command dumped core
environment: line 1: 3193895 Segmentation fault      timeout ${TIMEOUT}s "$WORKDIR/a.out" > "$TMP_OUT"
SEED=595 
SEED is set to: 595
SEED=210261 
SEED is set to: 210261
SEED=78168 
SEED is set to: 78168
SEED=340421 
SEED is set to: 340421
SEED=560893 
SEED is set to: 560893
SEED=632009 
SEED is set to: 632009
SEED=999699 
SEED is set to: 999699
SEED=651791 
SEED is set to: 651791
SEED=749198 
SEED is set to: 749198
SEED=862704 
SEED is set to: 862704
SEED=870829 
SEED is set to: 870829
SEED=107470 
SEED is set to: 107470
SEED=321888 
SEED is set to: 321888
timeout: the monitored command dumped core
environment: line 1: 3194530 Segmentation fault      timeout ${TIMEOUT}s "$WORKDIR/a.out" > "$TMP_OUT"
SEED=652218 
SEED is set to: 652218
SEED=297277 
SEED is set to: 297277
SEED=425717 
SEED is set to: 425717
SEED=442321 
SEED is set to: 442321
SEED=827228 
SEED is set to: 827228
SEED=908568 
SEED is set to: 908568
SEED=940675 
SEED is set to: 940675
SEED=37096 
SEED is set to: 37096
SEED=283994 
SEED is set to: 283994
SEED=448759 
SEED is set to: 448759
SEED=486548 
SEED is set to: 486548
SEED=797290 
SEED is set to: 797290
SEED=32466 
SEED is set to: 32466
SEED=288962 
SEED is set to: 288962
SEED=497126 
SEED is set to: 497126
timeout: the monitored command dumped core
environment: line 1: 3195338 Segmentation fault      timeout ${TIMEOUT}s "$WORKDIR/a.out" > "$TMP_OUT"
SEED=726805 
SEED is set to: 726805
SEED=785584 
SEED is set to: 785584
SEED=163598 
SEED is set to: 163598
SEED=618121 
SEED is set to: 618121
SEED=980707 
SEED is set to: 980707
SEED=187829 
SEED is set to: 187829
SEED=245787 
SEED is set to: 245787
SEED=300034 
SEED is set to: 300034
timeout: the monitored command dumped core
environment: line 1: 3195672 Segmentation fault      timeout ${TIMEOUT}s "$WORKDIR/a.out" > "$TMP_OUT"
SEED=978382 
SEED is set to: 978382
SEED=54531 
SEED is set to: 54531
SEED=327748 
SEED is set to: 327748
double free or corruption (out)
SEED=436521 
SEED is set to: 436521
timeout: the monitored command dumped core
environment: line 1: 3195819 Aborted                 timeout ${TIMEOUT}s "$WORKDIR/a.out" > "$TMP_OUT"
SEED=645529 
SEED is set to: 645529
SEED=707281 
SEED is set to: 707281
SEED=966421 
SEED is set to: 966421
SEED=534415 
SEED is set to: 534415
SEED=547377 
SEED is set to: 547377
SEED=5512 
SEED is set to: 5512
timeout: the monitored command dumped core
environment: line 1: 3196098 Segmentation fault      timeout ${TIMEOUT}s "$WORKDIR/a.out" > "$TMP_OUT"
SEED=585303 
SEED is set to: 585303
timeout: the monitored command dumped core
environment: line 1: 3196178 Floating point exceptiontimeout ${TIMEOUT}s "$WORKDIR/a.out" > "$TMP_OUT"
SEED=699552 
SEED is set to: 699552
SEED=734679 
SEED is set to: 734679
SEED=815380 
SEED is set to: 815380
timeout: the monitored command dumped core
environment: line 1: 3196287 Segmentation fault      timeout ${TIMEOUT}s "$WORKDIR/a.out" > "$TMP_OUT"
SEED=220350 
SEED is set to: 220350
SEED=413286 
SEED is set to: 413286
SEED=48547 
SEED is set to: 48547
SEED=191059 
SEED is set to: 191059
SEED=330856 
SEED is set to: 330856
SEED=353412 
SEED is set to: 353412
SEED=806074 
SEED is set to: 806074
SEED=379607 
SEED is set to: 379607
SEED=603495 
SEED is set to: 603495
SEED=662546 
SEED is set to: 662546
SEED=724883 
SEED is set to: 724883
SEED=167445 
SEED is set to: 167445
SEED=445830 
SEED is set to: 445830
timeout: the monitored command dumped core
environment: line 1: 3196920 Segmentation fault      timeout ${TIMEOUT}s "$WORKDIR/a.out" > "$TMP_OUT"
SEED=891966 
SEED is set to: 891966
SEED=135939 
SEED is set to: 135939
SEED=312756 
SEED is set to: 312756
SEED=553940 
SEED is set to: 553940
timeout: the monitored command dumped core
environment: line 1: 3197141 Segmentation fault      timeout ${TIMEOUT}s "$WORKDIR/a.out" > "$TMP_OUT"
SEED=93469 
SEED is set to: 93469
SEED=260051 
SEED is set to: 260051
SEED=391828 
SEED is set to: 391828
SEED=439379 
SEED is set to: 439379
SEED=558832 
SEED is set to: 558832
SEED=853156 
SEED is set to: 853156
timeout: the monitored command dumped core
environment: line 1: 3197493 Segmentation fault      timeout ${TIMEOUT}s "$WORKDIR/a.out" > "$TMP_OUT"
SEED=219430 
SEED is set to: 219430
SEED=248433 
SEED is set to: 248433
SEED=733454 
SEED is set to: 733454
SEED=972247 
SEED is set to: 972247
SEED=47681 
SEED is set to: 47681
SEED=279432 
SEED is set to: 279432
SEED=494823 
SEED is set to: 494823
SEED=664890 
SEED is set to: 664890
SEED=209832 
SEED is set to: 209832
SEED=552460 
SEED is set to: 552460
SEED=613584 
SEED is set to: 613584
SEED=682056 
SEED is set to: 682056
SEED=995039 
SEED is set to: 995039
SEED=58105 
SEED is set to: 58105
timeout: the monitored command dumped core
environment: line 1: 3198200 Segmentation fault      timeout ${TIMEOUT}s "$WORKDIR/a.out" > "$TMP_OUT"
SEED=776755 
SEED is set to: 776755
SEED=870139 
SEED is set to: 870139
SEED=131016 
SEED is set to: 131016
SEED=222928 
SEED is set to: 222928
SEED=226712 
SEED is set to: 226712
timeout: the monitored command dumped core
environment: line 1: 3198359 Segmentation fault      timeout ${TIMEOUT}s "$WORKDIR/a.out" > "$TMP_OUT"
SEED=749711 
SEED is set to: 749711
SEED=842700 
SEED is set to: 842700
SEED=844972 
SEED is set to: 844972
SEED=997293 
SEED is set to: 997293
timeout: the monitored command dumped core
environment: line 1: 3198624 Segmentation fault      timeout ${TIMEOUT}s "$WORKDIR/a.out" > "$TMP_OUT"
SEED=133898 
SEED is set to: 133898
SEED=611257 
SEED is set to: 611257
SEED=703751 
SEED is set to: 703751
SEED=722827 
SEED is set to: 722827
SEED=265769 
SEED is set to: 265769
SEED=765546 
SEED is set to: 765546
SEED=67785 
SEED is set to: 67785
SEED=268826 
SEED is set to: 268826
SEED=677391 
SEED is set to: 677391
SEED=805295 
SEED is set to: 805295
SEED=982467 
SEED is set to: 982467
SEED=7463 
SEED is set to: 7463
timeout: the monitored command dumped core
environment: line 1: 3199260 Segmentation fault      timeout ${TIMEOUT}s "$WORKDIR/a.out" > "$TMP_OUT"
SEED=602714 
SEED is set to: 602714
SEED=851269 
SEED is set to: 851269
SEED=143829 
SEED is set to: 143829
SEED=217933 
SEED is set to: 217933
SEED=427116 
SEED is set to: 427116
SEED=921801 
SEED is set to: 921801
SEED=133865 
SEED is set to: 133865
SEED=361902 
SEED is set to: 361902
timeout: the monitored command dumped core
environment: line 1: 3199664 Segmentation fault      timeout ${TIMEOUT}s "$WORKDIR/a.out" > "$TMP_OUT"
SEED=648679 
SEED is set to: 648679
SEED=680464 
SEED is set to: 680464
SEED=779280 
SEED is set to: 779280
SEED=70424 
SEED is set to: 70424
SEED=436038 
SEED is set to: 436038
SEED=782611 
SEED is set to: 782611
SEED=112744 
SEED is set to: 112744
SEED=170675 
SEED is set to: 170675
SEED=228186 
SEED is set to: 228186
SEED=798503 
SEED is set to: 798503
SEED=960860 
SEED is set to: 960860
SEED=544232 
SEED is set to: 544232
SEED=785752 
SEED is set to: 785752
timeout: the monitored command dumped core
environment: line 1: 3200266 Segmentation fault      timeout ${TIMEOUT}s "$WORKDIR/a.out" > "$TMP_OUT"
SEED=245048 
SEED is set to: 245048
SEED=466890 
SEED is set to: 466890
SEED=656853 
SEED is set to: 656853
SEED=685020 
SEED is set to: 685020
SEED=194398 
SEED is set to: 194398
SEED=295523 
SEED is set to: 295523
SEED=493891 
SEED is set to: 493891
SEED=789043 
SEED is set to: 789043
SEED=903655 
SEED is set to: 903655
SEED=43705 
SEED is set to: 43705
SEED=224680 
SEED is set to: 224680
SEED=340515 
SEED is set to: 340515
SEED=10898 
SEED is set to: 10898
SEED=226251 
SEED is set to: 226251
SEED=273002 
SEED is set to: 273002
timeout: the monitored command dumped core
environment: line 1: 3200899 Segmentation fault      timeout ${TIMEOUT}s "$WORKDIR/a.out" > "$TMP_OUT"
SEED=694739 
SEED is set to: 694739
SEED=978196 
SEED is set to: 978196
SEED=60177 
SEED is set to: 60177
SEED=520196 
SEED is set to: 520196
timeout: the monitored command dumped core
environment: line 1: 3201150 Segmentation fault      timeout ${TIMEOUT}s "$WORKDIR/a.out" > "$TMP_OUT"
SEED=814964 
SEED is set to: 814964
SEED=850367 
SEED is set to: 850367
SEED=968443 
SEED is set to: 968443
SEED=5955 
SEED is set to: 5955
SEED=229071 
SEED is set to: 229071
SEED=817359 
SEED is set to: 817359
SEED=318624 
SEED is set to: 318624
SEED=358474 
SEED is set to: 358474
SEED=375403 
SEED is set to: 375403
SEED=661236 
SEED is set to: 661236
SEED=868956 
SEED is set to: 868956
SEED=162200 
SEED is set to: 162200
SEED=446274 
SEED is set to: 446274
SEED=700238 
SEED is set to: 700238
SEED=886465 
SEED is set to: 886465
timeout: the monitored command dumped core
environment: line 1: 3201798 Segmentation fault      timeout ${TIMEOUT}s "$WORKDIR/a.out" > "$TMP_OUT"
SEED=611628 
SEED is set to: 611628
SEED=692373 
SEED is set to: 692373
SEED=709282 
SEED is set to: 709282
SEED=797461 
SEED is set to: 797461
SEED=834753 
SEED is set to: 834753
SEED=972335 
SEED is set to: 972335
SEED=289614 
SEED is set to: 289614
SEED=479003 
SEED is set to: 479003
timeout: the monitored command dumped core
environment: line 1: 3202149 Segmentation fault      timeout ${TIMEOUT}s "$WORKDIR/a.out" > "$TMP_OUT"
SEED=979202 
SEED is set to: 979202
SEED=212649 
SEED is set to: 212649
SEED=214582 
SEED is set to: 214582
SEED=324482 
SEED is set to: 324482
SEED=773818 
SEED is set to: 773818
SEED=91464 
SEED is set to: 91464
SEED=751751 
SEED is set to: 751751
SEED=837663 
SEED is set to: 837663
SEED=851401 
SEED is set to: 851401
timeout: the monitored command dumped core
environment: line 1: 3202651 Segmentation fault      timeout ${TIMEOUT}s "$WORKDIR/a.out" > "$TMP_OUT"
SEED=605583 
SEED is set to: 605583
SEED=750441 
SEED is set to: 750441
SEED=897082 
SEED is set to: 897082
SEED=205973 
SEED is set to: 205973
SEED=337248 
SEED is set to: 337248
SEED=390172 
SEED is set to: 390172
SEED=704189 
SEED=704188 
SEED is set to: 704188
SEED is set to: 704189
SEED=259335 
SEED is set to: 259335
SEED=266633 
SEED is set to: 266633
SEED=285047 
SEED is set to: 285047
timeout: the monitored command dumped core
environment: line 1: 3203238 Segmentation fault      timeout ${TIMEOUT}s "$WORKDIR/a.out" > "$TMP_OUT"
SEED=787758 
SEED is set to: 787758
SEED=928486 
SEED is set to: 928486
SEED=941137 
SEED is set to: 941137
SEED=111517 
SEED is set to: 111517
SEED=113221 
SEED is set to: 113221
SEED=689853 
SEED is set to: 689853
SEED=73037 
SEED is set to: 73037
SEED=428810 
SEED is set to: 428810
SEED=148821 
SEED is set to: 148821
SEED=204570 
SEED is set to: 204570
SEED=379000 
SEED is set to: 379000
SEED=541834 
SEED is set to: 541834
SEED=739155 
SEED is set to: 739155
timeout: the monitored command dumped core
environment: line 1: 3203870 Segmentation fault      timeout ${TIMEOUT}s "$WORKDIR/a.out" > "$TMP_OUT"
SEED=921511 
SEED is set to: 921511
SEED=450510 
SEED is set to: 450510
SEED=649034 
SEED is set to: 649034
SEED=751279 
SEED is set to: 751279
timeout: the monitored command dumped core
environment: line 1: 3204022 Segmentation fault      timeout ${TIMEOUT}s "$WORKDIR/a.out" > "$TMP_OUT"
SEED=231439 
SEED is set to: 231439
SEED=347548 
SEED is set to: 347548
SEED=427101 
SEED is set to: 427101
timeout: the monitored command dumped core
environment: line 1: 3204188 Segmentation fault      timeout ${TIMEOUT}s "$WORKDIR/a.out" > "$TMP_OUT"
SEED=813382 
SEED is set to: 813382
SEED=256730 
SEED is set to: 256730
SEED=58940 
SEED is set to: 58940
SEED=348536 
SEED is set to: 348536
SEED=660936 
SEED is set to: 660936
SEED=764031 
SEED is set to: 764031
SEED=767904 
SEED is set to: 767904
timeout: the monitored command dumped core
environment: line 1: 3204529 Segmentation fault      timeout ${TIMEOUT}s "$WORKDIR/a.out" > "$TMP_OUT"
timeout: the monitored command dumped core
environment: line 1: 3204559 Segmentation fault      timeout ${TIMEOUT}s "$WORKDIR/a.out" > "$TMP_OUT"
SEED=425010 
SEED is set to: 425010
timeout: the monitored command dumped core
environment: line 1: 3204696 Segmentation fault      timeout ${TIMEOUT}s "$WORKDIR/a.out" > "$TMP_OUT"
SEED=725732 
SEED is set to: 725732
SEED=257709 
SEED is set to: 257709
SEED=544667 
SEED is set to: 544667
timeout: the monitored command dumped core
environment: line 1: 3204889 Segmentation fault      timeout ${TIMEOUT}s "$WORKDIR/a.out" > "$TMP_OUT"
SEED=930803 
SEED is set to: 930803
SEED=974716 
SEED is set to: 974716
SEED=152328 
SEED is set to: 152328
SEED=223313 
SEED is set to: 223313
SEED=465706 
SEED is set to: 465706
timeout: the monitored command dumped core
environment: line 1: 3205056 Segmentation fault      timeout ${TIMEOUT}s "$WORKDIR/a.out" > "$TMP_OUT"
SEED=896787 
SEED is set to: 896787
SEED=562329 
SEED is set to: 562329
SEED=736167 
SEED is set to: 736167
timeout: the monitored command dumped core
environment: line 1: 3205235 Segmentation fault      timeout ${TIMEOUT}s "$WORKDIR/a.out" > "$TMP_OUT"
SEED=183391 
SEED is set to: 183391
timeout: the monitored command dumped core
environment: line 1: 3205246 Segmentation fault      timeout ${TIMEOUT}s "$WORKDIR/a.out" > "$TMP_OUT"
SEED=329067 
SEED is set to: 329067
SEED=339190 
SEED is set to: 339190
SEED=451171 
SEED is set to: 451171
SEED=381422 
SEED is set to: 381422
SEED=643614 
SEED is set to: 643614
SEED=743280 
SEED is set to: 743280
SEED=784618 
SEED is set to: 784618
SEED=858849 
SEED is set to: 858849
timeout: the monitored command dumped core
environment: line 1: 3205696 Segmentation fault      timeout ${TIMEOUT}s "$WORKDIR/a.out" > "$TMP_OUT"
SEED=919301 
SEED is set to: 919301
SEED=230791 
SEED is set to: 230791
SEED=481798 
SEED is set to: 481798
SEED=273024 
SEED is set to: 273024
SEED=395578 
SEED is set to: 395578
SEED=481214 
SEED is set to: 481214
SEED=601652 
SEED is set to: 601652
SEED=848195 
SEED is set to: 848195
SEED=850252 
SEED is set to: 850252
SEED=940751 
SEED is set to: 940751
SEED=706853 
SEED is set to: 706853
SEED=918521 
SEED is set to: 918521
SEED=930957 
SEED is set to: 930957
SEED=145850 
SEED is set to: 145850
timeout: the monitored command dumped core
environment: line 1: 3206428 Segmentation fault      timeout ${TIMEOUT}s "$WORKDIR/a.out" > "$TMP_OUT"
SEED=243560 
SEED is set to: 243560
SEED=307213 
SEED is set to: 307213
SEED=368305 
SEED is set to: 368305
timeout: the monitored command dumped core
environment: line 1: 3206504 Segmentation fault      timeout ${TIMEOUT}s "$WORKDIR/a.out" > "$TMP_OUT"
SEED=319365 
SEED is set to: 319365
SEED=822395 
SEED is set to: 822395
SEED=885402 
SEED is set to: 885402
SEED=999943 
SEED is set to: 999943
timeout: the monitored command dumped core
environment: line 1: 3206860 Segmentation fault      timeout ${TIMEOUT}s "$WORKDIR/a.out" > "$TMP_OUT"
SEED=972317 
SEED is set to: 972317
SEED=973657 
SEED is set to: 973657
SEED=981273 
SEED is set to: 981273
SEED=7387 
SEED is set to: 7387
SEED=70056 
SEED is set to: 70056
timeout: the monitored command dumped core
environment: line 1: 3206977 Segmentation fault      timeout ${TIMEOUT}s "$WORKDIR/a.out" > "$TMP_OUT"
SEED=297400 
SEED is set to: 297400
SEED=595228 
SEED is set to: 595228
SEED=719631 
SEED is set to: 719631
SEED=426719 
SEED is set to: 426719
SEED=535141 
SEED is set to: 535141
SEED=585518 
SEED is set to: 585518
SEED=643905 
SEED is set to: 643905
timeout: the monitored command dumped core
environment: line 1: 3207384 Segmentation fault      timeout ${TIMEOUT}s "$WORKDIR/a.out" > "$TMP_OUT"
SEED=76384 
SEED is set to: 76384
SEED=140599 
SEED is set to: 140599
SEED=795270 
SEED is set to: 795270
SEED=852075 
SEED is set to: 852075
SEED=15207 
SEED is set to: 15207
SEED=32977 
SEED is set to: 32977
timeout: the monitored command dumped core
environment: line 1: 3207667 Segmentation fault      timeout ${TIMEOUT}s "$WORKDIR/a.out" > "$TMP_OUT"
SEED=434552 
SEED is set to: 434552
SEED=522303 
SEED is set to: 522303
SEED=582178 
SEED is set to: 582178
SEED=881461 
SEED is set to: 881461
timeout: the monitored command dumped core
environment: line 1: 3207863 Segmentation fault      timeout ${TIMEOUT}s "$WORKDIR/a.out" > "$TMP_OUT"
SEED=276586 
SEED is set to: 276586
SEED=516610 
SEED is set to: 516610
SEED=703294 
SEED is set to: 703294
SEED=822412 
SEED is set to: 822412
SEED=832898 
SEED is set to: 832898
SEED=927144 
SEED is set to: 927144
SEED=986183 
SEED is set to: 986183
timeout: the monitored command dumped core
environment: line 1: 3208180 Segmentation fault      timeout ${TIMEOUT}s "$WORKDIR/a.out" > "$TMP_OUT"
timeout: the monitored command dumped core
environment: line 1: 3208188 Segmentation fault      timeout ${TIMEOUT}s "$WORKDIR/a.out" > "$TMP_OUT"
SEED=356778 
SEED is set to: 356778
SEED=357077 
SEED is set to: 357077
SEED=389003 
SEED is set to: 389003
SEED=595653 
SEED is set to: 595653
SEED=752003 
SEED is set to: 752003
SEED=584379 
SEED is set to: 584379
SEED=898498 
SEED is set to: 898498
SEED=431201 
SEED is set to: 431201
SEED=582158 
SEED is set to: 582158
SEED=920020 
SEED is set to: 920020
SEED=995006 
SEED is set to: 995006
SEED=117388 
SEED is set to: 117388
SEED=155789 
SEED is set to: 155789
timeout: the monitored command dumped core
environment: line 1: 3208750 Segmentation fault      timeout ${TIMEOUT}s "$WORKDIR/a.out" > "$TMP_OUT"
SEED=273176 
SEED is set to: 273176
timeout: the monitored command dumped core
environment: line 1: 3208828 Segmentation fault      timeout ${TIMEOUT}s "$WORKDIR/a.out" > "$TMP_OUT"
SEED=928156 
SEED is set to: 928156
SEED=522712 
SEED is set to: 522712
SEED=622676 
SEED is set to: 622676
SEED=672378 
SEED is set to: 672378
SEED=728729 
SEED is set to: 728729
SEED=834936 
SEED is set to: 834936
timeout: the monitored command dumped core
environment: line 1: 3209131 Segmentation fault      timeout ${TIMEOUT}s "$WORKDIR/a.out" > "$TMP_OUT"
SEED=197371 
SEED is set to: 197371
SEED=432652 
SEED is set to: 432652
SEED=685696 
SEED is set to: 685696
SEED=330551 
SEED is set to: 330551
terminate called after throwing an instance of 'std::bad_alloc'
  what():  std::bad_alloc
SEED=335580 
SEED is set to: 335580
timeout: the monitored command dumped core
environment: line 1: 3209342 Aborted                 timeout ${TIMEOUT}s "$WORKDIR/a.out" > "$TMP_OUT"
timeout: the monitored command dumped core
environment: line 1: 3209347 Segmentation fault      timeout ${TIMEOUT}s "$WORKDIR/a.out" > "$TMP_OUT"
SEED=768379 
SEED is set to: 768379
SEED=848552 
SEED is set to: 848552
SEED=443156 
SEED is set to: 443156
SEED=71399 
SEED is set to: 71399
SEED=91062 
SEED is set to: 91062
timeout: the monitored command dumped core
environment: line 1: 3209675 Segmentation fault      timeout ${TIMEOUT}s "$WORKDIR/a.out" > "$TMP_OUT"
SEED=231495 
SEED is set to: 231495
SEED=345130 
SEED is set to: 345130
SEED=963925 
SEED is set to: 963925
SEED=136261 
SEED is set to: 136261
SEED=151756 
SEED is set to: 151756
SEED=704932 
SEED is set to: 704932
SEED=705903 
SEED is set to: 705903
SEED=870331 
SEED is set to: 870331
timeout: the monitored command dumped core
environment: line 1: 3210033 Segmentation fault      timeout ${TIMEOUT}s "$WORKDIR/a.out" > "$TMP_OUT"
SEED=515203 
SEED is set to: 515203
SEED=527062 
SEED is set to: 527062
SEED=641501 
SEED is set to: 641501
SEED=221580 
SEED is set to: 221580
SEED=527217 
SEED is set to: 527217
SEED=770128 
SEED is set to: 770128
SEED=911239 
SEED is set to: 911239
SEED=960643 
SEED is set to: 960643
SEED=249738 
SEED is set to: 249738
SEED=477873 
SEED is set to: 477873
SEED=528277 
SEED is set to: 528277
SEED=256755 
SEED is set to: 256755
SEED=544011 
SEED is set to: 544011
SEED=675060 
SEED is set to: 675060
SEED=698608 
SEED is set to: 698608
SEED=849880 
SEED is set to: 849880
timeout: the monitored command dumped core
environment: line 1: 3210839 Segmentation fault      timeout ${TIMEOUT}s "$WORKDIR/a.out" > "$TMP_OUT"
SEED=641960 
SEED is set to: 641960
timeout: the monitored command dumped core
environment: line 1: 3210928 Segmentation fault      timeout ${TIMEOUT}s "$WORKDIR/a.out" > "$TMP_OUT"
SEED=885864 
SEED is set to: 885864
SEED=236524 
SEED is set to: 236524
SEED=262120 
SEED is set to: 262120
SEED=387836 
SEED is set to: 387836
SEED=991548 
SEED is set to: 991548
SEED=251114 
SEED is set to: 251114
SEED=379478 
SEED is set to: 379478
SEED=621113 
SEED is set to: 621113
SEED=630251 
SEED is set to: 630251
SEED=937275 
SEED is set to: 937275
SEED=32834 
SEED is set to: 32834
SEED=221562 
SEED is set to: 221562
timeout: the monitored command dumped core
environment: line 1: 3211499 Segmentation fault      timeout ${TIMEOUT}s "$WORKDIR/a.out" > "$TMP_OUT"
SEED=729367 
SEED is set to: 729367
SEED=885705 
SEED is set to: 885705
SEED=90609 
SEED is set to: 90609
SEED=133738 
SEED is set to: 133738
SEED=424989 
SEED is set to: 424989
SEED=328898 
SEED is set to: 328898
SEED=688417 
SEED is set to: 688417
SEED=818026 
SEED is set to: 818026
SEED=390681 
SEED is set to: 390681
SEED=426805 
SEED is set to: 426805
SEED=581185 
SEED is set to: 581185
SEED=809047 
SEED is set to: 809047
SEED=411542 
SEED is set to: 411542
SEED=543109 
SEED is set to: 543109
SEED=891074 
SEED is set to: 891074
SEED=930278 
SEED is set to: 930278
SEED=166333 
SEED is set to: 166333
SEED=487489 
SEED is set to: 487489
SEED=694166 
SEED is set to: 694166
munmap_chunk(): invalid pointer
SEED=749772 
SEED is set to: 749772
timeout: the monitored command dumped core
environment: line 1: 3212477 Aborted                 timeout ${TIMEOUT}s "$WORKDIR/a.out" > "$TMP_OUT"
SEED=82958 
SEED is set to: 82958
SEED=89516 
SEED is set to: 89516
SEED=465464 
SEED is set to: 465464
SEED=493113 
SEED is set to: 493113
SEED=779493 
SEED is set to: 779493
SEED=113829 
SEED is set to: 113829
SEED=169144 
SEED is set to: 169144
SEED=346172 
SEED is set to: 346172
SEED=661042 
SEED is set to: 661042
SEED=865880 
SEED is set to: 865880
SEED=315354 
SEED is set to: 315354
SEED=458854 
SEED is set to: 458854
SEED=623415 
SEED is set to: 623415
SEED=888284 
SEED is set to: 888284
timeout: the monitored command dumped core
environment: line 1: 3213165 Segmentation fault      timeout ${TIMEOUT}s "$WORKDIR/a.out" > "$TMP_OUT"
SEED=242669 
SEED is set to: 242669
SEED=790849 
SEED is set to: 790849
SEED=958982 
SEED is set to: 958982
SEED=387589 
SEED is set to: 387589
SEED=430516 
SEED is set to: 430516
SEED=701773 
SEED is set to: 701773
SEED=280480 
SEED is set to: 280480
SEED=476287 
SEED is set to: 476287
SEED=743345 
SEED is set to: 743345
SEED=186907 
SEED is set to: 186907
SEED=674975 
SEED is set to: 674975
SEED=709304 
SEED is set to: 709304
SEED=123849 
SEED is set to: 123849
SEED=278574 
SEED is set to: 278574
SEED=309050 
SEED is set to: 309050
SEED=866888 
SEED is set to: 866888
SEED=267228 
SEED is set to: 267228
SEED=290052 
SEED is set to: 290052
SEED=595753 
SEED is set to: 595753
SEED=837642 
SEED is set to: 837642
SEED=433637 
SEED is set to: 433637
SEED=619275 
SEED is set to: 619275
SEED=672830 
SEED is set to: 672830
SEED=196914 
SEED is set to: 196914
SEED=815267 
SEED is set to: 815267
SEED=892819 
SEED is set to: 892819
timeout: the monitored command dumped core
environment: line 1: 3214588 Segmentation fault      timeout ${TIMEOUT}s "$WORKDIR/a.out" > "$TMP_OUT"
SEED=80418 
SEED is set to: 80418
SEED=234453 
SEED is set to: 234453
SEED=305146 
SEED is set to: 305146
timeout: the monitored command dumped core
environment: line 1: 3214698 Segmentation fault      timeout ${TIMEOUT}s "$WORKDIR/a.out" > "$TMP_OUT"
SEED=662367 
SEED is set to: 662367
SEED=970329 
SEED is set to: 970329
timeout: the monitored command dumped core
environment: line 1: 3214806 Segmentation fault      timeout ${TIMEOUT}s "$WORKDIR/a.out" > "$TMP_OUT"
SEED=530171 
SEED is set to: 530171
SEED=845790 
SEED is set to: 845790
SEED=935112 
SEED is set to: 935112
SEED=306336 
SEED is set to: 306336
SEED=650210 
SEED is set to: 650210
SEED=132148 
SEED is set to: 132148
SEED=161598 
SEED is set to: 161598
SEED=315959 
SEED is set to: 315959
SEED=628749 
SEED is set to: 628749
SEED=662673 
SEED is set to: 662673
SEED=695312 
SEED is set to: 695312
SEED=817226 
SEED is set to: 817226
SEED=100412 
SEED is set to: 100412
SEED=310945 
SEED is set to: 310945
SEED=467887 
SEED is set to: 467887
SEED=682980 
SEED is set to: 682980
timeout: the monitored command dumped core
timeout: the monitored command dumped core
environment: line 1: 3215636 Segmentation fault      timeout ${TIMEOUT}s "$WORKDIR/a.out" > "$TMP_OUT"
SEED=94608 
SEED is set to: 94608
SEED=483257 
SEED is set to: 483257
SEED=636592 
SEED is set to: 636592
SEED=869528 
SEED is set to: 869528
SEED=875793 
SEED is set to: 875793
SEED=928309 
SEED is set to: 928309
SEED=234721 
SEED is set to: 234721
SEED=460068 
SEED is set to: 460068
SEED=905611 
SEED is set to: 905611
SEED=88696 
SEED is set to: 88696
SEED=377066 
SEED is set to: 377066
SEED=435192 
SEED is set to: 435192
SEED=439077 
SEED is set to: 439077
SEED=748160 
SEED is set to: 748160
timeout: the monitored command dumped core
environment: line 1: 3216194 Segmentation fault      timeout ${TIMEOUT}s "$WORKDIR/a.out" > "$TMP_OUT"
SEED=119308 
SEED is set to: 119308
SEED=131188 
SEED is set to: 131188
SEED=326371 
SEED is set to: 326371
SEED=398470 
SEED is set to: 398470
timeout: the monitored command dumped core
environment: line 1: 3216323 Segmentation fault      timeout ${TIMEOUT}s "$WORKDIR/a.out" > "$TMP_OUT"
SEED=778034 
SEED is set to: 778034
SEED=906618 
SEED is set to: 906618
SEED=955898 
SEED is set to: 955898
SEED=348844 
SEED is set to: 348844
SEED=848025 
SEED is set to: 848025
SEED=860870 
SEED is set to: 860870
SEED=275133 
SEED is set to: 275133
SEED=393229 
SEED is set to: 393229
SEED=920057 
SEED is set to: 920057
SEED=369853 
SEED is set to: 369853
SEED=518038 
SEED is set to: 518038
SEED=531665 
SEED is set to: 531665
SEED=614966 
SEED is set to: 614966
SEED=759568 
SEED is set to: 759568
SEED=854001 
SEED is set to: 854001
timeout: the monitored command dumped core
environment: line 1: 3217026 Segmentation fault      timeout ${TIMEOUT}s "$WORKDIR/a.out" > "$TMP_OUT"
timeout: the monitored command dumped core
environment: line 1: 3217053 Segmentation fault      timeout ${TIMEOUT}s "$WORKDIR/a.out" > "$TMP_OUT"
SEED=501432 
SEED is set to: 501432
SEED=906424 
SEED is set to: 906424
SEED=47717 
SEED is set to: 47717
SEED=310270 
SEED is set to: 310270
SEED=441887 
SEED is set to: 441887
SEED=470190 
SEED is set to: 470190
timeout: the monitored command dumped core
environment: line 1: 3217382 Segmentation fault      timeout ${TIMEOUT}s "$WORKDIR/a.out" > "$TMP_OUT"
SEED=988202 
SEED is set to: 988202
SEED=306006 
SEED is set to: 306006
SEED=453777 
SEED is set to: 453777
SEED=788424 
SEED is set to: 788424
SEED=929588 
SEED is set to: 929588
SEED=125163 
SEED is set to: 125163
SEED=471189 
SEED is set to: 471189
SEED=880354 
SEED is set to: 880354
SEED=396158 
SEED is set to: 396158
SEED=544248 
SEED is set to: 544248
SEED=574812 
SEED is set to: 574812
SEED=728316 
SEED is set to: 728316
timeout: the monitored command dumped core
environment: line 1: 3218015 Segmentation fault      timeout ${TIMEOUT}s "$WORKDIR/a.out" > "$TMP_OUT"
SEED=873623 
SEED is set to: 873623
SEED=453114 
SEED is set to: 453114
double free or corruption (out)
timeout: the monitored command dumped core
environment: line 1: 3218161 Aborted                 timeout ${TIMEOUT}s "$WORKDIR/a.out" > "$TMP_OUT"
SEED=593389 
SEED is set to: 593389
SEED=621963 
SEED is set to: 621963
SEED=865820 
SEED is set to: 865820
SEED=877052 
SEED is set to: 877052
SEED=969471 
SEED is set to: 969471
SEED=324678 
SEED is set to: 324678
SEED=376528 
SEED is set to: 376528
SEED=939747 
SEED is set to: 939747
timeout: the monitored command dumped core
environment: line 1: 3218486 Segmentation fault      timeout ${TIMEOUT}s "$WORKDIR/a.out" > "$TMP_OUT"
SEED=91017 
SEED is set to: 91017
SEED=366147 
SEED is set to: 366147
SEED=900736 
SEED is set to: 900736
SEED=955720 
SEED is set to: 955720
SEED=972792 
SEED is set to: 972792
timeout: the monitored command dumped core
environment: line 1: 3218637 Segmentation fault      timeout ${TIMEOUT}s "$WORKDIR/a.out" > "$TMP_OUT"
SEED=386634 
SEED is set to: 386634
SEED=620235 
SEED is set to: 620235
SEED=472049 
SEED is set to: 472049
SEED=779840 
SEED is set to: 779840
SEED=842149 
SEED is set to: 842149
SEED=904387 
SEED is set to: 904387
SEED=99591 
SEED is set to: 99591
timeout: the monitored command dumped core
environment: line 1: 3219037 Segmentation fault      timeout ${TIMEOUT}s "$WORKDIR/a.out" > "$TMP_OUT"
SEED=241835 
SEED is set to: 241835
timeout: the monitored command dumped core
environment: line 1: 3219040 Segmentation fault      timeout ${TIMEOUT}s "$WORKDIR/a.out" > "$TMP_OUT"
SEED=164554 
SEED is set to: 164554
SEED=401794 
SEED is set to: 401794
SEED=608535 
SEED is set to: 608535
SEED=733340 
SEED is set to: 733340
SEED=743633 
SEED is set to: 743633
SEED=776663 
SEED is set to: 776663
SEED=807507 
SEED is set to: 807507
SEED=852125 
SEED is set to: 852125
SEED=3525 
SEED is set to: 3525
SEED=304456 
SEED is set to: 304456
SEED=462232 
SEED is set to: 462232
SEED=211140 
SEED is set to: 211140
SEED=345620 
SEED is set to: 345620
SEED=664086 
SEED is set to: 664086
SEED=252680 
SEED is set to: 252680
SEED=824969 
SEED is set to: 824969
SEED=675355 
SEED is set to: 675355
SEED=729752 
SEED is set to: 729752
SEED=786836 
SEED is set to: 786836
SEED=797215 
SEED is set to: 797215
SEED=518747 
SEED is set to: 518747
SEED=644655 
SEED is set to: 644655
SEED=808984 
SEED is set to: 808984
SEED=148506 
SEED is set to: 148506
SEED=203833 
SEED is set to: 203833
SEED=826061 
SEED is set to: 826061
SEED=953204 
SEED is set to: 953204
munmap_chunk(): invalid pointer
timeout: the monitored command dumped core
environment: line 1: 3220637 Aborted                 timeout ${TIMEOUT}s "$WORKDIR/a.out" > "$TMP_OUT"
SEED=203947 
SEED is set to: 203947
SEED=307363 
SEED is set to: 307363
timeout: the monitored command dumped core
environment: line 1: 3220684 Segmentation fault      timeout ${TIMEOUT}s "$WORKDIR/a.out" > "$TMP_OUT"
SEED=786157 
SEED is set to: 786157
SEED=664993 
SEED is set to: 664993
SEED=977796 
SEED is set to: 977796
SEED=53007 
SEED is set to: 53007
SEED=592901 
SEED is set to: 592901
SEED=833123 
SEED is set to: 833123
timeout: the monitored command dumped core
environment: line 1: 3221127 Segmentation fault      timeout ${TIMEOUT}s "$WORKDIR/a.out" > "$TMP_OUT"
SEED=53915 
SEED is set to: 53915
SEED=134297 
SEED is set to: 134297
SEED=392453 
SEED is set to: 392453
SEED=558386 
SEED is set to: 558386
SEED=673421 
SEED is set to: 673421
SEED=135545 
SEED is set to: 135545
SEED=468267 
SEED is set to: 468267
SEED=488416 
SEED is set to: 488416
SEED=756207 
SEED is set to: 756207
SEED=71038 
SEED is set to: 71038
timeout: the monitored command dumped core
environment: line 1: 3221561 Segmentation fault      timeout ${TIMEOUT}s "$WORKDIR/a.out" > "$TMP_OUT"
SEED=124076 
SEED is set to: 124076
timeout: the monitored command dumped core
environment: line 1: 3221579 Segmentation fault      timeout ${TIMEOUT}s "$WORKDIR/a.out" > "$TMP_OUT"
timeout: the monitored command dumped core
environment: line 1: 3221607 Segmentation fault      timeout ${TIMEOUT}s "$WORKDIR/a.out" > "$TMP_OUT"
SEED=571306 
SEED is set to: 571306
SEED=802057 
SEED is set to: 802057
SEED=846174 
SEED is set to: 846174
SEED=643400 
SEED is set to: 643400
SEED=202753 
SEED is set to: 202753
SEED=229977 
SEED is set to: 229977
SEED=449773 
SEED is set to: 449773
timeout: the monitored command dumped core
environment: line 1: 3222020 Segmentation fault      timeout ${TIMEOUT}s "$WORKDIR/a.out" > "$TMP_OUT"
SEED=25507 
SEED is set to: 25507
SEED=26221 
SEED is set to: 26221
SEED=106858 
SEED is set to: 106858
SEED=333236 
SEED is set to: 333236
SEED=485943 
SEED is set to: 485943
SEED=506172 
SEED is set to: 506172
SEED=539780 
SEED is set to: 539780
SEED=654902 
SEED is set to: 654902
SEED=731772 
SEED is set to: 731772
SEED=239920 
SEED is set to: 239920
SEED=322479 
SEED is set to: 322479
timeout: the monitored command dumped core
environment: line 1: 3222489 Segmentation fault      timeout ${TIMEOUT}s "$WORKDIR/a.out" > "$TMP_OUT"
timeout: the monitored command dumped core
environment: line 1: 3222496 Segmentation fault      timeout ${TIMEOUT}s "$WORKDIR/a.out" > "$TMP_OUT"
SEED=981320 
SEED is set to: 981320
SEED=237468 
SEED is set to: 237468
SEED=285996 
SEED is set to: 285996
SEED=800845 
SEED is set to: 800845
SEED=954850 
SEED is set to: 954850
SEED=878887 
SEED is set to: 878887
SEED=906801 
SEED is set to: 906801
SEED=216483 
SEED is set to: 216483
SEED=286195 
SEED is set to: 286195
SEED=569385 
SEED is set to: 569385
SEED=591467 
SEED is set to: 591467
timeout: the monitored command dumped core
environment: line 1: 3223165 Segmentation fault      timeout ${TIMEOUT}s "$WORKDIR/a.out" > "$TMP_OUT"
SEED=557708 
SEED is set to: 557708
SEED=579743 
SEED is set to: 579743
SEED=656789 
SEED is set to: 656789
timeout: the monitored command dumped core
environment: line 1: 3223314 Segmentation fault      timeout ${TIMEOUT}s "$WORKDIR/a.out" > "$TMP_OUT"
timeout: the monitored command dumped core
environment: line 1: 3223329 Segmentation fault      timeout ${TIMEOUT}s "$WORKDIR/a.out" > "$TMP_OUT"
SEED=107770 
SEED is set to: 107770
timeout: the monitored command dumped core
environment: line 1: 3223424 Segmentation fault      timeout ${TIMEOUT}s "$WORKDIR/a.out" > "$TMP_OUT"
SEED=474672 
SEED is set to: 474672
SEED=163234 
SEED is set to: 163234
SEED=258797 
SEED is set to: 258797
SEED=310426 
SEED is set to: 310426
SEED=334250 
SEED is set to: 334250
SEED=410792 
SEED is set to: 410792
timeout: the monitored command dumped core
environment: line 1: 3223545 Segmentation fault      timeout ${TIMEOUT}s "$WORKDIR/a.out" > "$TMP_OUT"
SEED=905137 
SEED is set to: 905137
SEED=81970 
SEED is set to: 81970
SEED=422502 
SEED is set to: 422502
SEED=773705 
SEED is set to: 773705
SEED=809554 
SEED is set to: 809554
SEED=943222 
SEED is set to: 943222
SEED=97 
SEED is set to: 97
SEED=269042 
SEED is set to: 269042
SEED=738125 
SEED is set to: 738125
SEED=224964 
SEED is set to: 224964
SEED=632740 
SEED is set to: 632740
SEED=77940 
SEED is set to: 77940
SEED=101286 
SEED is set to: 101286
SEED=150095 
SEED is set to: 150095
timeout: the monitored command dumped core
environment: line 1: 3224270 Segmentation fault      timeout ${TIMEOUT}s "$WORKDIR/a.out" > "$TMP_OUT"
SEED=747904 
SEED is set to: 747904
SEED=804075 
SEED is set to: 804075
SEED=936045 
SEED is set to: 936045
SEED=63044 
SEED is set to: 63044
SEED=454610 
SEED is set to: 454610
SEED=658785 
SEED is set to: 658785
SEED=85009 
SEED is set to: 85009
SEED=187291 
SEED is set to: 187291
SEED=358143 
SEED is set to: 358143
SEED=397731 
SEED is set to: 397731
SEED=481001 
SEED is set to: 481001
SEED=570315 
SEED is set to: 570315
timeout: the monitored command dumped core
environment: line 1: 3224723 Segmentation fault      timeout ${TIMEOUT}s "$WORKDIR/a.out" > "$TMP_OUT"
timeout: the monitored command dumped core
environment: line 1: 3224768 Segmentation fault      timeout ${TIMEOUT}s "$WORKDIR/a.out" > "$TMP_OUT"
SEED=978971 
SEED is set to: 978971
SEED=826099 
SEED is set to: 826099
SEED=89766 
SEED is set to: 89766
timeout: the monitored command dumped core
environment: line 1: 3224987 Segmentation fault      timeout ${TIMEOUT}s "$WORKDIR/a.out" > "$TMP_OUT"
SEED=141513 
SEED is set to: 141513
SEED=150295 
SEED is set to: 150295
SEED=409219 
SEED is set to: 409219
SEED=573249 
SEED is set to: 573249
SEED=604503 
SEED is set to: 604503
SEED=742714 
SEED is set to: 742714
SEED=392498 
SEED is set to: 392498
SEED=537210 
SEED is set to: 537210
SEED=596552 
SEED is set to: 596552
SEED=697210 
SEED is set to: 697210
SEED=754814 
SEED is set to: 754814
SEED=978101 
SEED is set to: 978101
timeout: the monitored command dumped core
environment: line 1: 3225458 Segmentation fault      timeout ${TIMEOUT}s "$WORKDIR/a.out" > "$TMP_OUT"
SEED=247538 
SEED is set to: 247538
SEED=859930 
SEED is set to: 859930
SEED=925139 
SEED is set to: 925139
timeout: the monitored command dumped core
environment: line 1: 3225599 Segmentation fault      timeout ${TIMEOUT}s "$WORKDIR/a.out" > "$TMP_OUT"
SEED=55760 
SEED is set to: 55760
SEED=517152 
SEED is set to: 517152
SEED=632617 
SEED is set to: 632617
SEED=950429 
SEED is set to: 950429
SEED=495160 
SEED is set to: 495160
SEED=633344 
SEED is set to: 633344
SEED=695843 
SEED is set to: 695843
SEED=703084 
SEED is set to: 703084
SEED=950027 
SEED is set to: 950027
SEED=448062 
SEED is set to: 448062
SEED=794122 
SEED is set to: 794122
timeout: the monitored command dumped core
environment: line 1: 3226151 Segmentation fault      timeout ${TIMEOUT}s "$WORKDIR/a.out" > "$TMP_OUT"
SEED=917868 
SEED is set to: 917868
timeout: the monitored command dumped core
environment: line 1: 3226169 Segmentation fault      timeout ${TIMEOUT}s "$WORKDIR/a.out" > "$TMP_OUT"
SEED=171163 
SEED is set to: 171163
SEED=267054 
SEED is set to: 267054
SEED=508288 
SEED is set to: 508288
SEED=589710 
SEED is set to: 589710
SEED=693368 
SEED is set to: 693368
SEED=994030 
SEED is set to: 994030
SEED=492981 
SEED is set to: 492981
SEED=546288 
SEED is set to: 546288
SEED=992931 
SEED is set to: 992931
SEED=177627 
SEED is set to: 177627
SEED=579952 
SEED is set to: 579952
SEED=688824 
SEED is set to: 688824
SEED=711660 
SEED is set to: 711660
SEED=806654 
SEED is set to: 806654
SEED=612930 
SEED is set to: 612930
SEED=770382 
SEED is set to: 770382
SEED=953460 
SEED is set to: 953460
SEED=991575 
SEED is set to: 991575
SEED=128581 
SEED is set to: 128581
SEED=141580 
SEED is set to: 141580
SEED=299065 
SEED is set to: 299065
SEED=285046 
SEED is set to: 285046
SEED=563233 
SEED is set to: 563233
SEED=812465 
SEED is set to: 812465
SEED=956105 
SEED is set to: 956105
SEED=247378 
SEED is set to: 247378
SEED=526295 
SEED is set to: 526295
SEED=545411 
SEED is set to: 545411
SEED=606810 
SEED is set to: 606810
SEED=3896 
SEED is set to: 3896
SEED=176457 
SEED is set to: 176457
timeout: the monitored command dumped core
environment: line 1: 3227555 Segmentation fault      timeout ${TIMEOUT}s "$WORKDIR/a.out" > "$TMP_OUT"
SEED=253346 
SEED is set to: 253346
SEED=995766 
SEED is set to: 995766
SEED=107287 
SEED is set to: 107287
SEED=117601 
SEED is set to: 117601
SEED=750082 
SEED is set to: 750082
SEED=21705 
SEED is set to: 21705
SEED=552944 
SEED is set to: 552944
SEED=590954 
SEED is set to: 590954
SEED=617978 
SEED is set to: 617978
SEED=768049 
SEED is set to: 768049
SEED=853126 
SEED is set to: 853126
SEED=218881 
SEED is set to: 218881
SEED=374244 
SEED is set to: 374244
SEED=425022 
SEED is set to: 425022
timeout: the monitored command dumped core
environment: line 1: 3228236 Segmentation fault      timeout ${TIMEOUT}s "$WORKDIR/a.out" > "$TMP_OUT"
SEED=915981 
SEED is set to: 915981
SEED=925691 
SEED is set to: 925691
SEED=146134 
SEED is set to: 146134
SEED=220039 
SEED is set to: 220039
SEED=877665 
SEED is set to: 877665
SEED=268516 
SEED is set to: 268516
SEED=396810 
SEED is set to: 396810
SEED=731037 
SEED is set to: 731037
SEED=969727 
SEED is set to: 969727
timeout: the monitored command dumped core
environment: line 1: 3228687 Segmentation fault      timeout ${TIMEOUT}s "$WORKDIR/a.out" > "$TMP_OUT"
SEED=364297 
SEED is set to: 364297
SEED=591322 
SEED is set to: 591322
SEED=603427 
SEED is set to: 603427
SEED=956881 
SEED is set to: 956881
SEED=982713 
SEED is set to: 982713
SEED=332368 
SEED is set to: 332368
SEED=808101 
SEED is set to: 808101
SEED=818523 
SEED is set to: 818523
SEED=939590 
SEED is set to: 939590
SEED=998019 
SEED is set to: 998019
SEED=465771 
SEED is set to: 465771
SEED=855594 
SEED is set to: 855594
SEED=116104 
SEED is set to: 116104
SEED=329855 
SEED is set to: 329855
SEED=402303 
SEED is set to: 402303
SEED=429058 
SEED is set to: 429058
SEED=484552 
SEED is set to: 484552
SEED=538161 
SEED is set to: 538161
timeout: the monitored command dumped core
environment: line 1: 3229386 Segmentation fault      timeout ${TIMEOUT}s "$WORKDIR/a.out" > "$TMP_OUT"
SEED=121883 
SEED is set to: 121883
SEED=282055 
SEED is set to: 282055
SEED=701255 
SEED is set to: 701255
SEED=777066 
SEED is set to: 777066
SEED=25175 
SEED is set to: 25175
SEED=73578 
SEED is set to: 73578
timeout: the monitored command dumped core
environment: line 1: 3229742 Segmentation fault      timeout ${TIMEOUT}s "$WORKDIR/a.out" > "$TMP_OUT"
SEED=307045 
SEED is set to: 307045
SEED=627862 
SEED is set to: 627862
SEED=831752 
SEED is set to: 831752
timeout: the monitored command dumped core
environment: line 1: 3229859 Segmentation fault      timeout ${TIMEOUT}s "$WORKDIR/a.out" > "$TMP_OUT"
SEED=174130 
SEED is set to: 174130
SEED=673840 
SEED is set to: 673840
SEED=740830 
SEED is set to: 740830
SEED=203449 
SEED is set to: 203449
SEED=632532 
SEED is set to: 632532
SEED=669050 
SEED is set to: 669050
SEED=147803 
SEED is set to: 147803
SEED=356985 
SEED is set to: 356985
SEED=694595 
SEED is set to: 694595
SEED=193184 
SEED is set to: 193184
SEED=502972 
SEED is set to: 502972
SEED=600733 
SEED is set to: 600733
SEED=21921 
SEED is set to: 21921
SEED=464207 
SEED is set to: 464207
SEED=687367 
SEED is set to: 687367
SEED=959703 
SEED is set to: 959703
SEED=971023 
SEED is set to: 971023
SEED=624457 
SEED is set to: 624457
SEED=821518 
SEED is set to: 821518
SEED=80185 
SEED is set to: 80185
SEED=205868 
SEED is set to: 205868
SEED=337678 
SEED is set to: 337678
timeout: the monitored command dumped core
environment: line 1: 3231130 Segmentation fault      timeout ${TIMEOUT}s "$WORKDIR/a.out" > "$TMP_OUT"
timeout: the monitored command dumped core
environment: line 1: 3231160 Segmentation fault      timeout ${TIMEOUT}s "$WORKDIR/a.out" > "$TMP_OUT"
SEED=102966 
SEED is set to: 102966
SEED=293852 
SEED is set to: 293852
SEED=302421 
SEED is set to: 302421
SEED=558666 
SEED is set to: 558666
SEED=780838 
SEED is set to: 780838
SEED=27185 
SEED is set to: 27185
SEED=461857 
SEED is set to: 461857
SEED=826680 
SEED is set to: 826680
SEED=960236 
SEED is set to: 960236
SEED=396762 
SEED is set to: 396762
SEED=617801 
SEED is set to: 617801
SEED=917678 
SEED is set to: 917678
timeout: the monitored command dumped core
environment: line 1: 3231835 Segmentation fault      timeout ${TIMEOUT}s "$WORKDIR/a.out" > "$TMP_OUT"
SEED=905695 
SEED is set to: 905695
SEED=521287 
SEED is set to: 521287
SEED=930572 
SEED is set to: 930572
SEED=952590 
SEED is set to: 952590
SEED=974862 
SEED is set to: 974862
SEED=231731 
SEED is set to: 231731
timeout: the monitored command dumped core
environment: line 1: 3232223 Segmentation fault      timeout ${TIMEOUT}s "$WORKDIR/a.out" > "$TMP_OUT"
SEED=463129 
SEED is set to: 463129
SEED=64696 
SEED is set to: 64696
SEED=192134 
SEED is set to: 192134
SEED=510109 
SEED is set to: 510109
SEED=738580 
SEED is set to: 738580
SEED=854749 
SEED is set to: 854749
SEED=373807 
SEED is set to: 373807
SEED=428878 
SEED is set to: 428878
SEED=673003 
SEED is set to: 673003
SEED=968746 
SEED is set to: 968746
SEED=530184 
SEED is set to: 530184
SEED=666426 
SEED is set to: 666426
timeout: the monitored command dumped core
environment: line 1: 3232846 Segmentation fault      timeout ${TIMEOUT}s "$WORKDIR/a.out" > "$TMP_OUT"
SEED=963047 
SEED is set to: 963047
SEED=10018 
SEED is set to: 10018
SEED=314133 
SEED is set to: 314133
SEED=585141 
SEED is set to: 585141
SEED=598553 
SEED is set to: 598553
timeout: the monitored command dumped core
environment: line 1: 3233011 Segmentation fault      timeout ${TIMEOUT}s "$WORKDIR/a.out" > "$TMP_OUT"
timeout: the monitored command dumped core
environment: line 1: 3233029 Segmentation fault      timeout ${TIMEOUT}s "$WORKDIR/a.out" > "$TMP_OUT"
SEED=292020 
SEED is set to: 292020
SEED=302839 
SEED is set to: 302839
SEED=393339 
SEED is set to: 393339
SEED=771514 
SEED is set to: 771514
SEED=879422 
SEED is set to: 879422
SEED=140020 
SEED is set to: 140020
SEED=347228 
SEED is set to: 347228
SEED=856198 
SEED is set to: 856198
SEED=918466 
SEED is set to: 918466
SEED=44487 
SEED is set to: 44487
SEED=486270 
SEED is set to: 486270
SEED=630502 
SEED is set to: 630502
SEED=665171 
SEED is set to: 665171
SEED=756566 
SEED is set to: 756566
SEED=775293 
SEED is set to: 775293
timeout: the monitored command dumped core
environment: line 1: 3233711 Segmentation fault      timeout ${TIMEOUT}s "$WORKDIR/a.out" > "$TMP_OUT"
SEED=331646 
SEED is set to: 331646
SEED=360534 
SEED is set to: 360534
SEED=504169 
SEED is set to: 504169
SEED=939617 
SEED is set to: 939617
SEED=169547 
SEED is set to: 169547
SEED=225616 
SEED is set to: 225616
SEED=311211 
SEED is set to: 311211
SEED=625769 
SEED is set to: 625769
SEED=712667 
SEED is set to: 712667
SEED=810840 
SEED is set to: 810840
SEED=171585 
SEED is set to: 171585
SEED=911697 
SEED is set to: 911697
SEED=6905 
SEED is set to: 6905
SEED=224000 
SEED is set to: 224000
SEED=279896 
SEED is set to: 279896
timeout: the monitored command dumped core
environment: line 1: 3234261 Segmentation fault      timeout ${TIMEOUT}s "$WORKDIR/a.out" > "$TMP_OUT"
SEED=546225 
SEED is set to: 546225
SEED=830183 
SEED is set to: 830183
SEED=524434 
SEED is set to: 524434
SEED=290500 
SEED is set to: 290500
SEED=357280 
SEED is set to: 357280
SEED=664006 
SEED is set to: 664006
SEED=729171 
SEED is set to: 729171
SEED=9576 
SEED is set to: 9576
SEED=308427 
SEED is set to: 308427
SEED=363136 
SEED is set to: 363136
SEED=679397 
SEED is set to: 679397
SEED=715841 
SEED is set to: 715841
SEED=291123 
SEED is set to: 291123
SEED=378526 
SEED is set to: 378526
SEED=419089 
SEED is set to: 419089
SEED=755151 
SEED is set to: 755151
SEED=54447 
SEED is set to: 54447
SEED=176035 
SEED is set to: 176035
SEED=260169 
SEED is set to: 260169
SEED=841143 
SEED is set to: 841143
SEED=66033 
SEED is set to: 66033
timeout: the monitored command dumped core
environment: line 1: 3235442 Segmentation fault      timeout ${TIMEOUT}s "$WORKDIR/a.out" > "$TMP_OUT"
SEED=499765 
SEED is set to: 499765
SEED=521492 
SEED is set to: 521492
SEED=739224 
SEED is set to: 739224
SEED=763922 
SEED is set to: 763922
SEED=462518 
SEED is set to: 462518
SEED=712025 
SEED is set to: 712025
SEED=5544 
SEED is set to: 5544
SEED=5650 
SEED is set to: 5650
SEED=40250 
SEED is set to: 40250
SEED=58919 
SEED is set to: 58919
SEED=80068 
SEED is set to: 80068
SEED=162658 
SEED is set to: 162658
SEED=183820 
SEED is set to: 183820
SEED=350364 
SEED is set to: 350364
SEED=387717 
SEED is set to: 387717
SEED=520339 
SEED is set to: 520339
SEED=523160 
SEED is set to: 523160
SEED=105781 
SEED is set to: 105781
SEED=246507 
SEED is set to: 246507
timeout: the monitored command dumped core
environment: line 1: 3236262 Segmentation fault      timeout ${TIMEOUT}s "$WORKDIR/a.out" > "$TMP_OUT"
timeout: the monitored command dumped core
environment: line 1: 3236194 Segmentation fault      timeout ${TIMEOUT}s "$WORKDIR/a.out" > "$TMP_OUT"
SEED=29310 
SEED is set to: 29310
SEED=42507 
SEED is set to: 42507
SEED=505883 
SEED is set to: 505883
SEED=643615 
SEED is set to: 643615
SEED=817374 
SEED is set to: 817374
SEED=830533 
SEED is set to: 830533
SEED=234826 
SEED is set to: 234826
SEED=463126 
SEED is set to: 463126
SEED=785697 
SEED is set to: 785697
SEED=82391 
SEED is set to: 82391
SEED=278624 
SEED is set to: 278624
SEED=312602 
SEED is set to: 312602
SEED=904188 
SEED is set to: 904188
SEED=4689 
SEED is set to: 4689
SEED=351852 
SEED is set to: 351852
SEED=667655 
SEED is set to: 667655
SEED=854709 
SEED is set to: 854709
SEED=256672 
SEED is set to: 256672
SEED=572319 
SEED is set to: 572319
SEED=13303 
SEED is set to: 13303
SEED=256951 
SEED is set to: 256951
SEED=279538 
SEED is set to: 279538
SEED=409092 
SEED is set to: 409092
SEED=666175 
SEED is set to: 666175
SEED=400732 
SEED is set to: 400732
SEED=580146 
SEED is set to: 580146
timeout: the monitored command dumped core
environment: line 1: 3237619 Segmentation fault      timeout ${TIMEOUT}s "$WORKDIR/a.out" > "$TMP_OUT"
SEED=700448 
SEED is set to: 700448
SEED=733362 
SEED is set to: 733362
SEED=756490 
SEED is set to: 756490
timeout: the monitored command dumped core
environment: line 1: 3237701 Segmentation fault      timeout ${TIMEOUT}s "$WORKDIR/a.out" > "$TMP_OUT"
SEED=187460 
SEED is set to: 187460
timeout: the monitored command dumped core
environment: line 1: 3237801 Segmentation fault      timeout ${TIMEOUT}s "$WORKDIR/a.out" > "$TMP_OUT"
SEED=810836 
SEED is set to: 810836
SEED=85544 
SEED is set to: 85544
SEED=233766 
SEED is set to: 233766
SEED=258635 
SEED is set to: 258635
SEED=43292 
SEED is set to: 43292
SEED=178271 
SEED is set to: 178271
SEED=192810 
SEED is set to: 192810
SEED=404216 
SEED is set to: 404216
SEED=798655 
SEED is set to: 798655
SEED=844849 
SEED is set to: 844849
SEED=340070 
SEED is set to: 340070
SEED=642169 
SEED is set to: 642169
SEED=670764 
SEED is set to: 670764
SEED=674591 
SEED is set to: 674591
SEED=131210 
SEED is set to: 131210
SEED=452839 
SEED is set to: 452839
timeout: the monitored command dumped core
environment: line 1: 3238502 Segmentation fault      timeout ${TIMEOUT}s "$WORKDIR/a.out" > "$TMP_OUT"
SEED=121273 
SEED is set to: 121273
SEED=335496 
SEED is set to: 335496
SEED=658789 
SEED is set to: 658789
SEED=93509 
SEED is set to: 93509
SEED=679037 
SEED is set to: 679037
SEED=875057 
SEED is set to: 875057
SEED=983547 
SEED is set to: 983547
SEED=71885 
SEED is set to: 71885
SEED=253552 
SEED is set to: 253552
SEED=378445 
SEED is set to: 378445
SEED=286926 
SEED is set to: 286926
SEED=425728 
SEED is set to: 425728
SEED=547078 
SEED is set to: 547078
SEED=708857 
SEED is set to: 708857
SEED=785161 
SEED is set to: 785161
timeout: the monitored command dumped core
environment: line 1: 3239321 Segmentation fault      timeout ${TIMEOUT}s "$WORKDIR/a.out" > "$TMP_OUT"
timeout: the monitored command dumped core
environment: line 1: 3239327 Segmentation fault      timeout ${TIMEOUT}s "$WORKDIR/a.out" > "$TMP_OUT"
SEED=657866 
SEED is set to: 657866
SEED=940539 
SEED is set to: 940539
SEED=969336 
SEED is set to: 969336
timeout: the monitored command dumped core
environment: line 1: 3239496 Segmentation fault      timeout ${TIMEOUT}s "$WORKDIR/a.out" > "$TMP_OUT"
SEED=461120 
SEED is set to: 461120
SEED=574234 
SEED is set to: 574234
SEED=14275 
SEED is set to: 14275
SEED=364809 
SEED is set to: 364809
SEED=728368 
SEED is set to: 728368
SEED=77722 
SEED is set to: 77722
SEED=356761 
SEED is set to: 356761
SEED=433905 
SEED is set to: 433905
SEED=939641 
SEED is set to: 939641
SEED=145115 
SEED is set to: 145115
SEED=180566 
SEED is set to: 180566
SEED=396163 
SEED is set to: 396163
SEED=559859 
SEED is set to: 559859
SEED=771294 
SEED is set to: 771294
timeout: the monitored command dumped core
environment: line 1: 3240229 Segmentation fault      timeout ${TIMEOUT}s "$WORKDIR/a.out" > "$TMP_OUT"
timeout: the monitored command dumped core
environment: line 1: 3240263 Segmentation fault      timeout ${TIMEOUT}s "$WORKDIR/a.out" > "$TMP_OUT"
SEED=595761 
SEED is set to: 595761
SEED=624001 
SEED is set to: 624001
SEED=718100 
SEED is set to: 718100
SEED=183874 
SEED is set to: 183874
SEED=528848 
SEED is set to: 528848
SEED=24328 
SEED is set to: 24328
SEED=58736 
SEED is set to: 58736
timeout: the monitored command dumped core
environment: line 1: 3240670 Segmentation fault      timeout ${TIMEOUT}s "$WORKDIR/a.out" > "$TMP_OUT"
SEED=357506 
SEED is set to: 357506
malloc(): corrupted top size
SEED=362315 
SEED is set to: 362315
timeout: the monitored command dumped core
environment: line 1: 3240749 Aborted                 timeout ${TIMEOUT}s "$WORKDIR/a.out" > "$TMP_OUT"
SEED=538669 
SEED is set to: 538669
SEED=792676 
SEED is set to: 792676
SEED=878838 
SEED is set to: 878838
SEED=624369 
SEED is set to: 624369
SEED=742252 
SEED is set to: 742252
SEED=857072 
SEED is set to: 857072
SEED=52535 
SEED is set to: 52535
SEED=498751 
SEED is set to: 498751
SEED=852630 
SEED is set to: 852630
SEED=918736 
SEED is set to: 918736
SEED=121623 
SEED is set to: 121623
SEED=164282 
SEED is set to: 164282
timeout: the monitored command dumped core
environment: line 1: 3241368 Segmentation fault      timeout ${TIMEOUT}s "$WORKDIR/a.out" > "$TMP_OUT"
SEED=634351 
SEED is set to: 634351
SEED=994935 
SEED is set to: 994935
SEED=455439 
SEED is set to: 455439
SEED=744679 
SEED is set to: 744679
timeout: the monitored command dumped core
environment: line 1: 3241573 Segmentation fault      timeout ${TIMEOUT}s "$WORKDIR/a.out" > "$TMP_OUT"
SEED=213362 
SEED is set to: 213362
SEED=560408 
SEED is set to: 560408
SEED=886095 
SEED is set to: 886095
SEED=160156 
SEED is set to: 160156
SEED=504064 
SEED is set to: 504064
SEED=562949 
SEED is set to: 562949
*** stack smashing detected ***: terminated
timeout: the monitored command dumped core
environment: line 1: 3241875 Aborted                 timeout ${TIMEOUT}s "$WORKDIR/a.out" > "$TMP_OUT"
SEED=112647 
SEED is set to: 112647
SEED=334433 
SEED is set to: 334433
timeout: the monitored command dumped core
environment: line 1: 3241985 Segmentation fault      timeout ${TIMEOUT}s "$WORKDIR/a.out" > "$TMP_OUT"
SEED=365190 
SEED is set to: 365190
SEED=597748 
SEED is set to: 597748
SEED=17053 
SEED is set to: 17053
SEED=844462 
SEED is set to: 844462
SEED=981704 
SEED is set to: 981704
SEED=6401 
SEED is set to: 6401
SEED=268776 
SEED is set to: 268776
SEED=638273 
SEED is set to: 638273
SEED=866514 
SEED is set to: 866514
SEED=261303 
SEED is set to: 261303
SEED=621644 
SEED is set to: 621644
SEED=28708 
SEED is set to: 28708
SEED=390468 
SEED is set to: 390468
SEED=450630 
SEED is set to: 450630
timeout: the monitored command dumped core
environment: line 1: 3242824 Segmentation fault      timeout ${TIMEOUT}s "$WORKDIR/a.out" > "$TMP_OUT"
SEED=817298 
SEED is set to: 817298
SEED=859521 
SEED is set to: 859521
SEED=917629 
SEED is set to: 917629
timeout: the monitored command dumped core
environment: line 1: 3242895 Segmentation fault      timeout ${TIMEOUT}s "$WORKDIR/a.out" > "$TMP_OUT"
SEED=889209 
SEED is set to: 889209
SEED=898845 
SEED is set to: 898845
SEED=77718 
SEED is set to: 77718
SEED=278675 
SEED is set to: 278675
SEED=481199 
SEED is set to: 481199
timeout: the monitored command dumped core
environment: line 1: 3243232 Segmentation fault      timeout ${TIMEOUT}s "$WORKDIR/a.out" > "$TMP_OUT"
SEED=866257 
SEED is set to: 866257
SEED=198505 
SEED is set to: 198505
SEED=311458 
SEED is set to: 311458
SEED=405118 
SEED is set to: 405118
SEED=621134 
SEED is set to: 621134
timeout: the monitored command dumped core
environment: line 1: 3243355 Segmentation fault      timeout ${TIMEOUT}s "$WORKDIR/a.out" > "$TMP_OUT"
SEED=842931 
SEED is set to: 842931
SEED=499113 
SEED is set to: 499113
SEED=554120 
SEED is set to: 554120
SEED=678367 
SEED is set to: 678367
timeout: the monitored command dumped core
environment: line 1: 3243599 Segmentation fault      timeout ${TIMEOUT}s "$WORKDIR/a.out" > "$TMP_OUT"
SEED=891981 
SEED is set to: 891981
SEED=409094 
SEED is set to: 409094
SEED=487056 
SEED is set to: 487056
SEED=515772 
SEED is set to: 515772
timeout: the monitored command dumped core
environment: line 1: 3243785 Segmentation fault      timeout ${TIMEOUT}s "$WORKDIR/a.out" > "$TMP_OUT"
SEED=83720 
SEED is set to: 83720
SEED=324116 
SEED is set to: 324116
SEED=452953 
SEED is set to: 452953
SEED=46852 
SEED is set to: 46852
SEED=83353 
SEED is set to: 83353
SEED=488088 
SEED is set to: 488088
SEED=662448 
SEED is set to: 662448
timeout: the monitored command dumped core
environment: line 1: 3244109 Segmentation fault      timeout ${TIMEOUT}s "$WORKDIR/a.out" > "$TMP_OUT"
SEED=912125 
SEED is set to: 912125
SEED=947746 
SEED is set to: 947746
timeout: the monitored command dumped core
environment: line 1: 3244123 Segmentation fault      timeout ${TIMEOUT}s "$WORKDIR/a.out" > "$TMP_OUT"
timeout: the monitored command dumped core
environment: line 1: 3244165 Segmentation fault      timeout ${TIMEOUT}s "$WORKDIR/a.out" > "$TMP_OUT"
SEED=213353 
SEED is set to: 213353
SEED=759856 
SEED is set to: 759856
timeout: the monitored command dumped core
environment: line 1: 3244370 Segmentation fault      timeout ${TIMEOUT}s "$WORKDIR/a.out" > "$TMP_OUT"
SEED=271700 
SEED is set to: 271700
SEED=569418 
SEED is set to: 569418
SEED=577202 
SEED is set to: 577202
SEED=614715 
SEED is set to: 614715
SEED=28737 
SEED is set to: 28737
SEED=32017 
SEED is set to: 32017
timeout: the monitored command dumped core
environment: line 1: 3244606 Segmentation fault      timeout ${TIMEOUT}s "$WORKDIR/a.out" > "$TMP_OUT"
SEED=632787 
SEED is set to: 632787
SEED=849498 
SEED is set to: 849498
SEED=981665 
SEED is set to: 981665
timeout: the monitored command dumped core
environment: line 1: 3244670 Segmentation fault      timeout ${TIMEOUT}s "$WORKDIR/a.out" > "$TMP_OUT"
SEED=78243 
SEED is set to: 78243
SEED=246461 
SEED is set to: 246461
SEED=83227 
SEED is set to: 83227
SEED=284284 
SEED is set to: 284284
SEED=346404 
SEED is set to: 346404
SEED=520446 
SEED is set to: 520446
SEED=604101 
SEED is set to: 604101
SEED=624052 
SEED is set to: 624052
SEED=437119 
SEED is set to: 437119
SEED=745643 
SEED is set to: 745643
SEED=848985 
SEED is set to: 848985
SEED=868478 
SEED is set to: 868478
SEED=234465 
SEED is set to: 234465
SEED=765006 
SEED is set to: 765006
SEED=979285 
SEED is set to: 979285
SEED=317960 
SEED is set to: 317960
SEED=349276 
SEED is set to: 349276
SEED=469179 
SEED is set to: 469179
SEED=554147 
SEED is set to: 554147
timeout: the monitored command dumped core
environment: line 1: 3245630 Segmentation fault      timeout ${TIMEOUT}s "$WORKDIR/a.out" > "$TMP_OUT"
timeout: the monitored command dumped core
environment: line 1: 3245633 Segmentation fault      timeout ${TIMEOUT}s "$WORKDIR/a.out" > "$TMP_OUT"
SEED=66343 
SEED is set to: 66343
SEED=602874 
SEED is set to: 602874
SEED=707438 
SEED is set to: 707438
SEED=852960 
SEED is set to: 852960
SEED=955719 
SEED is set to: 955719
SEED=12401 
SEED is set to: 12401
SEED=268876 
SEED is set to: 268876
SEED=348660 
SEED is set to: 348660
SEED=667903 
SEED is set to: 667903
SEED=106813 
SEED is set to: 106813
SEED=200108 
SEED is set to: 200108
SEED=741760 
SEED is set to: 741760
SEED=797600 
SEED is set to: 797600
SEED=480304 
SEED is set to: 480304
SEED=486154 
SEED is set to: 486154
SEED=917312 
SEED is set to: 917312
SEED=148350 
SEED is set to: 148350
SEED=498474 
SEED is set to: 498474
SEED=668415 
SEED is set to: 668415
SEED=709015 
SEED is set to: 709015
SEED=954756 
SEED is set to: 954756
SEED=96837 
SEED is set to: 96837
SEED=549168 
SEED is set to: 549168
SEED=599204 
SEED is set to: 599204
SEED=167311 
SEED is set to: 167311
SEED=178537 
SEED is set to: 178537
SEED=294155 
SEED is set to: 294155
SEED=424051 
SEED is set to: 424051
SEED=24810 
SEED is set to: 24810
SEED=344025 
SEED is set to: 344025
SEED=607356 
SEED is set to: 607356
SEED=609102 
SEED is set to: 609102
SEED=897421 
SEED is set to: 897421
SEED=83373 
SEED is set to: 83373
SEED=702448 
SEED is set to: 702448
timeout: the monitored command dumped core
environment: line 1: 3247407 Segmentation fault      timeout ${TIMEOUT}s "$WORKDIR/a.out" > "$TMP_OUT"
SEED=971299 
SEED is set to: 971299
SEED=170524 
SEED is set to: 170524
SEED=439153 
SEED is set to: 439153
SEED=985753 
SEED is set to: 985753
SEED=996507 
SEED is set to: 996507
SEED=101583 
SEED is set to: 101583
SEED=264577 
SEED is set to: 264577
SEED=343174 
SEED is set to: 343174
SEED=534152 
SEED is set to: 534152
timeout: the monitored command dumped core
environment: line 1: 3247760 Segmentation fault      timeout ${TIMEOUT}s "$WORKDIR/a.out" > "$TMP_OUT"
SEED=860452 
SEED is set to: 860452
SEED=993771 
SEED is set to: 993771
SEED=475791 
SEED is set to: 475791
SEED=547124 
SEED is set to: 547124
SEED=713608 
SEED is set to: 713608
SEED=46598 
SEED is set to: 46598
SEED=130201 
SEED is set to: 130201
SEED=259531 
SEED is set to: 259531
timeout: the monitored command dumped core
environment: line 1: 3248156 Segmentation fault      timeout ${TIMEOUT}s "$WORKDIR/a.out" > "$TMP_OUT"
SEED=970834 
SEED is set to: 970834
SEED=354758 
SEED is set to: 354758
SEED=454330 
SEED is set to: 454330
SEED=814204 
SEED is set to: 814204
SEED=932732 
SEED is set to: 932732
SEED=991417 
SEED is set to: 991417
SEED=736194 
SEED is set to: 736194
SEED=777425 
SEED is set to: 777425
SEED=99464 
SEED is set to: 99464
SEED=255716 
SEED is set to: 255716
SEED=396095 
SEED is set to: 396095
timeout: the monitored command dumped core
environment: line 1: 3248705 Segmentation fault      timeout ${TIMEOUT}s "$WORKDIR/a.out" > "$TMP_OUT"
SEED=929435 
SEED is set to: 929435
SEED=187351 
SEED is set to: 187351
SEED=368343 
SEED is set to: 368343
SEED=466517 
SEED is set to: 466517
SEED=563039 
SEED is set to: 563039
SEED=81713 
SEED is set to: 81713
timeout: the monitored command dumped core
environment: line 1: 3248946 Segmentation fault      timeout ${TIMEOUT}s "$WORKDIR/a.out" > "$TMP_OUT"
SEED=719303 
SEED is set to: 719303
SEED=858215 
SEED is set to: 858215
SEED=606174 
SEED is set to: 606174
SEED=637847 
SEED is set to: 637847
timeout: the monitored command dumped core
environment: line 1: 3249192 Segmentation fault      timeout ${TIMEOUT}s "$WORKDIR/a.out" > "$TMP_OUT"
timeout: the monitored command dumped core
environment: line 1: 3249216 Segmentation fault      timeout ${TIMEOUT}s "$WORKDIR/a.out" > "$TMP_OUT"
SEED=968884 
SEED is set to: 968884
SEED=257600 
SEED is set to: 257600
SEED=258155 
SEED is set to: 258155
SEED=311873 
SEED is set to: 311873
SEED=319527 
SEED is set to: 319527
SEED=480162 
SEED is set to: 480162
SEED=540757 
SEED is set to: 540757
SEED=603088 
SEED is set to: 603088
SEED=693181 
SEED is set to: 693181
SEED=884735 
SEED is set to: 884735
SEED=309099 
SEED is set to: 309099
SEED=741043 
SEED is set to: 741043
SEED=868644 
SEED is set to: 868644
SEED=956134 
SEED is set to: 956134
SEED=58036 
SEED is set to: 58036
timeout: the monitored command dumped core
SEED=153078 
SEED is set to: 153078
environment: line 1: 3249940 Segmentation fault      timeout ${TIMEOUT}s "$WORKDIR/a.out" > "$TMP_OUT"
SEED=188038 
SEED is set to: 188038
SEED=396977 
SEED is set to: 396977
SEED=569050 
SEED is set to: 569050
SEED=861625 
SEED is set to: 861625
SEED=949827 
SEED is set to: 949827
timeout: the monitored command dumped core
environment: line 1: 3250386 Segmentation fault      timeout ${TIMEOUT}s "$WORKDIR/a.out" > "$TMP_OUT"
SEED=222280 
SEED is set to: 222280
SEED=735211 
SEED is set to: 735211
SEED=832562 
SEED is set to: 832562
timeout: the monitored command dumped core
environment: line 1: 3250518 Segmentation fault      timeout ${TIMEOUT}s "$WORKDIR/a.out" > "$TMP_OUT"
SEED=229014 
SEED is set to: 229014
SEED=399852 
SEED is set to: 399852
SEED=528985 
SEED is set to: 528985
timeout: the monitored command dumped core
environment: line 1: 3250621 Segmentation fault      timeout ${TIMEOUT}s "$WORKDIR/a.out" > "$TMP_OUT"
SEED=658844 
SEED is set to: 658844
timeout: the monitored command dumped core
environment: line 1: 3250629 Segmentation fault      timeout ${TIMEOUT}s "$WORKDIR/a.out" > "$TMP_OUT"
SEED=159838 
SEED is set to: 159838
SEED=445031 
SEED is set to: 445031
SEED=552410 
SEED is set to: 552410
SEED=588298 
SEED is set to: 588298
SEED=203802 
SEED is set to: 203802
SEED=262398 
SEED is set to: 262398
SEED=407375 
SEED is set to: 407375
SEED=827392 
SEED is set to: 827392
SEED=912427 
SEED is set to: 912427
SEED=188096 
SEED is set to: 188096
SEED=816179 
SEED is set to: 816179
SEED=897187 
SEED is set to: 897187
timeout: the monitored command dumped core
environment: line 1: 3251341 Segmentation fault      timeout ${TIMEOUT}s "$WORKDIR/a.out" > "$TMP_OUT"
SEED=356177 
SEED is set to: 356177
SEED=396063 
SEED is set to: 396063
SEED=430854 
SEED is set to: 430854
SEED=803869 
SEED is set to: 803869
SEED=214283 
SEED is set to: 214283
SEED=346959 
SEED is set to: 346959
SEED=557012 
SEED is set to: 557012
timeout: the monitored command dumped core
environment: line 1: 3251638 Segmentation fault      timeout ${TIMEOUT}s "$WORKDIR/a.out" > "$TMP_OUT"
SEED=818952 
SEED is set to: 818952
double free or corruption (out)
SEED=831146 
SEED is set to: 831146
timeout: the monitored command dumped core
environment: line 1: 3251681 Aborted                 timeout ${TIMEOUT}s "$WORKDIR/a.out" > "$TMP_OUT"
SEED=351021 
SEED is set to: 351021
SEED=375121 
SEED is set to: 375121
SEED=946892 
SEED is set to: 946892
SEED=117428 
SEED is set to: 117428
SEED=230047 
SEED is set to: 230047
SEED=810678 
SEED is set to: 810678
SEED=832061 
SEED is set to: 832061
SEED=999553 
SEED is set to: 999553
timeout: the monitored command dumped core
environment: line 1: 3252057 Segmentation fault      timeout ${TIMEOUT}s "$WORKDIR/a.out" > "$TMP_OUT"
timeout: the monitored command dumped core
environment: line 1: 3252101 Segmentation fault      timeout ${TIMEOUT}s "$WORKDIR/a.out" > "$TMP_OUT"
SEED=421135 
SEED is set to: 421135
SEED=490658 
SEED is set to: 490658
SEED=879214 
SEED is set to: 879214
SEED=922046 
SEED is set to: 922046
timeout: the monitored command dumped core
environment: line 1: 3252264 Segmentation fault      timeout ${TIMEOUT}s "$WORKDIR/a.out" > "$TMP_OUT"
SEED=389199 
SEED is set to: 389199
SEED=725636 
SEED is set to: 725636
SEED=412835 
SEED is set to: 412835
SEED=768985 
SEED is set to: 768985
timeout: the monitored command dumped core
environment: line 1: 3252582 Segmentation fault      timeout ${TIMEOUT}s "$WORKDIR/a.out" > "$TMP_OUT"
SEED=40178 
SEED is set to: 40178
SEED=74002 
SEED is set to: 74002
SEED=585182 
SEED is set to: 585182
SEED=841767 
SEED is set to: 841767
SEED=986380 
SEED is set to: 986380
SEED=215149 
SEED is set to: 215149
SEED=190668 
SEED is set to: 190668
SEED=333572 
SEED is set to: 333572
SEED=419492 
SEED is set to: 419492
SEED=530086 
SEED is set to: 530086
SEED=686279 
SEED is set to: 686279
SEED=896991 
SEED is set to: 896991
SEED=145302 
SEED is set to: 145302
SEED=490561 
SEED is set to: 490561
SEED=698168 
SEED is set to: 698168
SEED=110589 
SEED is set to: 110589
SEED=117291 
SEED is set to: 117291
SEED=722926 
SEED is set to: 722926
SEED=997286 
SEED is set to: 997286
SEED=1494 
SEED is set to: 1494
SEED=201755 
SEED is set to: 201755
SEED=416013 
SEED is set to: 416013
SEED=302908 
SEED is set to: 302908
SEED=342453 
SEED is set to: 342453
SEED=476395 
SEED is set to: 476395
SEED=656479 
SEED is set to: 656479
timeout: the monitored command dumped core
environment: line 1: 3253731 Segmentation fault      timeout ${TIMEOUT}s "$WORKDIR/a.out" > "$TMP_OUT"
SEED=17952 
SEED is set to: 17952
SEED=248619 
SEED is set to: 248619
SEED=744218 
SEED is set to: 744218
SEED=71202 
SEED is set to: 71202
SEED=230628 
SEED is set to: 230628
SEED=284969 
SEED is set to: 284969
SEED=508644 
SEED is set to: 508644
timeout: the monitored command dumped core
environment: line 1: 3254165 Segmentation fault      timeout ${TIMEOUT}s "$WORKDIR/a.out" > "$TMP_OUT"
SEED=557696 
SEED is set to: 557696
SEED=656209 
SEED is set to: 656209
SEED=781696 
SEED is set to: 781696
SEED=820429 
SEED is set to: 820429
SEED=175860 
SEED is set to: 175860
SEED=191506 
SEED is set to: 191506
SEED=403097 
SEED is set to: 403097
SEED=887977 
SEED is set to: 887977
SEED=88840 
SEED is set to: 88840
SEED=178984 
SEED is set to: 178984
SEED=327180 
SEED is set to: 327180
SEED=463091 
SEED is set to: 463091
SEED=667203 
SEED is set to: 667203
SEED=803451 
SEED is set to: 803451
SEED=921352 
SEED is set to: 921352
timeout: the monitored command dumped core
environment: line 1: 3254843 Segmentation fault      timeout ${TIMEOUT}s "$WORKDIR/a.out" > "$TMP_OUT"
SEED=342237 
SEED is set to: 342237
SEED=378183 
SEED is set to: 378183
SEED=575015 
SEED is set to: 575015
SEED=927819 
SEED is set to: 927819
SEED=166921 
SEED is set to: 166921
SEED=547990 
SEED is set to: 547990
SEED=898862 
SEED is set to: 898862
SEED=19057 
SEED is set to: 19057
SEED=89249 
SEED is set to: 89249
SEED=655636 
SEED is set to: 655636
SEED=713421 
SEED is set to: 713421
SEED=797075 
SEED is set to: 797075
SEED=104138 
SEED is set to: 104138
SEED=300295 
SEED is set to: 300295
SEED=368054 
SEED is set to: 368054
SEED=383072 
SEED is set to: 383072
SEED=482060 
SEED is set to: 482060
SEED=78310 
SEED is set to: 78310
SEED=304568 
SEED is set to: 304568
SEED=778688 
SEED is set to: 778688
SEED=846903 
SEED is set to: 846903
SEED=947091 
SEED is set to: 947091
timeout: the monitored command dumped core
environment: line 1: 3255860 Segmentation fault      timeout ${TIMEOUT}s "$WORKDIR/a.out" > "$TMP_OUT"
SEED=133446 
SEED is set to: 133446
SEED=381279 
SEED is set to: 381279
SEED=624684 
SEED is set to: 624684
SEED=962823 
SEED is set to: 962823
SEED=31017 
SEED is set to: 31017
timeout: the monitored command dumped core
environment: line 1: 3256106 Segmentation fault      timeout ${TIMEOUT}s "$WORKDIR/a.out" > "$TMP_OUT"
SEED=683847 
SEED is set to: 683847
SEED=809399 
SEED is set to: 809399
SEED=621185 
SEED is set to: 621185
SEED=770772 
SEED is set to: 770772
SEED=817631 
SEED is set to: 817631
SEED=936962 
SEED is set to: 936962
SEED=224714 
SEED is set to: 224714
SEED=504883 
SEED is set to: 504883
SEED=624437 
SEED is set to: 624437
SEED=101456 
SEED is set to: 101456
SEED=269805 
SEED is set to: 269805
SEED=509364 
SEED is set to: 509364
SEED=664885 
SEED is set to: 664885
SEED=51901 
SEED is set to: 51901
SEED=321845 
SEED is set to: 321845
SEED=539028 
SEED is set to: 539028
SEED=625313 
SEED is set to: 625313
SEED=923524 
SEED is set to: 923524
SEED=980906 
SEED is set to: 980906
SEED=86359 
SEED is set to: 86359
SEED=333573 
SEED is set to: 333573
SEED=623073 
SEED is set to: 623073
SEED=893830 
SEED is set to: 893830
SEED=920497 
SEED is set to: 920497
SEED=75572 
SEED is set to: 75572
SEED=550656 
SEED is set to: 550656
SEED=623905 
SEED is set to: 623905
SEED=156418 
SEED is set to: 156418
SEED=532378 
SEED is set to: 532378
timeout: the monitored command dumped core
environment: line 1: 3257539 Segmentation fault      timeout ${TIMEOUT}s "$WORKDIR/a.out" > "$TMP_OUT"
SEED=11071 
SEED is set to: 11071
SEED=33355 
SEED is set to: 33355
SEED=200738 
SEED is set to: 200738
SEED=628748 
SEED is set to: 628748
SEED=858969 
SEED is set to: 858969
SEED=397171 
SEED is set to: 397171
SEED=442033 
SEED is set to: 442033
SEED=622970 
SEED is set to: 622970
SEED=773496 
SEED is set to: 773496
SEED=285988 
SEED is set to: 285988
SEED=487513 
SEED is set to: 487513
SEED=618798 
SEED is set to: 618798
*** stack smashing detected ***: terminated
timeout: the monitored command dumped core
environment: line 1: 3258099 Aborted                 timeout ${TIMEOUT}s "$WORKDIR/a.out" > "$TMP_OUT"
SEED=16421 
SEED is set to: 16421
SEED=67193 
SEED is set to: 67193
SEED=285563 
SEED is set to: 285563
SEED=800539 
SEED is set to: 800539
SEED=906575 
SEED is set to: 906575
SEED=44496 
SEED is set to: 44496
SEED=288480 
SEED is set to: 288480
SEED=601669 
SEED is set to: 601669
SEED=781563 
SEED is set to: 781563
SEED=563639 
SEED is set to: 563639
SEED=575093 
SEED is set to: 575093
SEED=868066 
SEED is set to: 868066
SEED=264940 
SEED is set to: 264940
timeout: the monitored command dumped core
environment: line 1: 3258746 Segmentation fault      timeout ${TIMEOUT}s "$WORKDIR/a.out" > "$TMP_OUT"
SEED=826536 
SEED is set to: 826536
SEED=906986 
SEED is set to: 906986
SEED=917616 
SEED is set to: 917616
SEED=99513 
SEED is set to: 99513
timeout: the monitored command dumped core
environment: line 1: 3258857 Segmentation fault      timeout ${TIMEOUT}s "$WORKDIR/a.out" > "$TMP_OUT"
SEED=271128 
SEED is set to: 271128
SEED=746509 
SEED is set to: 746509
SEED=72762 
SEED is set to: 72762
SEED=466916 
SEED is set to: 466916
SEED=611740 
SEED is set to: 611740
SEED=921529 
SEED is set to: 921529
SEED=200195 
SEED is set to: 200195
SEED=500929 
SEED is set to: 500929
SEED=771414 
SEED is set to: 771414
SEED=950805 
SEED is set to: 950805
SEED=158172 
SEED is set to: 158172
SEED=211086 
SEED is set to: 211086
timeout: the monitored command dumped core
environment: line 1: 3259486 Segmentation fault      timeout ${TIMEOUT}s "$WORKDIR/a.out" > "$TMP_OUT"
SEED=450300 
SEED is set to: 450300
SEED=843349 
SEED is set to: 843349
SEED=871074 
SEED is set to: 871074
SEED=710386 
SEED is set to: 710386
SEED=918402 
SEED is set to: 918402
SEED=919065 
SEED is set to: 919065
SEED=58151 
SEED is set to: 58151
timeout: the monitored command dumped core
environment: line 1: 3259936 Segmentation fault      timeout ${TIMEOUT}s "$WORKDIR/a.out" > "$TMP_OUT"
SEED=471627 
SEED is set to: 471627
SEED=514030 
SEED is set to: 514030
SEED=864880 
SEED is set to: 864880
SEED=205786 
SEED is set to: 205786
SEED=284015 
SEED is set to: 284015
SEED=468611 
SEED is set to: 468611
SEED=602843 
SEED is set to: 602843
SEED=723792 
SEED is set to: 723792
SEED=28492 
SEED is set to: 28492
SEED=431714 
SEED is set to: 431714
SEED=552382 
SEED is set to: 552382
SEED=613993 
SEED is set to: 613993
SEED=723342 
SEED is set to: 723342
timeout: the monitored command dumped core
environment: line 1: 3260413 Segmentation fault      timeout ${TIMEOUT}s "$WORKDIR/a.out" > "$TMP_OUT"
SEED=917300 
SEED is set to: 917300
SEED=928205 
SEED is set to: 928205
SEED=411150 
SEED is set to: 411150
SEED=105010 
SEED is set to: 105010
SEED=177261 
SEED is set to: 177261
SEED=190730 
SEED is set to: 190730
SEED=204222 
SEED is set to: 204222
SEED=217146 
SEED is set to: 217146
timeout: the monitored command dumped core
environment: line 1: 3260858 Segmentation fault      timeout ${TIMEOUT}s "$WORKDIR/a.out" > "$TMP_OUT"
SEED=702126 
SEED is set to: 702126
SEED=843365 
SEED is set to: 843365
SEED=326047 
SEED is set to: 326047
SEED=609541 
SEED is set to: 609541
SEED=641353 
SEED is set to: 641353
SEED=670916 
SEED is set to: 670916
SEED=250751 
SEED is set to: 250751
SEED=377946 
SEED is set to: 377946
SEED=828746 
SEED is set to: 828746
SEED=878316 
SEED is set to: 878316
SEED=37704 
SEED is set to: 37704
SEED=129928 
SEED is set to: 129928
timeout: the monitored command dumped core
environment: line 1: 3261340 Segmentation fault      timeout ${TIMEOUT}s "$WORKDIR/a.out" > "$TMP_OUT"
timeout: the monitored command dumped core
environment: line 1: 3261387 Segmentation fault      timeout ${TIMEOUT}s "$WORKDIR/a.out" > "$TMP_OUT"
SEED=859573 
SEED is set to: 859573
SEED=10416 
SEED is set to: 10416
SEED=127008 
SEED is set to: 127008
SEED=231985 
SEED is set to: 231985
SEED=454377 
SEED is set to: 454377
SEED=470442 
SEED is set to: 470442
SEED=710985 
SEED is set to: 710985
timeout: the monitored command dumped core
environment: line 1: 3261484 Segmentation fault      timeout ${TIMEOUT}s "$WORKDIR/a.out" > "$TMP_OUT"
SEED=940806 
SEED is set to: 940806
SEED=849679 
SEED is set to: 849679
SEED=196047 
SEED is set to: 196047
SEED=197601 
SEED is set to: 197601
SEED=206187 
SEED is set to: 206187
SEED=317403 
SEED is set to: 317403
SEED=644510 
SEED is set to: 644510
SEED=395936 
SEED is set to: 395936
SEED=423671 
SEED is set to: 423671
SEED=658660 
SEED is set to: 658660
SEED=473872 
SEED is set to: 473872
SEED=511141 
SEED is set to: 511141
SEED=736045 
SEED is set to: 736045
SEED=841165 
SEED is set to: 841165
SEED=941146 
SEED is set to: 941146
timeout: the monitored command dumped core
environment: line 1: 3262386 Segmentation fault      timeout ${TIMEOUT}s "$WORKDIR/a.out" > "$TMP_OUT"
SEED=24659 
SEED is set to: 24659
SEED=166746 
SEED is set to: 166746
SEED=37775 
SEED is set to: 37775
timeout: the monitored command dumped core
environment: line 1: 3262590 Segmentation fault      timeout ${TIMEOUT}s "$WORKDIR/a.out" > "$TMP_OUT"
SEED=448220 
SEED is set to: 448220
SEED=450189 
SEED is set to: 450189
SEED=763619 
SEED is set to: 763619
SEED=217620 
SEED is set to: 217620
SEED=401253 
SEED is set to: 401253
SEED=606629 
SEED is set to: 606629
timeout: the monitored command dumped core
environment: line 1: 3262859 Segmentation fault      timeout ${TIMEOUT}s "$WORKDIR/a.out" > "$TMP_OUT"
SEED=822403 
SEED is set to: 822403
SEED=7224 
SEED is set to: 7224
SEED=54845 
SEED is set to: 54845
SEED=691692 
SEED is set to: 691692
SEED=901734 
SEED is set to: 901734
timeout: the monitored command dumped core
environment: line 1: 3263075 Segmentation fault      timeout ${TIMEOUT}s "$WORKDIR/a.out" > "$TMP_OUT"
SEED=233790 
SEED is set to: 233790
SEED=372135 
SEED is set to: 372135
SEED=404472 
SEED is set to: 404472
SEED=422189 
SEED is set to: 422189
SEED=915202 
SEED is set to: 915202
SEED=304807 
SEED is set to: 304807
SEED=553284 
SEED is set to: 553284
SEED=591083 
SEED is set to: 591083
SEED=592624 
SEED is set to: 592624
SEED=805868 
SEED is set to: 805868
SEED=8588 
SEED is set to: 8588
SEED=956259 
SEED is set to: 956259
SEED=120239 
SEED is set to: 120239
SEED=199510 
SEED is set to: 199510
SEED=345077 
SEED is set to: 345077
SEED=468252 
SEED is set to: 468252
timeout: the monitored command dumped core
environment: line 1: 3263707 Segmentation fault      timeout ${TIMEOUT}s "$WORKDIR/a.out" > "$TMP_OUT"
SEED=149107 
SEED is set to: 149107
SEED=324740 
SEED is set to: 324740
SEED=749737 
SEED is set to: 749737
SEED=338709 
SEED is set to: 338709
SEED=698732 
SEED is set to: 698732
timeout: the monitored command dumped core
environment: line 1: 3264094 Segmentation fault      timeout ${TIMEOUT}s "$WORKDIR/a.out" > "$TMP_OUT"
SEED=834031 
SEED is set to: 834031
SEED=14346 
SEED is set to: 14346
SEED=364649 
SEED is set to: 364649
timeout: the monitored command dumped core
environment: line 1: 3264251 Segmentation fault      timeout ${TIMEOUT}s "$WORKDIR/a.out" > "$TMP_OUT"
SEED=407876 
SEED is set to: 407876
SEED=125437 
SEED is set to: 125437
SEED=201627 
SEED is set to: 201627
SEED=328795 
SEED is set to: 328795
SEED=367908 
SEED is set to: 367908
SEED=773608 
SEED is set to: 773608
SEED=799460 
SEED is set to: 799460
SEED=312568 
SEED is set to: 312568
SEED=684930 
SEED is set to: 684930
SEED=854261 
SEED is set to: 854261
SEED=974232 
SEED is set to: 974232
SEED=398270 
SEED is set to: 398270
SEED=444721 
SEED is set to: 444721
SEED=679333 
SEED is set to: 679333
timeout: the monitored command dumped core
environment: line 1: 3264870 Segmentation fault      timeout ${TIMEOUT}s "$WORKDIR/a.out" > "$TMP_OUT"
SEED=224019 
SEED is set to: 224019
SEED=326535 
SEED is set to: 326535
SEED=392594 
SEED is set to: 392594
SEED=67580 
SEED is set to: 67580
SEED=388743 
SEED is set to: 388743
SEED=448284 
SEED is set to: 448284
timeout: the monitored command dumped core
environment: line 1: 3265250 Segmentation fault      timeout ${TIMEOUT}s "$WORKDIR/a.out" > "$TMP_OUT"
SEED=634973 
SEED is set to: 634973
SEED=681326 
SEED is set to: 681326
SEED=907448 
SEED is set to: 907448
SEED=351679 
SEED is set to: 351679
SEED=958344 
SEED is set to: 958344
SEED=997348 
SEED is set to: 997348
SEED=90467 
SEED is set to: 90467
timeout: the monitored command dumped core
environment: line 1: 3265581 Segmentation fault      timeout ${TIMEOUT}s "$WORKDIR/a.out" > "$TMP_OUT"
SEED=629081 
SEED is set to: 629081
SEED=90596 
SEED is set to: 90596
SEED=279292 
SEED is set to: 279292
SEED=446861 
SEED is set to: 446861
SEED=975092 
SEED is set to: 975092
SEED=119283 
SEED is set to: 119283
SEED=158546 
SEED is set to: 158546
timeout: the monitored command dumped core
environment: line 1: 3265922 Segmentation fault      timeout ${TIMEOUT}s "$WORKDIR/a.out" > "$TMP_OUT"
SEED=633210 
SEED is set to: 633210
SEED=869466 
SEED is set to: 869466
SEED=991547 
SEED is set to: 991547
SEED=239632 
SEED is set to: 239632
timeout: the monitored command dumped core
environment: line 1: 3266113 Segmentation fault      timeout ${TIMEOUT}s "$WORKDIR/a.out" > "$TMP_OUT"
SEED=593207 
SEED is set to: 593207
timeout: the monitored command dumped core
environment: line 1: 3266232 Segmentation fault      timeout ${TIMEOUT}s "$WORKDIR/a.out" > "$TMP_OUT"
SEED=739358 
SEED is set to: 739358
SEED=558870 
SEED is set to: 558870
SEED=661558 
SEED is set to: 661558
SEED=753164 
SEED is set to: 753164
SEED=193994 
SEED is set to: 193994
SEED=296696 
SEED is set to: 296696
SEED=300458 
SEED is set to: 300458
SEED=970936 
SEED is set to: 970936
SEED=180759 
SEED is set to: 180759
SEED=728152 
SEED is set to: 728152
SEED=112011 
SEED is set to: 112011
SEED=585647 
SEED is set to: 585647
SEED=715533 
SEED is set to: 715533
SEED=750371 
SEED is set to: 750371
SEED=550110 
SEED is set to: 550110
SEED=768760 
SEED is set to: 768760
SEED=214627 
SEED is set to: 214627
SEED=232040 
SEED is set to: 232040
SEED=254062 
SEED is set to: 254062
SEED=268955 
SEED is set to: 268955
free(): invalid pointer
timeout: the monitored command dumped core
environment: line 1: 3267168 Aborted                 timeout ${TIMEOUT}s "$WORKDIR/a.out" > "$TMP_OUT"
SEED=798622 
SEED is set to: 798622
SEED=495061 
SEED is set to: 495061
SEED=684573 
SEED is set to: 684573
SEED=801165 
SEED is set to: 801165
free(): invalid pointer
timeout: the monitored command dumped core
environment: line 1: 3267451 Aborted                 timeout ${TIMEOUT}s "$WORKDIR/a.out" > "$TMP_OUT"
SEED=213672 
SEED is set to: 213672
SEED=252483 
SEED is set to: 252483
SEED=522524 
SEED is set to: 522524
SEED=47540 
SEED is set to: 47540
SEED=397379 
SEED is set to: 397379
SEED=639035 
SEED is set to: 639035
SEED=746837 
SEED is set to: 746837
SEED=776858 
SEED is set to: 776858
timeout: the monitored command dumped core
environment: line 1: 3267755 Segmentation fault      timeout ${TIMEOUT}s "$WORKDIR/a.out" > "$TMP_OUT"
SEED=743219 
SEED is set to: 743219
SEED=750182 
SEED is set to: 750182
SEED=822296 
SEED is set to: 822296
timeout: the monitored command dumped core
environment: line 1: 3267952 Segmentation fault      timeout ${TIMEOUT}s "$WORKDIR/a.out" > "$TMP_OUT"
timeout: the monitored command dumped core
environment: line 1: 3267955 Segmentation fault      timeout ${TIMEOUT}s "$WORKDIR/a.out" > "$TMP_OUT"
SEED=333345 
SEED is set to: 333345
SEED=369197 
SEED is set to: 369197
SEED=380012 
SEED is set to: 380012
timeout: the monitored command dumped core
environment: line 1: 3268151 Segmentation fault      timeout ${TIMEOUT}s "$WORKDIR/a.out" > "$TMP_OUT"
SEED=420865 
SEED is set to: 420865
SEED=560823 
SEED is set to: 560823
SEED=632361 
SEED is set to: 632361
timeout: the monitored command dumped core
environment: line 1: 3268245 Segmentation fault      timeout ${TIMEOUT}s "$WORKDIR/a.out" > "$TMP_OUT"
SEED=975893 
SEED is set to: 975893
SEED=110598 
SEED is set to: 110598
SEED=132220 
SEED is set to: 132220
SEED=217226 
SEED is set to: 217226
SEED=280308 
SEED is set to: 280308
SEED=282606 
SEED is set to: 282606
SEED=619889 
SEED is set to: 619889
SEED=626259 
SEED is set to: 626259
SEED=701484 
SEED is set to: 701484
SEED=748136 
SEED is set to: 748136
SEED=645720 
SEED is set to: 645720
SEED=657975 
SEED is set to: 657975
SEED=828225 
SEED is set to: 828225
SEED=215609 
SEED is set to: 215609
SEED=225303 
SEED is set to: 225303
SEED=449176 
SEED is set to: 449176
SEED=153413 
SEED is set to: 153413
SEED=649850 
SEED is set to: 649850
SEED=917757 
SEED is set to: 917757
SEED=320790 
SEED is set to: 320790
SEED=390612 
SEED is set to: 390612
SEED=487885 
SEED is set to: 487885
timeout: the monitored command dumped core
environment: line 1: 3269544 Segmentation fault      timeout ${TIMEOUT}s "$WORKDIR/a.out" > "$TMP_OUT"
SEED=731481 
SEED is set to: 731481
SEED=187601 
SEED is set to: 187601
SEED=210070 
SEED is set to: 210070
SEED=592830 
SEED is set to: 592830
SEED=810926 
SEED is set to: 810926
SEED=32028 
SEED is set to: 32028
SEED=208238 
SEED is set to: 208238
SEED=631249 
SEED is set to: 631249
SEED=195922 
SEED is set to: 195922
SEED=252748 
SEED is set to: 252748
SEED=399138 
SEED is set to: 399138
SEED=635684 
SEED is set to: 635684
SEED=696147 
SEED is set to: 696147
SEED=729526 
SEED is set to: 729526
timeout: the monitored command dumped core
environment: line 1: 3270268 Segmentation fault      timeout ${TIMEOUT}s "$WORKDIR/a.out" > "$TMP_OUT"
SEED=47364 
SEED is set to: 47364
SEED=240114 
SEED is set to: 240114
SEED=923918 
SEED is set to: 923918
SEED=949065 
SEED is set to: 949065
SEED=70258 
SEED is set to: 70258
SEED=296232 
SEED is set to: 296232
SEED=825117 
SEED is set to: 825117
SEED=4252 
SEED is set to: 4252
SEED=163293 
SEED is set to: 163293
SEED=543996 
SEED is set to: 543996
SEED=551822 
SEED is set to: 551822
SEED=768091 
SEED is set to: 768091
SEED=587383 
SEED is set to: 587383
SEED=607434 
SEED is set to: 607434
SEED=671999 
SEED is set to: 671999
SEED=867945 
SEED is set to: 867945
SEED=36362 
SEED is set to: 36362
SEED=104713 
SEED is set to: 104713
SEED=269034 
SEED is set to: 269034
SEED=97096 
SEED is set to: 97096
SEED=550020 
SEED is set to: 550020
SEED=856195 
SEED is set to: 856195
SEED=886398 
SEED is set to: 886398
timeout: the monitored command dumped core
environment: line 1: 3271501 Segmentation fault      timeout ${TIMEOUT}s "$WORKDIR/a.out" > "$TMP_OUT"
SEED=360642 
SEED is set to: 360642
SEED=384168 
SEED is set to: 384168
SEED=546454 
SEED is set to: 546454
SEED=666418 
SEED is set to: 666418
SEED=730395 
SEED is set to: 730395
SEED=856588 
SEED is set to: 856588
SEED=530752 
SEED is set to: 530752
SEED=761355 
SEED is set to: 761355
SEED=219542 
SEED is set to: 219542
SEED=281952 
SEED is set to: 281952
SEED=295811 
SEED is set to: 295811
SEED=918156 
SEED is set to: 918156
*** stack smashing detected ***: terminated
SEED=969202 
SEED is set to: 969202
timeout: the monitored command dumped core
environment: line 1: 3272062 Aborted                 timeout ${TIMEOUT}s "$WORKDIR/a.out" > "$TMP_OUT"
SEED=115245 
SEED is set to: 115245
SEED=268875 
SEED is set to: 268875
SEED=309781 
SEED is set to: 309781
free(): double free detected in tcache 2
timeout: the monitored command dumped core
environment: line 1: 3272148 Aborted                 timeout ${TIMEOUT}s "$WORKDIR/a.out" > "$TMP_OUT"
SEED=915996 
SEED is set to: 915996
SEED=14058 
SEED is set to: 14058
SEED=366155 
SEED is set to: 366155
SEED=499204 
SEED is set to: 499204
SEED=595622 
SEED is set to: 595622
double free or corruption (out)
timeout: the monitored command dumped core
environment: line 1: 3272440 Aborted                 timeout ${TIMEOUT}s "$WORKDIR/a.out" > "$TMP_OUT"
SEED=210846 
SEED is set to: 210846
SEED=400828 
SEED is set to: 400828
SEED=471986 
SEED is set to: 471986
SEED=612336 
SEED is set to: 612336
SEED=703433 
SEED is set to: 703433
SEED=977841 
SEED is set to: 977841
SEED=24429 
SEED is set to: 24429
SEED=182758 
SEED is set to: 182758
SEED=863088 
SEED is set to: 863088
SEED=926391 
SEED is set to: 926391
SEED=126662 
SEED is set to: 126662
timeout: the monitored command dumped core
environment: line 1: 3272919 Segmentation fault      timeout ${TIMEOUT}s "$WORKDIR/a.out" > "$TMP_OUT"
SEED=431757 
SEED is set to: 431757
SEED=550778 
SEED is set to: 550778
SEED=625877 
SEED is set to: 625877
SEED=631972 
SEED is set to: 631972
SEED=840004 
SEED is set to: 840004
SEED=899713 
SEED is set to: 899713
timeout: the monitored command dumped core
environment: line 1: 3273124 Segmentation fault      timeout ${TIMEOUT}s "$WORKDIR/a.out" > "$TMP_OUT"
SEED=72313 
SEED is set to: 72313
SEED=184079 
SEED is set to: 184079
SEED=985197 
SEED is set to: 985197
SEED=6394 
SEED is set to: 6394
SEED=431932 
SEED is set to: 431932
SEED=486681 
SEED is set to: 486681
SEED=667516 
SEED is set to: 667516
malloc(): corrupted top size
timeout: the monitored command dumped core
environment: line 1: 3273596 Aborted                 timeout ${TIMEOUT}s "$WORKDIR/a.out" > "$TMP_OUT"
SEED=677044 
SEED is set to: 677044
SEED=724573 
SEED is set to: 724573
SEED=865424 
SEED is set to: 865424
SEED=245492 
SEED is set to: 245492
SEED=280720 
SEED is set to: 280720
SEED=41890 
SEED is set to: 41890
SEED=114422 
SEED is set to: 114422
SEED=161051 
SEED is set to: 161051
SEED=315368 
SEED is set to: 315368
SEED=514011 
SEED is set to: 514011
SEED=544138 
SEED is set to: 544138
SEED=823097 
SEED is set to: 823097
SEED=889984 
SEED is set to: 889984
SEED=916628 
SEED is set to: 916628
SEED=88453 
SEED is set to: 88453
SEED=324676 
SEED is set to: 324676
SEED=99220 
SEED is set to: 99220
SEED=334754 
SEED is set to: 334754
SEED=446055 
SEED is set to: 446055
SEED=460455 
SEED is set to: 460455
SEED=476283 
SEED is set to: 476283
SEED=724497 
SEED is set to: 724497
timeout: the monitored command dumped core
environment: line 1: 3274665 Segmentation fault      timeout ${TIMEOUT}s "$WORKDIR/a.out" > "$TMP_OUT"
SEED=890258 
SEED is set to: 890258
timeout: the monitored command dumped core
environment: line 1: 3274731 Segmentation fault      timeout ${TIMEOUT}s "$WORKDIR/a.out" > "$TMP_OUT"
SEED=994556 
SEED is set to: 994556
SEED=478899 
SEED is set to: 478899
SEED=736015 
SEED is set to: 736015
SEED=767355 
SEED is set to: 767355
SEED=139123 
SEED is set to: 139123
SEED=333226 
SEED is set to: 333226
SEED=518507 
SEED is set to: 518507
SEED=554118 
SEED is set to: 554118
SEED=993289 
SEED is set to: 993289
SEED=7730 
SEED is set to: 7730
SEED=58388 
SEED is set to: 58388
SEED=117943 
SEED is set to: 117943
SEED=574076 
SEED is set to: 574076
SEED=655093 
SEED is set to: 655093
SEED=949437 
SEED is set to: 949437
SEED=95334 
SEED is set to: 95334
SEED=289349 
SEED is set to: 289349
SEED=717818 
SEED is set to: 717818
SEED=803356 
SEED is set to: 803356
SEED=265155 
SEED is set to: 265155
SEED=271941 
SEED is set to: 271941
SEED=386387 
SEED is set to: 386387
SEED=774002 
SEED is set to: 774002
SEED=780680 
SEED is set to: 780680
SEED=808332 
SEED is set to: 808332
SEED=675903 
SEED is set to: 675903
SEED=724524 
SEED is set to: 724524
SEED=256561 
SEED is set to: 256561
SEED=271397 
SEED is set to: 271397
SEED=581221 
SEED is set to: 581221
SEED=5237 
SEED is set to: 5237
SEED=159164 
SEED is set to: 159164
timeout: the monitored command dumped core
environment: line 1: 3276186 Segmentation fault      timeout ${TIMEOUT}s "$WORKDIR/a.out" > "$TMP_OUT"
SEED=263272 
SEED is set to: 263272
SEED=321051 
SEED is set to: 321051
timeout: the monitored command dumped core
environment: line 1: 3276250 Segmentation fault      timeout ${TIMEOUT}s "$WORKDIR/a.out" > "$TMP_OUT"
SEED=840135 
SEED is set to: 840135
SEED=920763 
SEED is set to: 920763
SEED=39934 
SEED is set to: 39934
SEED=154993 
SEED is set to: 154993
timeout: the monitored command dumped core
environment: line 1: 3276352 Segmentation fault      timeout ${TIMEOUT}s "$WORKDIR/a.out" > "$TMP_OUT"
timeout: the monitored command dumped core
environment: line 1: 3276361 Segmentation fault      timeout ${TIMEOUT}s "$WORKDIR/a.out" > "$TMP_OUT"
timeout: the monitored command dumped core
environment: line 1: 3276370 Segmentation fault      timeout ${TIMEOUT}s "$WORKDIR/a.out" > "$TMP_OUT"
SEED=649358 
SEED is set to: 649358
SEED=700713 
SEED is set to: 700713
SEED=265394 
SEED is set to: 265394
timeout: the monitored command dumped core
environment: line 1: 3276546 Segmentation fault      timeout ${TIMEOUT}s "$WORKDIR/a.out" > "$TMP_OUT"
SEED=407590 
SEED is set to: 407590
SEED=719848 
SEED is set to: 719848
SEED=16097 
SEED is set to: 16097
timeout: the monitored command dumped core
environment: line 1: 3276701 Segmentation fault      timeout ${TIMEOUT}s "$WORKDIR/a.out" > "$TMP_OUT"
SEED=242618 
SEED is set to: 242618
SEED=345028 
SEED is set to: 345028
SEED=642214 
SEED is set to: 642214
SEED=706955 
SEED is set to: 706955
timeout: the monitored command dumped core
environment: line 1: 3276755 Segmentation fault      timeout ${TIMEOUT}s "$WORKDIR/a.out" > "$TMP_OUT"
SEED=158897 
SEED is set to: 158897
SEED=427116 
SEED is set to: 427116
SEED=969617 
SEED is set to: 969617
SEED=583164 
SEED is set to: 583164
SEED=680820 
SEED is set to: 680820
SEED=9758 
SEED is set to: 9758
SEED=10712 
SEED is set to: 10712
timeout: the monitored command dumped core
environment: line 1: 3277200 Segmentation fault      timeout ${TIMEOUT}s "$WORKDIR/a.out" > "$TMP_OUT"
SEED=642711 
SEED is set to: 642711
SEED=747300 
SEED is set to: 747300
SEED=326052 
SEED is set to: 326052
SEED=413222 
SEED is set to: 413222
SEED=568715 
SEED is set to: 568715
SEED=713936 
SEED is set to: 713936
SEED=890140 
SEED is set to: 890140
SEED=257811 
SEED is set to: 257811
SEED=869477 
SEED is set to: 869477
SEED=207585 
SEED is set to: 207585
SEED=360124 
SEED is set to: 360124
SEED=372881 
SEED is set to: 372881
SEED=608867 
SEED is set to: 608867
SEED=640926 
SEED is set to: 640926
SEED=233744 
SEED is set to: 233744
SEED=339023 
SEED is set to: 339023
SEED=649744 
SEED is set to: 649744
SEED=131795 
SEED is set to: 131795
SEED=203919 
SEED is set to: 203919
SEED=593727 
SEED is set to: 593727
SEED=756867 
SEED is set to: 756867
SEED=281044 
SEED is set to: 281044
SEED=784481 
SEED is set to: 784481
SEED=325906 
SEED is set to: 325906
SEED=334466 
SEED is set to: 334466
SEED=362834 
SEED is set to: 362834
SEED=589597 
SEED is set to: 589597
SEED=782129 
SEED is set to: 782129
SEED=125189 
SEED is set to: 125189
SEED=132663 
SEED is set to: 132663
SEED=850170 
SEED is set to: 850170
SEED=326412 
SEED is set to: 326412
SEED=656688 
SEED is set to: 656688
SEED=706683 
SEED is set to: 706683
SEED=595185 
SEED is set to: 595185
SEED=895939 
SEED is set to: 895939
timeout: the monitored command dumped core
environment: line 1: 3279174 Segmentation fault      timeout ${TIMEOUT}s "$WORKDIR/a.out" > "$TMP_OUT"
SEED=88321 
SEED is set to: 88321
SEED=872404 
SEED is set to: 872404
SEED=72260 
SEED is set to: 72260
SEED=580797 
SEED is set to: 580797
SEED=604489 
SEED is set to: 604489
SEED=136289 
SEED is set to: 136289
SEED=364136 
SEED is set to: 364136
SEED=426047 
SEED is set to: 426047
SEED=700193 
SEED is set to: 700193
SEED=719663 
SEED is set to: 719663
SEED=791943 
SEED is set to: 791943
SEED=870853 
SEED is set to: 870853
SEED=935172 
SEED is set to: 935172
SEED=26177 
SEED is set to: 26177
SEED=114720 
SEED is set to: 114720
SEED=965028 
SEED is set to: 965028
SEED=97604 
SEED is set to: 97604
SEED=265352 
SEED is set to: 265352
SEED=357298 
SEED is set to: 357298
SEED=367307 
SEED is set to: 367307
SEED=505347 
SEED is set to: 505347
SEED=698273 
SEED is set to: 698273
timeout: the monitored command dumped core
environment: line 1: 3280315 Segmentation fault      timeout ${TIMEOUT}s "$WORKDIR/a.out" > "$TMP_OUT"
timeout: the monitored command dumped core
environment: line 1: 3280312 Segmentation fault      timeout ${TIMEOUT}s "$WORKDIR/a.out" > "$TMP_OUT"
SEED=285712 
SEED is set to: 285712
timeout: the monitored command dumped core
environment: line 1: 3280476 Floating point exceptiontimeout ${TIMEOUT}s "$WORKDIR/a.out" > "$TMP_OUT"
SEED=401236 
SEED is set to: 401236
timeout: the monitored command dumped core
environment: line 1: 3280512 Segmentation fault      timeout ${TIMEOUT}s "$WORKDIR/a.out" > "$TMP_OUT"
SEED=770118 
SEED is set to: 770118
SEED=250795 
SEED is set to: 250795
SEED=256453 
SEED is set to: 256453
SEED=877367 
SEED is set to: 877367
SEED=897229 
SEED is set to: 897229
SEED=897858 
SEED is set to: 897858
SEED=362620 
SEED is set to: 362620
SEED=772202 
SEED is set to: 772202
SEED=300374 
SEED is set to: 300374
SEED=325405 
SEED is set to: 325405
SEED=470626 
SEED is set to: 470626
SEED=816985 
SEED is set to: 816985
SEED=917399 
SEED is set to: 917399
SEED=964735 
SEED is set to: 964735
SEED=143967 
SEED is set to: 143967
SEED=49130 
SEED is set to: 49130
SEED=156061 
SEED is set to: 156061
SEED=222003 
SEED is set to: 222003
SEED=416694 
SEED is set to: 416694
timeout: the monitored command dumped core
environment: line 1: 3281418 Segmentation fault      timeout ${TIMEOUT}s "$WORKDIR/a.out" > "$TMP_OUT"
SEED=572490 
SEED is set to: 572490
SEED=593997 
SEED is set to: 593997
SEED=602729 
SEED is set to: 602729
timeout: the monitored command dumped core
environment: line 1: 3281506 Segmentation fault      timeout ${TIMEOUT}s "$WORKDIR/a.out" > "$TMP_OUT"
timeout: the monitored command dumped core
environment: line 1: 3281513 Segmentation fault      timeout ${TIMEOUT}s "$WORKDIR/a.out" > "$TMP_OUT"
SEED=410300 
SEED is set to: 410300
SEED=542036 
SEED is set to: 542036
SEED=741524 
SEED is set to: 741524
SEED=963602 
SEED is set to: 963602
SEED=149702 
SEED is set to: 149702
SEED=660737 
SEED is set to: 660737
SEED=860914 
SEED is set to: 860914
SEED=915383 
SEED is set to: 915383
SEED=976049 
SEED is set to: 976049
SEED=997961 
SEED is set to: 997961
SEED=208187 
SEED is set to: 208187
SEED=847004 
SEED is set to: 847004
SEED=412594 
SEED is set to: 412594
SEED=520927 
SEED is set to: 520927
SEED=522536 
SEED is set to: 522536
SEED=113001 
SEED is set to: 113001
SEED=853497 
SEED is set to: 853497
SEED=962831 
SEED is set to: 962831
SEED=78493 
SEED is set to: 78493
timeout: the monitored command dumped core
environment: line 1: 3282462 Segmentation fault      timeout ${TIMEOUT}s "$WORKDIR/a.out" > "$TMP_OUT"
SEED=233761 
SEED is set to: 233761
SEED=762754 
SEED is set to: 762754
SEED=762817 
SEED is set to: 762817
timeout: the monitored command dumped core
environment: line 1: 3282651 Segmentation fault      timeout ${TIMEOUT}s "$WORKDIR/a.out" > "$TMP_OUT"
SEED=365557 
SEED is set to: 365557
SEED=571706 
SEED is set to: 571706
SEED=601208 
SEED is set to: 601208
SEED=654660 
SEED is set to: 654660
SEED=723249 
SEED is set to: 723249
SEED=208493 
SEED is set to: 208493
SEED=393980 
SEED is set to: 393980
SEED=544729 
SEED is set to: 544729
SEED=799103 
SEED is set to: 799103
SEED=962084 
SEED is set to: 962084
SEED=424793 
SEED is set to: 424793
SEED=779007 
SEED is set to: 779007
SEED=910598 
SEED is set to: 910598
SEED=151117 
SEED is set to: 151117
timeout: the monitored command dumped core
environment: line 1: 3283260 Segmentation fault      timeout ${TIMEOUT}s "$WORKDIR/a.out" > "$TMP_OUT"
SEED=488370 
SEED is set to: 488370
SEED=940627 
SEED is set to: 940627
SEED=445425 
SEED is set to: 445425
SEED=594953 
SEED is set to: 594953
timeout: the monitored command dumped core
environment: line 1: 3283508 Segmentation fault      timeout ${TIMEOUT}s "$WORKDIR/a.out" > "$TMP_OUT"
SEED=717524 
SEED is set to: 717524
SEED=121975 
SEED is set to: 121975
SEED=661138 
SEED is set to: 661138
SEED=872217 
SEED is set to: 872217
SEED=71171 
SEED is set to: 71171
SEED=594410 
SEED is set to: 594410
SEED=929070 
SEED is set to: 929070
SEED=143439 
SEED is set to: 143439
SEED=390038 
SEED is set to: 390038
SEED=561679 
SEED is set to: 561679
SEED=593219 
SEED is set to: 593219
SEED=762874 
SEED is set to: 762874
SEED=507015 
SEED is set to: 507015
SEED=693648 
SEED is set to: 693648
*** stack smashing detected ***: terminated
timeout: the monitored command dumped core
environment: line 1: 3284252 Aborted                 timeout ${TIMEOUT}s "$WORKDIR/a.out" > "$TMP_OUT"
SEED=1852 
SEED is set to: 1852
SEED=390305 
SEED is set to: 390305
SEED=422396 
SEED is set to: 422396
malloc(): corrupted top size
timeout: the monitored command dumped core
environment: line 1: 3284408 Aborted                 timeout ${TIMEOUT}s "$WORKDIR/a.out" > "$TMP_OUT"
SEED=709744 
SEED is set to: 709744
SEED=121873 
SEED is set to: 121873
SEED=146855 
SEED is set to: 146855
SEED=634860 
SEED is set to: 634860
SEED=989599 
SEED is set to: 989599
SEED=19543 
SEED is set to: 19543
SEED=228474 
SEED is set to: 228474
SEED=793114 
SEED is set to: 793114
SEED=31731 
SEED is set to: 31731
SEED=218895 
SEED is set to: 218895
SEED=468242 
SEED is set to: 468242
SEED=513749 
SEED is set to: 513749
SEED=729536 
SEED is set to: 729536
SEED=755368 
SEED is set to: 755368
SEED=41554 
SEED is set to: 41554
SEED=655121 
SEED is set to: 655121
SEED=930541 
SEED is set to: 930541
SEED=252219 
SEED is set to: 252219
SEED=852071 
SEED is set to: 852071
SEED=996957 
SEED is set to: 996957
SEED=143279 
SEED is set to: 143279
SEED=403685 
SEED is set to: 403685
timeout: the monitored command dumped core
environment: line 1: 3285493 Segmentation fault      timeout ${TIMEOUT}s "$WORKDIR/a.out" > "$TMP_OUT"
SEED=704460 
SEED is set to: 704460
SEED=875323 
SEED is set to: 875323
SEED=956804 
SEED is set to: 956804
SEED=248470 
SEED is set to: 248470
SEED=258149 
SEED is set to: 258149
SEED=851325 
SEED is set to: 851325
SEED=908989 
SEED is set to: 908989
SEED=929 
SEED is set to: 929
SEED=414596 
SEED is set to: 414596
SEED=441763 
SEED is set to: 441763
SEED=776313 
SEED is set to: 776313
SEED=779772 
SEED is set to: 779772
SEED=782712 
SEED is set to: 782712
timeout: the monitored command dumped core
environment: line 1: 3285995 Segmentation fault      timeout ${TIMEOUT}s "$WORKDIR/a.out" > "$TMP_OUT"
SEED=240067 
SEED is set to: 240067
SEED=495863 
SEED is set to: 495863
SEED=481934 
SEED is set to: 481934
SEED=527719 
SEED is set to: 527719
SEED=535305 
SEED is set to: 535305
SEED=790197 
SEED is set to: 790197
timeout: the monitored command dumped core
environment: line 1: 3286328 Segmentation fault      timeout ${TIMEOUT}s "$WORKDIR/a.out" > "$TMP_OUT"
SEED=895985 
SEED is set to: 895985
SEED=8620 
SEED is set to: 8620
SEED=482084 
SEED is set to: 482084
timeout: the monitored command dumped core
environment: line 1: 3286528 Segmentation fault      timeout ${TIMEOUT}s "$WORKDIR/a.out" > "$TMP_OUT"
SEED=992001 
SEED is set to: 992001
SEED=73966 
SEED is set to: 73966
SEED=281620 
SEED is set to: 281620
timeout: the monitored command dumped core
environment: line 1: 3286630 Segmentation fault      timeout ${TIMEOUT}s "$WORKDIR/a.out" > "$TMP_OUT"
SEED=471424 
SEED is set to: 471424
SEED=521187 
SEED is set to: 521187
timeout: the monitored command dumped core
environment: line 1: 3286738 Floating point exceptiontimeout ${TIMEOUT}s "$WORKDIR/a.out" > "$TMP_OUT"
SEED=54934 
SEED is set to: 54934
SEED=468412 
SEED is set to: 468412
SEED=670286 
SEED is set to: 670286
SEED=728852 
SEED is set to: 728852
SEED=796305 
SEED is set to: 796305
SEED=816409 
SEED is set to: 816409
SEED=946956 
SEED is set to: 946956
SEED=358006 
SEED is set to: 358006
timeout: the monitored command dumped core
environment: line 1: 3287035 Segmentation fault      timeout ${TIMEOUT}s "$WORKDIR/a.out" > "$TMP_OUT"
timeout: the monitored command dumped core
environment: line 1: 3287051 Segmentation fault      timeout ${TIMEOUT}s "$WORKDIR/a.out" > "$TMP_OUT"
SEED=711026 
SEED is set to: 711026
SEED=961123 
SEED is set to: 961123
SEED=221594 
SEED is set to: 221594
SEED=416639 
SEED is set to: 416639
SEED=571615 
SEED is set to: 571615
SEED=643961 
SEED is set to: 643961
SEED=754946 
SEED is set to: 754946
SEED=188561 
SEED is set to: 188561
SEED=196018 
SEED is set to: 196018
SEED=314145 
SEED is set to: 314145
SEED=797702 
SEED is set to: 797702
SEED=274458 
SEED is set to: 274458
SEED=451389 
SEED is set to: 451389
SEED=661524 
SEED is set to: 661524
SEED=860784 
SEED is set to: 860784
SEED=237153 
SEED is set to: 237153
SEED=472108 
SEED is set to: 472108
SEED=766287 
SEED is set to: 766287
SEED=832039 
SEED is set to: 832039
SEED=107132 
SEED is set to: 107132
SEED=174872 
SEED is set to: 174872
malloc(): corrupted top size
SEED=189384 
SEED is set to: 189384
timeout: the monitored command dumped core
environment: line 1: 3288029 Aborted                 timeout ${TIMEOUT}s "$WORKDIR/a.out" > "$TMP_OUT"
SEED=270778 
SEED is set to: 270778
SEED=853953 
SEED is set to: 853953
timeout: the monitored command dumped core
environment: line 1: 3288176 Segmentation fault      timeout ${TIMEOUT}s "$WORKDIR/a.out" > "$TMP_OUT"
SEED=244696 
SEED is set to: 244696
timeout: the monitored command dumped core
environment: line 1: 3288255 Segmentation fault      timeout ${TIMEOUT}s "$WORKDIR/a.out" > "$TMP_OUT"
SEED=611763 
SEED is set to: 611763
SEED=627011 
SEED is set to: 627011
SEED=828038 
SEED is set to: 828038
SEED=918888 
SEED is set to: 918888
timeout: the monitored command dumped core
environment: line 1: 3288377 Segmentation fault      timeout ${TIMEOUT}s "$WORKDIR/a.out" > "$TMP_OUT"
SEED=332800 
SEED is set to: 332800
SEED=254846 
SEED is set to: 254846
SEED=420814 
SEED is set to: 420814
SEED=854196 
SEED is set to: 854196
SEED=58394 
SEED is set to: 58394
SEED=269203 
SEED is set to: 269203
SEED=574283 
SEED is set to: 574283
SEED=713501 
SEED is set to: 713501
SEED=101864 
SEED is set to: 101864
SEED=128430 
SEED is set to: 128430
SEED=405568 
SEED is set to: 405568
SEED=455496 
SEED is set to: 455496
timeout: the monitored command dumped core
environment: line 1: 3288885 Segmentation fault      timeout ${TIMEOUT}s "$WORKDIR/a.out" > "$TMP_OUT"
SEED=700149 
SEED is set to: 700149
timeout: the monitored command dumped core
environment: line 1: 3288930 Segmentation fault      timeout ${TIMEOUT}s "$WORKDIR/a.out" > "$TMP_OUT"
SEED=113982 
SEED is set to: 113982
SEED=809497 
SEED is set to: 809497
SEED=981935 
SEED is set to: 981935
SEED=38565 
SEED is set to: 38565
SEED=47643 
SEED is set to: 47643
SEED=253141 
SEED is set to: 253141
SEED=283050 
SEED is set to: 283050
SEED=296293 
SEED is set to: 296293
SEED=993317 
SEED is set to: 993317
SEED=178815 
SEED is set to: 178815
SEED=449200 
SEED is set to: 449200
SEED=549929 
SEED is set to: 549929
SEED=610254 
SEED is set to: 610254
SEED=692607 
SEED is set to: 692607
SEED=903155 
SEED is set to: 903155
SEED=554058 
SEED is set to: 554058
SEED=663571 
SEED is set to: 663571
SEED=671549 
SEED is set to: 671549
SEED=902027 
SEED is set to: 902027
timeout: the monitored command dumped core
environment: line 1: 3289867 Segmentation fault      timeout ${TIMEOUT}s "$WORKDIR/a.out" > "$TMP_OUT"
SEED=563931 
SEED is set to: 563931
SEED=575534 
SEED is set to: 575534
SEED=715328 
SEED is set to: 715328
SEED=868354 
SEED is set to: 868354
timeout: the monitored command dumped core
environment: line 1: 3290251 Segmentation fault      timeout ${TIMEOUT}s "$WORKDIR/a.out" > "$TMP_OUT"
SEED=136586 
SEED is set to: 136586
SEED=160388 
SEED is set to: 160388
SEED=918503 
SEED is set to: 918503
SEED=30896 
SEED is set to: 30896
SEED=68834 
SEED is set to: 68834
SEED=125171 
SEED is set to: 125171
SEED=226170 
SEED is set to: 226170
SEED=798038 
SEED is set to: 798038
SEED=940247 
SEED is set to: 940247
SEED=387628 
SEED is set to: 387628
SEED=398715 
SEED is set to: 398715
SEED=544674 
SEED is set to: 544674
SEED=695121 
SEED is set to: 695121
timeout: the monitored command dumped core
environment: line 1: 3290774 Segmentation fault      timeout ${TIMEOUT}s "$WORKDIR/a.out" > "$TMP_OUT"
SEED=730748 
SEED is set to: 730748
SEED=998832 
SEED is set to: 998832
timeout: the monitored command dumped core
environment: line 1: 3290948 Segmentation fault      timeout ${TIMEOUT}s "$WORKDIR/a.out" > "$TMP_OUT"
SEED=306535 
SEED is set to: 306535
SEED=499807 
SEED is set to: 499807
SEED=265270 
SEED is set to: 265270
SEED=382282 
SEED is set to: 382282
SEED=390922 
SEED is set to: 390922
SEED=642557 
SEED is set to: 642557
SEED=648564 
SEED is set to: 648564
SEED=3933 
SEED is set to: 3933
SEED=169227 
SEED is set to: 169227
SEED=684436 
SEED is set to: 684436
SEED=699928 
SEED is set to: 699928
timeout: the monitored command dumped core
environment: line 1: 3291448 Segmentation fault      timeout ${TIMEOUT}s "$WORKDIR/a.out" > "$TMP_OUT"
SEED=15939 
SEED is set to: 15939
SEED=104654 
SEED is set to: 104654
SEED=320691 
SEED is set to: 320691
SEED=804857 
SEED is set to: 804857
SEED=144589 
SEED is set to: 144589
SEED=556168 
SEED is set to: 556168
SEED=687477 
SEED is set to: 687477
SEED=324138 
SEED is set to: 324138
SEED=533270 
SEED is set to: 533270
SEED=921959 
SEED is set to: 921959
SEED=154339 
SEED is set to: 154339
SEED=252499 
SEED is set to: 252499
SEED=383350 
SEED is set to: 383350
SEED=603355 
SEED is set to: 603355
SEED=878548 
SEED is set to: 878548
SEED=313849 
SEED is set to: 313849
SEED=524190 
SEED is set to: 524190
timeout: the monitored command dumped core
environment: line 1: 3292239 Segmentation fault      timeout ${TIMEOUT}s "$WORKDIR/a.out" > "$TMP_OUT"
SEED=216094 
SEED is set to: 216094
SEED=425966 
SEED is set to: 425966
SEED=574445 
SEED is set to: 574445
SEED=809392 
SEED is set to: 809392
SEED=86302 
SEED is set to: 86302
SEED=214752 
SEED is set to: 214752
timeout: the monitored command dumped core
environment: line 1: 3292620 Segmentation fault      timeout ${TIMEOUT}s "$WORKDIR/a.out" > "$TMP_OUT"
SEED=557638 
SEED is set to: 557638
SEED=906871 
SEED is set to: 906871
SEED=272325 
SEED is set to: 272325
SEED=272523 
SEED is set to: 272523
SEED=457759 
SEED is set to: 457759
terminate called after throwing an instance of 'std::bad_array_new_length'
  what():  std::bad_array_new_length
timeout: the monitored command dumped core
environment: line 1: 3292872 Aborted                 timeout ${TIMEOUT}s "$WORKDIR/a.out" > "$TMP_OUT"
SEED=730294 
SEED is set to: 730294
SEED=813964 
SEED is set to: 813964
timeout: the monitored command dumped core
environment: line 1: 3292949 Segmentation fault      timeout ${TIMEOUT}s "$WORKDIR/a.out" > "$TMP_OUT"
SEED=928860 
SEED is set to: 928860
SEED=463545 
SEED is set to: 463545
SEED=937765 
SEED is set to: 937765
SEED=33686 
SEED is set to: 33686
SEED=151335 
SEED is set to: 151335
timeout: the monitored command dumped core
environment: line 1: 3293185 Segmentation fault      timeout ${TIMEOUT}s "$WORKDIR/a.out" > "$TMP_OUT"
SEED=617663 
SEED is set to: 617663
SEED=642425 
SEED is set to: 642425
SEED=646335 
SEED is set to: 646335
SEED=453603 
SEED is set to: 453603
SEED=479029 
SEED is set to: 479029
SEED=858830 
SEED is set to: 858830
SEED=993981 
SEED is set to: 993981
SEED=315415 
SEED is set to: 315415
SEED=592519 
SEED is set to: 592519
SEED=104189 
SEED is set to: 104189
SEED=421045 
SEED is set to: 421045
SEED=445758 
SEED is set to: 445758
SEED=745601 
SEED is set to: 745601
timeout: the monitored command dumped core
environment: line 1: 3293816 Segmentation fault      timeout ${TIMEOUT}s "$WORKDIR/a.out" > "$TMP_OUT"
SEED=139540 
SEED is set to: 139540
SEED=478268 
SEED is set to: 478268
SEED=574399 
SEED is set to: 574399
SEED=74200 
SEED is set to: 74200
SEED=224989 
SEED is set to: 224989
SEED=272235 
SEED is set to: 272235
SEED=729052 
SEED is set to: 729052
SEED=79699 
SEED is set to: 79699
SEED=137687 
SEED is set to: 137687
SEED=782097 
SEED is set to: 782097
SEED=807182 
SEED is set to: 807182
SEED=926261 
SEED is set to: 926261
SEED=177383 
SEED is set to: 177383
SEED=216773 
SEED is set to: 216773
SEED=498237 
SEED is set to: 498237
free(): invalid next size (normal)
timeout: the monitored command dumped core
environment: line 1: 3294586 Aborted                 timeout ${TIMEOUT}s "$WORKDIR/a.out" > "$TMP_OUT"
SEED=644087 
SEED is set to: 644087
SEED=949937 
SEED is set to: 949937
timeout: the monitored command dumped core
environment: line 1: 3294668 Floating point exceptiontimeout ${TIMEOUT}s "$WORKDIR/a.out" > "$TMP_OUT"
SEED=267768 
SEED is set to: 267768
SEED=286106 
SEED is set to: 286106
SEED=507097 
SEED is set to: 507097
SEED=912974 
SEED is set to: 912974
SEED=59575 
SEED is set to: 59575
SEED=69931 
SEED is set to: 69931
SEED=633975 
SEED is set to: 633975
SEED=772475 
SEED is set to: 772475
SEED=166742 
SEED is set to: 166742
SEED=229954 
SEED is set to: 229954
SEED=350905 
SEED is set to: 350905
timeout: the monitored command dumped core
environment: line 1: 3295142 Segmentation fault      timeout ${TIMEOUT}s "$WORKDIR/a.out" > "$TMP_OUT"
SEED=683426 
SEED is set to: 683426
SEED=848542 
SEED is set to: 848542
SEED=251742 
SEED is set to: 251742
SEED=253240 
SEED is set to: 253240
SEED=344868 
SEED is set to: 344868
SEED=222278 
SEED is set to: 222278
SEED=688187 
SEED is set to: 688187
SEED=167733 
SEED is set to: 167733
SEED=232530 
SEED is set to: 232530
SEED=463408 
SEED is set to: 463408
SEED=539081 
SEED is set to: 539081
SEED=597374 
SEED is set to: 597374
SEED=857395 
SEED is set to: 857395
SEED=785138 
SEED is set to: 785138
SEED=44123 
SEED is set to: 44123
SEED=83430 
SEED is set to: 83430
SEED=201930 
SEED is set to: 201930
SEED=371305 
SEED is set to: 371305
SEED=405827 
SEED is set to: 405827
SEED=446596 
SEED is set to: 446596
SEED=478831 
SEED is set to: 478831
SEED=600521 
SEED is set to: 600521
SEED=759038 
SEED is set to: 759038
SEED=707579 
SEED is set to: 707579
timeout: the monitored command dumped core
environment: line 1: 3296457 Segmentation fault      timeout ${TIMEOUT}s "$WORKDIR/a.out" > "$TMP_OUT"
SEED=83959 
SEED is set to: 83959
SEED=100296 
SEED is set to: 100296
SEED=174405 
SEED is set to: 174405
SEED=174591 
SEED is set to: 174591
SEED=179539 
SEED is set to: 179539
timeout: the monitored command dumped core
environment: line 1: 3296527 Segmentation fault      timeout ${TIMEOUT}s "$WORKDIR/a.out" > "$TMP_OUT"
timeout: the monitored command dumped core
environment: line 1: 3296544 Segmentation fault      timeout ${TIMEOUT}s "$WORKDIR/a.out" > "$TMP_OUT"
SEED=200374 
SEED is set to: 200374
SEED=458711 
SEED is set to: 458711
SEED=601007 
SEED is set to: 601007
SEED=906289 
SEED is set to: 906289
SEED=284355 
SEED is set to: 284355
timeout: the monitored command dumped core
environment: line 1: 3296875 Segmentation fault      timeout ${TIMEOUT}s "$WORKDIR/a.out" > "$TMP_OUT"
SEED=457625 
SEED is set to: 457625
SEED=552520 
SEED is set to: 552520
SEED=796062 
SEED is set to: 796062
SEED=483955 
SEED is set to: 483955
SEED=925343 
SEED is set to: 925343
SEED=946919 
SEED is set to: 946919
SEED=992568 
SEED is set to: 992568
SEED=47839 
SEED is set to: 47839
malloc(): corrupted top size
SEED=60746 
SEED is set to: 60746
timeout: the monitored command dumped core
environment: line 1: 3297299 Aborted                 timeout ${TIMEOUT}s "$WORKDIR/a.out" > "$TMP_OUT"
SEED=480719 
SEED is set to: 480719
SEED=15067 
SEED is set to: 15067
SEED=579096 
SEED is set to: 579096
SEED=751243 
SEED is set to: 751243
SEED=81341 
SEED is set to: 81341
SEED=231714 
SEED is set to: 231714
SEED=412598 
SEED is set to: 412598
SEED=787422 
SEED is set to: 787422
SEED=89785 
SEED is set to: 89785
SEED=187656 
SEED is set to: 187656
SEED=195517 
SEED is set to: 195517
SEED=709110 
SEED is set to: 709110
SEED=771004 
SEED is set to: 771004
SEED=251831 
SEED is set to: 251831
SEED=293632 
SEED is set to: 293632
SEED=504047 
SEED is set to: 504047
SEED=775320 
SEED is set to: 775320
SEED=201999 
SEED is set to: 201999
SEED=377325 
SEED is set to: 377325
SEED=835210 
SEED is set to: 835210
SEED=839481 
SEED is set to: 839481
SEED=894118 
SEED is set to: 894118
SEED=993118 
SEED is set to: 993118
SEED=585167 
SEED is set to: 585167
SEED=865952 
SEED is set to: 865952
SEED=920332 
SEED is set to: 920332
SEED=275075 
SEED is set to: 275075
timeout: the monitored command dumped core
environment: line 1: 3298630 Segmentation fault      timeout ${TIMEOUT}s "$WORKDIR/a.out" > "$TMP_OUT"
SEED=525214 
SEED is set to: 525214
SEED=579803 
SEED is set to: 579803
SEED=724300 
SEED is set to: 724300
SEED=184730 
SEED is set to: 184730
SEED=223037 
SEED is set to: 223037
double free or corruption (out)
timeout: the monitored command dumped core
environment: line 1: 3298882 Aborted                 timeout ${TIMEOUT}s "$WORKDIR/a.out" > "$TMP_OUT"
SEED=433220 
SEED is set to: 433220
SEED=747044 
SEED is set to: 747044
SEED=881216 
SEED is set to: 881216
SEED=885570 
SEED is set to: 885570
SEED=238779 
SEED is set to: 238779
SEED=309645 
SEED is set to: 309645
SEED=778171 
SEED is set to: 778171
SEED=846090 
SEED is set to: 846090
SEED=923014 
SEED is set to: 923014
SEED=449821 
SEED is set to: 449821
SEED=476451 
SEED is set to: 476451
SEED=499778 
SEED is set to: 499778
SEED=855471 
SEED is set to: 855471
SEED=27983 
SEED is set to: 27983
SEED=37104 
SEED is set to: 37104
SEED=348693 
SEED is set to: 348693
SEED=21630 
SEED is set to: 21630
SEED=135891 
SEED is set to: 135891
SEED=544358 
SEED is set to: 544358
SEED=953381 
SEED is set to: 953381
timeout: the monitored command dumped core
environment: line 1: 3299795 Segmentation fault      timeout ${TIMEOUT}s "$WORKDIR/a.out" > "$TMP_OUT"
SEED=169773 
SEED is set to: 169773
SEED=208498 
SEED is set to: 208498
SEED=389529 
SEED is set to: 389529
SEED=485442 
SEED is set to: 485442
SEED=673244 
SEED is set to: 673244
SEED=936260 
SEED is set to: 936260
SEED=599154 
SEED is set to: 599154
SEED=798259 
SEED is set to: 798259
SEED=35714 
SEED is set to: 35714
SEED=164928 
SEED is set to: 164928
SEED=807053 
SEED is set to: 807053
SEED=40372 
SEED is set to: 40372
SEED=119364 
SEED is set to: 119364
SEED=557019 
SEED is set to: 557019
SEED=614389 
SEED is set to: 614389
SEED=769860 
SEED is set to: 769860
SEED=783318 
SEED is set to: 783318
SEED=395349 
SEED is set to: 395349
SEED=483719 
SEED is set to: 483719
SEED=509202 
SEED is set to: 509202
SEED=197231 
SEED is set to: 197231
SEED=280581 
SEED is set to: 280581
SEED=429884 
SEED is set to: 429884
timeout: the monitored command dumped core
environment: line 1: 3300944 Segmentation fault      timeout ${TIMEOUT}s "$WORKDIR/a.out" > "$TMP_OUT"
SEED=873644 
SEED is set to: 873644
SEED=414440 
SEED is set to: 414440
SEED=537781 
SEED is set to: 537781
SEED=701783 
SEED is set to: 701783
SEED=751127 
SEED is set to: 751127
timeout: the monitored command dumped core
environment: line 1: 3301114 Segmentation fault      timeout ${TIMEOUT}s "$WORKDIR/a.out" > "$TMP_OUT"
SEED=92485 
SEED is set to: 92485
SEED=438113 
SEED is set to: 438113
SEED=488817 
SEED is set to: 488817
SEED=22972 
SEED is set to: 22972
SEED=159419 
SEED is set to: 159419
SEED=161586 
SEED is set to: 161586
SEED=336770 
SEED is set to: 336770
SEED=850200 
SEED is set to: 850200
SEED=935199 
SEED is set to: 935199
SEED=626951 
SEED is set to: 626951
SEED=106416 
SEED is set to: 106416
SEED=123490 
SEED is set to: 123490
SEED=172471 
SEED is set to: 172471
SEED=482838 
SEED is set to: 482838
SEED=647732 
SEED is set to: 647732
timeout: the monitored command dumped core
environment: line 1: 3301932 Segmentation fault      timeout ${TIMEOUT}s "$WORKDIR/a.out" > "$TMP_OUT"
SEED=911623 
SEED is set to: 911623
timeout: the monitored command dumped core
environment: line 1: 3301943 Segmentation fault      timeout ${TIMEOUT}s "$WORKDIR/a.out" > "$TMP_OUT"
SEED=12328 
SEED is set to: 12328
SEED=415095 
SEED is set to: 415095
SEED=584702 
SEED is set to: 584702
SEED=622016 
SEED is set to: 622016
SEED=145490 
SEED is set to: 145490
SEED=216320 
SEED is set to: 216320
SEED=312540 
SEED is set to: 312540
SEED=935653 
SEED is set to: 935653
SEED=263358 
SEED is set to: 263358
SEED=449185 
SEED is set to: 449185
SEED=732225 
SEED is set to: 732225
SEED=971896 
SEED is set to: 971896
SEED=83266 
SEED is set to: 83266
timeout: the monitored command dumped core
timeout: the monitored command dumped core
environment: line 1: 3302582 Segmentation fault      timeout ${TIMEOUT}s "$WORKDIR/a.out" > "$TMP_OUT"
SEED=814000 
SEED is set to: 814000
SEED=359350 
SEED is set to: 359350
SEED=625802 
SEED is set to: 625802
SEED=888372 
SEED is set to: 888372
timeout: the monitored command dumped core
environment: line 1: 3302871 Segmentation fault      timeout ${TIMEOUT}s "$WORKDIR/a.out" > "$TMP_OUT"
SEED=667001 
SEED is set to: 667001
SEED=676980 
SEED is set to: 676980
SEED=7832 
SEED is set to: 7832
SEED=32161 
SEED is set to: 32161
timeout: the monitored command dumped core
environment: line 1: 3303162 Segmentation fault      timeout ${TIMEOUT}s "$WORKDIR/a.out" > "$TMP_OUT"
SEED=439982 
SEED is set to: 439982
SEED=701636 
SEED is set to: 701636
SEED=817007 
SEED is set to: 817007
SEED=912532 
SEED is set to: 912532
SEED=92694 
SEED is set to: 92694
SEED=132187 
SEED is set to: 132187
timeout: the monitored command dumped core
environment: line 1: 3303295 Segmentation fault      timeout ${TIMEOUT}s "$WORKDIR/a.out" > "$TMP_OUT"
SEED=537257 
SEED is set to: 537257
SEED=270895 
SEED is set to: 270895
SEED=712113 
SEED is set to: 712113
SEED=831276 
SEED is set to: 831276
SEED=942131 
SEED is set to: 942131
SEED=210876 
SEED is set to: 210876
SEED=15535 
SEED is set to: 15535
SEED=26809 
SEED is set to: 26809
SEED=190065 
SEED is set to: 190065
SEED=221570 
SEED is set to: 221570
timeout: the monitored command dumped core
environment: line 1: 3303849 Floating point exceptiontimeout ${TIMEOUT}s "$WORKDIR/a.out" > "$TMP_OUT"
SEED=565382 
SEED is set to: 565382
SEED=817502 
SEED is set to: 817502
SEED=656647 
SEED is set to: 656647
SEED=809480 
SEED is set to: 809480
SEED=818065 
SEED is set to: 818065
SEED=54917 
SEED is set to: 54917
timeout: the monitored command dumped core
environment: line 1: 3304196 Segmentation fault      timeout ${TIMEOUT}s "$WORKDIR/a.out" > "$TMP_OUT"
SEED=98407 
SEED is set to: 98407
SEED=416012 
SEED is set to: 416012
free(): invalid pointer
timeout: the monitored command dumped core
environment: line 1: 3304317 Aborted                 timeout ${TIMEOUT}s "$WORKDIR/a.out" > "$TMP_OUT"
SEED=926084 
SEED is set to: 926084
SEED=26663 
SEED is set to: 26663
SEED=32271 
SEED is set to: 32271
SEED=510487 
SEED is set to: 510487
SEED=764077 
SEED is set to: 764077
SEED=222913 
SEED is set to: 222913
SEED=354044 
SEED is set to: 354044
SEED=403283 
SEED is set to: 403283
SEED=512980 
SEED is set to: 512980
SEED=533001 
SEED is set to: 533001
SEED=146305 
SEED is set to: 146305
SEED=442035 
SEED is set to: 442035
SEED=720077 
SEED is set to: 720077
SEED=722203 
SEED is set to: 722203
SEED=770786 
SEED is set to: 770786
SEED=875734 
SEED is set to: 875734
timeout: the monitored command dumped core
environment: line 1: 3304972 Segmentation fault      timeout ${TIMEOUT}s "$WORKDIR/a.out" > "$TMP_OUT"
SEED=271116 
SEED is set to: 271116
SEED=166410 
SEED is set to: 166410
SEED=281306 
SEED is set to: 281306
timeout: the monitored command dumped core
environment: line 1: 3305317 Segmentation fault      timeout ${TIMEOUT}s "$WORKDIR/a.out" > "$TMP_OUT"
SEED=55186 
SEED is set to: 55186
SEED=287618 
SEED is set to: 287618
SEED=355598 
SEED is set to: 355598
SEED=394152 
SEED is set to: 394152
SEED=954103 
SEED is set to: 954103
SEED=159573 
SEED is set to: 159573
SEED=440800 
SEED is set to: 440800
SEED=734013 
SEED is set to: 734013
SEED=1585 
SEED is set to: 1585
SEED=69390 
SEED is set to: 69390
SEED=992182 
SEED is set to: 992182
SEED=52044 
SEED is set to: 52044
SEED=267704 
SEED is set to: 267704
SEED=344905 
SEED is set to: 344905
SEED=782053 
SEED is set to: 782053
SEED=820979 
SEED is set to: 820979
SEED=821215 
SEED is set to: 821215
SEED=990850 
SEED is set to: 990850
SEED=631681 
SEED is set to: 631681
SEED=843027 
SEED is set to: 843027
SEED=850957 
SEED is set to: 850957
SEED=211388 
SEED is set to: 211388
SEED=308625 
SEED is set to: 308625
SEED=385884 
SEED is set to: 385884
SEED=593072 
SEED is set to: 593072
SEED=287250 
SEED is set to: 287250
SEED=928935 
SEED is set to: 928935
SEED=931978 
SEED is set to: 931978
SEED=806540 
SEED is set to: 806540
SEED=973861 
SEED is set to: 973861
malloc(): corrupted top size
SEED=985807 
SEED is set to: 985807
SEED=26936 
SEED is set to: 26936
timeout: the monitored command dumped core
environment: line 1: 3306851 Aborted                 timeout ${TIMEOUT}s "$WORKDIR/a.out" > "$TMP_OUT"
SEED=302100 
SEED is set to: 302100
SEED=338454 
SEED is set to: 338454
SEED=393782 
SEED is set to: 393782
SEED=408531 
SEED is set to: 408531
SEED=446440 
SEED is set to: 446440
SEED=559991 
SEED is set to: 559991
SEED=814261 
SEED is set to: 814261
timeout: the monitored command dumped core
environment: line 1: 3307285 Segmentation fault      timeout ${TIMEOUT}s "$WORKDIR/a.out" > "$TMP_OUT"
SEED=583787 
SEED is set to: 583787
free(): double free detected in tcache 2
SEED=592258 
SEED is set to: 592258
timeout: the monitored command dumped core
environment: line 1: 3307377 Aborted                 timeout ${TIMEOUT}s "$WORKDIR/a.out" > "$TMP_OUT"
SEED=891658 
SEED is set to: 891658
SEED=940134 
SEED is set to: 940134
SEED=96546 
SEED is set to: 96546
SEED=357732 
SEED is set to: 357732
SEED=583386 
SEED is set to: 583386
SEED=245595 
SEED is set to: 245595
timeout: the monitored command dumped core
environment: line 1: 3307728 Segmentation fault      timeout ${TIMEOUT}s "$WORKDIR/a.out" > "$TMP_OUT"
SEED=725405 
SEED is set to: 725405
SEED=829320 
SEED is set to: 829320
SEED=110976 
SEED is set to: 110976
SEED=183765 
SEED is set to: 183765
SEED=256488 
SEED is set to: 256488
timeout: the monitored command dumped core
environment: line 1: 3308026 Segmentation fault      timeout ${TIMEOUT}s "$WORKDIR/a.out" > "$TMP_OUT"
SEED=862995 
SEED is set to: 862995
SEED=945725 
SEED is set to: 945725
SEED=523986 
SEED is set to: 523986
SEED=682899 
SEED is set to: 682899
SEED=927081 
SEED is set to: 927081
SEED=882536 
SEED is set to: 882536
SEED=342046 
SEED is set to: 342046
SEED=358516 
SEED is set to: 358516
SEED=366719 
SEED is set to: 366719
SEED=388471 
SEED is set to: 388471
timeout: the monitored command dumped core
environment: line 1: 3308509 Floating point exceptiontimeout ${TIMEOUT}s "$WORKDIR/a.out" > "$TMP_OUT"
SEED=507507 
SEED is set to: 507507
SEED=598251 
SEED is set to: 598251
SEED=841185 
SEED is set to: 841185
SEED=922157 
SEED is set to: 922157
SEED=6379 
SEED is set to: 6379
SEED=51887 
SEED is set to: 51887
SEED=52560 
SEED is set to: 52560
SEED=369991 
SEED is set to: 369991
SEED=768612 
SEED is set to: 768612
SEED=254691 
SEED is set to: 254691
SEED=334813 
SEED is set to: 334813
SEED=522421 
SEED is set to: 522421
SEED=649478 
SEED is set to: 649478
SEED=663482 
SEED is set to: 663482
SEED=862132 
SEED is set to: 862132
timeout: the monitored command dumped core
environment: line 1: 3309205 Segmentation fault      timeout ${TIMEOUT}s "$WORKDIR/a.out" > "$TMP_OUT"
timeout: the monitored command dumped core
environment: line 1: 3309202 Segmentation fault      timeout ${TIMEOUT}s "$WORKDIR/a.out" > "$TMP_OUT"
SEED=458019 
SEED is set to: 458019
SEED=765867 
SEED is set to: 765867
*** stack smashing detected ***: terminated
SEED=786551 
SEED is set to: 786551
timeout: the monitored command dumped core
environment: line 1: 3309400 Aborted                 timeout ${TIMEOUT}s "$WORKDIR/a.out" > "$TMP_OUT"
SEED=883899 
SEED is set to: 883899
SEED=384770 
SEED is set to: 384770
SEED=825138 
SEED is set to: 825138
SEED=883402 
SEED is set to: 883402
SEED=332229 
SEED is set to: 332229
SEED=332369 
SEED is set to: 332369
SEED=374804 
SEED is set to: 374804
SEED=878317 
SEED is set to: 878317
SEED=78276 
SEED is set to: 78276
SEED=123223 
SEED is set to: 123223
timeout: the monitored command dumped core
environment: line 1: 3309868 Segmentation fault      timeout ${TIMEOUT}s "$WORKDIR/a.out" > "$TMP_OUT"
SEED=665757 
SEED is set to: 665757
SEED=815559 
SEED is set to: 815559
SEED=74700 
SEED is set to: 74700
SEED=123278 
SEED is set to: 123278
SEED=637654 
SEED is set to: 637654
SEED=677347 
SEED is set to: 677347
SEED=853948 
SEED is set to: 853948
SEED=882189 
SEED is set to: 882189
SEED=338980 
SEED is set to: 338980
SEED=348765 
SEED is set to: 348765
SEED=408410 
SEED is set to: 408410
SEED=930649 
SEED is set to: 930649
SEED=144014 
SEED is set to: 144014
SEED=297497 
SEED is set to: 297497
SEED=716808 
SEED is set to: 716808
SEED=967079 
SEED is set to: 967079
SEED=525947 
SEED is set to: 525947
SEED=742759 
SEED is set to: 742759
SEED=67223 
SEED is set to: 67223
SEED=286320 
SEED is set to: 286320
SEED=335097 
SEED is set to: 335097
SEED=458413 
SEED is set to: 458413
timeout: the monitored command dumped core
environment: line 1: 3310917 Segmentation fault      timeout ${TIMEOUT}s "$WORKDIR/a.out" > "$TMP_OUT"
SEED=247297 
SEED is set to: 247297
SEED=630295 
SEED is set to: 630295
SEED=842761 
SEED is set to: 842761
SEED=884976 
SEED is set to: 884976
SEED=966780 
SEED is set to: 966780
timeout: the monitored command dumped core
environment: line 1: 3311281 Segmentation fault      timeout ${TIMEOUT}s "$WORKDIR/a.out" > "$TMP_OUT"
SEED=744323 
SEED is set to: 744323
SEED=801071 
SEED is set to: 801071
SEED=860004 
SEED is set to: 860004
SEED=930404 
SEED is set to: 930404
SEED=314218 
SEED is set to: 314218
SEED=487008 
SEED is set to: 487008
SEED=271732 
SEED is set to: 271732
SEED=424750 
SEED is set to: 424750
SEED=427580 
SEED is set to: 427580
SEED=947961 
SEED is set to: 947961
SEED=964097 
SEED is set to: 964097
SEED=920116 
SEED is set to: 920116
SEED=955629 
SEED is set to: 955629
SEED=535125 
SEED is set to: 535125
SEED=540891 
SEED is set to: 540891
SEED=608189 
SEED is set to: 608189
timeout: the monitored command dumped core
environment: line 1: 3312078 Segmentation fault      timeout ${TIMEOUT}s "$WORKDIR/a.out" > "$TMP_OUT"
SEED=788262 
SEED is set to: 788262
SEED=124032 
SEED is set to: 124032
SEED=253078 
SEED is set to: 253078
SEED=657279 
SEED is set to: 657279
SEED=942172 
SEED is set to: 942172
SEED=191939 
SEED is set to: 191939
SEED=283408 
SEED is set to: 283408
SEED=438384 
SEED is set to: 438384
SEED=465578 
SEED is set to: 465578
SEED=949633 
SEED is set to: 949633
SEED=270572 
SEED is set to: 270572
SEED=634587 
SEED is set to: 634587
SEED=702182 
SEED is set to: 702182
SEED=903903 
SEED is set to: 903903
SEED=957559 
SEED is set to: 957559
SEED=982640 
SEED is set to: 982640
timeout: the monitored command dumped core
environment: line 1: 3312790 Segmentation fault      timeout ${TIMEOUT}s "$WORKDIR/a.out" > "$TMP_OUT"
SEED=351005 
SEED is set to: 351005
SEED=439907 
SEED is set to: 439907
SEED=990006 
SEED is set to: 990006
SEED=577619 
SEED is set to: 577619
SEED=646068 
SEED is set to: 646068
SEED=713736 
SEED is set to: 713736
SEED=895944 
SEED is set to: 895944
SEED=914059 
SEED is set to: 914059
timeout: the monitored command dumped core
environment: line 1: 3313133 Segmentation fault      timeout ${TIMEOUT}s "$WORKDIR/a.out" > "$TMP_OUT"
SEED=723499 
SEED is set to: 723499
SEED=124356 
SEED is set to: 124356
SEED=486401 
SEED is set to: 486401
SEED=796790 
SEED is set to: 796790
SEED=35856 
SEED is set to: 35856
SEED=566397 
SEED is set to: 566397
SEED=99500 
SEED is set to: 99500
SEED=156774 
SEED is set to: 156774
SEED=311641 
SEED is set to: 311641
SEED=526604 
SEED is set to: 526604
SEED=603680 
SEED is set to: 603680
SEED=631219 
SEED is set to: 631219
SEED=761515 
SEED is set to: 761515
SEED=826267 
SEED is set to: 826267
SEED=24095 
SEED is set to: 24095
SEED=54127 
SEED is set to: 54127
SEED=255094 
SEED is set to: 255094
SEED=532727 
SEED is set to: 532727
SEED=129930 
SEED is set to: 129930
SEED=528465 
SEED is set to: 528465
SEED=574251 
SEED is set to: 574251
SEED=788398 
SEED is set to: 788398
SEED=160402 
SEED is set to: 160402
SEED=503975 
SEED is set to: 503975
SEED=814435 
SEED is set to: 814435
SEED=826145 
SEED is set to: 826145
SEED=11916 
SEED is set to: 11916
SEED=27041 
SEED is set to: 27041
SEED=926423 
SEED is set to: 926423
SEED=34736 
SEED is set to: 34736
SEED=738021 
SEED is set to: 738021
SEED=966263 
SEED is set to: 966263
double free or corruption (out)
SEED=992709 
SEED is set to: 992709
timeout: the monitored command dumped core
environment: line 1: 3314865 Aborted                 timeout ${TIMEOUT}s "$WORKDIR/a.out" > "$TMP_OUT"
SEED=265481 
SEED is set to: 265481
SEED=604793 
SEED is set to: 604793
timeout: the monitored command dumped core
environment: line 1: 3314952 Segmentation fault      timeout ${TIMEOUT}s "$WORKDIR/a.out" > "$TMP_OUT"
SEED=12382 
SEED is set to: 12382
SEED=380428 
SEED is set to: 380428
SEED=401817 
SEED is set to: 401817
SEED=632902 
SEED is set to: 632902
SEED=355379 
SEED is set to: 355379
SEED=369785 
SEED is set to: 369785
timeout: the monitored command dumped core
environment: line 1: 3315283 Segmentation fault      timeout ${TIMEOUT}s "$WORKDIR/a.out" > "$TMP_OUT"
SEED=691961 
SEED is set to: 691961
SEED=904803 
SEED is set to: 904803
SEED=923870 
SEED is set to: 923870
SEED=956844 
SEED is set to: 956844
SEED=960840 
SEED is set to: 960840
SEED=627172 
SEED is set to: 627172
SEED=171239 
SEED is set to: 171239
SEED=448441 
SEED is set to: 448441
SEED=656195 
SEED is set to: 656195
SEED=931564 
SEED is set to: 931564
timeout: the monitored command dumped core
environment: line 1: 3315739 Segmentation fault      timeout ${TIMEOUT}s "$WORKDIR/a.out" > "$TMP_OUT"
SEED=342340 
SEED is set to: 342340
SEED=399875 
SEED is set to: 399875
SEED=793820 
SEED is set to: 793820
SEED=63379 
SEED is set to: 63379
SEED=175092 
SEED is set to: 175092
SEED=377583 
SEED is set to: 377583
SEED=499027 
SEED is set to: 499027
SEED=742188 
SEED is set to: 742188
SEED=266553 
SEED is set to: 266553
SEED=889465 
SEED is set to: 889465
SEED=6573 
SEED is set to: 6573
timeout: the monitored command dumped core
environment: line 1: 3316338 Segmentation fault      timeout ${TIMEOUT}s "$WORKDIR/a.out" > "$TMP_OUT"
SEED=559442 
SEED is set to: 559442
SEED=644348 
SEED is set to: 644348
SEED=702694 
SEED is set to: 702694
SEED=772278 
SEED is set to: 772278
SEED=471685 
SEED is set to: 471685
SEED=591519 
SEED is set to: 591519
SEED=643060 
SEED is set to: 643060
SEED=75029 
SEED is set to: 75029
SEED=250873 
SEED is set to: 250873
SEED=362768 
SEED is set to: 362768
SEED=463025 
SEED is set to: 463025
timeout: the monitored command dumped core
environment: line 1: 3316719 Segmentation fault      timeout ${TIMEOUT}s "$WORKDIR/a.out" > "$TMP_OUT"
SEED=948626 
SEED is set to: 948626
SEED=977876 
SEED is set to: 977876
SEED=93082 
SEED is set to: 93082
munmap_chunk(): invalid pointer
timeout: the monitored command dumped core
environment: line 1: 3316941 Aborted                 timeout ${TIMEOUT}s "$WORKDIR/a.out" > "$TMP_OUT"
SEED=880572 
SEED is set to: 880572
SEED=9676 
SEED is set to: 9676
SEED=136436 
SEED is set to: 136436
SEED=155085 
SEED is set to: 155085
SEED=156416 
SEED is set to: 156416
timeout: the monitored command dumped core
environment: line 1: 3317143 Segmentation fault      timeout ${TIMEOUT}s "$WORKDIR/a.out" > "$TMP_OUT"
SEED=521347 
SEED is set to: 521347
SEED=77497 
SEED is set to: 77497
SEED=154504 
SEED is set to: 154504
SEED=392563 
SEED is set to: 392563
SEED=815499 
SEED is set to: 815499
timeout: the monitored command dumped core
environment: line 1: 3317417 Segmentation fault      timeout ${TIMEOUT}s "$WORKDIR/a.out" > "$TMP_OUT"
SEED=189302 
SEED is set to: 189302
SEED=769603 
SEED is set to: 769603
SEED=7398 
SEED is set to: 7398
SEED=310909 
SEED is set to: 310909
SEED=539556 
SEED is set to: 539556
SEED=667583 
SEED is set to: 667583
SEED=681690 
SEED is set to: 681690
timeout: the monitored command dumped core
environment: line 1: 3317714 Segmentation fault      timeout ${TIMEOUT}s "$WORKDIR/a.out" > "$TMP_OUT"
SEED=322327 
SEED is set to: 322327
SEED=520130 
SEED is set to: 520130
SEED=915400 
SEED is set to: 915400
SEED=612649 
SEED is set to: 612649
SEED=789233 
SEED is set to: 789233
SEED=244416 
SEED is set to: 244416
SEED=384955 
SEED is set to: 384955
SEED=493872 
SEED is set to: 493872
SEED=559032 
SEED is set to: 559032
SEED=73232 
SEED is set to: 73232
SEED=242861 
SEED is set to: 242861
SEED=325362 
SEED is set to: 325362
SEED=581149 
SEED is set to: 581149
SEED=695953 
SEED is set to: 695953
SEED=909694 
SEED is set to: 909694
SEED=45807 
SEED is set to: 45807
SEED=446164 
SEED is set to: 446164
timeout: the monitored command dumped core
environment: line 1: 3318668 Segmentation fault      timeout ${TIMEOUT}s "$WORKDIR/a.out" > "$TMP_OUT"
SEED=872825 
SEED is set to: 872825
SEED=928747 
SEED is set to: 928747
SEED=69694 
SEED is set to: 69694
SEED=156085 
SEED is set to: 156085
SEED=372633 
SEED is set to: 372633
timeout: the monitored command dumped core
environment: line 1: 3318790 Segmentation fault      timeout ${TIMEOUT}s "$WORKDIR/a.out" > "$TMP_OUT"
SEED=619396 
SEED is set to: 619396
SEED=652850 
SEED is set to: 652850
SEED=971087 
SEED is set to: 971087
SEED=6078 
SEED is set to: 6078
SEED=465371 
SEED is set to: 465371
timeout: the monitored command dumped core
environment: line 1: 3319238 Floating point exceptiontimeout ${TIMEOUT}s "$WORKDIR/a.out" > "$TMP_OUT"
SEED=188373 
SEED is set to: 188373
SEED=376655 
SEED is set to: 376655
SEED=439567 
SEED is set to: 439567
SEED=439726 
SEED is set to: 439726
timeout: the monitored command dumped core
environment: line 1: 3319360 Segmentation fault      timeout ${TIMEOUT}s "$WORKDIR/a.out" > "$TMP_OUT"
SEED=984649 
SEED is set to: 984649
SEED=208355 
SEED is set to: 208355
SEED=593714 
SEED is set to: 593714
SEED=775719 
SEED is set to: 775719
SEED=861030 
SEED is set to: 861030
SEED=921796 
SEED is set to: 921796
SEED=521571 
SEED is set to: 521571
SEED=642167 
SEED is set to: 642167
SEED=319979 
SEED is set to: 319979
SEED=410673 
SEED is set to: 410673
SEED=316134 
SEED is set to: 316134
SEED=339489 
SEED is set to: 339489
SEED=346370 
SEED is set to: 346370
SEED=407642 
SEED is set to: 407642
SEED=522875 
SEED is set to: 522875
SEED=769782 
SEED is set to: 769782
SEED=781747 
SEED is set to: 781747
SEED=878668 
SEED is set to: 878668
SEED=884139 
SEED is set to: 884139
SEED=106210 
SEED is set to: 106210
SEED=374321 
SEED is set to: 374321
SEED=743295 
SEED is set to: 743295
SEED=63730 
SEED is set to: 63730
SEED=202831 
SEED is set to: 202831
SEED=312866 
SEED is set to: 312866
SEED=351474 
SEED is set to: 351474
SEED=374307 
SEED is set to: 374307
SEED=631801 
SEED is set to: 631801
SEED=269498 
SEED is set to: 269498
SEED=608523 
SEED is set to: 608523
SEED=737190 
SEED is set to: 737190
SEED=864208 
SEED is set to: 864208
SEED=888492 
SEED is set to: 888492
timeout: the monitored command dumped core
environment: line 1: 3320900 Segmentation fault      timeout ${TIMEOUT}s "$WORKDIR/a.out" > "$TMP_OUT"
SEED=243882 
SEED is set to: 243882
timeout: the monitored command dumped core
environment: line 1: 3320911 Segmentation fault      timeout ${TIMEOUT}s "$WORKDIR/a.out" > "$TMP_OUT"
SEED=669957 
SEED is set to: 669957
SEED=140937 
SEED is set to: 140937
SEED=296562 
SEED is set to: 296562
SEED=435663 
SEED is set to: 435663
timeout: the monitored command dumped core
environment: line 1: 3321175 Segmentation fault      timeout ${TIMEOUT}s "$WORKDIR/a.out" > "$TMP_OUT"
SEED=769879 
SEED is set to: 769879
SEED=821129 
SEED is set to: 821129
timeout: the monitored command dumped core
environment: line 1: 3321167 Segmentation fault      timeout ${TIMEOUT}s "$WORKDIR/a.out" > "$TMP_OUT"
SEED=808833 
SEED is set to: 808833
SEED=928967 
SEED is set to: 928967
SEED=80808 
SEED is set to: 80808
SEED=117974 
SEED is set to: 117974
SEED=191062 
SEED is set to: 191062
timeout: the monitored command dumped core
environment: line 1: 3321481 Segmentation fault      timeout ${TIMEOUT}s "$WORKDIR/a.out" > "$TMP_OUT"
SEED=455388 
SEED is set to: 455388
timeout: the monitored command dumped core
environment: line 1: 3321581 Segmentation fault      timeout ${TIMEOUT}s "$WORKDIR/a.out" > "$TMP_OUT"
SEED=247684 
SEED is set to: 247684
SEED=473661 
SEED is set to: 473661
SEED=537035 
SEED is set to: 537035
SEED=648526 
SEED is set to: 648526
SEED=807785 
SEED is set to: 807785
SEED=928057 
SEED is set to: 928057
SEED=973922 
SEED is set to: 973922
SEED=973936 
SEED is set to: 973936
*** stack smashing detected ***: terminated
timeout: the monitored command dumped core
environment: line 1: 3321892 Aborted                 timeout ${TIMEOUT}s "$WORKDIR/a.out" > "$TMP_OUT"
SEED=801335 
SEED is set to: 801335
SEED=136585 
SEED is set to: 136585
SEED=451651 
SEED is set to: 451651
SEED=525358 
SEED is set to: 525358
SEED=785403 
SEED is set to: 785403
SEED=909717 
SEED is set to: 909717
SEED=198325 
SEED is set to: 198325
SEED=244300 
SEED is set to: 244300
timeout: the monitored command dumped core
environment: line 1: 3322253 Segmentation fault      timeout ${TIMEOUT}s "$WORKDIR/a.out" > "$TMP_OUT"
SEED=643560 
SEED is set to: 643560
SEED=905557 
SEED is set to: 905557
SEED=98384 
SEED is set to: 98384
timeout: the monitored command dumped core
environment: line 1: 3322433 Segmentation fault      timeout ${TIMEOUT}s "$WORKDIR/a.out" > "$TMP_OUT"
SEED=36028 
SEED is set to: 36028
SEED=152810 
SEED is set to: 152810
SEED=152932 
SEED is set to: 152932
SEED=448767 
SEED is set to: 448767
SEED=267098 
SEED is set to: 267098
SEED=303614 
SEED is set to: 303614
SEED=315098 
SEED is set to: 315098
SEED=424524 
SEED is set to: 424524
SEED=551583 
SEED is set to: 551583
SEED=611611 
SEED is set to: 611611
SEED=704877 
SEED is set to: 704877
SEED=789568 
SEED is set to: 789568
SEED=812903 
SEED is set to: 812903
SEED=877069 
SEED is set to: 877069
SEED=66600 
SEED is set to: 66600
SEED=119442 
SEED is set to: 119442
timeout: the monitored command dumped core
environment: line 1: 3323213 Segmentation fault      timeout ${TIMEOUT}s "$WORKDIR/a.out" > "$TMP_OUT"
SEED=257866 
SEED is set to: 257866
SEED=264054 
SEED is set to: 264054
SEED=165823 
SEED is set to: 165823
SEED=186642 
SEED is set to: 186642
SEED=286058 
SEED is set to: 286058
SEED=414054 
SEED is set to: 414054
SEED=540943 
SEED is set to: 540943
SEED=545773 
SEED is set to: 545773
SEED=846262 
SEED is set to: 846262
SEED=674292 
SEED is set to: 674292
SEED=822029 
SEED is set to: 822029
SEED=891988 
SEED is set to: 891988
SEED=108729 
SEED is set to: 108729
SEED=202129 
SEED is set to: 202129
SEED=312289 
SEED is set to: 312289
timeout: the monitored command dumped core
environment: line 1: 3323842 Segmentation fault      timeout ${TIMEOUT}s "$WORKDIR/a.out" > "$TMP_OUT"
SEED=110755 
SEED is set to: 110755
SEED=122613 
SEED is set to: 122613
SEED=534996 
SEED is set to: 534996
SEED=543933 
SEED is set to: 543933
SEED=750612 
SEED is set to: 750612
SEED=927267 
SEED is set to: 927267
SEED=977055 
SEED is set to: 977055
SEED=931157 
SEED is set to: 931157
SEED=305879 
SEED is set to: 305879
SEED=526043 
SEED is set to: 526043
SEED=853130 
SEED is set to: 853130
SEED=962645 
SEED is set to: 962645
SEED=467774 
SEED is set to: 467774
SEED=493185 
SEED is set to: 493185
SEED=678455 
SEED is set to: 678455
SEED=25109 
SEED is set to: 25109
SEED=965754 
SEED is set to: 965754
SEED=239166 
SEED is set to: 239166
SEED=507815 
SEED is set to: 507815
SEED=706727 
SEED is set to: 706727
SEED=790066 
SEED is set to: 790066
SEED=95515 
SEED is set to: 95515
SEED=272879 
SEED is set to: 272879
SEED=586958 
SEED is set to: 586958
SEED=654006 
SEED is set to: 654006
SEED=658017 
SEED is set to: 658017
SEED=254805 
SEED is set to: 254805
SEED=261347 
SEED is set to: 261347
timeout: the monitored command dumped core
environment: line 1: 3325386 Segmentation fault      timeout ${TIMEOUT}s "$WORKDIR/a.out" > "$TMP_OUT"
SEED=568398 
SEED is set to: 568398
timeout: the monitored command dumped core
environment: line 1: 3325448 Segmentation fault      timeout ${TIMEOUT}s "$WORKDIR/a.out" > "$TMP_OUT"
SEED=843574 
SEED is set to: 843574
SEED=24160 
SEED is set to: 24160
SEED=232346 
SEED is set to: 232346
SEED=352611 
SEED is set to: 352611
SEED=354833 
SEED is set to: 354833
timeout: the monitored command dumped core
environment: line 1: 3325575 Segmentation fault      timeout ${TIMEOUT}s "$WORKDIR/a.out" > "$TMP_OUT"
SEED=74917 
SEED is set to: 74917
SEED=250689 
SEED is set to: 250689
SEED=338439 
SEED is set to: 338439
double free or corruption (out)
timeout: the monitored command dumped core
environment: line 1: 3325774 Aborted                 timeout ${TIMEOUT}s "$WORKDIR/a.out" > "$TMP_OUT"
SEED=595836 
SEED is set to: 595836
SEED=894844 
SEED is set to: 894844
SEED=34095 
SEED is set to: 34095
SEED=160586 
SEED is set to: 160586
SEED=187160 
SEED is set to: 187160
SEED=781988 
SEED is set to: 781988
SEED=17530 
SEED is set to: 17530
SEED=290804 
SEED is set to: 290804
SEED=509085 
SEED is set to: 509085
SEED=579471 
SEED is set to: 579471
SEED=910720 
SEED is set to: 910720
SEED=96749 
SEED is set to: 96749
SEED=104283 
SEED is set to: 104283
SEED=635512 
SEED is set to: 635512
SEED=991580 
SEED is set to: 991580
SEED=43677 
SEED is set to: 43677
SEED=70845 
SEED is set to: 70845
SEED=380604 
SEED is set to: 380604
SEED=558806 
SEED is set to: 558806
SEED=919985 
SEED is set to: 919985
SEED=533840 
SEED is set to: 533840
timeout: the monitored command dumped core
environment: line 1: 3326781 Segmentation fault      timeout ${TIMEOUT}s "$WORKDIR/a.out" > "$TMP_OUT"
SEED=930172 
SEED is set to: 930172
SEED=71685 
SEED is set to: 71685
SEED=417888 
SEED is set to: 417888
SEED=540662 
SEED is set to: 540662
SEED=542061 
SEED is set to: 542061
timeout: the monitored command dumped core
environment: line 1: 3326972 Segmentation fault      timeout ${TIMEOUT}s "$WORKDIR/a.out" > "$TMP_OUT"
SEED=45755 
SEED is set to: 45755
SEED=352622 
SEED is set to: 352622
SEED=361751 
SEED is set to: 361751
SEED=535576 
SEED is set to: 535576
SEED=746947 
SEED is set to: 746947
SEED=433193 
SEED is set to: 433193
SEED=865752 
SEED is set to: 865752
SEED=3132 
SEED is set to: 3132
SEED=813499 
SEED is set to: 813499
SEED=28008 
SEED is set to: 28008
SEED=414215 
SEED is set to: 414215
SEED=432734 
SEED is set to: 432734
SEED=654063 
SEED is set to: 654063
SEED=687776 
SEED is set to: 687776
SEED=169772 
SEED is set to: 169772
SEED=303169 
SEED is set to: 303169
SEED=367703 
SEED is set to: 367703
SEED=532068 
SEED is set to: 532068
SEED=169127 
SEED is set to: 169127
SEED=44511 
SEED is set to: 44511
SEED=200503 
SEED is set to: 200503
SEED=471116 
SEED is set to: 471116
SEED=581138 
SEED is set to: 581138
SEED=612260 
SEED is set to: 612260
timeout: the monitored command dumped core
environment: line 1: 3328255 Segmentation fault      timeout ${TIMEOUT}s "$WORKDIR/a.out" > "$TMP_OUT"
SEED=907567 
SEED is set to: 907567
timeout: the monitored command dumped core
environment: line 1: 3328298 Segmentation fault      timeout ${TIMEOUT}s "$WORKDIR/a.out" > "$TMP_OUT"
SEED=572838 
SEED is set to: 572838
SEED=936860 
SEED is set to: 936860
SEED=991973 
SEED is set to: 991973
SEED=294318 
SEED is set to: 294318
timeout: the monitored command dumped core
environment: line 1: 3328537 Segmentation fault      timeout ${TIMEOUT}s "$WORKDIR/a.out" > "$TMP_OUT"
SEED=319451 
SEED is set to: 319451
SEED=326461 
SEED is set to: 326461
SEED=565066 
SEED is set to: 565066
SEED=683292 
SEED is set to: 683292
SEED=97366 
SEED is set to: 97366
SEED=751176 
SEED is set to: 751176
SEED=70945 
SEED is set to: 70945
timeout: the monitored command dumped core
environment: line 1: 3328873 Segmentation fault      timeout ${TIMEOUT}s "$WORKDIR/a.out" > "$TMP_OUT"
SEED=222560 
SEED is set to: 222560
SEED=339367 
SEED is set to: 339367
SEED=455921 
SEED is set to: 455921
timeout: the monitored command dumped core
environment: line 1: 3328963 Segmentation fault      timeout ${TIMEOUT}s "$WORKDIR/a.out" > "$TMP_OUT"
SEED=967877 
SEED is set to: 967877
SEED=58384 
SEED is set to: 58384
SEED=521503 
SEED is set to: 521503
SEED=764062 
SEED is set to: 764062
SEED=850016 
SEED is set to: 850016
SEED=170370 
SEED is set to: 170370
SEED=546696 
SEED is set to: 546696
SEED=833454 
SEED is set to: 833454
SEED=971847 
SEED is set to: 971847
SEED=2376 
SEED is set to: 2376
SEED=373087 
SEED is set to: 373087
SEED=566670 
SEED is set to: 566670
SEED=699553 
SEED is set to: 699553
SEED=761054 
SEED is set to: 761054
SEED=775834 
SEED is set to: 775834
timeout: the monitored command dumped core
environment: line 1: 3329467 Segmentation fault      timeout ${TIMEOUT}s "$WORKDIR/a.out" > "$TMP_OUT"
SEED=935789 
SEED is set to: 935789
SEED=140408 
SEED is set to: 140408
SEED=220074 
SEED is set to: 220074
SEED=220718 
SEED is set to: 220718
SEED=416819 
SEED is set to: 416819
SEED=533677 
SEED is set to: 533677
SEED=402655 
SEED is set to: 402655
SEED=677055 
SEED is set to: 677055
SEED=829769 
SEED is set to: 829769
SEED=55386 
SEED is set to: 55386
SEED=323677 
SEED is set to: 323677
SEED=711462 
SEED is set to: 711462
SEED=728222 
SEED is set to: 728222
SEED=24366 
SEED is set to: 24366
SEED=175600 
SEED is set to: 175600
SEED=456596 
SEED is set to: 456596
SEED=872467 
SEED is set to: 872467
SEED=915859 
SEED is set to: 915859
SEED=302834 
SEED is set to: 302834
SEED=614008 
SEED is set to: 614008
SEED=687524 
SEED is set to: 687524
SEED=421966 
SEED is set to: 421966
SEED=501291 
SEED is set to: 501291
SEED=785882 
SEED is set to: 785882
timeout: the monitored command dumped core
environment: line 1: 3330828 Segmentation fault      timeout ${TIMEOUT}s "$WORKDIR/a.out" > "$TMP_OUT"
SEED=896834 
SEED is set to: 896834
SEED=902452 
SEED is set to: 902452
SEED=934354 
SEED is set to: 934354
SEED=947359 
SEED is set to: 947359
SEED=968994 
SEED is set to: 968994
SEED=980442 
SEED is set to: 980442
SEED=256201 
SEED is set to: 256201
SEED=527080 
SEED is set to: 527080
SEED=900411 
SEED is set to: 900411
SEED=123290 
SEED is set to: 123290
SEED=387270 
SEED is set to: 387270
SEED=588849 
SEED is set to: 588849
SEED=996503 
SEED is set to: 996503
SEED=233836 
SEED is set to: 233836
SEED=996735 
SEED is set to: 996735
SEED=82381 
SEED is set to: 82381
SEED=321613 
SEED is set to: 321613
SEED=451612 
SEED is set to: 451612
SEED=602531 
SEED is set to: 602531
SEED=37752 
SEED is set to: 37752
SEED=97897 
SEED is set to: 97897
SEED=532042 
SEED is set to: 532042
SEED=894421 
SEED is set to: 894421
SEED=214234 
SEED is set to: 214234
SEED=493238 
SEED is set to: 493238
SEED=545918 
SEED is set to: 545918
SEED=641625 
SEED is set to: 641625
SEED=20842 
SEED is set to: 20842
SEED=45564 
SEED is set to: 45564
SEED=456719 
SEED is set to: 456719
SEED=704022 
SEED is set to: 704022
SEED=105840 
SEED is set to: 105840
SEED=111561 
SEED is set to: 111561
SEED=310314 
SEED is set to: 310314
SEED=741086 
SEED is set to: 741086
SEED=319902 
SEED is set to: 319902
timeout: the monitored command dumped core
environment: line 1: 3332655 Segmentation fault      timeout ${TIMEOUT}s "$WORKDIR/a.out" > "$TMP_OUT"
SEED=534556 
SEED is set to: 534556
SEED=755208 
SEED is set to: 755208
SEED=857661 
SEED is set to: 857661
SEED=878861 
SEED is set to: 878861
SEED=105840 
SEED is set to: 105840
SEED=335128 
SEED is set to: 335128
timeout: the monitored command dumped core
environment: line 1: 3332921 Segmentation fault      timeout ${TIMEOUT}s "$WORKDIR/a.out" > "$TMP_OUT"
SEED=986142 
SEED is set to: 986142
SEED=151412 
SEED is set to: 151412
SEED=167038 
SEED is set to: 167038
SEED=332239 
SEED is set to: 332239
SEED=539009 
SEED is set to: 539009
SEED=477050 
SEED is set to: 477050
SEED=483538 
SEED is set to: 483538
SEED=718336 
SEED is set to: 718336
SEED=798591 
SEED is set to: 798591
SEED=528201 
SEED is set to: 528201
SEED=817507 
SEED is set to: 817507
timeout: the monitored command dumped core
environment: line 1: 3333462 Segmentation fault      timeout ${TIMEOUT}s "$WORKDIR/a.out" > "$TMP_OUT"
SEED=251393 
SEED is set to: 251393
SEED=314851 
SEED is set to: 314851
SEED=357784 
SEED is set to: 357784
SEED=438277 
SEED is set to: 438277
timeout: the monitored command dumped core
environment: line 1: 3333620 Segmentation fault      timeout ${TIMEOUT}s "$WORKDIR/a.out" > "$TMP_OUT"
SEED=205670 
SEED is set to: 205670
SEED=709724 
SEED is set to: 709724
SEED=809763 
SEED is set to: 809763
SEED=37282 
SEED is set to: 37282
SEED=95534 
SEED is set to: 95534
timeout: the monitored command dumped core
environment: line 1: 3333883 Segmentation fault      timeout ${TIMEOUT}s "$WORKDIR/a.out" > "$TMP_OUT"
SEED=224966 
SEED is set to: 224966
timeout: the monitored command dumped core
environment: line 1: 3333887 Segmentation fault      timeout ${TIMEOUT}s "$WORKDIR/a.out" > "$TMP_OUT"
SEED=436151 
SEED is set to: 436151
SEED=685332 
SEED is set to: 685332
SEED=533126 
SEED is set to: 533126
SEED=550581 
SEED is set to: 550581
SEED=923942 
SEED is set to: 923942
SEED=981446 
SEED is set to: 981446
SEED=982460 
SEED is set to: 982460
timeout: the monitored command dumped core
environment: line 1: 3334290 Segmentation fault      timeout ${TIMEOUT}s "$WORKDIR/a.out" > "$TMP_OUT"
SEED=591849 
SEED is set to: 591849
SEED=866174 
SEED is set to: 866174
timeout: the monitored command dumped core
environment: line 1: 3334451 Segmentation fault      timeout ${TIMEOUT}s "$WORKDIR/a.out" > "$TMP_OUT"
SEED=104939 
SEED is set to: 104939
SEED=135969 
SEED is set to: 135969
SEED=416772 
SEED is set to: 416772
SEED=585408 
SEED is set to: 585408
SEED=602598 
SEED is set to: 602598
SEED=266398 
SEED is set to: 266398
SEED=443348 
SEED is set to: 443348
SEED=719643 
SEED is set to: 719643
SEED=807165 
SEED is set to: 807165
SEED=78021 
SEED is set to: 78021
SEED=137056 
SEED is set to: 137056
SEED=303135 
SEED is set to: 303135
SEED=369456 
SEED is set to: 369456
timeout: the monitored command dumped core
environment: line 1: 3334969 Segmentation fault      timeout ${TIMEOUT}s "$WORKDIR/a.out" > "$TMP_OUT"
SEED=85725 
SEED is set to: 85725
SEED=318298 
SEED is set to: 318298
SEED=448689 
SEED is set to: 448689
timeout: the monitored command dumped core
environment: line 1: 3335108 Segmentation fault      timeout ${TIMEOUT}s "$WORKDIR/a.out" > "$TMP_OUT"
SEED=702288 
SEED is set to: 702288
SEED=434666 
SEED is set to: 434666
SEED=503873 
SEED is set to: 503873
SEED=739032 
SEED is set to: 739032
SEED=580090 
SEED is set to: 580090
SEED=815846 
SEED is set to: 815846
SEED=883412 
SEED is set to: 883412
SEED=896670 
SEED is set to: 896670
SEED=197701 
SEED is set to: 197701
timeout: the monitored command dumped core
environment: line 1: 3335557 Segmentation fault      timeout ${TIMEOUT}s "$WORKDIR/a.out" > "$TMP_OUT"
SEED=998671 
SEED is set to: 998671
SEED=133930 
SEED is set to: 133930
SEED=333637 
SEED is set to: 333637
SEED=487727 
SEED is set to: 487727
SEED=498633 
SEED is set to: 498633
SEED=730701 
SEED is set to: 730701
SEED=444461 
SEED is set to: 444461
SEED=596368 
SEED is set to: 596368
SEED=802541 
SEED is set to: 802541
SEED=892930 
SEED is set to: 892930
SEED=49254 
SEED is set to: 49254
SEED=68570 
SEED is set to: 68570
timeout: the monitored command dumped core
environment: line 1: 3336105 Segmentation fault      timeout ${TIMEOUT}s "$WORKDIR/a.out" > "$TMP_OUT"
SEED=797246 
SEED is set to: 797246
SEED=940031 
SEED is set to: 940031
SEED=105193 
SEED is set to: 105193
SEED=499232 
SEED is set to: 499232
SEED=644555 
SEED is set to: 644555
SEED=653512 
SEED is set to: 653512
timeout: the monitored command dumped core
environment: line 1: 3336442 Segmentation fault      timeout ${TIMEOUT}s "$WORKDIR/a.out" > "$TMP_OUT"
SEED=119689 
SEED is set to: 119689
SEED=595806 
SEED is set to: 595806
malloc(): corrupted top size
SEED=687840 
SEED is set to: 687840
timeout: the monitored command dumped core
environment: line 1: 3336583 Aborted                 timeout ${TIMEOUT}s "$WORKDIR/a.out" > "$TMP_OUT"
SEED=964811 
SEED is set to: 964811
SEED=103081 
SEED is set to: 103081
SEED=275758 
SEED is set to: 275758
SEED=522195 
SEED is set to: 522195
SEED=587437 
SEED is set to: 587437
SEED=472481 
SEED is set to: 472481
SEED=497316 
SEED is set to: 497316
timeout: the monitored command dumped core
environment: line 1: 3336849 Segmentation fault      timeout ${TIMEOUT}s "$WORKDIR/a.out" > "$TMP_OUT"
SEED=764762 
SEED is set to: 764762
timeout: the monitored command dumped core
environment: line 1: 3336853 Segmentation fault      timeout ${TIMEOUT}s "$WORKDIR/a.out" > "$TMP_OUT"
SEED=917899 
SEED is set to: 917899
SEED=255811 
SEED is set to: 255811
SEED=847992 
SEED is set to: 847992
SEED=86427 
SEED is set to: 86427
SEED=230936 
SEED is set to: 230936
SEED=278698 
SEED is set to: 278698
SEED=282026 
SEED is set to: 282026
SEED=367538 
SEED is set to: 367538
SEED=398387 
SEED is set to: 398387
SEED=886304 
SEED is set to: 886304
malloc(): corrupted top size
timeout: the monitored command dumped core
environment: line 1: 3337408 Aborted                 timeout ${TIMEOUT}s "$WORKDIR/a.out" > "$TMP_OUT"
SEED=367628 
SEED is set to: 367628
SEED=838292 
SEED is set to: 838292
SEED=36808 
SEED is set to: 36808
SEED=68961 
SEED is set to: 68961
SEED=592084 
SEED is set to: 592084
SEED=676787 
SEED is set to: 676787
SEED=783536 
SEED is set to: 783536
SEED=290200 
SEED is set to: 290200
SEED=310318 
SEED is set to: 310318
SEED=325186 
SEED is set to: 325186
SEED=95416 
SEED is set to: 95416
SEED=113800 
SEED is set to: 113800
SEED=158344 
SEED is set to: 158344
SEED=373897 
SEED is set to: 373897
SEED=834821 
SEED is set to: 834821
SEED=858883 
SEED is set to: 858883
SEED=894167 
SEED is set to: 894167
timeout: the monitored command dumped core
environment: line 1: 3338122 Segmentation fault      timeout ${TIMEOUT}s "$WORKDIR/a.out" > "$TMP_OUT"
timeout: the monitored command dumped core
environment: line 1: 3338158 Segmentation fault      timeout ${TIMEOUT}s "$WORKDIR/a.out" > "$TMP_OUT"
SEED=455057 
SEED is set to: 455057
SEED=701254 
SEED is set to: 701254
SEED=791232 
SEED is set to: 791232
SEED=35875 
SEED is set to: 35875
SEED=429130 
SEED is set to: 429130
SEED=597622 
SEED is set to: 597622
SEED=835774 
SEED is set to: 835774
SEED=967421 
SEED is set to: 967421
SEED=9076 
SEED is set to: 9076
SEED=415847 
SEED is set to: 415847
SEED=630545 
SEED is set to: 630545
SEED=835013 
SEED is set to: 835013
SEED=978199 
SEED is set to: 978199
free(): corrupted unsorted chunks
timeout: the monitored command dumped core
environment: line 1: 3338740 Aborted                 timeout ${TIMEOUT}s "$WORKDIR/a.out" > "$TMP_OUT"
SEED=292866 
SEED is set to: 292866
SEED=294041 
SEED is set to: 294041
SEED=566847 
SEED is set to: 566847
timeout: the monitored command dumped core
environment: line 1: 3338930 Segmentation fault      timeout ${TIMEOUT}s "$WORKDIR/a.out" > "$TMP_OUT"
SEED=192254 
SEED is set to: 192254
SEED=463657 
SEED is set to: 463657
SEED=692502 
SEED is set to: 692502
SEED=341795 
SEED is set to: 341795
SEED=558994 
SEED is set to: 558994
SEED=644324 
SEED is set to: 644324
timeout: the monitored command dumped core
environment: line 1: 3339188 Segmentation fault      timeout ${TIMEOUT}s "$WORKDIR/a.out" > "$TMP_OUT"
SEED=274767 
SEED is set to: 274767
SEED=282371 
SEED is set to: 282371
SEED=53775 
SEED is set to: 53775
SEED=200838 
SEED is set to: 200838
SEED=370243 
SEED is set to: 370243
SEED=679658 
SEED is set to: 679658
SEED=848553 
SEED is set to: 848553
SEED=924386 
SEED is set to: 924386
SEED=433582 
SEED is set to: 433582
SEED=525957 
SEED is set to: 525957
SEED=545396 
SEED is set to: 545396
SEED=600795 
SEED is set to: 600795
timeout: the monitored command dumped core
environment: line 1: 3339821 Segmentation fault      timeout ${TIMEOUT}s "$WORKDIR/a.out" > "$TMP_OUT"
SEED=659082 
SEED is set to: 659082
SEED=389649 
SEED is set to: 389649
SEED=3781 
SEED is set to: 3781
SEED=37605 
SEED is set to: 37605
SEED=109650 
SEED is set to: 109650
SEED=110641 
SEED is set to: 110641
timeout: the monitored command dumped core
environment: line 1: 3340145 Segmentation fault      timeout ${TIMEOUT}s "$WORKDIR/a.out" > "$TMP_OUT"
SEED=473995 
SEED is set to: 473995
SEED=985927 
SEED is set to: 985927
SEED=246279 
SEED is set to: 246279
timeout: the monitored command dumped core
environment: line 1: 3340286 Segmentation fault      timeout ${TIMEOUT}s "$WORKDIR/a.out" > "$TMP_OUT"
SEED=433339 
SEED is set to: 433339
SEED=520029 
SEED is set to: 520029
SEED=761688 
SEED is set to: 761688
SEED=810825 
SEED is set to: 810825
SEED=983338 
SEED is set to: 983338
SEED=544897 
SEED is set to: 544897
SEED=691005 
SEED is set to: 691005
SEED=707068 
SEED is set to: 707068
SEED=894122 
SEED is set to: 894122
SEED=23707 
SEED is set to: 23707
SEED=197314 
SEED is set to: 197314
SEED=910564 
SEED is set to: 910564
SEED=138038 
SEED is set to: 138038
SEED=170982 
SEED is set to: 170982
SEED=335835 
SEED is set to: 335835
SEED=444383 
SEED is set to: 444383
SEED=540756 
SEED is set to: 540756
timeout: the monitored command dumped core
environment: line 1: 3340915 Segmentation fault      timeout ${TIMEOUT}s "$WORKDIR/a.out" > "$TMP_OUT"
SEED=845502 
SEED is set to: 845502
SEED=895164 
SEED is set to: 895164
timeout: the monitored command dumped core
environment: line 1: 3341057 Segmentation fault      timeout ${TIMEOUT}s "$WORKDIR/a.out" > "$TMP_OUT"
SEED=135664 
SEED is set to: 135664
SEED=221579 
SEED is set to: 221579
SEED=330289 
SEED is set to: 330289
SEED=621305 
SEED is set to: 621305
timeout: the monitored command dumped core
environment: line 1: 3341358 Segmentation fault      timeout ${TIMEOUT}s "$WORKDIR/a.out" > "$TMP_OUT"
SEED=346642 
SEED is set to: 346642
SEED=720037 
SEED is set to: 720037
SEED=749956 
SEED is set to: 749956
SEED=936240 
SEED is set to: 936240
SEED=586577 
SEED is set to: 586577
SEED=627279 
SEED is set to: 627279
SEED=684946 
SEED is set to: 684946
SEED=196025 
SEED is set to: 196025
SEED=357683 
SEED is set to: 357683
SEED=426329 
SEED is set to: 426329
SEED=470310 
SEED is set to: 470310
SEED=97411 
SEED is set to: 97411
SEED=167406 
SEED is set to: 167406
SEED=578277 
SEED is set to: 578277
SEED=942016 
SEED is set to: 942016
SEED=196076 
SEED is set to: 196076
timeout: the monitored command dumped core
environment: line 1: 3342171 Segmentation fault      timeout ${TIMEOUT}s "$WORKDIR/a.out" > "$TMP_OUT"
timeout: the monitored command dumped core
environment: line 1: 3342188 Segmentation fault      timeout ${TIMEOUT}s "$WORKDIR/a.out" > "$TMP_OUT"
SEED=501173 
SEED is set to: 501173
SEED=608038 
SEED is set to: 608038
SEED=921617 
SEED is set to: 921617
SEED=944144 
SEED is set to: 944144
SEED=37035 
SEED is set to: 37035
SEED=235304 
SEED is set to: 235304
SEED=845593 
SEED is set to: 845593
SEED=848641 
SEED is set to: 848641
SEED=54487 
SEED is set to: 54487
SEED=295184 
SEED is set to: 295184
SEED=558629 
SEED is set to: 558629
SEED=717604 
SEED is set to: 717604
SEED=745335 
SEED is set to: 745335
SEED=242638 
SEED is set to: 242638
SEED=410456 
SEED is set to: 410456
SEED=797548 
SEED is set to: 797548
SEED=70263 
SEED is set to: 70263
SEED=106424 
SEED is set to: 106424
timeout: the monitored command dumped core
environment: line 1: 3342900 Segmentation fault      timeout ${TIMEOUT}s "$WORKDIR/a.out" > "$TMP_OUT"
SEED=162683 
SEED is set to: 162683
SEED=380829 
SEED is set to: 380829
SEED=394364 
SEED is set to: 394364
SEED=969132 
SEED is set to: 969132
SEED=381533 
SEED is set to: 381533
SEED=533775 
SEED is set to: 533775
SEED=700641 
SEED is set to: 700641
SEED=709870 
SEED is set to: 709870
SEED=847866 
SEED is set to: 847866
SEED=6245 
SEED is set to: 6245
SEED=116455 
SEED is set to: 116455
SEED=155750 
SEED is set to: 155750
timeout: the monitored command dumped core
environment: line 1: 3343557 Segmentation fault      timeout ${TIMEOUT}s "$WORKDIR/a.out" > "$TMP_OUT"
SEED=271668 
SEED is set to: 271668
SEED=610416 
SEED is set to: 610416
timeout: the monitored command dumped core
environment: line 1: 3343710 Segmentation fault      timeout ${TIMEOUT}s "$WORKDIR/a.out" > "$TMP_OUT"
SEED=168063 
SEED is set to: 168063
SEED=168424 
SEED is set to: 168424
SEED=457494 
SEED is set to: 457494
SEED=525548 
SEED is set to: 525548
SEED=635853 
SEED is set to: 635853
SEED=793852 
SEED is set to: 793852
SEED=865927 
SEED is set to: 865927
SEED=669248 
SEED is set to: 669248
SEED=682281 
SEED is set to: 682281
timeout: the monitored command dumped core
environment: line 1: 3344059 Segmentation fault      timeout ${TIMEOUT}s "$WORKDIR/a.out" > "$TMP_OUT"
SEED=82448 
SEED is set to: 82448
SEED=95375 
SEED is set to: 95375
SEED=331152 
SEED is set to: 331152
timeout: the monitored command dumped core
environment: line 1: 3344128 Segmentation fault      timeout ${TIMEOUT}s "$WORKDIR/a.out" > "$TMP_OUT"
SEED=923649 
SEED is set to: 923649
SEED=574274 
SEED is set to: 574274
SEED=601607 
SEED is set to: 601607
timeout: the monitored command dumped core
environment: line 1: 3344386 Segmentation fault      timeout ${TIMEOUT}s "$WORKDIR/a.out" > "$TMP_OUT"
SEED=333111 
SEED is set to: 333111
SEED=474195 
SEED is set to: 474195
SEED=726859 
SEED is set to: 726859
SEED=744524 
SEED is set to: 744524
timeout: the monitored command dumped core
environment: line 1: 3344568 Segmentation fault      timeout ${TIMEOUT}s "$WORKDIR/a.out" > "$TMP_OUT"
SEED=994818 
SEED is set to: 994818
SEED=169140 
SEED is set to: 169140
SEED=461014 
SEED is set to: 461014
SEED=577403 
SEED is set to: 577403
SEED=990320 
SEED is set to: 990320
SEED=141403 
SEED is set to: 141403
SEED=147729 
SEED is set to: 147729
SEED=432283 
SEED is set to: 432283
timeout: the monitored command dumped core
environment: line 1: 3344897 Segmentation fault      timeout ${TIMEOUT}s "$WORKDIR/a.out" > "$TMP_OUT"
SEED=113315 
SEED is set to: 113315
SEED=173094 
SEED is set to: 173094
SEED=301526 
SEED is set to: 301526
timeout: the monitored command dumped core
environment: line 1: 3345077 Segmentation fault      timeout ${TIMEOUT}s "$WORKDIR/a.out" > "$TMP_OUT"
SEED=807029 
SEED is set to: 807029
SEED=975860 
SEED is set to: 975860
SEED=393733 
SEED is set to: 393733
SEED=843846 
SEED is set to: 843846
SEED=49778 
SEED is set to: 49778
timeout: the monitored command dumped core
environment: line 1: 3345355 Segmentation fault      timeout ${TIMEOUT}s "$WORKDIR/a.out" > "$TMP_OUT"
SEED=202962 
SEED is set to: 202962
SEED=452634 
SEED is set to: 452634
SEED=540382 
SEED is set to: 540382
SEED=972448 
SEED is set to: 972448
SEED=300441 
SEED is set to: 300441
SEED=802484 
SEED is set to: 802484
timeout: the monitored command dumped core
environment: line 1: 3345870 Segmentation fault      timeout ${TIMEOUT}s "$WORKDIR/a.out" > "$TMP_OUT"
SEED=949304 
SEED is set to: 949304
SEED=977832 
SEED is set to: 977832
SEED=546347 
SEED is set to: 546347
SEED=850043 
SEED is set to: 850043
SEED=149023 
SEED is set to: 149023
SEED=268059 
SEED is set to: 268059
SEED=519692 
SEED is set to: 519692
SEED=579377 
SEED is set to: 579377
SEED=343877 
SEED is set to: 343877
SEED=589422 
SEED is set to: 589422
SEED=625975 
SEED is set to: 625975
SEED=878483 
SEED is set to: 878483
SEED=451061 
SEED is set to: 451061
SEED=508509 
SEED is set to: 508509
SEED=829724 
SEED is set to: 829724
SEED=87412 
SEED is set to: 87412
SEED=377547 
SEED is set to: 377547
SEED=614590 
SEED is set to: 614590
SEED=791151 
SEED is set to: 791151
SEED=871015 
SEED is set to: 871015
SEED=165093 
SEED is set to: 165093
SEED=393727 
SEED is set to: 393727
SEED=496001 
SEED is set to: 496001
SEED=550811 
SEED is set to: 550811
timeout: the monitored command dumped core
environment: line 1: 3346967 Segmentation fault      timeout ${TIMEOUT}s "$WORKDIR/a.out" > "$TMP_OUT"
SEED=190493 
SEED is set to: 190493
SEED=228754 
SEED is set to: 228754
SEED=602895 
SEED is set to: 602895
SEED=711270 
SEED is set to: 711270
SEED=98254 
SEED is set to: 98254
SEED=133842 
SEED is set to: 133842
SEED=395289 
SEED is set to: 395289
timeout: the monitored command dumped core
environment: line 1: 3347284 Segmentation fault      timeout ${TIMEOUT}s "$WORKDIR/a.out" > "$TMP_OUT"
SEED=631832 
SEED is set to: 631832
SEED=655873 
SEED is set to: 655873
SEED=836265 
SEED is set to: 836265
timeout: the monitored command dumped core
environment: line 1: 3347452 Segmentation fault      timeout ${TIMEOUT}s "$WORKDIR/a.out" > "$TMP_OUT"
SEED=92158 
SEED is set to: 92158
SEED=550976 
SEED is set to: 550976
timeout: the monitored command dumped core
environment: line 1: 3347560 Segmentation fault      timeout ${TIMEOUT}s "$WORKDIR/a.out" > "$TMP_OUT"
SEED=3275 
SEED is set to: 3275
SEED=130481 
SEED is set to: 130481
SEED=152290 
SEED is set to: 152290
SEED=455228 
SEED is set to: 455228
SEED=301701 
SEED is set to: 301701
SEED=517349 
SEED is set to: 517349
timeout: the monitored command dumped core
environment: line 1: 3347829 Segmentation fault      timeout ${TIMEOUT}s "$WORKDIR/a.out" > "$TMP_OUT"
SEED=83032 
SEED is set to: 83032
SEED=120477 
SEED is set to: 120477
SEED=644465 
SEED is set to: 644465
SEED=965410 
SEED=965410 
SEED is set to: 965410
SEED is set to: 965410
SEED=140572 
SEED is set to: 140572
SEED=250573 
SEED is set to: 250573
SEED=658024 
SEED is set to: 658024
SEED=823101 
SEED is set to: 823101
SEED=191978 
SEED is set to: 191978
SEED=441743 
SEED is set to: 441743
SEED=632655 
SEED is set to: 632655
SEED=771926 
SEED is set to: 771926
SEED=70710 
SEED is set to: 70710
SEED=150441 
SEED is set to: 150441
timeout: the monitored command dumped core
environment: line 1: 3348595 Segmentation fault      timeout ${TIMEOUT}s "$WORKDIR/a.out" > "$TMP_OUT"
SEED=430177 
SEED is set to: 430177
SEED=652813 
SEED is set to: 652813
SEED=222968 
SEED is set to: 222968
SEED=429527 
SEED is set to: 429527
SEED=461681 
SEED is set to: 461681
SEED=884833 
SEED is set to: 884833
SEED=897272 
SEED is set to: 897272
SEED=203807 
SEED is set to: 203807
SEED=465903 
SEED is set to: 465903
SEED=680467 
SEED is set to: 680467
SEED=713886 
SEED is set to: 713886
SEED=755499 
SEED is set to: 755499
SEED=214159 
SEED is set to: 214159
SEED=340092 
SEED is set to: 340092
SEED=771499 
SEED is set to: 771499
SEED=905697 
SEED is set to: 905697
SEED=154849 
SEED is set to: 154849
SEED=792030 
SEED is set to: 792030
timeout: the monitored command dumped core
environment: line 1: 3349515 Segmentation fault      timeout ${TIMEOUT}s "$WORKDIR/a.out" > "$TMP_OUT"
SEED=490084 
SEED is set to: 490084
SEED=594626 
SEED is set to: 594626
SEED=706638 
SEED is set to: 706638
SEED=176223 
SEED is set to: 176223
SEED=250074 
SEED is set to: 250074
SEED=544135 
SEED is set to: 544135
SEED=788314 
SEED is set to: 788314
SEED=317908 
SEED is set to: 317908
SEED=417760 
SEED is set to: 417760
SEED=691307 
SEED is set to: 691307
timeout: the monitored command dumped core
environment: line 1: 3349951 Segmentation fault      timeout ${TIMEOUT}s "$WORKDIR/a.out" > "$TMP_OUT"
SEED=849547 
SEED is set to: 849547
SEED=24641 
SEED is set to: 24641
SEED=324266 
SEED is set to: 324266
SEED=337576 
SEED is set to: 337576
SEED=745161 
SEED is set to: 745161
SEED=909698 
SEED is set to: 909698
SEED=87644 
SEED is set to: 87644
SEED=231017 
SEED is set to: 231017
SEED=619565 
SEED is set to: 619565
SEED=958260 
SEED is set to: 958260
SEED=195692 
SEED is set to: 195692
SEED=338901 
SEED is set to: 338901
timeout: the monitored command dumped core
environment: line 1: 3350506 Segmentation fault      timeout ${TIMEOUT}s "$WORKDIR/a.out" > "$TMP_OUT"
SEED=865941 
SEED is set to: 865941
timeout: the monitored command dumped core
environment: line 1: 3350611 Segmentation fault      timeout ${TIMEOUT}s "$WORKDIR/a.out" > "$TMP_OUT"
SEED=363064 
SEED is set to: 363064
SEED=25718 
SEED is set to: 25718
SEED=35169 
SEED is set to: 35169
SEED=82979 
SEED is set to: 82979
SEED=725603 
SEED is set to: 725603
SEED=874744 
SEED is set to: 874744
SEED=940365 
SEED is set to: 940365
SEED=242579 
SEED is set to: 242579
SEED=243548 
SEED is set to: 243548
SEED=360238 
SEED is set to: 360238
SEED=468487 
SEED is set to: 468487
SEED=982410 
SEED is set to: 982410
SEED=110874 
SEED is set to: 110874
SEED=373663 
SEED is set to: 373663
SEED=812983 
SEED is set to: 812983
SEED=908134 
SEED is set to: 908134
SEED=917121 
SEED is set to: 917121
SEED=61777 
SEED is set to: 61777
timeout: the monitored command dumped core
environment: line 1: 3351372 Segmentation fault      timeout ${TIMEOUT}s "$WORKDIR/a.out" > "$TMP_OUT"
SEED=413325 
SEED is set to: 413325
SEED=837529 
SEED is set to: 837529
SEED=47450 
SEED is set to: 47450
SEED=129687 
SEED is set to: 129687
SEED=641538 
SEED is set to: 641538
SEED=646541 
SEED is set to: 646541
SEED=650067 
SEED is set to: 650067
SEED=593531 
SEED is set to: 593531
SEED=642952 
SEED is set to: 642952
SEED=850373 
SEED is set to: 850373
SEED=946050 
SEED is set to: 946050
SEED=56776 
SEED is set to: 56776
SEED=723862 
SEED is set to: 723862
SEED=11804 
SEED is set to: 11804
SEED=113075 
SEED is set to: 113075
SEED=471874 
SEED is set to: 471874
SEED=523994 
SEED is set to: 523994
SEED=605569 
SEED is set to: 605569
SEED=279343 
SEED is set to: 279343
SEED=603663 
SEED is set to: 603663
SEED=751886 
SEED is set to: 751886
SEED=889827 
SEED is set to: 889827
free(): double free detected in tcache 2
timeout: the monitored command dumped core
environment: line 1: 3352448 Aborted                 timeout ${TIMEOUT}s "$WORKDIR/a.out" > "$TMP_OUT"
SEED=72272 
SEED is set to: 72272
SEED=338566 
SEED is set to: 338566
SEED=771711 
SEED is set to: 771711
SEED=146257 
SEED is set to: 146257
SEED=528683 
SEED is set to: 528683
SEED=658641 
SEED is set to: 658641
SEED=789627 
SEED is set to: 789627
SEED=125767 
SEED is set to: 125767
SEED=139497 
SEED is set to: 139497
SEED=502236 
SEED is set to: 502236
SEED=938479 
SEED is set to: 938479
SEED=129058 
SEED is set to: 129058
SEED=164794 
SEED is set to: 164794
SEED=256658 
SEED is set to: 256658
SEED=900260 
SEED is set to: 900260
SEED=241020 
SEED is set to: 241020
SEED=442920 
SEED is set to: 442920
SEED=142827 
SEED is set to: 142827
SEED=687056 
SEED is set to: 687056
SEED=696986 
SEED is set to: 696986
SEED=142792 
SEED is set to: 142792
SEED=386597 
SEED is set to: 386597
SEED=530981 
SEED is set to: 530981
SEED=920920 
SEED is set to: 920920
SEED=240877 
SEED is set to: 240877
SEED=244617 
SEED is set to: 244617
SEED=382086 
SEED is set to: 382086
SEED=707872 
SEED is set to: 707872
timeout: the monitored command dumped core
environment: line 1: 3353889 Segmentation fault      timeout ${TIMEOUT}s "$WORKDIR/a.out" > "$TMP_OUT"
SEED=349609 
SEED is set to: 349609
SEED=701773 
SEED is set to: 701773
SEED=717836 
SEED is set to: 717836
SEED=864812 
SEED is set to: 864812
SEED=874640 
SEED is set to: 874640
SEED=322191 
SEED is set to: 322191
timeout: the monitored command dumped core
environment: line 1: 3354244 Segmentation fault      timeout ${TIMEOUT}s "$WORKDIR/a.out" > "$TMP_OUT"
SEED=700532 
SEED is set to: 700532
timeout: the monitored command dumped core
environment: line 1: 3354291 Segmentation fault      timeout ${TIMEOUT}s "$WORKDIR/a.out" > "$TMP_OUT"
SEED=290815 
SEED is set to: 290815
SEED=343007 
SEED is set to: 343007
SEED=357090 
SEED is set to: 357090
timeout: the monitored command dumped core
environment: line 1: 3354446 Segmentation fault      timeout ${TIMEOUT}s "$WORKDIR/a.out" > "$TMP_OUT"
timeout: the monitored command dumped core
environment: line 1: 3354449 Segmentation fault      timeout ${TIMEOUT}s "$WORKDIR/a.out" > "$TMP_OUT"
SEED=2546 
SEED is set to: 2546
SEED=461411 
SEED is set to: 461411
SEED=606738 
SEED is set to: 606738
SEED=638295 
SEED is set to: 638295
SEED=940185 
SEED is set to: 940185
SEED=306190 
SEED is set to: 306190
SEED=781110 
SEED is set to: 781110
SEED=966164 
SEED is set to: 966164
SEED=966370 
SEED is set to: 966370
SEED=452299 
SEED is set to: 452299
SEED=962775 
SEED is set to: 962775
SEED=199690 
SEED is set to: 199690
SEED=226208 
SEED is set to: 226208
timeout: the monitored command dumped core
environment: line 1: 3355094 Segmentation fault      timeout ${TIMEOUT}s "$WORKDIR/a.out" > "$TMP_OUT"
SEED=468593 
SEED is set to: 468593
SEED=488026 
SEED is set to: 488026
SEED=774702 
SEED is set to: 774702
SEED=878486 
SEED is set to: 878486
SEED=881284 
SEED is set to: 881284
SEED=39134 
SEED is set to: 39134
timeout: the monitored command dumped core
environment: line 1: 3355461 Segmentation fault      timeout ${TIMEOUT}s "$WORKDIR/a.out" > "$TMP_OUT"
SEED=195674 
SEED is set to: 195674
timeout: the monitored command dumped core
environment: line 1: 3355471 Segmentation fault      timeout ${TIMEOUT}s "$WORKDIR/a.out" > "$TMP_OUT"
SEED=290264 
SEED is set to: 290264
timeout: the monitored command dumped core
environment: line 1: 3355566 Segmentation fault      timeout ${TIMEOUT}s "$WORKDIR/a.out" > "$TMP_OUT"
SEED=959499 
SEED is set to: 959499
SEED=24572 
SEED is set to: 24572
SEED=85652 
SEED is set to: 85652
timeout: the monitored command dumped core
environment: line 1: 3355656 Segmentation fault      timeout ${TIMEOUT}s "$WORKDIR/a.out" > "$TMP_OUT"
SEED=505695 
SEED is set to: 505695
SEED=562668 
SEED is set to: 562668
SEED=818350 
SEED is set to: 818350
SEED=187790 
SEED is set to: 187790
SEED=427376 
SEED is set to: 427376
SEED=567962 
SEED is set to: 567962
SEED=884458 
SEED is set to: 884458
SEED=187087 
SEED is set to: 187087
SEED=271398 
SEED is set to: 271398
SEED=563275 
SEED is set to: 563275
timeout: the monitored command dumped core
environment: line 1: 3356137 Segmentation fault      timeout ${TIMEOUT}s "$WORKDIR/a.out" > "$TMP_OUT"
SEED=867393 
SEED is set to: 867393
SEED=127778 
SEED is set to: 127778
SEED=460786 
SEED is set to: 460786
SEED=775031 
SEED is set to: 775031
SEED=65555 
SEED is set to: 65555
SEED=351365 
SEED is set to: 351365
timeout: the monitored command dumped core
environment: line 1: 3356448 Segmentation fault      timeout ${TIMEOUT}s "$WORKDIR/a.out" > "$TMP_OUT"
SEED=608610 
SEED is set to: 608610
SEED=944546 
SEED is set to: 944546
SEED=344955 
SEED is set to: 344955
SEED=797156 
SEED is set to: 797156
SEED=906965 
SEED is set to: 906965
SEED=172272 
SEED is set to: 172272
SEED=289082 
SEED is set to: 289082
SEED=310286 
SEED is set to: 310286
SEED=553767 
SEED is set to: 553767
SEED=320668 
SEED is set to: 320668
SEED=427232 
SEED is set to: 427232
SEED=707356 
SEED is set to: 707356
SEED=729596 
SEED is set to: 729596
SEED=753479 
SEED is set to: 753479
SEED=349943 
SEED is set to: 349943
SEED=560624 
SEED is set to: 560624
timeout: the monitored command dumped core
environment: line 1: 3357381 Segmentation fault      timeout ${TIMEOUT}s "$WORKDIR/a.out" > "$TMP_OUT"
SEED=389866 
SEED is set to: 389866
SEED=902139 
SEED is set to: 902139
SEED=189278 
SEED is set to: 189278
SEED=672741 
SEED is set to: 672741
SEED=184295 
SEED is set to: 184295
SEED=406077 
SEED is set to: 406077
SEED=615500 
SEED is set to: 615500
SEED=691860 
SEED is set to: 691860
double free or corruption (out)
timeout: the monitored command dumped core
environment: line 1: 3357920 Aborted                 timeout ${TIMEOUT}s "$WORKDIR/a.out" > "$TMP_OUT"
SEED=412808 
SEED is set to: 412808
SEED=599590 
SEED is set to: 599590
SEED=803466 
SEED is set to: 803466
SEED=35022 
SEED is set to: 35022
SEED=35581 
SEED is set to: 35581
SEED=237916 
SEED is set to: 237916
timeout: the monitored command dumped core
environment: line 1: 3358227 Segmentation fault      timeout ${TIMEOUT}s "$WORKDIR/a.out" > "$TMP_OUT"
SEED=669116 
SEED is set to: 669116
SEED=670066 
SEED is set to: 670066
SEED=13747 
SEED is set to: 13747
SEED=40265 
SEED is set to: 40265
SEED=442151 
SEED is set to: 442151
SEED=508992 
SEED is set to: 508992
SEED=591227 
SEED is set to: 591227
SEED=663549 
SEED is set to: 663549
timeout: the monitored command dumped core
environment: line 1: 3358571 Segmentation fault      timeout ${TIMEOUT}s "$WORKDIR/a.out" > "$TMP_OUT"
SEED=760847 
SEED is set to: 760847
SEED=177040 
SEED is set to: 177040
SEED=563715 
SEED is set to: 563715
SEED=117141 
SEED is set to: 117141
SEED=194738 
SEED is set to: 194738
SEED=213248 
SEED is set to: 213248
SEED=370782 
SEED is set to: 370782
SEED=407209 
SEED is set to: 407209
timeout: the monitored command dumped core
environment: line 1: 3358941 Segmentation fault      timeout ${TIMEOUT}s "$WORKDIR/a.out" > "$TMP_OUT"
SEED=285905 
SEED is set to: 285905
SEED=390896 
SEED is set to: 390896
SEED=500285 
SEED is set to: 500285
SEED=793947 
SEED is set to: 793947
SEED=842011 
SEED is set to: 842011
SEED=20487 
SEED is set to: 20487
timeout: the monitored command dumped core
environment: line 1: 3359224 Segmentation fault      timeout ${TIMEOUT}s "$WORKDIR/a.out" > "$TMP_OUT"
SEED=709230 
SEED is set to: 709230
SEED=760155 
SEED is set to: 760155
SEED=793990 
SEED is set to: 793990
SEED=974099 
SEED is set to: 974099
SEED=86704 
SEED is set to: 86704
timeout: the monitored command dumped core
environment: line 1: 3359401 Segmentation fault      timeout ${TIMEOUT}s "$WORKDIR/a.out" > "$TMP_OUT"
SEED=528255 
SEED is set to: 528255
SEED=534753 
SEED is set to: 534753
SEED=628966 
SEED is set to: 628966
SEED=167490 
SEED is set to: 167490
SEED=317207 
SEED is set to: 317207
SEED=512898 
SEED is set to: 512898
SEED=792466 
SEED is set to: 792466
SEED=162420 
SEED is set to: 162420
SEED=219203 
SEED is set to: 219203
SEED=666989 
SEED is set to: 666989
SEED=765087 
SEED is set to: 765087
SEED=913171 
SEED is set to: 913171
SEED=965050 
SEED is set to: 965050
SEED=321268 
SEED is set to: 321268
SEED=532602 
SEED is set to: 532602
SEED=995304 
SEED is set to: 995304
SEED=180341 
SEED is set to: 180341
timeout: the monitored command dumped core
environment: line 1: 3360239 Segmentation fault      timeout ${TIMEOUT}s "$WORKDIR/a.out" > "$TMP_OUT"
SEED=447386 
SEED is set to: 447386
SEED=468326 
SEED is set to: 468326
SEED=468489 
SEED is set to: 468489
SEED=532833 
SEED is set to: 532833
timeout: the monitored command dumped core
environment: line 1: 3360323 Segmentation fault      timeout ${TIMEOUT}s "$WORKDIR/a.out" > "$TMP_OUT"
SEED=778047 
SEED is set to: 778047
SEED=79492 
SEED is set to: 79492
SEED=736558 
SEED is set to: 736558
SEED=744850 
SEED is set to: 744850
SEED=27277 
SEED is set to: 27277
SEED=162255 
SEED is set to: 162255
SEED=242579 
SEED is set to: 242579
SEED=303367 
SEED is set to: 303367
timeout: the monitored command dumped core
environment: line 1: 3360729 Segmentation fault      timeout ${TIMEOUT}s "$WORKDIR/a.out" > "$TMP_OUT"
SEED=402518 
SEED is set to: 402518
SEED=572707 
SEED is set to: 572707
SEED=606553 
SEED is set to: 606553
SEED=707769 
SEED is set to: 707769
timeout: the monitored command dumped core
environment: line 1: 3360862 Segmentation fault      timeout ${TIMEOUT}s "$WORKDIR/a.out" > "$TMP_OUT"
timeout: the monitored command dumped core
environment: line 1: 3360874 Segmentation fault      timeout ${TIMEOUT}s "$WORKDIR/a.out" > "$TMP_OUT"
SEED=269318 
SEED is set to: 269318
SEED=320906 
SEED is set to: 320906
SEED=532932 
SEED is set to: 532932
SEED=706858 
SEED is set to: 706858
SEED=913084 
SEED is set to: 913084
SEED=50874 
SEED is set to: 50874
SEED=336918 
SEED is set to: 336918
SEED=463043 
SEED is set to: 463043
SEED=939607 
SEED is set to: 939607
SEED=985021 
SEED is set to: 985021
SEED=988868 
SEED is set to: 988868
timeout: the monitored command dumped core
environment: line 1: 3361499 Segmentation fault      timeout ${TIMEOUT}s "$WORKDIR/a.out" > "$TMP_OUT"
SEED=918734 
SEED is set to: 918734
SEED=179094 
SEED is set to: 179094
SEED=563640 
SEED is set to: 563640
SEED=691718 
SEED is set to: 691718
SEED=698727 
SEED is set to: 698727
SEED=889442 
SEED is set to: 889442
SEED=207099 
SEED is set to: 207099
SEED=356157 
SEED is set to: 356157
timeout: the monitored command dumped core
environment: line 1: 3361898 Segmentation fault      timeout ${TIMEOUT}s "$WORKDIR/a.out" > "$TMP_OUT"
SEED=579423 
SEED is set to: 579423
double free or corruption (out)
timeout: the monitored command dumped core
environment: line 1: 3361955 Aborted                 timeout ${TIMEOUT}s "$WORKDIR/a.out" > "$TMP_OUT"
SEED=165740 
SEED is set to: 165740
SEED=805562 
SEED is set to: 805562
SEED=132273 
SEED is set to: 132273
SEED=206693 
SEED is set to: 206693
SEED=269822 
SEED is set to: 269822
SEED=642203 
SEED is set to: 642203
timeout: the monitored command dumped core
environment: line 1: 3362249 Segmentation fault      timeout ${TIMEOUT}s "$WORKDIR/a.out" > "$TMP_OUT"
SEED=143886 
SEED is set to: 143886
SEED=441035 
SEED is set to: 441035
SEED=648523 
SEED is set to: 648523
SEED=761142 
SEED is set to: 761142
timeout: the monitored command dumped core
environment: line 1: 3362558 Segmentation fault      timeout ${TIMEOUT}s "$WORKDIR/a.out" > "$TMP_OUT"
SEED=313743 
SEED is set to: 313743
SEED=345711 
SEED is set to: 345711
SEED=990781 
SEED is set to: 990781
SEED=593806 
SEED is set to: 593806
SEED=631250 
SEED is set to: 631250
SEED=836055 
SEED is set to: 836055
timeout: the monitored command dumped core
environment: line 1: 3362937 Segmentation fault      timeout ${TIMEOUT}s "$WORKDIR/a.out" > "$TMP_OUT"
SEED=20858 
SEED is set to: 20858
SEED=522980 
SEED is set to: 522980
SEED=727469 
SEED is set to: 727469
SEED=858994 
SEED is set to: 858994
SEED=103061 
SEED is set to: 103061
SEED=356386 
SEED is set to: 356386
SEED=457903 
SEED is set to: 457903
timeout: the monitored command dumped core
environment: line 1: 3363306 Segmentation fault      timeout ${TIMEOUT}s "$WORKDIR/a.out" > "$TMP_OUT"
SEED=90334 
SEED is set to: 90334
SEED=223517 
SEED is set to: 223517
SEED=432944 
SEED is set to: 432944
SEED=893599 
SEED is set to: 893599
SEED=909606 
SEED is set to: 909606
SEED=400305 
SEED is set to: 400305
SEED=793253 
SEED is set to: 793253
SEED=167302 
SEED is set to: 167302
SEED=233729 
SEED is set to: 233729
SEED=376034 
SEED is set to: 376034
SEED=389192 
SEED is set to: 389192
SEED=561187 
SEED is set to: 561187
timeout: the monitored command dumped core
environment: line 1: 3363826 Segmentation fault      timeout ${TIMEOUT}s "$WORKDIR/a.out" > "$TMP_OUT"
SEED=773436 
SEED is set to: 773436
timeout: the monitored command dumped core
environment: line 1: 3363837 Segmentation fault      timeout ${TIMEOUT}s "$WORKDIR/a.out" > "$TMP_OUT"
SEED=935973 
SEED is set to: 935973
timeout: the monitored command dumped core
environment: line 1: 3363873 Segmentation fault      timeout ${TIMEOUT}s "$WORKDIR/a.out" > "$TMP_OUT"
SEED=710436 
SEED is set to: 710436
SEED=810575 
SEED is set to: 810575
SEED=964255 
SEED is set to: 964255
timeout: the monitored command dumped core
environment: line 1: 3364088 Segmentation fault      timeout ${TIMEOUT}s "$WORKDIR/a.out" > "$TMP_OUT"
SEED=248495 
SEED is set to: 248495
SEED=482430 
SEED is set to: 482430
timeout: the monitored command dumped core
environment: line 1: 3364159 Segmentation fault      timeout ${TIMEOUT}s "$WORKDIR/a.out" > "$TMP_OUT"
SEED=588772 
SEED is set to: 588772
timeout: the monitored command dumped core
environment: line 1: 3364274 Segmentation fault      timeout ${TIMEOUT}s "$WORKDIR/a.out" > "$TMP_OUT"
SEED=388581 
SEED is set to: 388581
SEED=681304 
SEED is set to: 681304
SEED=824554 
SEED is set to: 824554
SEED=842617 
SEED is set to: 842617
SEED=978337 
SEED is set to: 978337
SEED=103713 
SEED is set to: 103713
timeout: the monitored command dumped core
environment: line 1: 3364551 Segmentation fault      timeout ${TIMEOUT}s "$WORKDIR/a.out" > "$TMP_OUT"
SEED=482409 
SEED is set to: 482409
SEED=612134 
SEED is set to: 612134
SEED=189554 
SEED is set to: 189554
SEED=209060 
SEED is set to: 209060
SEED=340732 
SEED is set to: 340732
SEED=504762 
SEED is set to: 504762
SEED=539513 
SEED is set to: 539513
SEED=849287 
SEED is set to: 849287
SEED=568143 
SEED is set to: 568143
SEED=717751 
SEED is set to: 717751
SEED=857031 
SEED is set to: 857031
SEED=942124 
SEED is set to: 942124
SEED=34598 
SEED is set to: 34598
SEED=329274 
SEED is set to: 329274
SEED=652675 
SEED is set to: 652675
SEED=283426 
SEED is set to: 283426
SEED=358980 
SEED is set to: 358980
SEED=732527 
SEED is set to: 732527
SEED=844151 
SEED is set to: 844151
SEED=373928 
SEED is set to: 373928
SEED=492019 
SEED is set to: 492019
SEED=720875 
SEED is set to: 720875
SEED=439612 
SEED is set to: 439612
SEED=640234 
SEED is set to: 640234
SEED=937886 
SEED is set to: 937886
SEED=33621 
SEED is set to: 33621
SEED=266015 
SEED is set to: 266015
timeout: the monitored command dumped core
environment: line 1: 3365837 Segmentation fault      timeout ${TIMEOUT}s "$WORKDIR/a.out" > "$TMP_OUT"
SEED=727476 
SEED is set to: 727476
SEED=789151 
SEED is set to: 789151
SEED=885440 
SEED is set to: 885440
timeout: the monitored command dumped core
environment: line 1: 3365892 Segmentation fault      timeout ${TIMEOUT}s "$WORKDIR/a.out" > "$TMP_OUT"
SEED=451646 
SEED is set to: 451646
SEED=479955 
SEED is set to: 479955
SEED=882223 
SEED is set to: 882223
SEED=244531 
SEED is set to: 244531
SEED=402388 
SEED is set to: 402388
SEED=532768 
SEED is set to: 532768
SEED=691992 
SEED is set to: 691992
SEED=848451 
SEED is set to: 848451
SEED=444289 
SEED is set to: 444289
SEED=551486 
SEED is set to: 551486
SEED=903613 
SEED is set to: 903613
SEED=129116 
SEED is set to: 129116
SEED=194554 
SEED is set to: 194554
SEED=338332 
SEED is set to: 338332
SEED=339675 
SEED is set to: 339675
SEED=440545 
SEED is set to: 440545
timeout: the monitored command dumped core
environment: line 1: 3366593 Segmentation fault      timeout ${TIMEOUT}s "$WORKDIR/a.out" > "$TMP_OUT"
SEED=859132 
SEED is set to: 859132
SEED=318817 
SEED is set to: 318817
SEED=683864 
SEED is set to: 683864
SEED=17541 
SEED is set to: 17541
SEED=233565 
SEED is set to: 233565
SEED=427563 
SEED is set to: 427563
SEED=637296 
SEED is set to: 637296
SEED=861609 
SEED is set to: 861609
SEED=915075 
SEED is set to: 915075
timeout: the monitored command dumped core
environment: line 1: 3366891 Segmentation fault      timeout ${TIMEOUT}s "$WORKDIR/a.out" > "$TMP_OUT"
SEED=29440 
SEED is set to: 29440
timeout: the monitored command dumped core
environment: line 1: 3367037 Segmentation fault      timeout ${TIMEOUT}s "$WORKDIR/a.out" > "$TMP_OUT"
SEED=264736 
SEED is set to: 264736
SEED=832043 
SEED is set to: 832043
SEED=54064 
SEED is set to: 54064
SEED=56932 
SEED is set to: 56932
SEED=501738 
SEED is set to: 501738
SEED=716118 
SEED is set to: 716118
SEED=773854 
SEED is set to: 773854
SEED=795737 
SEED is set to: 795737
SEED=70010 
SEED is set to: 70010
SEED=302786 
SEED is set to: 302786
SEED=584525 
SEED is set to: 584525
SEED=588863 
SEED is set to: 588863
SEED=35104 
SEED is set to: 35104
SEED=255942 
SEED is set to: 255942
SEED=941172 
SEED is set to: 941172
SEED=233363 
SEED is set to: 233363
SEED=318731 
SEED is set to: 318731
SEED=558637 
SEED is set to: 558637
SEED=824363 
SEED is set to: 824363
SEED=834900 
SEED is set to: 834900
free(): invalid size
timeout: the monitored command dumped core
environment: line 1: 3368049 Aborted                 timeout ${TIMEOUT}s "$WORKDIR/a.out" > "$TMP_OUT"
SEED=297335 
SEED is set to: 297335
SEED=397484 
SEED is set to: 397484
timeout: the monitored command dumped core
environment: line 1: 3368116 Segmentation fault      timeout ${TIMEOUT}s "$WORKDIR/a.out" > "$TMP_OUT"
SEED=652211 
SEED is set to: 652211
SEED=104119 
SEED is set to: 104119
SEED=125159 
SEED is set to: 125159
SEED=461671 
SEED is set to: 461671
timeout: the monitored command dumped core
environment: line 1: 3368244 Segmentation fault      timeout ${TIMEOUT}s "$WORKDIR/a.out" > "$TMP_OUT"
SEED=728255 
SEED is set to: 728255
SEED=318594 
SEED is set to: 318594
SEED=664987 
SEED is set to: 664987
SEED=827278 
SEED is set to: 827278
SEED=17442 
SEED is set to: 17442
SEED=341254 
SEED is set to: 341254
SEED=591754 
SEED is set to: 591754
SEED=648321 
SEED is set to: 648321
SEED=208711 
SEED is set to: 208711
SEED=257762 
SEED is set to: 257762
SEED=487999 
SEED is set to: 487999
SEED=713869 
SEED is set to: 713869
timeout: the monitored command dumped core
environment: line 1: 3368934 Segmentation fault      timeout ${TIMEOUT}s "$WORKDIR/a.out" > "$TMP_OUT"
timeout: the monitored command dumped core
environment: line 1: 3368948 Segmentation fault      timeout ${TIMEOUT}s "$WORKDIR/a.out" > "$TMP_OUT"
SEED=254298 
SEED is set to: 254298
timeout: the monitored command dumped core
environment: line 1: 3369067 Segmentation fault      timeout ${TIMEOUT}s "$WORKDIR/a.out" > "$TMP_OUT"
SEED=644219 
SEED is set to: 644219
SEED=735329 
SEED is set to: 735329
SEED=221975 
SEED is set to: 221975
SEED=340571 
SEED is set to: 340571
SEED=387184 
SEED is set to: 387184
SEED=417217 
SEED is set to: 417217
timeout: the monitored command dumped core
environment: line 1: 3369292 Segmentation fault      timeout ${TIMEOUT}s "$WORKDIR/a.out" > "$TMP_OUT"
SEED=795998 
SEED is set to: 795998
SEED=985983 
SEED is set to: 985983
SEED=732083 
SEED is set to: 732083
SEED=924380 
SEED is set to: 924380
SEED=213162 
SEED is set to: 213162
SEED=453213 
SEED is set to: 453213
SEED=234146 
SEED is set to: 234146
SEED=428311 
SEED is set to: 428311
SEED=655339 
SEED is set to: 655339
SEED=696058 
SEED is set to: 696058
SEED=781115 
SEED is set to: 781115
SEED=104436 
SEED is set to: 104436
timeout: the monitored command dumped core
environment: line 1: 3369933 Floating point exceptiontimeout ${TIMEOUT}s "$WORKDIR/a.out" > "$TMP_OUT"
SEED=477880 
SEED is set to: 477880
SEED=538375 
SEED is set to: 538375
SEED=73018 
SEED is set to: 73018
SEED=86030 
SEED is set to: 86030
SEED=864169 
SEED is set to: 864169
SEED=912118 
SEED is set to: 912118
SEED=162034 
SEED is set to: 162034
SEED=355051 
SEED is set to: 355051
SEED=637030 
SEED is set to: 637030
SEED=236514 
SEED is set to: 236514
SEED=403155 
SEED is set to: 403155
SEED=903913 
SEED is set to: 903913
malloc(): corrupted top size
timeout: the monitored command dumped core
environment: line 1: 3370646 Aborted                 timeout ${TIMEOUT}s "$WORKDIR/a.out" > "$TMP_OUT"
SEED=403644 
SEED is set to: 403644
SEED=778345 
SEED is set to: 778345
SEED=909503 
SEED is set to: 909503
SEED=31297 
SEED is set to: 31297
SEED=204676 
SEED is set to: 204676
SEED=313581 
SEED is set to: 313581
SEED=857945 
SEED is set to: 857945
SEED=44211 
SEED is set to: 44211
timeout: the monitored command dumped core
environment: line 1: 3371049 Floating point exceptiontimeout ${TIMEOUT}s "$WORKDIR/a.out" > "$TMP_OUT"
SEED=525314 
SEED is set to: 525314
SEED=632073 
SEED is set to: 632073
SEED=924744 
SEED is set to: 924744
SEED=970758 
SEED is set to: 970758
timeout: the monitored command dumped core
environment: line 1: 3371124 Segmentation fault      timeout ${TIMEOUT}s "$WORKDIR/a.out" > "$TMP_OUT"
SEED=192803 
SEED is set to: 192803
SEED=440474 
SEED is set to: 440474
SEED=530832 
SEED is set to: 530832
SEED=775001 
SEED is set to: 775001
timeout: the monitored command dumped core
environment: line 1: 3371383 Segmentation fault      timeout ${TIMEOUT}s "$WORKDIR/a.out" > "$TMP_OUT"
SEED=612465 
SEED is set to: 612465
SEED=696932 
SEED is set to: 696932
SEED=853212 
SEED is set to: 853212
SEED=978152 
SEED is set to: 978152
SEED=411966 
SEED is set to: 411966
SEED=974360 
SEED is set to: 974360
SEED=221288 
SEED is set to: 221288
timeout: the monitored command dumped core
environment: line 1: 3371806 Floating point exceptiontimeout ${TIMEOUT}s "$WORKDIR/a.out" > "$TMP_OUT"
SEED=462754 
SEED is set to: 462754
SEED=660229 
SEED is set to: 660229
SEED=684389 
SEED is set to: 684389
timeout: the monitored command dumped core
environment: line 1: 3371848 Segmentation fault      timeout ${TIMEOUT}s "$WORKDIR/a.out" > "$TMP_OUT"
SEED=925187 
SEED is set to: 925187
SEED=21304 
SEED is set to: 21304
SEED=579210 
SEED is set to: 579210
SEED=153394 
SEED is set to: 153394
SEED=323752 
SEED is set to: 323752
SEED=431788 
SEED is set to: 431788
timeout: the monitored command dumped core
environment: line 1: 3372280 Segmentation fault      timeout ${TIMEOUT}s "$WORKDIR/a.out" > "$TMP_OUT"
SEED=758685 
SEED is set to: 758685
timeout: the monitored command dumped core
environment: line 1: 3372322 Segmentation fault      timeout ${TIMEOUT}s "$WORKDIR/a.out" > "$TMP_OUT"
SEED=125637 
SEED is set to: 125637
SEED=392973 
SEED is set to: 392973
SEED=607723 
SEED is set to: 607723
SEED=116320 
SEED is set to: 116320
SEED=863992 
SEED is set to: 863992
SEED=206746 
SEED is set to: 206746
SEED=255253 
SEED is set to: 255253
SEED=419788 
SEED is set to: 419788
timeout: the monitored command dumped core
environment: line 1: 3372695 Segmentation fault      timeout ${TIMEOUT}s "$WORKDIR/a.out" > "$TMP_OUT"
SEED=539795 
SEED is set to: 539795
timeout: the monitored command dumped core
environment: line 1: 3372698 Segmentation fault      timeout ${TIMEOUT}s "$WORKDIR/a.out" > "$TMP_OUT"
SEED=261229 
SEED is set to: 261229
SEED=261471 
SEED is set to: 261471
SEED=693245 
SEED is set to: 693245
SEED=903430 
SEED is set to: 903430
SEED=918023 
SEED is set to: 918023
SEED=784980 
SEED is set to: 784980
SEED=948494 
SEED is set to: 948494
SEED=48377 
SEED is set to: 48377
SEED=573228 
SEED is set to: 573228
SEED=654158 
SEED is set to: 654158
SEED=781465 
SEED is set to: 781465
SEED=975810 
SEED is set to: 975810
SEED=50858 
SEED is set to: 50858
SEED=553771 
SEED is set to: 553771
SEED=719258 
SEED is set to: 719258
SEED=21354 
SEED is set to: 21354
SEED=332139 
SEED is set to: 332139
SEED=370891 
SEED is set to: 370891
SEED=497922 
SEED is set to: 497922
SEED=764820 
SEED is set to: 764820
SEED=892799 
SEED is set to: 892799
SEED=194433 
SEED is set to: 194433
SEED=470 
SEED is set to: 470
SEED=148013 
SEED is set to: 148013
SEED=263176 
SEED is set to: 263176
SEED=628860 
SEED is set to: 628860
SEED=662756 
SEED is set to: 662756
SEED=665019 
SEED is set to: 665019
SEED=24092 
SEED is set to: 24092
timeout: the monitored command dumped core
environment: line 1: 3374196 Segmentation fault      timeout ${TIMEOUT}s "$WORKDIR/a.out" > "$TMP_OUT"
SEED=259467 
SEED is set to: 259467
SEED=399350 
SEED is set to: 399350
SEED=608158 
SEED is set to: 608158
SEED=745649 
SEED is set to: 745649
SEED=161597 
SEED is set to: 161597
SEED=229071 
SEED is set to: 229071
timeout: the monitored command dumped core
environment: line 1: 3374461 Segmentation fault      timeout ${TIMEOUT}s "$WORKDIR/a.out" > "$TMP_OUT"
SEED=540313 
SEED is set to: 540313
SEED=608299 
SEED is set to: 608299
SEED=115702 
SEED is set to: 115702
SEED=24876 
SEED is set to: 24876
SEED=90902 
SEED is set to: 90902
SEED=261326 
SEED is set to: 261326
SEED=401230 
SEED is set to: 401230
SEED=415569 
SEED is set to: 415569
SEED=635537 
SEED is set to: 635537
SEED=2406 
SEED is set to: 2406
SEED=607558 
SEED is set to: 607558
SEED=629469 
SEED is set to: 629469
SEED=881340 
SEED is set to: 881340
SEED=94809 
SEED is set to: 94809
SEED=190550 
SEED is set to: 190550
SEED=365712 
SEED is set to: 365712
SEED=452589 
SEED is set to: 452589
SEED=546992 
SEED is set to: 546992
SEED=732118 
SEED is set to: 732118
SEED=974451 
SEED is set to: 974451
SEED=403373 
SEED is set to: 403373
timeout: the monitored command dumped core
environment: line 1: 3375415 Segmentation fault      timeout ${TIMEOUT}s "$WORKDIR/a.out" > "$TMP_OUT"
SEED=707588 
SEED is set to: 707588
SEED=788502 
SEED is set to: 788502
SEED=952420 
SEED is set to: 952420
timeout: the monitored command dumped core
environment: line 1: 3375461 Segmentation fault      timeout ${TIMEOUT}s "$WORKDIR/a.out" > "$TMP_OUT"
SEED=677025 
SEED is set to: 677025
timeout: the monitored command dumped core
environment: line 1: 3375642 Segmentation fault      timeout ${TIMEOUT}s "$WORKDIR/a.out" > "$TMP_OUT"
SEED=12237 
SEED is set to: 12237
timeout: the monitored command dumped core
environment: line 1: 3375690 Segmentation fault      timeout ${TIMEOUT}s "$WORKDIR/a.out" > "$TMP_OUT"
SEED=101073 
SEED is set to: 101073
SEED=281124 
SEED is set to: 281124
SEED=384295 
SEED is set to: 384295
SEED=409277 
SEED is set to: 409277
SEED=514827 
SEED is set to: 514827
timeout: the monitored command dumped core
environment: line 1: 3375802 Floating point exceptiontimeout ${TIMEOUT}s "$WORKDIR/a.out" > "$TMP_OUT"
SEED=525979 
SEED is set to: 525979
SEED=363321 
SEED is set to: 363321
SEED=627220 
SEED is set to: 627220
SEED=312620 
SEED is set to: 312620
SEED=177620 
SEED is set to: 177620
SEED=507589 
SEED is set to: 507589
timeout: the monitored command dumped core
environment: line 1: 3376261 Segmentation fault      timeout ${TIMEOUT}s "$WORKDIR/a.out" > "$TMP_OUT"
SEED=896437 
SEED is set to: 896437
SEED=104646 
SEED is set to: 104646
SEED=324752 
SEED is set to: 324752
timeout: the monitored command dumped core
environment: line 1: 3376417 Segmentation fault      timeout ${TIMEOUT}s "$WORKDIR/a.out" > "$TMP_OUT"
SEED=523824 
SEED is set to: 523824
SEED=552239 
SEED is set to: 552239
timeout: the monitored command dumped core
environment: line 1: 3376497 Segmentation fault      timeout ${TIMEOUT}s "$WORKDIR/a.out" > "$TMP_OUT"
SEED=684563 
SEED is set to: 684563
timeout: the monitored command dumped core
environment: line 1: 3376538 Segmentation fault      timeout ${TIMEOUT}s "$WORKDIR/a.out" > "$TMP_OUT"
SEED=172823 
SEED is set to: 172823
SEED=282013 
SEED is set to: 282013
timeout: the monitored command dumped core
environment: line 1: 3376624 Segmentation fault      timeout ${TIMEOUT}s "$WORKDIR/a.out" > "$TMP_OUT"
SEED=645685 
SEED is set to: 645685
SEED=823701 
SEED is set to: 823701
SEED=220959 
SEED is set to: 220959
SEED=450096 
SEED is set to: 450096
timeout: the monitored command dumped core
environment: line 1: 3376836 Segmentation fault      timeout ${TIMEOUT}s "$WORKDIR/a.out" > "$TMP_OUT"
SEED=806618 
SEED is set to: 806618
SEED=75922 
SEED is set to: 75922
SEED=169818 
SEED is set to: 169818
SEED=259221 
SEED is set to: 259221
SEED=387765 
SEED is set to: 387765
timeout: the monitored command dumped core
environment: line 1: 3377085 Segmentation fault      timeout ${TIMEOUT}s "$WORKDIR/a.out" > "$TMP_OUT"
SEED=815036 
SEED is set to: 815036
SEED=987091 
SEED is set to: 987091
SEED=348740 
SEED is set to: 348740
SEED=619966 
SEED is set to: 619966
SEED=625298 
SEED is set to: 625298
SEED=710265 
SEED is set to: 710265
SEED=906826 
SEED is set to: 906826
timeout: the monitored command dumped core
environment: line 1: 3377393 Segmentation fault      timeout ${TIMEOUT}s "$WORKDIR/a.out" > "$TMP_OUT"
SEED=303254 
SEED is set to: 303254
SEED=688193 
SEED is set to: 688193
SEED=796026 
SEED is set to: 796026
SEED=958879 
SEED is set to: 958879
SEED=475672 
SEED is set to: 475672
SEED=988346 
SEED is set to: 988346
SEED=234690 
SEED is set to: 234690
SEED=244464 
SEED is set to: 244464
SEED=565625 
SEED is set to: 565625
SEED=755450 
SEED is set to: 755450
SEED=759645 
SEED is set to: 759645
SEED=41578 
SEED is set to: 41578
SEED=506792 
SEED is set to: 506792
SEED=617405 
SEED is set to: 617405
SEED=290710 
SEED is set to: 290710
SEED=394699 
SEED is set to: 394699
SEED=793084 
SEED is set to: 793084
timeout: the monitored command dumped core
environment: line 1: 3378331 Segmentation fault      timeout ${TIMEOUT}s "$WORKDIR/a.out" > "$TMP_OUT"
SEED=920848 
SEED is set to: 920848
SEED=966884 
SEED is set to: 966884
SEED=563644 
SEED is set to: 563644
SEED=772839 
SEED is set to: 772839
SEED=847239 
SEED is set to: 847239
timeout: the monitored command dumped core
environment: line 1: 3378477 Segmentation fault      timeout ${TIMEOUT}s "$WORKDIR/a.out" > "$TMP_OUT"
SEED=46066 
SEED is set to: 46066
timeout: the monitored command dumped core
environment: line 1: 3378526 Segmentation fault      timeout ${TIMEOUT}s "$WORKDIR/a.out" > "$TMP_OUT"
SEED=533210 
SEED is set to: 533210
SEED=586622 
SEED is set to: 586622
SEED=604738 
SEED is set to: 604738
SEED=659393 
SEED is set to: 659393
SEED=672826 
SEED is set to: 672826
SEED=41495 
SEED is set to: 41495
SEED=508008 
SEED is set to: 508008
SEED=734012 
SEED is set to: 734012
SEED=7592 
SEED is set to: 7592
SEED=154748 
SEED is set to: 154748
SEED=157423 
SEED is set to: 157423
SEED=176294 
SEED is set to: 176294
SEED=571460 
SEED is set to: 571460
SEED=44862 
SEED is set to: 44862
SEED=175568 
SEED is set to: 175568
SEED=448838 
SEED is set to: 448838
SEED=640707 
SEED is set to: 640707
SEED=647422 
SEED is set to: 647422
timeout: the monitored command dumped core
environment: line 1: 3379424 Segmentation fault      timeout ${TIMEOUT}s "$WORKDIR/a.out" > "$TMP_OUT"
SEED=692943 
SEED is set to: 692943
SEED=747681 
SEED is set to: 747681
SEED=945191 
SEED is set to: 945191
SEED=431298 
SEED is set to: 431298
SEED=867203 
SEED is set to: 867203
SEED=152210 
SEED is set to: 152210
timeout: the monitored command dumped core
environment: line 1: 3379873 Segmentation fault      timeout ${TIMEOUT}s "$WORKDIR/a.out" > "$TMP_OUT"
timeout: the monitored command dumped core
environment: line 1: 3379822 Segmentation fault      timeout ${TIMEOUT}s "$WORKDIR/a.out" > "$TMP_OUT"
SEED=395433 
SEED is set to: 395433
SEED=467797 
SEED is set to: 467797
SEED=665013 
SEED is set to: 665013
SEED=828277 
SEED is set to: 828277
SEED=878606 
SEED is set to: 878606
SEED=27055 
SEED is set to: 27055
SEED=227695 
SEED is set to: 227695
SEED=376948 
SEED is set to: 376948
SEED=535696 
SEED is set to: 535696
SEED=607314 
SEED is set to: 607314
SEED=796816 
SEED is set to: 796816
timeout: the monitored command dumped core
environment: line 1: 3380520 Segmentation fault      timeout ${TIMEOUT}s "$WORKDIR/a.out" > "$TMP_OUT"
SEED=222644 
SEED is set to: 222644
SEED=854193 
SEED is set to: 854193
SEED=984754 
SEED is set to: 984754
SEED=510435 
SEED is set to: 510435
SEED=635765 
SEED is set to: 635765
SEED=903224 
SEED is set to: 903224
SEED=8342 
SEED is set to: 8342
SEED=228454 
SEED is set to: 228454
SEED=311998 
SEED is set to: 311998
SEED=504175 
SEED is set to: 504175
timeout: the monitored command dumped core
environment: line 1: 3381018 Segmentation fault      timeout ${TIMEOUT}s "$WORKDIR/a.out" > "$TMP_OUT"
SEED=198672 
SEED is set to: 198672
SEED=516674 
SEED is set to: 516674
timeout: the monitored command dumped core
environment: line 1: 3381242 Segmentation fault      timeout ${TIMEOUT}s "$WORKDIR/a.out" > "$TMP_OUT"
SEED=695586 
SEED is set to: 695586
SEED=745357 
SEED is set to: 745357
SEED=910578 
SEED is set to: 910578
SEED=680289 
SEED is set to: 680289
SEED=767409 
SEED is set to: 767409
timeout: the monitored command dumped core
environment: line 1: 3381471 Segmentation fault      timeout ${TIMEOUT}s "$WORKDIR/a.out" > "$TMP_OUT"
SEED=92894 
SEED is set to: 92894
SEED=199966 
SEED is set to: 199966
SEED=461224 
SEED is set to: 461224
SEED=655702 
SEED is set to: 655702
SEED=667982 
SEED is set to: 667982
SEED=720755 
SEED is set to: 720755
SEED=758473 
SEED is set to: 758473
timeout: the monitored command dumped core
environment: line 1: 3381774 Segmentation fault      timeout ${TIMEOUT}s "$WORKDIR/a.out" > "$TMP_OUT"
timeout: the monitored command dumped core
environment: line 1: 3381782 Segmentation fault      timeout ${TIMEOUT}s "$WORKDIR/a.out" > "$TMP_OUT"
SEED=115471 
SEED is set to: 115471
SEED=211054 
SEED is set to: 211054
SEED=932034 
SEED is set to: 932034
SEED=202394 
SEED is set to: 202394
SEED=300301 
SEED is set to: 300301
SEED=431796 
SEED is set to: 431796
SEED=460391 
SEED is set to: 460391
SEED=637256 
SEED is set to: 637256
timeout: the monitored command dumped core
environment: line 1: 3382154 Segmentation fault      timeout ${TIMEOUT}s "$WORKDIR/a.out" > "$TMP_OUT"
SEED=544814 
SEED is set to: 544814
SEED=565223 
SEED is set to: 565223
SEED=615110 
SEED is set to: 615110
SEED=795330 
SEED is set to: 795330
SEED=967861 
SEED is set to: 967861
SEED=167681 
SEED is set to: 167681
SEED=990383 
SEED is set to: 990383
SEED=180185 
SEED is set to: 180185
SEED=945812 
SEED is set to: 945812
SEED=358321 
SEED is set to: 358321
SEED=377479 
SEED is set to: 377479
SEED=429442 
SEED is set to: 429442
SEED=571126 
SEED is set to: 571126
timeout: the monitored command dumped core
environment: line 1: 3382832 Segmentation fault      timeout ${TIMEOUT}s "$WORKDIR/a.out" > "$TMP_OUT"
SEED=770678 
SEED is set to: 770678
SEED=827519 
SEED is set to: 827519
timeout: the monitored command dumped core
environment: line 1: 3382975 Segmentation fault      timeout ${TIMEOUT}s "$WORKDIR/a.out" > "$TMP_OUT"
SEED=207743 
SEED is set to: 207743
SEED=467129 
SEED is set to: 467129
timeout: the monitored command dumped core
environment: line 1: 3383102 Segmentation fault      timeout ${TIMEOUT}s "$WORKDIR/a.out" > "$TMP_OUT"
SEED=726494 
SEED is set to: 726494
SEED=147813 
SEED is set to: 147813
SEED=265268 
SEED is set to: 265268
SEED=645683 
SEED is set to: 645683
SEED=961738 
SEED is set to: 961738
SEED=237903 
SEED is set to: 237903
SEED=265420 
SEED is set to: 265420
SEED=703776 
SEED is set to: 703776
SEED=844303 
SEED is set to: 844303
SEED=909791 
SEED is set to: 909791
SEED=994288 
SEED is set to: 994288
SEED=857744 
SEED is set to: 857744
SEED=209830 
SEED is set to: 209830
SEED=434686 
SEED is set to: 434686
SEED=459729 
SEED=459729 
SEED is set to: 459729
SEED is set to: 459729
SEED=868585 
SEED is set to: 868585
SEED=135284 
SEED is set to: 135284
SEED=380026 
SEED is set to: 380026
SEED=689790 
SEED is set to: 689790
timeout: the monitored command dumped core
environment: line 1: 3383993 Segmentation fault      timeout ${TIMEOUT}s "$WORKDIR/a.out" > "$TMP_OUT"
SEED=949073 
SEED is set to: 949073
SEED=85012 
SEED is set to: 85012
SEED=237157 
SEED is set to: 237157
SEED=465207 
SEED is set to: 465207
SEED=964420 
SEED is set to: 964420
SEED=988950 
SEED is set to: 988950
SEED=991347 
SEED is set to: 991347
SEED=163263 
SEED is set to: 163263
SEED=485968 
SEED is set to: 485968
SEED=885254 
SEED is set to: 885254
SEED=209 
SEED is set to: 209
SEED=213259 
SEED is set to: 213259
SEED=391136 
SEED is set to: 391136
SEED=540827 
SEED is set to: 540827
SEED=555227 
SEED is set to: 555227
SEED=568503 
SEED is set to: 568503
timeout: the monitored command dumped core
environment: line 1: 3384638 Segmentation fault      timeout ${TIMEOUT}s "$WORKDIR/a.out" > "$TMP_OUT"
SEED=166078 
SEED is set to: 166078
timeout: the monitored command dumped core
environment: line 1: 3384732 Segmentation fault      timeout ${TIMEOUT}s "$WORKDIR/a.out" > "$TMP_OUT"
SEED=725003 
SEED is set to: 725003
SEED=944334 
SEED is set to: 944334
timeout: the monitored command dumped core
environment: line 1: 3384858 Segmentation fault      timeout ${TIMEOUT}s "$WORKDIR/a.out" > "$TMP_OUT"
SEED=990579 
SEED is set to: 990579
timeout: the monitored command dumped core
environment: line 1: 3384933 Segmentation fault      timeout ${TIMEOUT}s "$WORKDIR/a.out" > "$TMP_OUT"
SEED=387435 
SEED is set to: 387435
SEED=629128 
SEED is set to: 629128
SEED=895109 
SEED is set to: 895109
SEED=943302 
SEED is set to: 943302
timeout: the monitored command dumped core
environment: line 1: 3385016 Segmentation fault      timeout ${TIMEOUT}s "$WORKDIR/a.out" > "$TMP_OUT"
SEED=484032 
SEED is set to: 484032
SEED=498076 
SEED is set to: 498076
timeout: the monitored command dumped core
environment: line 1: 3385126 Segmentation fault      timeout ${TIMEOUT}s "$WORKDIR/a.out" > "$TMP_OUT"
SEED=26858 
SEED is set to: 26858
SEED=35555 
SEED is set to: 35555
timeout: the monitored command dumped core
environment: line 1: 3385256 Segmentation fault      timeout ${TIMEOUT}s "$WORKDIR/a.out" > "$TMP_OUT"
SEED=615860 
SEED is set to: 615860
SEED=100858 
SEED is set to: 100858
SEED=337255 
SEED is set to: 337255
SEED=392400 
SEED is set to: 392400
SEED=434827 
SEED is set to: 434827
timeout: the monitored command dumped core
environment: line 1: 3385533 Segmentation fault      timeout ${TIMEOUT}s "$WORKDIR/a.out" > "$TMP_OUT"
SEED=32002 
SEED is set to: 32002
SEED=154369 
SEED is set to: 154369
SEED=632597 
SEED is set to: 632597
SEED=838627 
SEED is set to: 838627
SEED=932620 
SEED is set to: 932620
SEED=936899 
SEED is set to: 936899
SEED=238018 
SEED is set to: 238018
SEED=240735 
SEED is set to: 240735
SEED=402583 
SEED is set to: 402583
SEED=454648 
SEED is set to: 454648
SEED=530810 
SEED is set to: 530810
SEED=593992 
SEED is set to: 593992
SEED=767539 
SEED is set to: 767539
SEED=913828 
SEED is set to: 913828
SEED=250578 
SEED is set to: 250578
SEED=476506 
SEED is set to: 476506
SEED=61630 
SEED is set to: 61630
SEED=63474 
SEED is set to: 63474
SEED=183250 
SEED is set to: 183250
timeout: the monitored command dumped core
environment: line 1: 3386421 Segmentation fault      timeout ${TIMEOUT}s "$WORKDIR/a.out" > "$TMP_OUT"
timeout: the monitored command dumped core
environment: line 1: 3386385 Segmentation fault      timeout ${TIMEOUT}s "$WORKDIR/a.out" > "$TMP_OUT"
SEED=538421 
SEED is set to: 538421
SEED=108149 
SEED is set to: 108149
SEED=143817 
SEED is set to: 143817
SEED=285944 
SEED is set to: 285944
timeout: the monitored command dumped core
environment: line 1: 3386586 Segmentation fault      timeout ${TIMEOUT}s "$WORKDIR/a.out" > "$TMP_OUT"
SEED=818787 
SEED is set to: 818787
SEED=889557 
SEED is set to: 889557
SEED=20266 
SEED is set to: 20266
SEED=209804 
SEED is set to: 209804
SEED=236302 
SEED is set to: 236302
SEED=250307 
SEED is set to: 250307
SEED=547023 
SEED is set to: 547023
timeout: the monitored command dumped core
environment: line 1: 3386979 Segmentation fault      timeout ${TIMEOUT}s "$WORKDIR/a.out" > "$TMP_OUT"
SEED=713623 
SEED is set to: 713623
SEED=198395 
SEED is set to: 198395
SEED=669630 
SEED is set to: 669630
SEED=766951 
SEED is set to: 766951
SEED=918899 
SEED is set to: 918899
SEED=369389 
SEED is set to: 369389
SEED=32337 
SEED is set to: 32337
SEED=72506 
SEED is set to: 72506
SEED=281726 
SEED is set to: 281726
SEED=378856 
SEED is set to: 378856
SEED=602394 
SEED is set to: 602394
SEED=947073 
SEED is set to: 947073
SEED=526392 
SEED is set to: 526392
SEED=569119 
SEED is set to: 569119
SEED=796 
SEED is set to: 796
SEED=286092 
SEED is set to: 286092
timeout: the monitored command dumped core
environment: line 1: 3387890 Segmentation fault      timeout ${TIMEOUT}s "$WORKDIR/a.out" > "$TMP_OUT"
SEED=447572 
SEED is set to: 447572
SEED=623784 
SEED is set to: 623784
timeout: the monitored command dumped core
environment: line 1: 3387935 Segmentation fault      timeout ${TIMEOUT}s "$WORKDIR/a.out" > "$TMP_OUT"
SEED=998120 
SEED is set to: 998120
SEED=527652 
SEED is set to: 527652
SEED=800577 
SEED is set to: 800577
SEED=917972 
SEED is set to: 917972
SEED=69660 
SEED is set to: 69660
SEED=413242 
SEED is set to: 413242
SEED=594597 
SEED is set to: 594597
timeout: the monitored command dumped core
environment: line 1: 3388440 Segmentation fault      timeout ${TIMEOUT}s "$WORKDIR/a.out" > "$TMP_OUT"
SEED=35923 
SEED is set to: 35923
SEED=372991 
SEED is set to: 372991
timeout: the monitored command dumped core
environment: line 1: 3388488 Segmentation fault      timeout ${TIMEOUT}s "$WORKDIR/a.out" > "$TMP_OUT"
SEED=546479 
SEED is set to: 546479
SEED=880977 
SEED is set to: 880977
SEED=770798 
SEED is set to: 770798
SEED=779772 
SEED is set to: 779772
SEED=147412 
SEED is set to: 147412
SEED=504718 
SEED is set to: 504718
SEED=784905 
SEED is set to: 784905
SEED=871264 
SEED is set to: 871264
SEED=174715 
SEED is set to: 174715
SEED=741820 
SEED is set to: 741820
SEED=618556 
SEED is set to: 618556
SEED=651519 
SEED is set to: 651519
timeout: the monitored command dumped core
environment: line 1: 3389342 Segmentation fault      timeout ${TIMEOUT}s "$WORKDIR/a.out" > "$TMP_OUT"
SEED=275676 
SEED is set to: 275676
SEED=404060 
SEED is set to: 404060
SEED=121888 
SEED is set to: 121888
SEED=212208 
SEED is set to: 212208
SEED=781157 
SEED is set to: 781157
SEED=871396 
SEED is set to: 871396
SEED=89426 
SEED is set to: 89426
SEED=135775 
SEED is set to: 135775
timeout: the monitored command dumped core
environment: line 1: 3389729 Segmentation fault      timeout ${TIMEOUT}s "$WORKDIR/a.out" > "$TMP_OUT"
SEED=353618 
SEED is set to: 353618
SEED=473507 
SEED is set to: 473507
SEED=614131 
SEED is set to: 614131
SEED=711799 
SEED is set to: 711799
SEED=762387 
SEED is set to: 762387
SEED=817986 
SEED is set to: 817986
SEED=878059 
SEED is set to: 878059
SEED=912481 
SEED is set to: 912481
timeout: the monitored command dumped core
environment: line 1: 3390199 Segmentation fault      timeout ${TIMEOUT}s "$WORKDIR/a.out" > "$TMP_OUT"
SEED=649902 
SEED is set to: 649902
SEED=109156 
SEED is set to: 109156
SEED=119764 
SEED is set to: 119764
SEED=289541 
SEED is set to: 289541
SEED=343191 
SEED is set to: 343191
SEED=393839 
SEED is set to: 393839
SEED=565747 
SEED is set to: 565747
timeout: the monitored command dumped core
environment: line 1: 3390484 Segmentation fault      timeout ${TIMEOUT}s "$WORKDIR/a.out" > "$TMP_OUT"
SEED=798559 
SEED is set to: 798559
SEED=331392 
SEED is set to: 331392
SEED=664088 
SEED is set to: 664088
SEED=673601 
SEED is set to: 673601
SEED=781217 
SEED is set to: 781217
SEED=682569 
SEED is set to: 682569
SEED=278787 
SEED is set to: 278787
SEED=291725 
SEED is set to: 291725
SEED=422937 
SEED is set to: 422937
SEED=431690 
SEED is set to: 431690
timeout: the monitored command dumped core
environment: line 1: 3390993 Segmentation fault      timeout ${TIMEOUT}s "$WORKDIR/a.out" > "$TMP_OUT"
SEED=590368 
SEED is set to: 590368
*** stack smashing detected ***: terminated
timeout: the monitored command dumped core
environment: line 1: 3391094 Aborted                 timeout ${TIMEOUT}s "$WORKDIR/a.out" > "$TMP_OUT"
SEED=934946 
SEED is set to: 934946
SEED=169130 
SEED is set to: 169130
timeout: the monitored command dumped core
environment: line 1: 3391161 Segmentation fault      timeout ${TIMEOUT}s "$WORKDIR/a.out" > "$TMP_OUT"
SEED=838468 
SEED is set to: 838468
SEED=938952 
SEED is set to: 938952
SEED=961212 
SEED is set to: 961212
SEED=585267 
SEED is set to: 585267
SEED=810984 
SEED is set to: 810984
SEED=813117 
SEED is set to: 813117
timeout: the monitored command dumped core
environment: line 1: 3391444 Segmentation fault      timeout ${TIMEOUT}s "$WORKDIR/a.out" > "$TMP_OUT"
SEED=373082 
SEED is set to: 373082
SEED=377535 
SEED is set to: 377535
SEED=458788 
SEED is set to: 458788
timeout: the monitored command dumped core
environment: line 1: 3391560 Segmentation fault      timeout ${TIMEOUT}s "$WORKDIR/a.out" > "$TMP_OUT"
SEED=74824 
SEED is set to: 74824
timeout: the monitored command dumped core
environment: line 1: 3391707 Floating point exceptiontimeout ${TIMEOUT}s "$WORKDIR/a.out" > "$TMP_OUT"
SEED=214771 
SEED is set to: 214771
SEED=297234 
SEED is set to: 297234
SEED=762482 
SEED is set to: 762482
SEED=926177 
SEED is set to: 926177
SEED=945392 
SEED is set to: 945392
timeout: the monitored command dumped core
environment: line 1: 3391875 Segmentation fault      timeout ${TIMEOUT}s "$WORKDIR/a.out" > "$TMP_OUT"
SEED=373736 
SEED is set to: 373736
SEED=584945 
SEED is set to: 584945
SEED=739888 
SEED is set to: 739888
SEED=880162 
SEED is set to: 880162
SEED=313497 
SEED is set to: 313497
SEED=584429 
SEED is set to: 584429
SEED=606796 
SEED is set to: 606796
SEED=640039 
SEED is set to: 640039
SEED=299221 
SEED is set to: 299221
SEED=535927 
SEED is set to: 535927
SEED=706796 
SEED is set to: 706796
timeout: the monitored command dumped core
environment: line 1: 3392394 Segmentation fault      timeout ${TIMEOUT}s "$WORKDIR/a.out" > "$TMP_OUT"
SEED=69423 
SEED is set to: 69423
SEED=162638 
SEED is set to: 162638
SEED=176488 
SEED is set to: 176488
timeout: the monitored command dumped core
environment: line 1: 3392447 Segmentation fault      timeout ${TIMEOUT}s "$WORKDIR/a.out" > "$TMP_OUT"
SEED=625778 
SEED is set to: 625778
SEED=834119 
SEED is set to: 834119
SEED=861008 
SEED is set to: 861008
SEED=622873 
SEED is set to: 622873
SEED=746458 
SEED is set to: 746458
timeout: the monitored command dumped core
environment: line 1: 3392705 Segmentation fault      timeout ${TIMEOUT}s "$WORKDIR/a.out" > "$TMP_OUT"
SEED=82502 
SEED is set to: 82502
SEED=104722 
SEED is set to: 104722
SEED=587632 
SEED is set to: 587632
SEED=893031 
SEED is set to: 893031
SEED=69484 
SEED is set to: 69484
SEED=88386 
SEED is set to: 88386
SEED=118958 
SEED is set to: 118958
SEED=173365 
SEED is set to: 173365
SEED=701799 
SEED is set to: 701799
SEED=232836 
SEED is set to: 232836
SEED=329718 
SEED is set to: 329718
malloc(): corrupted top size
timeout: the monitored command dumped core
environment: line 1: 3393256 Aborted                 timeout ${TIMEOUT}s "$WORKDIR/a.out" > "$TMP_OUT"
SEED=489920 
SEED is set to: 489920
SEED=5209 
SEED is set to: 5209
SEED=198976 
SEED is set to: 198976
SEED=330632 
SEED is set to: 330632
SEED=540675 
SEED is set to: 540675
SEED=850025 
SEED is set to: 850025
SEED=41262 
SEED is set to: 41262
SEED=142610 
SEED is set to: 142610
SEED=401679 
SEED is set to: 401679
*** stack smashing detected ***: terminated
timeout: the monitored command dumped core
environment: line 1: 3393759 Aborted                 timeout ${TIMEOUT}s "$WORKDIR/a.out" > "$TMP_OUT"
SEED=899662 
SEED is set to: 899662
SEED=897712 
SEED is set to: 897712
SEED=80192 
SEED is set to: 80192
SEED=112672 
SEED is set to: 112672
SEED=338669 
SEED is set to: 338669
SEED=379781 
SEED is set to: 379781
SEED=564995 
SEED is set to: 564995
SEED=725363 
SEED is set to: 725363
SEED=671694 
SEED is set to: 671694
SEED=847677 
SEED is set to: 847677
SEED=873958 
SEED is set to: 873958
SEED=68915 
SEED is set to: 68915
SEED=182094 
SEED is set to: 182094
SEED=192211 
SEED is set to: 192211
SEED=319849 
SEED is set to: 319849
SEED=363532 
SEED is set to: 363532
SEED=495882 
SEED is set to: 495882
SEED=715989 
SEED is set to: 715989
SEED=716545 
SEED is set to: 716545
timeout: the monitored command dumped core
environment: line 1: 3394764 Segmentation fault      timeout ${TIMEOUT}s "$WORKDIR/a.out" > "$TMP_OUT"
SEED=210629 
SEED is set to: 210629
SEED=763448 
SEED is set to: 763448
SEED=921001 
SEED is set to: 921001
timeout: the monitored command dumped core
environment: line 1: 3395008 Segmentation fault      timeout ${TIMEOUT}s "$WORKDIR/a.out" > "$TMP_OUT"
SEED=87105 
SEED is set to: 87105
SEED=569878 
SEED is set to: 569878
SEED=113203 
SEED is set to: 113203
SEED=277781 
SEED is set to: 277781
SEED=663208 
SEED is set to: 663208
SEED=717462 
SEED is set to: 717462
SEED=743086 
SEED is set to: 743086
timeout: the monitored command dumped core
environment: line 1: 3395312 Segmentation fault      timeout ${TIMEOUT}s "$WORKDIR/a.out" > "$TMP_OUT"
SEED=12011 
SEED is set to: 12011
SEED=68195 
SEED is set to: 68195
timeout: the monitored command dumped core
environment: line 1: 3395319 Segmentation fault      timeout ${TIMEOUT}s "$WORKDIR/a.out" > "$TMP_OUT"
SEED=827689 
SEED is set to: 827689
SEED=162033 
SEED is set to: 162033
SEED=759587 
SEED is set to: 759587
SEED=268297 
SEED is set to: 268297
SEED=302072 
SEED is set to: 302072
SEED=322590 
SEED is set to: 322590
SEED=627215 
SEED is set to: 627215
SEED=657830 
SEED is set to: 657830
timeout: the monitored command dumped core
environment: line 1: 3395743 Segmentation fault      timeout ${TIMEOUT}s "$WORKDIR/a.out" > "$TMP_OUT"
SEED=981856 
SEED is set to: 981856
SEED=92866 
SEED is set to: 92866
SEED=627780 
SEED is set to: 627780
SEED=716744 
SEED is set to: 716744
SEED=242424 
SEED is set to: 242424
SEED=355743 
SEED is set to: 355743
SEED=445671 
SEED is set to: 445671
SEED=574661 
SEED is set to: 574661
SEED=11333 
SEED is set to: 11333
SEED=299418 
SEED is set to: 299418
SEED=340469 
SEED is set to: 340469
SEED=768778 
SEED is set to: 768778
SEED=863275 
SEED is set to: 863275
SEED=952676 
SEED is set to: 952676
SEED=961339 
SEED is set to: 961339
SEED=375876 
SEED is set to: 375876
SEED=853704 
SEED is set to: 853704
SEED=863919 
SEED is set to: 863919
SEED=938019 
SEED is set to: 938019
SEED=190650 
SEED is set to: 190650
SEED=441108 
SEED is set to: 441108
SEED=496221 
SEED is set to: 496221
SEED=310707 
SEED is set to: 310707
SEED=392162 
SEED is set to: 392162
SEED=417389 
SEED is set to: 417389
SEED=538874 
SEED is set to: 538874
SEED=646413 
SEED is set to: 646413
SEED=843943 
SEED is set to: 843943
SEED=72264 
SEED is set to: 72264
timeout: the monitored command dumped core
environment: line 1: 3397144 Segmentation fault      timeout ${TIMEOUT}s "$WORKDIR/a.out" > "$TMP_OUT"
SEED=648843 
SEED is set to: 648843
SEED=787315 
SEED=787314 
SEED is set to: 787314
SEED is set to: 787315
SEED=976041 
SEED is set to: 976041
SEED=980163 
SEED is set to: 980163
SEED=361531 
SEED is set to: 361531
timeout: the monitored command dumped core
environment: line 1: 3397389 Segmentation fault      timeout ${TIMEOUT}s "$WORKDIR/a.out" > "$TMP_OUT"
SEED=910644 
SEED is set to: 910644
SEED=961478 
SEED is set to: 961478
timeout: the monitored command dumped core
environment: line 1: 3397473 Segmentation fault      timeout ${TIMEOUT}s "$WORKDIR/a.out" > "$TMP_OUT"
SEED=217046 
SEED is set to: 217046
SEED=493945 
SEED is set to: 493945
SEED=664813 
SEED is set to: 664813
SEED=769037 
SEED is set to: 769037
SEED=13164 
SEED is set to: 13164
timeout: the monitored command dumped core
environment: line 1: 3397629 Segmentation fault      timeout ${TIMEOUT}s "$WORKDIR/a.out" > "$TMP_OUT"
SEED=395625 
SEED is set to: 395625
SEED=806140 
SEED is set to: 806140
SEED=85322 
SEED is set to: 85322
SEED=277771 
SEED is set to: 277771
timeout: the monitored command dumped core
environment: line 1: 3397961 Segmentation fault      timeout ${TIMEOUT}s "$WORKDIR/a.out" > "$TMP_OUT"
SEED=570191 
SEED is set to: 570191
SEED=687394 
SEED is set to: 687394
SEED=751122 
SEED is set to: 751122
SEED=91933 
SEED is set to: 91933
SEED=285467 
SEED is set to: 285467
SEED=701701 
SEED is set to: 701701
timeout: the monitored command dumped core
environment: line 1: 3398265 Segmentation fault      timeout ${TIMEOUT}s "$WORKDIR/a.out" > "$TMP_OUT"
SEED=317468 
SEED is set to: 317468
SEED=421533 
SEED is set to: 421533
SEED=495921 
SEED is set to: 495921
SEED=915919 
SEED is set to: 915919
SEED=113171 
SEED is set to: 113171
timeout: the monitored command dumped core
environment: line 1: 3398455 Segmentation fault      timeout ${TIMEOUT}s "$WORKDIR/a.out" > "$TMP_OUT"
SEED=485061 
SEED is set to: 485061
SEED=523458 
SEED is set to: 523458
SEED=562769 
SEED is set to: 562769
SEED=711169 
SEED is set to: 711169
SEED=640093 
SEED is set to: 640093
SEED=724916 
SEED is set to: 724916
*** stack smashing detected ***: terminated
timeout: the monitored command dumped core
environment: line 1: 3398811 Aborted                 timeout ${TIMEOUT}s "$WORKDIR/a.out" > "$TMP_OUT"
SEED=7886 
SEED is set to: 7886
SEED=175712 
SEED is set to: 175712
SEED=238489 
SEED is set to: 238489
timeout: the monitored command dumped core
environment: line 1: 3398969 Segmentation fault      timeout ${TIMEOUT}s "$WORKDIR/a.out" > "$TMP_OUT"
SEED=299988 
SEED is set to: 299988
SEED=341335 
SEED is set to: 341335
timeout: the monitored command dumped core
environment: line 1: 3399150 Segmentation fault      timeout ${TIMEOUT}s "$WORKDIR/a.out" > "$TMP_OUT"
SEED=646793 
SEED is set to: 646793
SEED=858256 
SEED is set to: 858256
SEED=937190 
SEED is set to: 937190
SEED=804631 
SEED is set to: 804631
SEED=985955 
SEED is set to: 985955
SEED=100319 
SEED is set to: 100319
SEED=210683 
SEED is set to: 210683
timeout: the monitored command dumped core
environment: line 1: 3399401 Segmentation fault      timeout ${TIMEOUT}s "$WORKDIR/a.out" > "$TMP_OUT"
timeout: the monitored command dumped core
environment: line 1: 3399391 Segmentation fault      timeout ${TIMEOUT}s "$WORKDIR/a.out" > "$TMP_OUT"
SEED=393043 
SEED is set to: 393043
timeout: the monitored command dumped core
environment: line 1: 3399409 Segmentation fault      timeout ${TIMEOUT}s "$WORKDIR/a.out" > "$TMP_OUT"
SEED=491812 
SEED is set to: 491812
SEED=260081 
SEED is set to: 260081
SEED=855989 
SEED is set to: 855989
SEED=880843 
SEED is set to: 880843
SEED=936776 
SEED is set to: 936776
SEED=11226 
SEED is set to: 11226
SEED=381511 
SEED is set to: 381511
SEED=791334 
SEED is set to: 791334
SEED=153549 
SEED is set to: 153549
SEED=456411 
SEED is set to: 456411
SEED=529009 
SEED is set to: 529009
SEED=598809 
SEED is set to: 598809
SEED=724489 
SEED is set to: 724489
SEED=779420 
SEED is set to: 779420
SEED=43151 
SEED is set to: 43151
SEED=475512 
SEED is set to: 475512
SEED=529868 
SEED is set to: 529868
SEED=975734 
SEED is set to: 975734
SEED=125299 
SEED is set to: 125299
SEED=176453 
SEED is set to: 176453
SEED=232156 
SEED is set to: 232156
SEED=490612 
SEED is set to: 490612
SEED=582867 
SEED is set to: 582867
SEED=111652 
SEED is set to: 111652
SEED=539102 
SEED is set to: 539102
SEED=862420 
SEED is set to: 862420
SEED=451443 
SEED is set to: 451443
SEED=85714 
SEED is set to: 85714
SEED=154416 
SEED is set to: 154416
SEED=154795 
SEED is set to: 154795
SEED=261986 
SEED is set to: 261986
timeout: the monitored command dumped core
environment: line 1: 3401008 Segmentation fault      timeout ${TIMEOUT}s "$WORKDIR/a.out" > "$TMP_OUT"
SEED=554456 
SEED is set to: 554456
SEED=201750 
SEED is set to: 201750
SEED=466652 
SEED is set to: 466652
SEED=985847 
SEED is set to: 985847
SEED=632566 
SEED is set to: 632566
SEED=680782 
SEED is set to: 680782
SEED=898770 
SEED is set to: 898770
SEED=41311 
SEED is set to: 41311
SEED=179269 
SEED is set to: 179269
SEED=327440 
SEED is set to: 327440
SEED=490619 
SEED is set to: 490619
SEED=63029 
SEED is set to: 63029
SEED=448422 
SEED is set to: 448422
SEED=513355 
SEED is set to: 513355
SEED=742510 
SEED is set to: 742510
SEED=989011 
SEED is set to: 989011
SEED=368258 
SEED is set to: 368258
malloc(): corrupted top size
timeout: the monitored command dumped core
environment: line 1: 3402003 Aborted                 timeout ${TIMEOUT}s "$WORKDIR/a.out" > "$TMP_OUT"
SEED=916137 
SEED is set to: 916137
SEED=307162 
SEED is set to: 307162
SEED=444969 
SEED is set to: 444969
timeout: the monitored command dumped core
environment: line 1: 3402204 Segmentation fault      timeout ${TIMEOUT}s "$WORKDIR/a.out" > "$TMP_OUT"
SEED=768242 
SEED is set to: 768242
SEED=992451 
SEED is set to: 992451
SEED=46933 
SEED is set to: 46933
SEED=520393 
SEED is set to: 520393
SEED=844849 
SEED is set to: 844849
SEED=36277 
SEED is set to: 36277
SEED=282096 
SEED is set to: 282096
SEED=506769 
SEED is set to: 506769
SEED=545260 
SEED is set to: 545260
SEED=589072 
SEED is set to: 589072
SEED=744231 
SEED is set to: 744231
timeout: the monitored command dumped core
environment: line 1: 3402619 Segmentation fault      timeout ${TIMEOUT}s "$WORKDIR/a.out" > "$TMP_OUT"
timeout: the monitored command dumped core
environment: line 1: 3402665 Segmentation fault      timeout ${TIMEOUT}s "$WORKDIR/a.out" > "$TMP_OUT"
SEED=45506 
SEED is set to: 45506
timeout: the monitored command dumped core
environment: line 1: 3402763 Segmentation fault      timeout ${TIMEOUT}s "$WORKDIR/a.out" > "$TMP_OUT"
SEED=680607 
SEED is set to: 680607
SEED=24462 
SEED is set to: 24462
SEED=357102 
SEED is set to: 357102
SEED=443308 
SEED is set to: 443308
timeout: the monitored command dumped core
environment: line 1: 3402976 Segmentation fault      timeout ${TIMEOUT}s "$WORKDIR/a.out" > "$TMP_OUT"
SEED=943090 
SEED is set to: 943090
SEED=246562 
SEED is set to: 246562
SEED=414067 
SEED is set to: 414067
SEED=572825 
SEED is set to: 572825
SEED=975006 
SEED is set to: 975006
SEED=289640 
SEED is set to: 289640
SEED=86923 
SEED is set to: 86923
SEED=164808 
SEED is set to: 164808
SEED=712519 
SEED is set to: 712519
SEED=749575 
SEED is set to: 749575
SEED=878602 
SEED is set to: 878602
SEED=49917 
SEED is set to: 49917
timeout: the monitored command dumped core
environment: line 1: 3403520 Segmentation fault      timeout ${TIMEOUT}s "$WORKDIR/a.out" > "$TMP_OUT"
SEED=256223 
SEED is set to: 256223
timeout: the monitored command dumped core
environment: line 1: 3403666 Segmentation fault      timeout ${TIMEOUT}s "$WORKDIR/a.out" > "$TMP_OUT"
timeout: the monitored command dumped core
environment: line 1: 3403600 Segmentation fault      timeout ${TIMEOUT}s "$WORKDIR/a.out" > "$TMP_OUT"
SEED=715394 
SEED is set to: 715394
SEED=777317 
SEED is set to: 777317
SEED=70855 
SEED is set to: 70855
SEED=445390 
SEED is set to: 445390
SEED=780041 
SEED is set to: 780041
SEED=917538 
SEED is set to: 917538
SEED=255137 
SEED is set to: 255137
SEED=292526 
SEED is set to: 292526
SEED=520812 
SEED is set to: 520812
SEED=566700 
SEED is set to: 566700
SEED=38229 
SEED is set to: 38229
SEED=305133 
SEED is set to: 305133
SEED=462028 
SEED is set to: 462028
SEED=907880 
SEED is set to: 907880
SEED=346618 
SEED is set to: 346618
SEED=349404 
SEED is set to: 349404
SEED=487236 
SEED is set to: 487236
SEED=277477 
SEED is set to: 277477
SEED=431082 
SEED is set to: 431082
SEED=691445 
SEED is set to: 691445
SEED=721597 
SEED is set to: 721597
SEED=895995 
SEED is set to: 895995
SEED=175763 
SEED is set to: 175763
SEED=376381 
SEED is set to: 376381
timeout: the monitored command dumped core
environment: line 1: 3404785 Segmentation fault      timeout ${TIMEOUT}s "$WORKDIR/a.out" > "$TMP_OUT"
SEED=883699 
SEED is set to: 883699
SEED=63338 
SEED is set to: 63338
SEED=110403 
SEED is set to: 110403
SEED=294872 
SEED is set to: 294872
SEED=962249 
SEED is set to: 962249
SEED=99657 
SEED is set to: 99657
SEED=442661 
SEED is set to: 442661
SEED=782993 
SEED is set to: 782993
SEED=931008 
SEED is set to: 931008
SEED=123528 
SEED is set to: 123528
SEED=356191 
SEED is set to: 356191
SEED=443947 
SEED is set to: 443947
SEED=193427 
SEED is set to: 193427
SEED=266914 
SEED is set to: 266914
SEED=671317 
SEED is set to: 671317
SEED=51266 
SEED is set to: 51266
SEED=121338 
SEED is set to: 121338
SEED=128514 
SEED is set to: 128514
SEED=688574 
SEED is set to: 688574
SEED=43280 
SEED is set to: 43280
SEED=226166 
SEED is set to: 226166
SEED=351990 
SEED is set to: 351990
SEED=430546 
SEED is set to: 430546
SEED=584674 
SEED is set to: 584674
SEED=684573 
SEED is set to: 684573
SEED=210795 
SEED is set to: 210795
SEED=556308 
SEED is set to: 556308
SEED=623878 
SEED is set to: 623878
SEED=796191 
SEED is set to: 796191
SEED=942092 
SEED is set to: 942092
SEED=958169 
SEED is set to: 958169
timeout: the monitored command dumped core
environment: line 1: 3406192 Segmentation fault      timeout ${TIMEOUT}s "$WORKDIR/a.out" > "$TMP_OUT"
SEED=540832 
SEED is set to: 540832
SEED=715652 
SEED is set to: 715652
SEED=130393 
SEED is set to: 130393
SEED=150691 
SEED is set to: 150691
SEED=455574 
SEED is set to: 455574
SEED=631198 
SEED is set to: 631198
SEED=176822 
SEED is set to: 176822
timeout: the monitored command dumped core
environment: line 1: 3406613 Segmentation fault      timeout ${TIMEOUT}s "$WORKDIR/a.out" > "$TMP_OUT"
SEED=626927 
SEED is set to: 626927
SEED=814657 
SEED is set to: 814657
SEED=55690 
SEED is set to: 55690
SEED=127399 
SEED is set to: 127399
SEED=251767 
SEED is set to: 251767
SEED=263541 
SEED is set to: 263541
SEED=533021 
SEED is set to: 533021
SEED=107129 
SEED is set to: 107129
SEED=493047 
SEED is set to: 493047
SEED=500214 
SEED is set to: 500214
SEED=715361 
SEED is set to: 715361
SEED=779543 
SEED is set to: 779543
timeout: the monitored command dumped core
environment: line 1: 3406992 Segmentation fault      timeout ${TIMEOUT}s "$WORKDIR/a.out" > "$TMP_OUT"
timeout: the monitored command dumped core
environment: line 1: 3407039 Segmentation fault      timeout ${TIMEOUT}s "$WORKDIR/a.out" > "$TMP_OUT"
SEED=31659 
SEED is set to: 31659
SEED=550245 
SEED is set to: 550245
SEED=131674 
SEED is set to: 131674
SEED=183259 
SEED is set to: 183259
SEED=195707 
SEED is set to: 195707
SEED=429862 
SEED is set to: 429862
SEED=464650 
SEED is set to: 464650
SEED=467977 
SEED is set to: 467977
SEED=485974 
SEED is set to: 485974
SEED=513673 
SEED is set to: 513673
SEED=638187 
SEED is set to: 638187
SEED=730839 
SEED is set to: 730839
SEED=782035 
SEED is set to: 782035
SEED=853021 
SEED is set to: 853021
SEED=878047 
SEED is set to: 878047
SEED=236745 
SEED is set to: 236745
SEED=927716 
SEED is set to: 927716
SEED=171853 
SEED is set to: 171853
timeout: the monitored command dumped core
environment: line 1: 3407927 Segmentation fault      timeout ${TIMEOUT}s "$WORKDIR/a.out" > "$TMP_OUT"
SEED=386039 
SEED is set to: 386039
SEED=618376 
SEED is set to: 618376
SEED=336342 
SEED is set to: 336342
SEED=724690 
SEED is set to: 724690
SEED=836045 
SEED is set to: 836045
SEED=900239 
SEED is set to: 900239
SEED=987520 
SEED is set to: 987520
SEED=874349 
SEED is set to: 874349
SEED=153483 
SEED is set to: 153483
timeout: the monitored command dumped core
environment: line 1: 3408489 Segmentation fault      timeout ${TIMEOUT}s "$WORKDIR/a.out" > "$TMP_OUT"
SEED=404982 
SEED is set to: 404982
SEED=436377 
SEED is set to: 436377
timeout: the monitored command dumped core
environment: line 1: 3408581 Segmentation fault      timeout ${TIMEOUT}s "$WORKDIR/a.out" > "$TMP_OUT"
SEED=560032 
SEED is set to: 560032
SEED=939060 
SEED is set to: 939060
SEED=16321 
SEED is set to: 16321
SEED=36726 
SEED is set to: 36726
SEED=129118 
SEED is set to: 129118
SEED=291824 
SEED is set to: 291824
SEED=639270 
SEED is set to: 639270
SEED=466196 
SEED is set to: 466196
SEED=470873 
SEED is set to: 470873
*** stack smashing detected ***: terminated
SEED=537923 
SEED is set to: 537923
timeout: the monitored command dumped core
environment: line 1: 3409131 Aborted                 timeout ${TIMEOUT}s "$WORKDIR/a.out" > "$TMP_OUT"
SEED=724923 
SEED is set to: 724923
SEED=47225 
SEED is set to: 47225
SEED=273770 
SEED is set to: 273770
SEED=500567 
SEED is set to: 500567
SEED=659943 
SEED is set to: 659943
SEED=979118 
SEED is set to: 979118
SEED=355238 
SEED is set to: 355238
SEED=584384 
SEED is set to: 584384
SEED=671432 
SEED is set to: 671432
SEED=711380 
SEED is set to: 711380
timeout: the monitored command dumped core
environment: line 1: 3409540 Segmentation fault      timeout ${TIMEOUT}s "$WORKDIR/a.out" > "$TMP_OUT"
SEED=795133 
SEED is set to: 795133
timeout: the monitored command dumped core
environment: line 1: 3409560 Segmentation fault      timeout ${TIMEOUT}s "$WORKDIR/a.out" > "$TMP_OUT"
SEED=158512 
SEED is set to: 158512
SEED=902270 
SEED is set to: 902270
SEED=42372 
SEED is set to: 42372
SEED=244465 
SEED is set to: 244465
SEED=523727 
SEED is set to: 523727
SEED=724483 
SEED is set to: 724483
SEED=724995 
SEED is set to: 724995
timeout: the monitored command dumped core
environment: line 1: 3410004 Segmentation fault      timeout ${TIMEOUT}s "$WORKDIR/a.out" > "$TMP_OUT"
SEED=27096 
SEED is set to: 27096
SEED=238554 
SEED is set to: 238554
timeout: the monitored command dumped core
environment: line 1: 3410045 Segmentation fault      timeout ${TIMEOUT}s "$WORKDIR/a.out" > "$TMP_OUT"
SEED=941470 
SEED is set to: 941470
SEED=167512 
SEED is set to: 167512
SEED=323761 
SEED is set to: 323761
SEED=863143 
SEED is set to: 863143
SEED=897856 
SEED is set to: 897856
SEED=447520 
SEED is set to: 447520
SEED=840594 
SEED is set to: 840594
SEED=303163 
SEED is set to: 303163
SEED=578493 
SEED is set to: 578493
SEED=760075 
SEED is set to: 760075
SEED=845577 
SEED is set to: 845577
SEED=210992 
SEED is set to: 210992
SEED=527745 
SEED is set to: 527745
SEED=555297 
SEED is set to: 555297
SEED=834851 
SEED is set to: 834851
SEED=973737 
SEED is set to: 973737
timeout: the monitored command dumped core
environment: line 1: 3410935 Segmentation fault      timeout ${TIMEOUT}s "$WORKDIR/a.out" > "$TMP_OUT"
SEED=480584 
SEED is set to: 480584
SEED=578510 
SEED is set to: 578510
timeout: the monitored command dumped core
environment: line 1: 3411023 Floating point exceptiontimeout ${TIMEOUT}s "$WORKDIR/a.out" > "$TMP_OUT"
SEED=53575 
SEED is set to: 53575
SEED=329493 
SEED is set to: 329493
SEED=945647 
SEED is set to: 945647
SEED=12021 
SEED is set to: 12021
timeout: the monitored command dumped core
environment: line 1: 3411239 Segmentation fault      timeout ${TIMEOUT}s "$WORKDIR/a.out" > "$TMP_OUT"
SEED=411721 
SEED is set to: 411721
SEED=501543 
SEED is set to: 501543
SEED=574277 
SEED is set to: 574277
SEED=155174 
SEED is set to: 155174
SEED=193209 
SEED is set to: 193209
SEED=754071 
SEED is set to: 754071
SEED=835016 
SEED is set to: 835016
SEED=911376 
SEED is set to: 911376
SEED=240056 
SEED is set to: 240056
SEED=449556 
SEED is set to: 449556
SEED=597846 
SEED is set to: 597846
SEED=624331 
SEED is set to: 624331
SEED=653835 
SEED is set to: 653835
SEED=346812 
SEED is set to: 346812
SEED=593590 
SEED is set to: 593590
timeout: the monitored command dumped core
environment: line 1: 3412050 Segmentation fault      timeout ${TIMEOUT}s "$WORKDIR/a.out" > "$TMP_OUT"
SEED=909481 
SEED is set to: 909481
SEED=149881 
SEED is set to: 149881
SEED=633855 
SEED is set to: 633855
timeout: the monitored command dumped core
environment: line 1: 3412278 Segmentation fault      timeout ${TIMEOUT}s "$WORKDIR/a.out" > "$TMP_OUT"
SEED=112662 
SEED is set to: 112662
SEED=125140 
SEED is set to: 125140
SEED=188204 
SEED is set to: 188204
SEED=412592 
SEED is set to: 412592
SEED=531397 
SEED is set to: 531397
SEED=633676 
SEED is set to: 633676
timeout: the monitored command dumped core
environment: line 1: 3412498 Segmentation fault      timeout ${TIMEOUT}s "$WORKDIR/a.out" > "$TMP_OUT"
SEED=425743 
SEED is set to: 425743
SEED=454369 
SEED is set to: 454369
SEED=635488 
SEED is set to: 635488
SEED=665581 
SEED is set to: 665581
SEED=686762 
SEED is set to: 686762
timeout: the monitored command dumped core
environment: line 1: 3412686 Segmentation fault      timeout ${TIMEOUT}s "$WORKDIR/a.out" > "$TMP_OUT"
SEED=61938 
SEED is set to: 61938
SEED=100716 
SEED is set to: 100716
timeout: the monitored command dumped core
environment: line 1: 3412800 Segmentation fault      timeout ${TIMEOUT}s "$WORKDIR/a.out" > "$TMP_OUT"
SEED=284345 
SEED is set to: 284345
SEED=612412 
SEED is set to: 612412
SEED=811039 
SEED is set to: 811039
SEED=74890 
SEED is set to: 74890
SEED=87536 
SEED is set to: 87536
SEED=291683 
SEED is set to: 291683
SEED=394110 
SEED is set to: 394110
SEED=495172 
SEED is set to: 495172
SEED=520568 
SEED is set to: 520568
timeout: the monitored command dumped core
environment: line 1: 3413237 Floating point exceptiontimeout ${TIMEOUT}s "$WORKDIR/a.out" > "$TMP_OUT"
SEED=857452 
SEED is set to: 857452
SEED=101563 
SEED is set to: 101563
SEED=165230 
SEED is set to: 165230
SEED=297137 
SEED is set to: 297137
timeout: the monitored command dumped core
environment: line 1: 3413443 Segmentation fault      timeout ${TIMEOUT}s "$WORKDIR/a.out" > "$TMP_OUT"
SEED=8299 
SEED is set to: 8299
SEED=107346 
SEED is set to: 107346
SEED=635200 
SEED is set to: 635200
SEED=834654 
SEED is set to: 834654
SEED=592304 
SEED is set to: 592304
SEED=776417 
SEED is set to: 776417
SEED=939474 
SEED is set to: 939474
SEED=330314 
SEED is set to: 330314
SEED=538384 
SEED is set to: 538384
SEED=669165 
SEED is set to: 669165
SEED=79494 
SEED is set to: 79494
SEED=178434 
SEED is set to: 178434
SEED=183295 
SEED is set to: 183295
SEED=675548 
SEED is set to: 675548
SEED=806449 
SEED is set to: 806449
SEED=868959 
SEED is set to: 868959
SEED=181830 
SEED is set to: 181830
SEED=577804 
SEED is set to: 577804
SEED=804505 
SEED is set to: 804505
SEED=823151 
SEED is set to: 823151
SEED=48759 
SEED is set to: 48759
timeout: the monitored command dumped core
environment: line 1: 3414383 Segmentation fault      timeout ${TIMEOUT}s "$WORKDIR/a.out" > "$TMP_OUT"
SEED=189130 
SEED is set to: 189130
SEED=880931 
SEED is set to: 880931
SEED=12180 
SEED is set to: 12180
SEED=198035 
SEED is set to: 198035
timeout: the monitored command dumped core
environment: line 1: 3414608 Segmentation fault      timeout ${TIMEOUT}s "$WORKDIR/a.out" > "$TMP_OUT"
SEED=604339 
SEED is set to: 604339
SEED=817134 
SEED is set to: 817134
SEED=127427 
SEED is set to: 127427
SEED=730364 
SEED is set to: 730364
SEED=946981 
SEED is set to: 946981
SEED=969919 
SEED is set to: 969919
timeout: the monitored command dumped core
environment: line 1: 3415026 Segmentation fault      timeout ${TIMEOUT}s "$WORKDIR/a.out" > "$TMP_OUT"
SEED=367151 
SEED is set to: 367151
SEED=526755 
SEED is set to: 526755
SEED=757581 
SEED is set to: 757581
SEED=76231 
SEED is set to: 76231
SEED=364290 
SEED is set to: 364290
timeout: the monitored command dumped core
environment: line 1: 3415265 Segmentation fault      timeout ${TIMEOUT}s "$WORKDIR/a.out" > "$TMP_OUT"
SEED=984657 
SEED is set to: 984657
SEED=66160 
SEED is set to: 66160
SEED=264588 
SEED is set to: 264588
timeout: the monitored command dumped core
environment: line 1: 3415379 Segmentation fault      timeout ${TIMEOUT}s "$WORKDIR/a.out" > "$TMP_OUT"
SEED=871422 
SEED is set to: 871422
SEED=123799 
SEED is set to: 123799
SEED=171222 
SEED is set to: 171222
SEED=308614 
SEED is set to: 308614
SEED=815435 
SEED is set to: 815435
SEED=372873 
SEED is set to: 372873
SEED=407921 
SEED is set to: 407921
SEED=616510 
SEED is set to: 616510
SEED=992458 
SEED is set to: 992458
SEED=118816 
SEED is set to: 118816
SEED=195282 
SEED is set to: 195282
SEED=412202 
SEED is set to: 412202
SEED=522794 
SEED is set to: 522794
timeout: the monitored command dumped core
environment: line 1: 3415921 Segmentation fault      timeout ${TIMEOUT}s "$WORKDIR/a.out" > "$TMP_OUT"
SEED=39922 
SEED is set to: 39922
SEED=552599 
SEED is set to: 552599
SEED=591347 
SEED is set to: 591347
SEED=813109 
SEED is set to: 813109
timeout: the monitored command dumped core
environment: line 1: 3416209 Segmentation fault      timeout ${TIMEOUT}s "$WORKDIR/a.out" > "$TMP_OUT"
SEED=23343 
SEED is set to: 23343
SEED=180982 
SEED is set to: 180982
SEED=334331 
SEED is set to: 334331
SEED=839021 
SEED is set to: 839021
SEED=14139 
SEED is set to: 14139
timeout: the monitored command dumped core
environment: line 1: 3416446 Segmentation fault      timeout ${TIMEOUT}s "$WORKDIR/a.out" > "$TMP_OUT"
SEED=136163 
SEED is set to: 136163
SEED=635229 
SEED is set to: 635229
SEED=108084 
SEED is set to: 108084
SEED=136725 
SEED is set to: 136725
SEED=351993 
SEED is set to: 351993
SEED=648653 
SEED is set to: 648653
SEED=168839 
SEED is set to: 168839
SEED=366442 
SEED is set to: 366442
SEED=441641 
SEED is set to: 441641
SEED=704867 
SEED is set to: 704867
SEED=40624 
SEED is set to: 40624
timeout: the monitored command dumped core
environment: line 1: 3417022 Segmentation fault      timeout ${TIMEOUT}s "$WORKDIR/a.out" > "$TMP_OUT"
SEED=956073 
SEED is set to: 956073
SEED=55895 
SEED is set to: 55895
SEED=161351 
SEED is set to: 161351
SEED=176270 
SEED is set to: 176270
SEED=231881 
SEED is set to: 231881
SEED=595990 
SEED is set to: 595990
SEED=697077 
SEED is set to: 697077
SEED=932544 
SEED is set to: 932544
SEED=451539 
SEED is set to: 451539
SEED=594773 
SEED is set to: 594773
SEED=596715 
SEED is set to: 596715
timeout: the monitored command dumped core
environment: line 1: 3417483 Segmentation fault      timeout ${TIMEOUT}s "$WORKDIR/a.out" > "$TMP_OUT"
SEED=983931 
SEED is set to: 983931
SEED=162520 
SEED is set to: 162520
timeout: the monitored command dumped core
environment: line 1: 3417623 Segmentation fault      timeout ${TIMEOUT}s "$WORKDIR/a.out" > "$TMP_OUT"
SEED=458828 
SEED is set to: 458828
SEED=811282 
SEED is set to: 811282
SEED=270138 
SEED is set to: 270138
SEED=368921 
SEED is set to: 368921
timeout: the monitored command dumped core
environment: line 1: 3417832 Segmentation fault      timeout ${TIMEOUT}s "$WORKDIR/a.out" > "$TMP_OUT"
SEED=792402 
SEED is set to: 792402
SEED=10152 
SEED is set to: 10152
SEED=41280 
SEED is set to: 41280
timeout: the monitored command dumped core
environment: line 1: 3418001 Segmentation fault      timeout ${TIMEOUT}s "$WORKDIR/a.out" > "$TMP_OUT"
SEED=390521 
SEED is set to: 390521
SEED=632618 
SEED is set to: 632618
SEED=757539 
SEED is set to: 757539
SEED=259284 
SEED is set to: 259284
SEED=266266 
SEED is set to: 266266
SEED=511070 
SEED is set to: 511070
timeout: the monitored command dumped core
environment: line 1: 3418194 Segmentation fault      timeout ${TIMEOUT}s "$WORKDIR/a.out" > "$TMP_OUT"
SEED=65111 
SEED is set to: 65111
SEED=73226 
SEED is set to: 73226
SEED=284460 
SEED is set to: 284460
SEED=699725 
SEED is set to: 699725
SEED=881052 
SEED is set to: 881052
timeout: the monitored command dumped core
environment: line 1: 3418435 Segmentation fault      timeout ${TIMEOUT}s "$WORKDIR/a.out" > "$TMP_OUT"
SEED=96327 
SEED is set to: 96327
SEED=792704 
SEED is set to: 792704
SEED=853275 
SEED is set to: 853275
SEED=78972 
SEED is set to: 78972
SEED=106733 
SEED is set to: 106733
timeout: the monitored command dumped core
environment: line 1: 3418679 Segmentation fault      timeout ${TIMEOUT}s "$WORKDIR/a.out" > "$TMP_OUT"
SEED=474043 
SEED is set to: 474043
SEED=566977 
SEED is set to: 566977
SEED=615031 
SEED is set to: 615031
SEED=700463 
SEED is set to: 700463
SEED=749131 
SEED is set to: 749131
SEED=943889 
SEED is set to: 943889
timeout: the monitored command dumped core
environment: line 1: 3418969 Segmentation fault      timeout ${TIMEOUT}s "$WORKDIR/a.out" > "$TMP_OUT"
SEED=145364 
SEED is set to: 145364
SEED=182493 
SEED is set to: 182493
SEED=416257 
SEED is set to: 416257
SEED=435380 
SEED is set to: 435380
SEED=495944 
SEED is set to: 495944
timeout: the monitored command dumped core
environment: line 1: 3419260 Segmentation fault      timeout ${TIMEOUT}s "$WORKDIR/a.out" > "$TMP_OUT"
SEED=316169 
SEED is set to: 316169
SEED=344108 
SEED is set to: 344108
SEED=857995 
SEED is set to: 857995
SEED=43362 
SEED is set to: 43362
SEED=289501 
SEED is set to: 289501
SEED=883521 
SEED is set to: 883521
SEED=890111 
SEED is set to: 890111
timeout: the monitored command dumped core
environment: line 1: 3419721 Segmentation fault      timeout ${TIMEOUT}s "$WORKDIR/a.out" > "$TMP_OUT"
SEED=227685 
SEED is set to: 227685
SEED=299487 
SEED is set to: 299487
SEED=349949 
SEED is set to: 349949
SEED=797421 
SEED is set to: 797421
SEED=319036 
SEED is set to: 319036
SEED=596173 
SEED is set to: 596173
SEED=781325 
SEED is set to: 781325
SEED=958907 
SEED is set to: 958907
SEED=103845 
SEED is set to: 103845
SEED=291797 
SEED is set to: 291797
SEED=899092 
SEED is set to: 899092
SEED=421222 
SEED is set to: 421222
SEED=466314 
SEED is set to: 466314
SEED=632920 
SEED is set to: 632920
SEED=852171 
SEED is set to: 852171
SEED=187093 
SEED is set to: 187093
SEED=439925 
SEED is set to: 439925
SEED=28686 
SEED is set to: 28686
SEED=59503 
SEED is set to: 59503
SEED=124168 
SEED is set to: 124168
SEED=229769 
SEED is set to: 229769
SEED=268655 
SEED is set to: 268655
SEED=881663 
SEED is set to: 881663
SEED=34197 
SEED is set to: 34197
SEED=445610 
SEED is set to: 445610
SEED=665205 
SEED is set to: 665205
SEED=793576 
SEED is set to: 793576
timeout: the monitored command dumped core
environment: line 1: 3420995 Segmentation fault      timeout ${TIMEOUT}s "$WORKDIR/a.out" > "$TMP_OUT"
SEED=392026 
SEED is set to: 392026
SEED=393553 
SEED is set to: 393553
SEED=676097 
SEED is set to: 676097
SEED=944036 
SEED is set to: 944036
SEED=108357 
SEED is set to: 108357
timeout: the monitored command dumped core
environment: line 1: 3421298 Segmentation fault      timeout ${TIMEOUT}s "$WORKDIR/a.out" > "$TMP_OUT"
SEED=856397 
SEED is set to: 856397
SEED=862520 
SEED is set to: 862520
SEED=903574 
SEED is set to: 903574
SEED=943312 
SEED is set to: 943312
SEED=156203 
SEED is set to: 156203
SEED=457170 
SEED is set to: 457170
timeout: the monitored command dumped core
environment: line 1: 3421516 Segmentation fault      timeout ${TIMEOUT}s "$WORKDIR/a.out" > "$TMP_OUT"
SEED=538696 
SEED is set to: 538696
SEED=561359 
SEED is set to: 561359
timeout: the monitored command dumped core
environment: line 1: 3421621 Segmentation fault      timeout ${TIMEOUT}s "$WORKDIR/a.out" > "$TMP_OUT"
SEED=189750 
SEED is set to: 189750
SEED=249880 
SEED is set to: 249880
SEED=317732 
SEED is set to: 317732
SEED=657999 
SEED is set to: 657999
SEED=84384 
SEED is set to: 84384
timeout: the monitored command dumped core
environment: line 1: 3421900 Segmentation fault      timeout ${TIMEOUT}s "$WORKDIR/a.out" > "$TMP_OUT"
SEED=631282 
SEED is set to: 631282
SEED=661322 
SEED is set to: 661322
SEED=713569 
SEED is set to: 713569
SEED=827588 
SEED is set to: 827588
SEED=90684 
SEED is set to: 90684
SEED=168748 
SEED is set to: 168748
SEED=191232 
SEED is set to: 191232
SEED=393086 
SEED is set to: 393086
SEED=426554 
SEED is set to: 426554
SEED=611264 
SEED is set to: 611264
SEED=175042 
SEED is set to: 175042
SEED=319356 
SEED is set to: 319356
timeout: the monitored command dumped core
environment: line 1: 3422431 Segmentation fault      timeout ${TIMEOUT}s "$WORKDIR/a.out" > "$TMP_OUT"
SEED=633546 
SEED is set to: 633546
SEED=719038 
SEED is set to: 719038
SEED=159326 
SEED is set to: 159326
SEED=356765 
SEED is set to: 356765
SEED=632706 
SEED is set to: 632706
timeout: the monitored command dumped core
environment: line 1: 3422747 Floating point exceptiontimeout ${TIMEOUT}s "$WORKDIR/a.out" > "$TMP_OUT"
SEED=858085 
SEED is set to: 858085
SEED=903080 
SEED is set to: 903080
SEED=136374 
SEED is set to: 136374
SEED=148620 
SEED is set to: 148620
SEED=694760 
SEED is set to: 694760
SEED=152580 
SEED is set to: 152580
SEED=668207 
SEED is set to: 668207
SEED=993908 
SEED is set to: 993908
SEED=95501 
SEED is set to: 95501
SEED=162576 
SEED is set to: 162576
SEED=873023 
SEED is set to: 873023
SEED=907397 
SEED is set to: 907397
SEED=115571 
SEED is set to: 115571
SEED=311291 
SEED is set to: 311291
SEED=704114 
SEED is set to: 704114
SEED=67828 
SEED is set to: 67828
SEED=429693 
SEED is set to: 429693
double free or corruption (out)
SEED=519835 
SEED is set to: 519835
timeout: the monitored command dumped core
environment: line 1: 3423674 Aborted                 timeout ${TIMEOUT}s "$WORKDIR/a.out" > "$TMP_OUT"
SEED=646606 
SEED is set to: 646606
SEED=682219 
SEED is set to: 682219
timeout: the monitored command dumped core
environment: line 1: 3423777 Segmentation fault      timeout ${TIMEOUT}s "$WORKDIR/a.out" > "$TMP_OUT"
timeout: the monitored command dumped core
environment: line 1: 3423703 Segmentation fault      timeout ${TIMEOUT}s "$WORKDIR/a.out" > "$TMP_OUT"
SEED=70669 
SEED is set to: 70669
SEED=251552 
SEED is set to: 251552
SEED=298356 
SEED is set to: 298356
SEED=828264 
SEED is set to: 828264
SEED=957309 
SEED is set to: 957309
SEED=92342 
SEED is set to: 92342
SEED=424493 
SEED is set to: 424493
SEED=428601 
SEED is set to: 428601
SEED=783822 
SEED is set to: 783822
SEED=882962 
SEED is set to: 882962
SEED=382710 
SEED is set to: 382710
SEED=548477 
SEED is set to: 548477
SEED=606460 
SEED is set to: 606460
SEED=719837 
SEED is set to: 719837
SEED=951101 
SEED is set to: 951101
SEED=279586 
SEED is set to: 279586
SEED=44497 
SEED is set to: 44497
SEED=204832 
SEED is set to: 204832
SEED=369300 
SEED is set to: 369300
SEED=491240 
SEED is set to: 491240
SEED=713247 
SEED is set to: 713247
SEED=770602 
SEED is set to: 770602
SEED=351167 
SEED is set to: 351167
SEED=400112 
SEED is set to: 400112
SEED=714010 
SEED is set to: 714010
SEED=776180 
SEED is set to: 776180
SEED=844694 
SEED is set to: 844694
SEED=952894 
SEED is set to: 952894
SEED=262045 
SEED is set to: 262045
SEED=315162 
SEED is set to: 315162
timeout: the monitored command dumped core
environment: line 1: 3425097 Segmentation fault      timeout ${TIMEOUT}s "$WORKDIR/a.out" > "$TMP_OUT"
SEED=735067 
SEED is set to: 735067
SEED=143178 
SEED is set to: 143178
SEED=215732 
SEED is set to: 215732
SEED=244881 
SEED is set to: 244881
SEED=710171 
SEED is set to: 710171
SEED=726013 
SEED is set to: 726013
SEED=860661 
SEED is set to: 860661
SEED=328094 
SEED is set to: 328094
SEED=615756 
SEED is set to: 615756
timeout: the monitored command dumped core
environment: line 1: 3425538 Segmentation fault      timeout ${TIMEOUT}s "$WORKDIR/a.out" > "$TMP_OUT"
SEED=65107 
SEED is set to: 65107
SEED=277362 
SEED is set to: 277362
SEED=293354 
SEED is set to: 293354
timeout: the monitored command dumped core
environment: line 1: 3425719 Segmentation fault      timeout ${TIMEOUT}s "$WORKDIR/a.out" > "$TMP_OUT"
SEED=696547 
SEED is set to: 696547
SEED=977571 
SEED is set to: 977571
SEED=131752 
SEED is set to: 131752
SEED=689821 
SEED is set to: 689821
SEED=806787 
SEED is set to: 806787
SEED=813827 
SEED is set to: 813827
SEED=180747 
SEED is set to: 180747
SEED=333783 
SEED is set to: 333783
timeout: the monitored command dumped core
environment: line 1: 3426074 Segmentation fault      timeout ${TIMEOUT}s "$WORKDIR/a.out" > "$TMP_OUT"
SEED=544690 
SEED is set to: 544690
SEED=41651 
SEED is set to: 41651
SEED=343807 
SEED is set to: 343807
SEED=595831 
SEED is set to: 595831
SEED=72054 
SEED is set to: 72054
SEED=263558 
SEED is set to: 263558
SEED=344528 
SEED is set to: 344528
SEED=438995 
SEED is set to: 438995
SEED=579128 
SEED is set to: 579128
timeout: the monitored command dumped core
environment: line 1: 3426505 Segmentation fault      timeout ${TIMEOUT}s "$WORKDIR/a.out" > "$TMP_OUT"
SEED=855888 
SEED is set to: 855888
SEED=168748 
SEED is set to: 168748
SEED=399784 
SEED is set to: 399784
SEED=407629 
SEED is set to: 407629
SEED=752424 
SEED is set to: 752424
SEED=819147 
SEED is set to: 819147
SEED=225244 
SEED is set to: 225244
SEED=242046 
SEED is set to: 242046
SEED=439574 
SEED is set to: 439574
SEED=248751 
SEED is set to: 248751
SEED=279027 
SEED is set to: 279027
SEED=609286 
SEED is set to: 609286
SEED=760719 
SEED is set to: 760719
SEED=801557 
SEED is set to: 801557
timeout: the monitored command dumped core
environment: line 1: 3427165 Segmentation fault      timeout ${TIMEOUT}s "$WORKDIR/a.out" > "$TMP_OUT"
SEED=151091 
SEED is set to: 151091
SEED=333207 
SEED is set to: 333207
SEED=377653 
SEED is set to: 377653
SEED=418864 
SEED is set to: 418864
SEED=544523 
SEED is set to: 544523
SEED=366988 
SEED is set to: 366988
SEED=543741 
SEED is set to: 543741
SEED=731980 
SEED is set to: 731980
SEED=818946 
SEED is set to: 818946
SEED=962445 
SEED is set to: 962445
SEED=314820 
SEED is set to: 314820
SEED=343141 
SEED is set to: 343141
SEED=861737 
SEED is set to: 861737
SEED=927308 
SEED is set to: 927308
SEED=344711 
SEED is set to: 344711
SEED=388280 
SEED is set to: 388280
timeout: the monitored command dumped core
environment: line 1: 3427912 Segmentation fault      timeout ${TIMEOUT}s "$WORKDIR/a.out" > "$TMP_OUT"
SEED=627719 
SEED is set to: 627719
SEED=678051 
SEED is set to: 678051
SEED=832611 
SEED is set to: 832611
SEED=250754 
SEED is set to: 250754
SEED=904052 
SEED is set to: 904052
SEED=67450 
SEED is set to: 67450
SEED=326882 
SEED is set to: 326882
SEED=337797 
SEED is set to: 337797
SEED=813908 
SEED is set to: 813908
SEED=898954 
SEED is set to: 898954
SEED=687193 
SEED is set to: 687193
SEED=707168 
SEED is set to: 707168
SEED=746560 
SEED is set to: 746560
SEED=847121 
SEED is set to: 847121
SEED=884379 
SEED is set to: 884379
timeout: the monitored command dumped core
environment: line 1: 3428579 Segmentation fault      timeout ${TIMEOUT}s "$WORKDIR/a.out" > "$TMP_OUT"
SEED=513562 
SEED is set to: 513562
timeout: the monitored command dumped core
environment: line 1: 3428752 Segmentation fault      timeout ${TIMEOUT}s "$WORKDIR/a.out" > "$TMP_OUT"
SEED=4197 
SEED is set to: 4197
SEED=348558 
SEED is set to: 348558
SEED=527338 
SEED is set to: 527338
SEED=822574 
SEED is set to: 822574
timeout: the monitored command dumped core
environment: line 1: 3428942 Segmentation fault      timeout ${TIMEOUT}s "$WORKDIR/a.out" > "$TMP_OUT"
SEED=942904 
SEED is set to: 942904
timeout: the monitored command dumped core
environment: line 1: 3428958 Segmentation fault      timeout ${TIMEOUT}s "$WORKDIR/a.out" > "$TMP_OUT"
SEED=213792 
SEED is set to: 213792
SEED=284775 
SEED is set to: 284775
timeout: the monitored command dumped core
environment: line 1: 3429040 Segmentation fault      timeout ${TIMEOUT}s "$WORKDIR/a.out" > "$TMP_OUT"
SEED=902206 
SEED is set to: 902206
timeout: the monitored command dumped core
environment: line 1: 3429144 Segmentation fault      timeout ${TIMEOUT}s "$WORKDIR/a.out" > "$TMP_OUT"
SEED=762371 
SEED is set to: 762371
SEED=792390 
SEED is set to: 792390
SEED=792395 
SEED is set to: 792395
timeout: the monitored command dumped core
environment: line 1: 3429293 Segmentation fault      timeout ${TIMEOUT}s "$WORKDIR/a.out" > "$TMP_OUT"
SEED=482908 
SEED is set to: 482908
SEED=600619 
SEED is set to: 600619
SEED=725860 
SEED is set to: 725860
SEED=104071 
SEED is set to: 104071
SEED=217306 
SEED is set to: 217306
SEED=271145 
SEED is set to: 271145
SEED=192010 
SEED is set to: 192010
SEED=227463 
SEED is set to: 227463
SEED=313102 
SEED is set to: 313102
SEED=601331 
SEED is set to: 601331
SEED=609705 
SEED is set to: 609705
SEED=712271 
SEED is set to: 712271
SEED=778893 
SEED is set to: 778893
SEED=844934 
SEED is set to: 844934
timeout: the monitored command dumped core
environment: line 1: 3429875 Segmentation fault      timeout ${TIMEOUT}s "$WORKDIR/a.out" > "$TMP_OUT"
SEED=946977 
SEED is set to: 946977
SEED=966701 
SEED is set to: 966701
timeout: the monitored command dumped core
environment: line 1: 3430100 Segmentation fault      timeout ${TIMEOUT}s "$WORKDIR/a.out" > "$TMP_OUT"
timeout: the monitored command dumped core
environment: line 1: 3430096 Segmentation fault      timeout ${TIMEOUT}s "$WORKDIR/a.out" > "$TMP_OUT"
SEED=439486 
SEED is set to: 439486
SEED=673170 
SEED is set to: 673170
SEED=882503 
SEED is set to: 882503
SEED=288574 
SEED is set to: 288574
SEED=389549 
SEED is set to: 389549
SEED=953631 
SEED is set to: 953631
SEED=378729 
SEED is set to: 378729
SEED=523639 
SEED is set to: 523639
SEED=689479 
SEED is set to: 689479
SEED=893898 
SEED is set to: 893898
SEED=983393 
SEED is set to: 983393
SEED=564608 
SEED is set to: 564608
SEED=989797 
SEED is set to: 989797
SEED=102280 
SEED is set to: 102280
SEED=389176 
SEED is set to: 389176
SEED=87420 
SEED is set to: 87420
SEED=284919 
SEED is set to: 284919
SEED=330946 
SEED is set to: 330946
SEED=506739 
SEED is set to: 506739
SEED=532243 
SEED is set to: 532243
SEED=812093 
SEED is set to: 812093
SEED=746588 
SEED is set to: 746588
SEED=754141 
SEED is set to: 754141
SEED=818359 
SEED is set to: 818359
SEED=818531 
SEED is set to: 818531
SEED=149528 
SEED is set to: 149528
timeout: the monitored command dumped core
environment: line 1: 3431412 Segmentation fault      timeout ${TIMEOUT}s "$WORKDIR/a.out" > "$TMP_OUT"
SEED=912744 
SEED is set to: 912744
SEED=51275 
SEED is set to: 51275
SEED=190343 
SEED is set to: 190343
SEED=362932 
SEED is set to: 362932
SEED=543197 
SEED is set to: 543197
SEED=32296 
SEED is set to: 32296
SEED=298020 
SEED is set to: 298020
SEED=514360 
SEED is set to: 514360
SEED=834738 
SEED is set to: 834738
SEED=705186 
SEED is set to: 705186
SEED=953850 
SEED is set to: 953850
SEED=971936 
SEED is set to: 971936
SEED=307506 
SEED is set to: 307506
SEED=790660 
SEED is set to: 790660
timeout: the monitored command dumped core
environment: line 1: 3432199 Segmentation fault      timeout ${TIMEOUT}s "$WORKDIR/a.out" > "$TMP_OUT"
SEED=949720 
SEED is set to: 949720
SEED=410866 
SEED is set to: 410866
SEED=602952 
SEED is set to: 602952
SEED=170194 
SEED is set to: 170194
SEED=435631 
SEED is set to: 435631
SEED=533976 
SEED is set to: 533976
SEED=534403 
SEED is set to: 534403
SEED=673747 
SEED is set to: 673747
SEED=946805 
SEED is set to: 946805
SEED=199482 
SEED is set to: 199482
SEED=258344 
SEED is set to: 258344
SEED=644454 
SEED is set to: 644454
SEED=677958 
SEED is set to: 677958
SEED=683011 
SEED is set to: 683011
SEED=921058 
SEED is set to: 921058
SEED=983953 
SEED is set to: 983953
SEED=494177 
SEED is set to: 494177
SEED=800873 
SEED is set to: 800873
SEED=989584 
SEED is set to: 989584
SEED=111583 
SEED is set to: 111583
SEED=458575 
SEED is set to: 458575
SEED=786924 
SEED is set to: 786924
SEED=792167 
SEED is set to: 792167
SEED=889075 
SEED is set to: 889075
SEED=282583 
SEED is set to: 282583
SEED=789356 
SEED is set to: 789356
SEED=834322 
SEED is set to: 834322
SEED=966 
SEED is set to: 966
SEED=297545 
SEED is set to: 297545
SEED=314735 
SEED is set to: 314735
SEED=46404 
SEED is set to: 46404
SEED=325483 
SEED is set to: 325483
SEED=535466 
SEED is set to: 535466
SEED=904668 
SEED is set to: 904668
SEED=960403 
SEED is set to: 960403
SEED=994351 
SEED is set to: 994351
SEED=122192 
SEED is set to: 122192
SEED=351063 
SEED is set to: 351063
SEED=534154 
SEED is set to: 534154
SEED=615932 
SEED is set to: 615932
SEED=982022 
SEED is set to: 982022
SEED=411664 
SEED is set to: 411664
SEED=447156 
SEED is set to: 447156
SEED=717332 
SEED is set to: 717332
SEED=975016 
SEED is set to: 975016
SEED=151124 
SEED is set to: 151124
SEED=689992 
SEED is set to: 689992
SEED=219464 
SEED is set to: 219464
SEED=279654 
SEED is set to: 279654
SEED=309528 
SEED is set to: 309528
SEED=357400 
SEED is set to: 357400
SEED=715350 
SEED is set to: 715350
SEED=854752 
SEED is set to: 854752
SEED=401995 
SEED is set to: 401995
SEED=633883 
SEED is set to: 633883
SEED=661876 
SEED is set to: 661876
SEED=727870 
SEED is set to: 727870
timeout: the monitored command dumped core
environment: line 1: 3434738 Segmentation fault      timeout ${TIMEOUT}s "$WORKDIR/a.out" > "$TMP_OUT"
SEED=314143 
SEED is set to: 314143
SEED=561228 
SEED is set to: 561228
timeout: the monitored command dumped core
environment: line 1: 3434870 Segmentation fault      timeout ${TIMEOUT}s "$WORKDIR/a.out" > "$TMP_OUT"
SEED=4977 
SEED is set to: 4977
SEED=66691 
SEED is set to: 66691
SEED=83625 
SEED is set to: 83625
SEED=225118 
SEED is set to: 225118
timeout: the monitored command dumped core
environment: line 1: 3434996 Segmentation fault      timeout ${TIMEOUT}s "$WORKDIR/a.out" > "$TMP_OUT"
SEED=847630 
SEED is set to: 847630
SEED=455370 
SEED is set to: 455370
SEED=563686 
SEED is set to: 563686
SEED=799830 
SEED is set to: 799830
SEED=203046 
SEED is set to: 203046
SEED=244846 
SEED is set to: 244846
timeout: the monitored command dumped core
environment: line 1: 3435391 Segmentation fault      timeout ${TIMEOUT}s "$WORKDIR/a.out" > "$TMP_OUT"
SEED=482663 
SEED is set to: 482663
SEED=928610 
SEED is set to: 928610
SEED=931826 
SEED is set to: 931826
SEED=90163 
SEED is set to: 90163
SEED=401807 
SEED is set to: 401807
SEED=728925 
SEED is set to: 728925
SEED=161286 
SEED is set to: 161286
SEED=178696 
SEED is set to: 178696
SEED=538662 
SEED is set to: 538662
SEED=854990 
SEED is set to: 854990
SEED=969813 
SEED is set to: 969813
SEED=348623 
SEED is set to: 348623
SEED=483345 
SEED is set to: 483345
SEED=663411 
SEED is set to: 663411
timeout: the monitored command dumped core
environment: line 1: 3435983 Segmentation fault      timeout ${TIMEOUT}s "$WORKDIR/a.out" > "$TMP_OUT"
SEED=24009 
SEED is set to: 24009
SEED=275587 
SEED is set to: 275587
SEED=623090 
SEED is set to: 623090
SEED=826194 
SEED is set to: 826194
SEED=219878 
SEED is set to: 219878
SEED=693382 
SEED is set to: 693382
SEED=904141 
SEED is set to: 904141
SEED=635808 
SEED is set to: 635808
SEED=155378 
SEED is set to: 155378
SEED=312543 
SEED is set to: 312543
SEED=581453 
SEED is set to: 581453
SEED=769344 
SEED is set to: 769344
SEED=968979 
SEED is set to: 968979
timeout: the monitored command dumped core
environment: line 1: 3436783 Segmentation fault      timeout ${TIMEOUT}s "$WORKDIR/a.out" > "$TMP_OUT"
SEED=216796 
SEED is set to: 216796
SEED=302874 
SEED is set to: 302874
SEED=530346 
SEED is set to: 530346
SEED=483515 
SEED is set to: 483515
SEED=492609 
SEED is set to: 492609
SEED=527568 
SEED is set to: 527568
SEED=146556 
SEED is set to: 146556
SEED=225196 
SEED is set to: 225196
SEED=923680 
SEED is set to: 923680
SEED=938663 
SEED is set to: 938663
SEED=80529 
SEED is set to: 80529
SEED=210289 
SEED is set to: 210289
SEED=431234 
SEED is set to: 431234
SEED=617371 
SEED is set to: 617371
timeout: the monitored command dumped core
environment: line 1: 3437482 Segmentation fault      timeout ${TIMEOUT}s "$WORKDIR/a.out" > "$TMP_OUT"
SEED=126385 
SEED is set to: 126385
SEED=616614 
SEED is set to: 616614
SEED=617895 
SEED is set to: 617895
SEED=824717 
SEED is set to: 824717
SEED=75176 
SEED is set to: 75176
SEED=111338 
SEED is set to: 111338
SEED=499751 
SEED is set to: 499751
SEED=515341 
SEED is set to: 515341
SEED=904183 
SEED is set to: 904183
SEED=958478 
SEED is set to: 958478
SEED=201326 
SEED is set to: 201326
SEED=227126 
SEED is set to: 227126
SEED=515433 
SEED is set to: 515433
SEED=684567 
SEED is set to: 684567
SEED=938526 
SEED is set to: 938526
SEED=101642 
SEED is set to: 101642
SEED=430803 
SEED is set to: 430803
timeout: the monitored command dumped core
environment: line 1: 3438266 Segmentation fault      timeout ${TIMEOUT}s "$WORKDIR/a.out" > "$TMP_OUT"
SEED=638145 
SEED is set to: 638145
SEED=680045 
SEED is set to: 680045
timeout: the monitored command dumped core
environment: line 1: 3438354 Segmentation fault      timeout ${TIMEOUT}s "$WORKDIR/a.out" > "$TMP_OUT"
SEED=947564 
SEED is set to: 947564
SEED=176017 
SEED is set to: 176017
SEED=341950 
SEED is set to: 341950
SEED=490008 
SEED is set to: 490008
SEED=163355 
SEED is set to: 163355
SEED=298002 
SEED is set to: 298002
SEED=476438 
SEED is set to: 476438
timeout: the monitored command dumped core
environment: line 1: 3438603 Segmentation fault      timeout ${TIMEOUT}s "$WORKDIR/a.out" > "$TMP_OUT"
SEED=625536 
SEED is set to: 625536
SEED=868590 
SEED is set to: 868590
SEED=973066 
SEED is set to: 973066
SEED=218029 
SEED is set to: 218029
SEED=409506 
SEED is set to: 409506
SEED=517712 
SEED is set to: 517712
malloc(): corrupted top size
SEED=540796 
SEED is set to: 540796
timeout: the monitored command dumped core
environment: line 1: 3439044 Aborted                 timeout ${TIMEOUT}s "$WORKDIR/a.out" > "$TMP_OUT"
SEED=733836 
SEED is set to: 733836
SEED=907785 
SEED is set to: 907785
SEED=555955 
SEED is set to: 555955
SEED=932069 
SEED is set to: 932069
SEED=1935 
SEED is set to: 1935
SEED=227269 
SEED is set to: 227269
timeout: the monitored command dumped core
environment: line 1: 3439405 Segmentation fault      timeout ${TIMEOUT}s "$WORKDIR/a.out" > "$TMP_OUT"
SEED=688542 
SEED is set to: 688542
SEED=909098 
SEED is set to: 909098
SEED=39632 
SEED is set to: 39632
timeout: the monitored command dumped core
environment: line 1: 3439494 Segmentation fault      timeout ${TIMEOUT}s "$WORKDIR/a.out" > "$TMP_OUT"
SEED=322340 
SEED is set to: 322340
SEED=605782 
SEED is set to: 605782
SEED=636787 
SEED is set to: 636787
SEED=246952 
SEED is set to: 246952
SEED=538890 
SEED is set to: 538890
SEED=562331 
SEED is set to: 562331
timeout: the monitored command dumped core
environment: line 1: 3439827 Segmentation fault      timeout ${TIMEOUT}s "$WORKDIR/a.out" > "$TMP_OUT"
SEED=54221 
SEED is set to: 54221
SEED=170233 
SEED is set to: 170233
timeout: the monitored command dumped core
environment: line 1: 3439911 Segmentation fault      timeout ${TIMEOUT}s "$WORKDIR/a.out" > "$TMP_OUT"
timeout: the monitored command dumped core
environment: line 1: 3439922 Segmentation fault      timeout ${TIMEOUT}s "$WORKDIR/a.out" > "$TMP_OUT"
SEED=654072 
SEED is set to: 654072
SEED=816470 
SEED is set to: 816470
SEED=845206 
SEED is set to: 845206
SEED=770886 
SEED is set to: 770886
SEED=829851 
SEED is set to: 829851
SEED=140869 
SEED is set to: 140869
timeout: the monitored command dumped core
environment: line 1: 3440334 Segmentation fault      timeout ${TIMEOUT}s "$WORKDIR/a.out" > "$TMP_OUT"
SEED=450196 
SEED is set to: 450196
SEED=76413 
SEED is set to: 76413
SEED=123491 
SEED is set to: 123491
SEED=354688 
SEED is set to: 354688
SEED=791996 
SEED is set to: 791996
SEED=841817 
SEED is set to: 841817
SEED=153758 
SEED is set to: 153758
timeout: the monitored command dumped core
environment: line 1: 3440681 Segmentation fault      timeout ${TIMEOUT}s "$WORKDIR/a.out" > "$TMP_OUT"
SEED=769896 
SEED is set to: 769896
SEED=772385 
SEED is set to: 772385
timeout: the monitored command dumped core
environment: line 1: 3440789 Segmentation fault      timeout ${TIMEOUT}s "$WORKDIR/a.out" > "$TMP_OUT"
SEED=408376 
SEED is set to: 408376
SEED=755787 
SEED is set to: 755787
SEED=217036 
SEED is set to: 217036
SEED=398188 
SEED is set to: 398188
SEED=628689 
SEED is set to: 628689
SEED=838524 
SEED is set to: 838524
SEED=996187 
SEED is set to: 996187
SEED=172527 
SEED is set to: 172527
SEED=448961 
SEED is set to: 448961
SEED=530950 
SEED is set to: 530950
SEED=633759 
SEED is set to: 633759
SEED=40463 
SEED is set to: 40463
SEED=539735 
SEED is set to: 539735
timeout: the monitored command dumped core
environment: line 1: 3441503 Segmentation fault      timeout ${TIMEOUT}s "$WORKDIR/a.out" > "$TMP_OUT"
SEED=939611 
SEED is set to: 939611
SEED=974333 
SEED is set to: 974333
SEED=984630 
SEED is set to: 984630
SEED=177367 
SEED is set to: 177367
SEED=280693 
SEED is set to: 280693
SEED=467771 
SEED is set to: 467771
SEED=321875 
SEED is set to: 321875
SEED=405427 
SEED is set to: 405427
SEED=454177 
SEED is set to: 454177
SEED=654074 
SEED is set to: 654074
SEED=751688 
SEED is set to: 751688
SEED=17506 
SEED is set to: 17506
SEED=457722 
SEED is set to: 457722
SEED=916004 
SEED is set to: 916004
SEED=990141 
SEED is set to: 990141
SEED=10137 
SEED is set to: 10137
SEED=217596 
SEED is set to: 217596
SEED=239079 
SEED is set to: 239079
timeout: the monitored command dumped core
environment: line 1: 3442147 Segmentation fault      timeout ${TIMEOUT}s "$WORKDIR/a.out" > "$TMP_OUT"
SEED=826452 
SEED is set to: 826452
SEED=913662 
SEED is set to: 913662
SEED=414214 
SEED is set to: 414214
SEED=575920 
SEED is set to: 575920
SEED=576503 
SEED is set to: 576503
SEED=832066 
SEED is set to: 832066
SEED=870598 
SEED is set to: 870598
SEED=663551 
SEED is set to: 663551
SEED=739785 
SEED is set to: 739785
SEED=86939 
SEED is set to: 86939
SEED=123104 
SEED is set to: 123104
SEED=188653 
SEED is set to: 188653
SEED=262607 
SEED is set to: 262607
timeout: the monitored command dumped core
environment: line 1: 3442794 Segmentation fault      timeout ${TIMEOUT}s "$WORKDIR/a.out" > "$TMP_OUT"
SEED=778378 
SEED is set to: 778378
SEED=333098 
SEED is set to: 333098
SEED=663490 
SEED is set to: 663490
SEED=115406 
SEED is set to: 115406
SEED=318599 
SEED is set to: 318599
SEED=403713 
SEED is set to: 403713
SEED=420319 
SEED is set to: 420319
timeout: the monitored command dumped core
environment: line 1: 3443163 Segmentation fault      timeout ${TIMEOUT}s "$WORKDIR/a.out" > "$TMP_OUT"
timeout: the monitored command dumped core
environment: line 1: 3443160 Segmentation fault      timeout ${TIMEOUT}s "$WORKDIR/a.out" > "$TMP_OUT"
SEED=641204 
SEED is set to: 641204
timeout: the monitored command dumped core
environment: line 1: 3443154 Segmentation fault      timeout ${TIMEOUT}s "$WORKDIR/a.out" > "$TMP_OUT"
SEED=715751 
SEED is set to: 715751
timeout: the monitored command dumped core
environment: line 1: 3443233 Segmentation fault      timeout ${TIMEOUT}s "$WORKDIR/a.out" > "$TMP_OUT"
SEED=581490 
SEED is set to: 581490
SEED=749110 
SEED is set to: 749110
SEED=836068 
SEED is set to: 836068
SEED=996863 
SEED is set to: 996863
SEED=49764 
SEED is set to: 49764
SEED=261714 
SEED is set to: 261714
SEED=740018 
SEED is set to: 740018
SEED=319561 
SEED is set to: 319561
SEED=322403 
SEED is set to: 322403
SEED=334115 
SEED is set to: 334115
SEED=337872 
SEED is set to: 337872
timeout: the monitored command dumped core
environment: line 1: 3443716 Segmentation fault      timeout ${TIMEOUT}s "$WORKDIR/a.out" > "$TMP_OUT"
SEED=820395 
SEED is set to: 820395
SEED=718349 
SEED is set to: 718349
SEED=802881 
SEED is set to: 802881
SEED=862411 
SEED is set to: 862411
SEED=888924 
SEED is set to: 888924
SEED=926088 
SEED is set to: 926088
timeout: the monitored command dumped core
environment: line 1: 3444040 Segmentation fault      timeout ${TIMEOUT}s "$WORKDIR/a.out" > "$TMP_OUT"
SEED=329728 
SEED is set to: 329728
SEED=156290 
SEED is set to: 156290
SEED=329099 
SEED is set to: 329099
SEED=508028 
SEED is set to: 508028
SEED=602285 
SEED is set to: 602285
SEED=140188 
SEED is set to: 140188
SEED=296324 
SEED is set to: 296324
SEED=481845 
SEED is set to: 481845
SEED=714858 
SEED is set to: 714858
SEED=726632 
SEED is set to: 726632
SEED=849866 
SEED is set to: 849866
SEED=95861 
SEED is set to: 95861
SEED=617773 
SEED is set to: 617773
SEED=628209 
SEED is set to: 628209
SEED=781678 
SEED is set to: 781678
timeout: the monitored command dumped core
environment: line 1: 3444776 Segmentation fault      timeout ${TIMEOUT}s "$WORKDIR/a.out" > "$TMP_OUT"
SEED=204302 
SEED is set to: 204302
SEED=491370 
SEED is set to: 491370
SEED=213903 
SEED is set to: 213903
SEED=542353 
SEED is set to: 542353
SEED=870381 
SEED is set to: 870381
SEED=879634 
SEED is set to: 879634
SEED=888836 
SEED is set to: 888836
timeout: the monitored command dumped core
environment: line 1: 3445155 Segmentation fault      timeout ${TIMEOUT}s "$WORKDIR/a.out" > "$TMP_OUT"
timeout: the monitored command dumped core
environment: line 1: 3445189 Segmentation fault      timeout ${TIMEOUT}s "$WORKDIR/a.out" > "$TMP_OUT"
SEED=458962 
SEED is set to: 458962
SEED=950305 
SEED is set to: 950305
SEED=14734 
SEED is set to: 14734
SEED=298881 
SEED is set to: 298881
timeout: the monitored command dumped core
environment: line 1: 3445431 Segmentation fault      timeout ${TIMEOUT}s "$WORKDIR/a.out" > "$TMP_OUT"
SEED=570435 
SEED is set to: 570435
timeout: the monitored command dumped core
environment: line 1: 3445537 Segmentation fault      timeout ${TIMEOUT}s "$WORKDIR/a.out" > "$TMP_OUT"
SEED=140475 
SEED is set to: 140475
SEED=269893 
SEED is set to: 269893
SEED=292538 
SEED is set to: 292538
timeout: the monitored command dumped core
environment: line 1: 3445589 Segmentation fault      timeout ${TIMEOUT}s "$WORKDIR/a.out" > "$TMP_OUT"
SEED=651050 
SEED is set to: 651050
SEED=686385 
SEED is set to: 686385
SEED=860237 
SEED is set to: 860237
timeout: the monitored command dumped core
environment: line 1: 3445783 Segmentation fault      timeout ${TIMEOUT}s "$WORKDIR/a.out" > "$TMP_OUT"
SEED=655657 
SEED is set to: 655657
SEED=655960 
SEED is set to: 655960
SEED=879785 
SEED is set to: 879785
timeout: the monitored command dumped core
environment: line 1: 3445853 Segmentation fault      timeout ${TIMEOUT}s "$WORKDIR/a.out" > "$TMP_OUT"
SEED=13453 
SEED is set to: 13453
SEED=24798 
SEED is set to: 24798
SEED=33606 
SEED is set to: 33606
SEED=435154 
SEED is set to: 435154
SEED=571147 
SEED is set to: 571147
SEED=217491 
SEED is set to: 217491
SEED=230565 
SEED is set to: 230565
SEED=512943 
SEED is set to: 512943
SEED=603275 
SEED is set to: 603275
SEED=639345 
SEED is set to: 639345
SEED=17558 
SEED is set to: 17558
SEED=576107 
SEED is set to: 576107
SEED=685730 
SEED is set to: 685730
timeout: the monitored command dumped core
environment: line 1: 3446403 Segmentation fault      timeout ${TIMEOUT}s "$WORKDIR/a.out" > "$TMP_OUT"
SEED=885064 
SEED is set to: 885064
SEED=916047 
SEED is set to: 916047
SEED=557302 
SEED is set to: 557302
SEED=696908 
SEED is set to: 696908
SEED=232164 
SEED is set to: 232164
SEED=345427 
SEED is set to: 345427
SEED=927201 
SEED is set to: 927201
SEED=957148 
SEED is set to: 957148
SEED=102372 
SEED is set to: 102372
timeout: the monitored command dumped core
environment: line 1: 3446870 Segmentation fault      timeout ${TIMEOUT}s "$WORKDIR/a.out" > "$TMP_OUT"
SEED=328908 
SEED is set to: 328908
SEED=505436 
SEED is set to: 505436
SEED=565922 
SEED is set to: 565922
SEED=819352 
SEED is set to: 819352
SEED=884721 
SEED is set to: 884721
SEED=200028 
SEED is set to: 200028
SEED=391242 
SEED is set to: 391242
SEED=675722 
SEED is set to: 675722
SEED=684711 
SEED is set to: 684711
SEED=6242 
SEED is set to: 6242
SEED=478769 
SEED is set to: 478769
SEED=827186 
SEED is set to: 827186
SEED=156749 
SEED is set to: 156749
SEED=397684 
SEED is set to: 397684
SEED=521850 
SEED is set to: 521850
SEED=748267 
SEED is set to: 748267
SEED=22489 
SEED is set to: 22489
SEED=496983 
SEED is set to: 496983
SEED=533990 
SEED is set to: 533990
SEED=61063 
SEED is set to: 61063
SEED=65110 
SEED is set to: 65110
SEED=487460 
SEED is set to: 487460
SEED=524298 
SEED is set to: 524298
SEED=764263 
SEED is set to: 764263
SEED=142632 
SEED is set to: 142632
timeout: the monitored command dumped core
environment: line 1: 3448028 Segmentation fault      timeout ${TIMEOUT}s "$WORKDIR/a.out" > "$TMP_OUT"
SEED=594789 
SEED is set to: 594789
SEED=957754 
SEED is set to: 957754
SEED=76763 
SEED is set to: 76763
timeout: the monitored command dumped core
environment: line 1: 3448214 Segmentation fault      timeout ${TIMEOUT}s "$WORKDIR/a.out" > "$TMP_OUT"
SEED=551051 
SEED is set to: 551051
SEED=893021 
SEED is set to: 893021
SEED=163699 
SEED is set to: 163699
timeout: the monitored command dumped core
environment: line 1: 3448382 Segmentation fault      timeout ${TIMEOUT}s "$WORKDIR/a.out" > "$TMP_OUT"
SEED=519028 
SEED is set to: 519028
SEED=642439 
SEED is set to: 642439
SEED=781294 
SEED is set to: 781294
SEED=186581 
SEED is set to: 186581
SEED=617109 
SEED is set to: 617109
SEED=127181 
SEED is set to: 127181
SEED=628611 
SEED is set to: 628611
timeout: the monitored command dumped core
environment: line 1: 3448797 Segmentation fault      timeout ${TIMEOUT}s "$WORKDIR/a.out" > "$TMP_OUT"
SEED=909993 
SEED is set to: 909993
SEED=929019 
SEED is set to: 929019
SEED=161213 
SEED is set to: 161213
SEED=350334 
SEED is set to: 350334
SEED=520594 
SEED is set to: 520594
SEED=991699 
SEED is set to: 991699
SEED=101132 
SEED is set to: 101132
SEED=211453 
SEED is set to: 211453
SEED=291236 
SEED is set to: 291236
SEED=786349 
SEED is set to: 786349
SEED=786607 
SEED is set to: 786607
SEED=867828 
SEED is set to: 867828
SEED=11107 
SEED is set to: 11107
SEED=546898 
SEED is set to: 546898
SEED=687255 
SEED is set to: 687255
SEED=67000 
SEED is set to: 67000
SEED=266826 
SEED is set to: 266826
timeout: the monitored command dumped core
environment: line 1: 3449553 Segmentation fault      timeout ${TIMEOUT}s "$WORKDIR/a.out" > "$TMP_OUT"
SEED=601202 
SEED is set to: 601202
SEED=835209 
SEED is set to: 835209
SEED=994355 
SEED is set to: 994355
SEED=346236 
SEED is set to: 346236
SEED=367470 
SEED is set to: 367470
SEED=604860 
SEED is set to: 604860
SEED=3184 
SEED is set to: 3184
timeout: the monitored command dumped core
environment: line 1: 3449830 Segmentation fault      timeout ${TIMEOUT}s "$WORKDIR/a.out" > "$TMP_OUT"
SEED=193665 
SEED is set to: 193665
SEED=313052 
SEED is set to: 313052
SEED=594755 
SEED is set to: 594755
SEED=888974 
SEED is set to: 888974
SEED=424184 
SEED is set to: 424184
SEED=454987 
SEED is set to: 454987
SEED=959831 
SEED is set to: 959831
SEED=57844 
SEED is set to: 57844
SEED=143262 
SEED is set to: 143262
SEED=259935 
SEED is set to: 259935
SEED=393758 
SEED is set to: 393758
timeout: the monitored command dumped core
environment: line 1: 3450230 Segmentation fault      timeout ${TIMEOUT}s "$WORKDIR/a.out" > "$TMP_OUT"
SEED=297587 
SEED is set to: 297587
SEED=611645 
SEED is set to: 611645
SEED=764158 
SEED is set to: 764158
SEED=933937 
SEED is set to: 933937
SEED=996894 
SEED is set to: 996894
SEED=681040 
SEED is set to: 681040
SEED=988018 
SEED is set to: 988018
SEED=485250 
SEED is set to: 485250
SEED=514518 
SEED is set to: 514518
SEED=592663 
SEED is set to: 592663
SEED=603695 
SEED is set to: 603695
timeout: the monitored command dumped core
environment: line 1: 3450904 Segmentation fault      timeout ${TIMEOUT}s "$WORKDIR/a.out" > "$TMP_OUT"
SEED=66493 
SEED is set to: 66493
SEED=111667 
SEED is set to: 111667
timeout: the monitored command dumped core
SEED=647218 
SEED is set to: 647218
SEED=913230 
SEED is set to: 913230
SEED=257090 
SEED is set to: 257090
SEED=271934 
SEED is set to: 271934
SEED=721333 
SEED is set to: 721333
SEED=18997 
SEED is set to: 18997
SEED=470804 
SEED is set to: 470804
SEED=508288 
SEED is set to: 508288
SEED=801448 
SEED is set to: 801448
SEED=78139 
SEED is set to: 78139
SEED=163208 
SEED is set to: 163208
SEED=244310 
SEED is set to: 244310
SEED=603558 
SEED is set to: 603558
SEED=843449 
SEED is set to: 843449
SEED=159367 
SEED is set to: 159367
SEED=168301 
SEED is set to: 168301
SEED=497887 
SEED is set to: 497887
timeout: the monitored command dumped core
environment: line 1: 3451768 Segmentation fault      timeout ${TIMEOUT}s "$WORKDIR/a.out" > "$TMP_OUT"
timeout: the monitored command dumped core
environment: line 1: 3451805 Segmentation fault      timeout ${TIMEOUT}s "$WORKDIR/a.out" > "$TMP_OUT"
SEED=831156 
SEED is set to: 831156
*** stack smashing detected ***: terminated
SEED=880425 
SEED is set to: 880425
timeout: the monitored command dumped core
environment: line 1: 3451879 Aborted                 timeout ${TIMEOUT}s "$WORKDIR/a.out" > "$TMP_OUT"
SEED=21091 
SEED is set to: 21091
SEED=297973 
SEED is set to: 297973
SEED=26555 
SEED is set to: 26555
SEED=40368 
SEED is set to: 40368
SEED=147347 
SEED is set to: 147347
SEED=235887 
SEED is set to: 235887
SEED=403888 
SEED is set to: 403888
SEED=763471 
SEED is set to: 763471
SEED=460003 
SEED is set to: 460003
SEED=543408 
SEED is set to: 543408
SEED=611543 
SEED is set to: 611543
timeout: the monitored command dumped core
environment: line 1: 3452442 Segmentation fault      timeout ${TIMEOUT}s "$WORKDIR/a.out" > "$TMP_OUT"
SEED=987158 
SEED is set to: 987158
SEED=4178 
SEED is set to: 4178
SEED=281332 
SEED is set to: 281332
SEED=695298 
SEED is set to: 695298
SEED=800297 
SEED is set to: 800297
SEED=128361 
SEED is set to: 128361
SEED=159673 
SEED is set to: 159673
SEED=318438 
SEED is set to: 318438
SEED=350635 
SEED is set to: 350635
timeout: the monitored command dumped core
environment: line 1: 3452794 Segmentation fault      timeout ${TIMEOUT}s "$WORKDIR/a.out" > "$TMP_OUT"
SEED=655231 
SEED is set to: 655231
SEED=754776 
SEED is set to: 754776
SEED=487980 
SEED is set to: 487980
SEED=519727 
SEED is set to: 519727
SEED=567813 
SEED is set to: 567813
timeout: the monitored command dumped core
environment: line 1: 3452972 Segmentation fault      timeout ${TIMEOUT}s "$WORKDIR/a.out" > "$TMP_OUT"
SEED=888794 
SEED is set to: 888794
SEED=995768 
SEED is set to: 995768
SEED=30524 
SEED is set to: 30524
SEED=133893 
SEED is set to: 133893
SEED=292062 
SEED is set to: 292062
SEED=317112 
SEED is set to: 317112
SEED=529915 
SEED is set to: 529915
SEED=614662 
SEED is set to: 614662
SEED=632239 
SEED is set to: 632239
SEED=640648 
SEED is set to: 640648
SEED=714151 
SEED is set to: 714151
SEED=824768 
SEED is set to: 824768
SEED=566663 
SEED is set to: 566663
SEED=870542 
SEED is set to: 870542
SEED=942742 
SEED is set to: 942742
SEED=197908 
SEED is set to: 197908
SEED=251517 
SEED is set to: 251517
SEED=269453 
SEED is set to: 269453
SEED=146358 
SEED is set to: 146358
SEED=351574 
SEED is set to: 351574
SEED=467880 
SEED is set to: 467880
SEED=515322 
SEED is set to: 515322
*** stack smashing detected ***: terminated
timeout: the monitored command dumped core
environment: line 1: 3454161 Aborted                 timeout ${TIMEOUT}s "$WORKDIR/a.out" > "$TMP_OUT"
SEED=885039 
SEED is set to: 885039
SEED=21676 
SEED is set to: 21676
SEED=710115 
SEED is set to: 710115
SEED=730447 
SEED is set to: 730447
SEED=892730 
SEED is set to: 892730
SEED=946517 
SEED is set to: 946517
SEED=990242 
SEED is set to: 990242
timeout: the monitored command dumped core
environment: line 1: 3454454 Segmentation fault      timeout ${TIMEOUT}s "$WORKDIR/a.out" > "$TMP_OUT"
SEED=275776 
SEED is set to: 275776
SEED=310661 
SEED is set to: 310661
SEED=652731 
SEED is set to: 652731
SEED=115796 
SEED is set to: 115796
SEED=724587 
SEED is set to: 724587
malloc(): corrupted top size
SEED=768155 
SEED is set to: 768155
timeout: the monitored command dumped core
environment: line 1: 3454795 Aborted                 timeout ${TIMEOUT}s "$WORKDIR/a.out" > "$TMP_OUT"
SEED=156156 
SEED is set to: 156156
SEED=455589 
SEED is set to: 455589
SEED=555485 
SEED is set to: 555485
SEED=806395 
SEED is set to: 806395
SEED=195102 
SEED is set to: 195102
SEED=381309 
SEED is set to: 381309
timeout: the monitored command dumped core
environment: line 1: 3455130 Floating point exceptiontimeout ${TIMEOUT}s "$WORKDIR/a.out" > "$TMP_OUT"
SEED=492836 
SEED is set to: 492836
timeout: the monitored command dumped core
environment: line 1: 3455161 Segmentation fault      timeout ${TIMEOUT}s "$WORKDIR/a.out" > "$TMP_OUT"
SEED=920833 
SEED is set to: 920833
malloc(): corrupted top size
SEED=25369 
SEED is set to: 25369
SEED=29899 
SEED is set to: 29899
timeout: the monitored command dumped core
environment: line 1: 3455216 Aborted                 timeout ${TIMEOUT}s "$WORKDIR/a.out" > "$TMP_OUT"
timeout: the monitored command dumped core
environment: line 1: 3455225 Segmentation fault      timeout ${TIMEOUT}s "$WORKDIR/a.out" > "$TMP_OUT"
SEED=700515 
SEED is set to: 700515
timeout: the monitored command dumped core
environment: line 1: 3455361 Segmentation fault      timeout ${TIMEOUT}s "$WORKDIR/a.out" > "$TMP_OUT"
SEED=859649 
SEED is set to: 859649
SEED=491702 
SEED is set to: 491702
SEED=503942 
SEED is set to: 503942
SEED=525783 
SEED is set to: 525783
timeout: the monitored command dumped core
environment: line 1: 3455479 Segmentation fault      timeout ${TIMEOUT}s "$WORKDIR/a.out" > "$TMP_OUT"
SEED=91806 
SEED is set to: 91806
SEED=338438 
SEED is set to: 338438
SEED=65533 
SEED is set to: 65533
SEED=524903 
SEED is set to: 524903
SEED=543769 
SEED is set to: 543769
SEED=584248 
SEED is set to: 584248
timeout: the monitored command dumped core
environment: line 1: 3455818 Segmentation fault      timeout ${TIMEOUT}s "$WORKDIR/a.out" > "$TMP_OUT"
SEED=173430 
SEED is set to: 173430
SEED=474869 
SEED is set to: 474869
SEED=533216 
SEED is set to: 533216
SEED=863100 
SEED is set to: 863100
SEED=53679 
SEED is set to: 53679
SEED=259591 
SEED is set to: 259591
SEED=306344 
SEED is set to: 306344
SEED=814751 
SEED is set to: 814751
SEED=827608 
SEED is set to: 827608
SEED=27173 
SEED is set to: 27173
SEED=121595 
SEED is set to: 121595
timeout: the monitored command dumped core
environment: line 1: 3456289 Segmentation fault      timeout ${TIMEOUT}s "$WORKDIR/a.out" > "$TMP_OUT"
SEED=548244 
SEED is set to: 548244
SEED=370174 
SEED is set to: 370174
SEED=628111 
SEED is set to: 628111
SEED=629521 
SEED is set to: 629521
SEED=812247 
SEED is set to: 812247
SEED=59681 
SEED is set to: 59681
SEED=672642 
SEED is set to: 672642
SEED=767238 
SEED is set to: 767238
SEED=41182 
SEED is set to: 41182
SEED=365002 
SEED is set to: 365002
SEED=695051 
SEED is set to: 695051
SEED=932499 
SEED is set to: 932499
SEED=13399 
SEED is set to: 13399
SEED=187929 
SEED is set to: 187929
SEED=802287 
SEED is set to: 802287
SEED=895724 
SEED is set to: 895724
SEED=18559 
SEED is set to: 18559
SEED=145943 
SEED is set to: 145943
SEED=241423 
SEED is set to: 241423
SEED=196881 
SEED is set to: 196881
SEED=284878 
SEED is set to: 284878
SEED=205665 
SEED is set to: 205665
SEED=399682 
SEED is set to: 399682
SEED=498590 
SEED is set to: 498590
SEED=775667 
SEED is set to: 775667
SEED=822865 
SEED is set to: 822865
SEED=53869 
SEED is set to: 53869
timeout: the monitored command dumped core
environment: line 1: 3457796 Segmentation fault      timeout ${TIMEOUT}s "$WORKDIR/a.out" > "$TMP_OUT"
SEED=954375 
SEED is set to: 954375
SEED=964953 
SEED is set to: 964953
SEED=301793 
SEED is set to: 301793
timeout: the monitored command dumped core
environment: line 1: 3458017 Segmentation fault      timeout ${TIMEOUT}s "$WORKDIR/a.out" > "$TMP_OUT"
SEED=733524 
SEED is set to: 733524
timeout: the monitored command dumped core
environment: line 1: 3458089 Segmentation fault      timeout ${TIMEOUT}s "$WORKDIR/a.out" > "$TMP_OUT"
SEED=268336 
SEED is set to: 268336
SEED=282645 
SEED is set to: 282645
SEED=876187 
SEED is set to: 876187
SEED=432538 
SEED is set to: 432538
SEED=536861 
SEED is set to: 536861
SEED=638863 
SEED is set to: 638863
SEED=771699 
SEED is set to: 771699
SEED=920328 
SEED is set to: 920328
SEED=88301 
SEED is set to: 88301
SEED=190977 
SEED is set to: 190977
SEED=52417 
SEED is set to: 52417
SEED=54669 
SEED is set to: 54669
SEED=78905 
SEED is set to: 78905
SEED=230299 
SEED is set to: 230299
SEED=289360 
SEED is set to: 289360
SEED=362220 
SEED is set to: 362220
timeout: the monitored command dumped core
environment: line 1: 3458772 Segmentation fault      timeout ${TIMEOUT}s "$WORKDIR/a.out" > "$TMP_OUT"
SEED=682974 
SEED is set to: 682974
SEED=732847 
SEED is set to: 732847
SEED=497386 
SEED is set to: 497386
SEED=710331 
SEED is set to: 710331
SEED=905221 
SEED is set to: 905221
SEED=916345 
SEED is set to: 916345
SEED=281601 
SEED is set to: 281601
SEED=633402 
SEED is set to: 633402
SEED=653866 
SEED is set to: 653866
SEED=56835 
SEED is set to: 56835
SEED=808536 
SEED is set to: 808536
SEED=814648 
SEED is set to: 814648
SEED=150069 
SEED is set to: 150069
SEED=420029 
SEED is set to: 420029
SEED=421272 
SEED is set to: 421272
SEED=688939 
SEED is set to: 688939
SEED=731701 
SEED is set to: 731701
SEED=751236 
SEED is set to: 751236
timeout: the monitored command dumped core
environment: line 1: 3459481 Segmentation fault      timeout ${TIMEOUT}s "$WORKDIR/a.out" > "$TMP_OUT"
timeout: the monitored command dumped core
environment: line 1: 3459581 Segmentation fault      timeout ${TIMEOUT}s "$WORKDIR/a.out" > "$TMP_OUT"
SEED=936470 
SEED is set to: 936470
SEED=141427 
SEED is set to: 141427
SEED=222581 
SEED is set to: 222581
timeout: the monitored command dumped core
environment: line 1: 3459844 Segmentation fault      timeout ${TIMEOUT}s "$WORKDIR/a.out" > "$TMP_OUT"
SEED=453233 
SEED is set to: 453233
SEED=546565 
SEED is set to: 546565
SEED=577426 
SEED is set to: 577426
timeout: the monitored command dumped core
environment: line 1: 3459867 Segmentation fault      timeout ${TIMEOUT}s "$WORKDIR/a.out" > "$TMP_OUT"
SEED=425922 
SEED is set to: 425922
SEED=540440 
SEED is set to: 540440
SEED=784906 
SEED is set to: 784906
SEED=869474 
SEED is set to: 869474
SEED=43746 
SEED is set to: 43746
SEED=79878 
SEED is set to: 79878
SEED=267750 
SEED is set to: 267750
timeout: the monitored command dumped core
environment: line 1: 3460297 Segmentation fault      timeout ${TIMEOUT}s "$WORKDIR/a.out" > "$TMP_OUT"
SEED=412011 
SEED is set to: 412011
SEED=855551 
SEED is set to: 855551
SEED=869842 
SEED is set to: 869842
timeout: the monitored command dumped core
environment: line 1: 3460487 Segmentation fault      timeout ${TIMEOUT}s "$WORKDIR/a.out" > "$TMP_OUT"
timeout: the monitored command dumped core
environment: line 1: 3460484 Segmentation fault      timeout ${TIMEOUT}s "$WORKDIR/a.out" > "$TMP_OUT"
SEED=352950 
SEED is set to: 352950
SEED=538327 
SEED is set to: 538327
SEED=599126 
SEED is set to: 599126
SEED=789677 
SEED is set to: 789677
SEED=582284 
SEED is set to: 582284
SEED=978837 
SEED is set to: 978837
SEED=99662 
SEED is set to: 99662
SEED=184231 
SEED is set to: 184231
SEED=377702 
SEED is set to: 377702
SEED=396847 
SEED is set to: 396847
SEED=691721 
SEED is set to: 691721
SEED=890349 
SEED is set to: 890349
SEED=326714 
SEED is set to: 326714
SEED=975930 
SEED is set to: 975930
SEED=134785 
SEED is set to: 134785
SEED=190148 
SEED is set to: 190148
SEED=378240 
SEED is set to: 378240
SEED=680661 
SEED is set to: 680661
SEED=208761 
SEED is set to: 208761
SEED=218960 
SEED is set to: 218960
SEED=424162 
SEED is set to: 424162
SEED=60858 
SEED is set to: 60858
SEED=133002 
SEED is set to: 133002
SEED=573521 
SEED is set to: 573521
SEED=966165 
SEED is set to: 966165
SEED=148107 
SEED is set to: 148107
SEED=768834 
SEED is set to: 768834
SEED=334255 
SEED is set to: 334255
SEED=424400 
SEED is set to: 424400
SEED=598657 
SEED is set to: 598657
SEED=648084 
SEED is set to: 648084
SEED=288147 
SEED is set to: 288147
SEED=366599 
SEED is set to: 366599
SEED=495203 
SEED is set to: 495203
timeout: the monitored command dumped core
environment: line 1: 3462254 Segmentation fault      timeout ${TIMEOUT}s "$WORKDIR/a.out" > "$TMP_OUT"
SEED=633981 
SEED is set to: 633981
SEED=775538 
SEED is set to: 775538
SEED=97391 
SEED is set to: 97391
SEED=124581 
SEED is set to: 124581
timeout: the monitored command dumped core
environment: line 1: 3462424 Segmentation fault      timeout ${TIMEOUT}s "$WORKDIR/a.out" > "$TMP_OUT"
SEED=935839 
SEED is set to: 935839
SEED=396801 
SEED is set to: 396801
SEED=666769 
SEED is set to: 666769
SEED=867822 
SEED is set to: 867822
SEED=999604 
SEED is set to: 999604
SEED=576640 
SEED is set to: 576640
SEED=947184 
SEED is set to: 947184
SEED=147537 
SEED is set to: 147537
SEED=316437 
SEED is set to: 316437
malloc(): corrupted top size
timeout: the monitored command dumped core
environment: line 1: 3462957 Aborted                 timeout ${TIMEOUT}s "$WORKDIR/a.out" > "$TMP_OUT"
SEED=451455 
SEED is set to: 451455
SEED=455490 
SEED is set to: 455490
SEED=18061 
SEED is set to: 18061
SEED=103861 
SEED is set to: 103861
SEED=330176 
SEED is set to: 330176
timeout: the monitored command dumped core
environment: line 1: 3463166 Segmentation fault      timeout ${TIMEOUT}s "$WORKDIR/a.out" > "$TMP_OUT"
SEED=753832 
SEED is set to: 753832
SEED=780578 
SEED is set to: 780578
SEED=95652 
SEED is set to: 95652
SEED=736956 
SEED is set to: 736956
SEED=232448 
SEED is set to: 232448
SEED=281974 
SEED is set to: 281974
SEED=412593 
SEED is set to: 412593
SEED=433011 
SEED is set to: 433011
SEED=573929 
SEED is set to: 573929
timeout: the monitored command dumped core
environment: line 1: 3463570 Segmentation fault      timeout ${TIMEOUT}s "$WORKDIR/a.out" > "$TMP_OUT"
SEED=863931 
SEED is set to: 863931
SEED=56505 
SEED is set to: 56505
SEED=788817 
SEED is set to: 788817
SEED=823335 
SEED is set to: 823335
SEED=942806 
SEED is set to: 942806
SEED=951365 
SEED is set to: 951365
SEED=971363 
SEED is set to: 971363
SEED=170832 
SEED is set to: 170832
timeout: the monitored command dumped core
environment: line 1: 3463823 Segmentation fault      timeout ${TIMEOUT}s "$WORKDIR/a.out" > "$TMP_OUT"
SEED=54352 
SEED is set to: 54352
SEED=163305 
SEED is set to: 163305
SEED=218818 
SEED is set to: 218818
SEED=400754 
SEED is set to: 400754
SEED=631873 
SEED is set to: 631873
SEED=801161 
SEED is set to: 801161
SEED=653801 
SEED is set to: 653801
SEED=718272 
SEED is set to: 718272
SEED=729740 
SEED is set to: 729740
SEED=753167 
SEED is set to: 753167
timeout: the monitored command dumped core
environment: line 1: 3464429 Segmentation fault      timeout ${TIMEOUT}s "$WORKDIR/a.out" > "$TMP_OUT"
SEED=107099 
SEED is set to: 107099
SEED=184722 
SEED is set to: 184722
SEED=202288 
SEED is set to: 202288
SEED=240290 
SEED is set to: 240290
SEED=455764 
SEED is set to: 455764
SEED=684269 
SEED is set to: 684269
SEED=715103 
SEED is set to: 715103
SEED=880664 
SEED is set to: 880664
timeout: the monitored command dumped core
environment: line 1: 3464679 Segmentation fault      timeout ${TIMEOUT}s "$WORKDIR/a.out" > "$TMP_OUT"
SEED=942155 
SEED is set to: 942155
timeout: the monitored command dumped core
environment: line 1: 3464879 Segmentation fault      timeout ${TIMEOUT}s "$WORKDIR/a.out" > "$TMP_OUT"
SEED=119230 
SEED is set to: 119230
SEED=168329 
SEED is set to: 168329
SEED=592564 
SEED is set to: 592564
SEED=161722 
SEED is set to: 161722
SEED=291452 
SEED is set to: 291452
SEED=361624 
SEED is set to: 361624
SEED=453353 
SEED is set to: 453353
timeout: the monitored command dumped core
environment: line 1: 3465248 Segmentation fault      timeout ${TIMEOUT}s "$WORKDIR/a.out" > "$TMP_OUT"
SEED=514540 
SEED is set to: 514540
SEED=553539 
SEED is set to: 553539
SEED=724511 
SEED is set to: 724511
timeout: the monitored command dumped core
environment: line 1: 3465446 Segmentation fault      timeout ${TIMEOUT}s "$WORKDIR/a.out" > "$TMP_OUT"
SEED=837098 
SEED is set to: 837098
SEED=957884 
SEED is set to: 957884
SEED=316123 
SEED is set to: 316123
SEED=316916 
SEED is set to: 316916
timeout: the monitored command dumped core
environment: line 1: 3465637 Segmentation fault      timeout ${TIMEOUT}s "$WORKDIR/a.out" > "$TMP_OUT"
SEED=699337 
SEED is set to: 699337
SEED=61526 
SEED is set to: 61526
SEED=104849 
SEED is set to: 104849
SEED=369812 
SEED is set to: 369812
timeout: the monitored command dumped core
environment: line 1: 3465793 Segmentation fault      timeout ${TIMEOUT}s "$WORKDIR/a.out" > "$TMP_OUT"
SEED=419159 
SEED is set to: 419159
SEED=183887 
SEED is set to: 183887
SEED=284616 
SEED is set to: 284616
SEED=926061 
SEED is set to: 926061
SEED=129608 
SEED is set to: 129608
SEED=224629 
SEED is set to: 224629
SEED=864773 
SEED is set to: 864773
SEED=61200 
SEED is set to: 61200
SEED=335106 
SEED is set to: 335106
SEED=429706 
SEED is set to: 429706
SEED=452864 
SEED is set to: 452864
SEED=497953 
SEED is set to: 497953
SEED=567107 
SEED is set to: 567107
SEED=580823 
SEED is set to: 580823
timeout: the monitored command dumped core
environment: line 1: 3466443 Segmentation fault      timeout ${TIMEOUT}s "$WORKDIR/a.out" > "$TMP_OUT"
timeout: the monitored command dumped core
environment: line 1: 3466433 Segmentation fault      timeout ${TIMEOUT}s "$WORKDIR/a.out" > "$TMP_OUT"
SEED=735803 
SEED is set to: 735803
SEED=797131 
SEED is set to: 797131
SEED=994272 
SEED is set to: 994272
SEED=170198 
SEED is set to: 170198
SEED=242075 
SEED is set to: 242075
timeout: the monitored command dumped core
environment: line 1: 3466737 Segmentation fault      timeout ${TIMEOUT}s "$WORKDIR/a.out" > "$TMP_OUT"
SEED=25148 
SEED is set to: 25148
SEED=294952 
SEED is set to: 294952
SEED=715362 
SEED is set to: 715362
SEED=783901 
SEED is set to: 783901
SEED=805124 
SEED is set to: 805124
SEED=36300 
SEED is set to: 36300
SEED=626613 
SEED is set to: 626613
SEED=290339 
SEED is set to: 290339
SEED=394337 
SEED is set to: 394337
SEED=488082 
SEED is set to: 488082
SEED=905231 
SEED is set to: 905231
SEED=145414 
SEED is set to: 145414
SEED=288561 
SEED is set to: 288561
timeout: the monitored command dumped core
environment: line 1: 3467543 Segmentation fault      timeout ${TIMEOUT}s "$WORKDIR/a.out" > "$TMP_OUT"
SEED=698130 
SEED is set to: 698130
SEED=41502 
SEED is set to: 41502
SEED=280922 
SEED is set to: 280922
SEED=314686 
SEED is set to: 314686
SEED=528180 
SEED is set to: 528180
SEED=605727 
SEED is set to: 605727
SEED=289495 
SEED is set to: 289495
SEED=350324 
SEED is set to: 350324
SEED=576972 
SEED is set to: 576972
SEED=981483 
SEED is set to: 981483
SEED=55504 
SEED is set to: 55504
SEED=157089 
SEED is set to: 157089
SEED=181883 
SEED is set to: 181883
SEED=252238 
SEED is set to: 252238
SEED=468022 
SEED is set to: 468022
SEED=733890 
SEED is set to: 733890
SEED=113731 
SEED is set to: 113731
SEED=328763 
SEED is set to: 328763
timeout: the monitored command dumped core
environment: line 1: 3468244 Segmentation fault      timeout ${TIMEOUT}s "$WORKDIR/a.out" > "$TMP_OUT"
timeout: the monitored command dumped core
environment: line 1: 3468223 Segmentation fault      timeout ${TIMEOUT}s "$WORKDIR/a.out" > "$TMP_OUT"
SEED=566308 
SEED is set to: 566308
SEED=566438 
SEED is set to: 566438
SEED=682773 
SEED is set to: 682773
SEED=707382 
SEED is set to: 707382
SEED=929903 
SEED is set to: 929903
timeout: the monitored command dumped core
environment: line 1: 3468345 Segmentation fault      timeout ${TIMEOUT}s "$WORKDIR/a.out" > "$TMP_OUT"
SEED=986440 
SEED is set to: 986440
SEED=24625 
SEED is set to: 24625
SEED=59152 
SEED is set to: 59152
SEED=278817 
SEED is set to: 278817
timeout: the monitored command dumped core
environment: line 1: 3468633 Segmentation fault      timeout ${TIMEOUT}s "$WORKDIR/a.out" > "$TMP_OUT"
SEED=437090 
SEED is set to: 437090
SEED=119450 
SEED is set to: 119450
SEED=318794 
SEED is set to: 318794
SEED=465228 
SEED is set to: 465228
timeout: the monitored command dumped core
environment: line 1: 3468800 Segmentation fault      timeout ${TIMEOUT}s "$WORKDIR/a.out" > "$TMP_OUT"
SEED=529085 
SEED is set to: 529085
SEED=803070 
SEED is set to: 803070
SEED=140072 
SEED is set to: 140072
SEED=577694 
SEED is set to: 577694
SEED=769561 
SEED is set to: 769561
SEED=953483 
SEED is set to: 953483
SEED=141418 
SEED is set to: 141418
SEED=562711 
SEED is set to: 562711
timeout: the monitored command dumped core
environment: line 1: 3469200 Segmentation fault      timeout ${TIMEOUT}s "$WORKDIR/a.out" > "$TMP_OUT"
SEED=400152 
SEED is set to: 400152
SEED=457863 
SEED is set to: 457863
SEED=642816 
SEED is set to: 642816
SEED=745170 
SEED is set to: 745170
timeout: the monitored command dumped core
environment: line 1: 3469321 Segmentation fault      timeout ${TIMEOUT}s "$WORKDIR/a.out" > "$TMP_OUT"
SEED=22010 
SEED is set to: 22010
SEED=84408 
SEED is set to: 84408
SEED=105089 
SEED is set to: 105089
SEED=131044 
SEED is set to: 131044
SEED=171209 
SEED is set to: 171209
SEED=183226 
SEED is set to: 183226
SEED=378636 
SEED is set to: 378636
timeout: the monitored command dumped core
environment: line 1: 3469645 Segmentation fault      timeout ${TIMEOUT}s "$WORKDIR/a.out" > "$TMP_OUT"
SEED=548233 
SEED is set to: 548233
SEED=573147 
SEED is set to: 573147
timeout: the monitored command dumped core
environment: line 1: 3469681 Segmentation fault      timeout ${TIMEOUT}s "$WORKDIR/a.out" > "$TMP_OUT"
SEED=746295 
SEED is set to: 746295
SEED=983075 
SEED is set to: 983075
SEED=39811 
SEED is set to: 39811
SEED=177354 
SEED is set to: 177354
SEED=201763 
SEED is set to: 201763
SEED=720429 
SEED is set to: 720429
SEED=163749 
SEED is set to: 163749
SEED=526670 
SEED is set to: 526670
SEED=694396 
SEED is set to: 694396
SEED=242841 
SEED is set to: 242841
SEED=644916 
SEED is set to: 644916
SEED=657631 
SEED is set to: 657631
SEED=744182 
SEED is set to: 744182
SEED=866659 
SEED is set to: 866659
SEED=127547 
SEED is set to: 127547
SEED=615282 
SEED is set to: 615282
SEED=32814 
SEED is set to: 32814
SEED=490027 
SEED is set to: 490027
SEED=642844 
SEED is set to: 642844
SEED=665433 
SEED is set to: 665433
SEED=685142 
SEED is set to: 685142
timeout: the monitored command dumped core
environment: line 1: 3470870 Segmentation fault      timeout ${TIMEOUT}s "$WORKDIR/a.out" > "$TMP_OUT"
SEED=475829 
SEED is set to: 475829
SEED=831961 
SEED is set to: 831961
SEED=153298 
SEED is set to: 153298
SEED=234668 
SEED is set to: 234668
SEED=281617 
SEED is set to: 281617
SEED=503955 
SEED is set to: 503955
SEED=576864 
SEED is set to: 576864
SEED=968340 
SEED is set to: 968340
SEED=728358 
SEED is set to: 728358
SEED=873293 
SEED is set to: 873293
SEED=918240 
SEED is set to: 918240
SEED=969077 
SEED is set to: 969077
timeout: the monitored command dumped core
environment: line 1: 3471452 Segmentation fault      timeout ${TIMEOUT}s "$WORKDIR/a.out" > "$TMP_OUT"
SEED=44970 
SEED is set to: 44970
SEED=502993 
SEED is set to: 502993
SEED=505717 
SEED is set to: 505717
SEED=852358 
SEED is set to: 852358
SEED=857887 
SEED is set to: 857887
SEED=312218 
SEED is set to: 312218
SEED=416866 
SEED is set to: 416866
SEED=566469 
SEED is set to: 566469
SEED=628927 
SEED is set to: 628927
SEED=141043 
SEED is set to: 141043
SEED=341190 
SEED is set to: 341190
SEED=843314 
SEED is set to: 843314
SEED=856971 
SEED is set to: 856971
SEED=872342 
SEED is set to: 872342
SEED=125678 
SEED is set to: 125678
timeout: the monitored command dumped core
environment: line 1: 3472078 Segmentation fault      timeout ${TIMEOUT}s "$WORKDIR/a.out" > "$TMP_OUT"
timeout: the monitored command dumped core
environment: line 1: 3472056 Segmentation fault      timeout ${TIMEOUT}s "$WORKDIR/a.out" > "$TMP_OUT"
SEED=220390 
SEED is set to: 220390
SEED=422215 
SEED is set to: 422215
SEED=707855 
SEED is set to: 707855
SEED=793257 
SEED is set to: 793257
timeout: the monitored command dumped core
environment: line 1: 3472251 Segmentation fault      timeout ${TIMEOUT}s "$WORKDIR/a.out" > "$TMP_OUT"
SEED=213924 
SEED is set to: 213924
SEED=755294 
SEED is set to: 755294
SEED=816216 
SEED is set to: 816216
SEED=856705 
SEED is set to: 856705
SEED=39093 
SEED is set to: 39093
timeout: the monitored command dumped core
environment: line 1: 3472449 Segmentation fault      timeout ${TIMEOUT}s "$WORKDIR/a.out" > "$TMP_OUT"
SEED=312560 
SEED is set to: 312560
SEED=514751 
SEED is set to: 514751
SEED=823677 
SEED is set to: 823677
SEED=145174 
SEED is set to: 145174
SEED=383871 
SEED is set to: 383871
SEED=472896 
SEED is set to: 472896
SEED=514021 
SEED is set to: 514021
timeout: the monitored command dumped core
environment: line 1: 3472778 Segmentation fault      timeout ${TIMEOUT}s "$WORKDIR/a.out" > "$TMP_OUT"
SEED=710663 
SEED is set to: 710663
SEED=721260 
SEED is set to: 721260
SEED=958835 
SEED is set to: 958835
SEED=241101 
SEED is set to: 241101
SEED=598576 
SEED is set to: 598576
timeout: the monitored command dumped core
environment: line 1: 3473045 Segmentation fault      timeout ${TIMEOUT}s "$WORKDIR/a.out" > "$TMP_OUT"
SEED=563795 
SEED is set to: 563795
SEED=658261 
SEED is set to: 658261
SEED=101141 
SEED is set to: 101141
SEED=384378 
SEED is set to: 384378
SEED=576050 
SEED is set to: 576050
SEED=689218 
SEED is set to: 689218
SEED=807750 
SEED is set to: 807750
SEED=979692 
SEED is set to: 979692
SEED=128440 
SEED is set to: 128440
SEED=460868 
SEED is set to: 460868
SEED=542004 
SEED is set to: 542004
SEED=565328 
SEED is set to: 565328
SEED=29427 
SEED is set to: 29427
SEED=268100 
SEED is set to: 268100
timeout: the monitored command dumped core
environment: line 1: 3473735 Segmentation fault      timeout ${TIMEOUT}s "$WORKDIR/a.out" > "$TMP_OUT"
SEED=842864 
SEED is set to: 842864
SEED=987497 
SEED is set to: 987497
SEED=114300 
SEED is set to: 114300
SEED=503749 
SEED is set to: 503749
SEED=802897 
SEED is set to: 802897
SEED=845484 
SEED is set to: 845484
SEED=27201 
SEED is set to: 27201
timeout: the monitored command dumped core
environment: line 1: 3474014 Segmentation fault      timeout ${TIMEOUT}s "$WORKDIR/a.out" > "$TMP_OUT"
SEED=389272 
SEED is set to: 389272
SEED=694465 
SEED is set to: 694465
SEED=446004 
SEED is set to: 446004
SEED=453097 
SEED is set to: 453097
SEED=573976 
SEED is set to: 573976
SEED=856568 
SEED is set to: 856568
SEED=449957 
SEED is set to: 449957
SEED=592737 
SEED is set to: 592737
SEED=833790 
SEED is set to: 833790
SEED=949727 
SEED is set to: 949727
SEED=961401 
SEED is set to: 961401
SEED=158874 
SEED is set to: 158874
SEED=280941 
SEED is set to: 280941
SEED=360871 
SEED is set to: 360871
SEED=180555 
SEED is set to: 180555
SEED=344031 
SEED is set to: 344031
SEED=360440 
SEED is set to: 360440
SEED=894519 
SEED is set to: 894519
SEED=969694 
SEED is set to: 969694
SEED=977751 
SEED is set to: 977751
SEED=589660 
SEED is set to: 589660
SEED=636886 
SEED is set to: 636886
SEED=764538 
SEED is set to: 764538
SEED=453474 
SEED is set to: 453474
SEED=626754 
SEED is set to: 626754
SEED=640160 
SEED is set to: 640160
SEED=40568 
SEED is set to: 40568
SEED=89805 
SEED is set to: 89805
SEED=107512 
SEED is set to: 107512
timeout: the monitored command dumped core
environment: line 1: 3475429 Segmentation fault      timeout ${TIMEOUT}s "$WORKDIR/a.out" > "$TMP_OUT"
SEED=689639 
SEED is set to: 689639
SEED=61736 
SEED is set to: 61736
SEED=267944 
SEED is set to: 267944
SEED=420479 
SEED is set to: 420479
SEED=730206 
SEED is set to: 730206
SEED=774590 
SEED is set to: 774590
SEED=100916 
SEED is set to: 100916
SEED=531175 
SEED is set to: 531175
SEED=682946 
SEED is set to: 682946
timeout: the monitored command dumped core
environment: line 1: 3475879 Segmentation fault      timeout ${TIMEOUT}s "$WORKDIR/a.out" > "$TMP_OUT"
SEED=289513 
SEED is set to: 289513
SEED=232971 
SEED is set to: 232971
SEED=294111 
SEED is set to: 294111
SEED=680604 
SEED is set to: 680604
SEED=23440 
SEED is set to: 23440
SEED=150122 
SEED is set to: 150122
timeout: the monitored command dumped core
environment: line 1: 3476351 Segmentation fault      timeout ${TIMEOUT}s "$WORKDIR/a.out" > "$TMP_OUT"
SEED=706514 
SEED is set to: 706514
SEED=304780 
SEED is set to: 304780
SEED=728270 
SEED is set to: 728270
SEED=768180 
SEED is set to: 768180
SEED=1091 
SEED is set to: 1091
timeout: the monitored command dumped core
environment: line 1: 3476614 Segmentation fault      timeout ${TIMEOUT}s "$WORKDIR/a.out" > "$TMP_OUT"
SEED=304854 
SEED is set to: 304854
SEED=647009 
SEED is set to: 647009
SEED=765604 
SEED is set to: 765604
timeout: the monitored command dumped core
environment: line 1: 3476797 Segmentation fault      timeout ${TIMEOUT}s "$WORKDIR/a.out" > "$TMP_OUT"
SEED=540047 
SEED is set to: 540047
SEED=604362 
SEED is set to: 604362
SEED=617833 
SEED is set to: 617833
SEED=714747 
SEED is set to: 714747
timeout: the monitored command dumped core
environment: line 1: 3476982 Segmentation fault      timeout ${TIMEOUT}s "$WORKDIR/a.out" > "$TMP_OUT"
SEED=238711 
SEED is set to: 238711
SEED=343359 
SEED is set to: 343359
SEED=698150 
SEED is set to: 698150
SEED=386962 
SEED is set to: 386962
SEED=417850 
SEED is set to: 417850
SEED=791345 
SEED is set to: 791345
SEED=828838 
SEED is set to: 828838
SEED=42014 
SEED is set to: 42014
SEED=274671 
SEED is set to: 274671
SEED=867784 
SEED is set to: 867784
SEED=919662 
SEED is set to: 919662
SEED=205558 
SEED is set to: 205558
SEED=506953 
SEED is set to: 506953
SEED=77316 
SEED is set to: 77316
SEED=385007 
SEED is set to: 385007
SEED=476004 
SEED is set to: 476004
SEED=671148 
SEED is set to: 671148
SEED=681669 
SEED is set to: 681669
SEED=741107 
SEED is set to: 741107
SEED=769371 
SEED is set to: 769371
SEED=269564 
SEED is set to: 269564
SEED=235224 
SEED is set to: 235224
SEED=276195 
SEED is set to: 276195
SEED=311528 
SEED is set to: 311528
SEED=480157 
SEED is set to: 480157
SEED=611868 
SEED is set to: 611868
SEED=367920 
SEED is set to: 367920
SEED=511973 
SEED is set to: 511973
SEED=548404 
SEED is set to: 548404
timeout: the monitored command dumped core
environment: line 1: 3478431 Segmentation fault      timeout ${TIMEOUT}s "$WORKDIR/a.out" > "$TMP_OUT"
SEED=833410 
SEED is set to: 833410
SEED=856674 
SEED is set to: 856674
*** stack smashing detected ***: terminated
timeout: the monitored command dumped core
environment: line 1: 3478547 Aborted                 timeout ${TIMEOUT}s "$WORKDIR/a.out" > "$TMP_OUT"
SEED=237110 
SEED is set to: 237110
SEED=695381 
SEED is set to: 695381
SEED=968241 
SEED is set to: 968241
SEED=998549 
SEED is set to: 998549
SEED=309654 
SEED is set to: 309654
SEED=353010 
SEED is set to: 353010
SEED=453418 
SEED is set to: 453418
SEED=597580 
SEED is set to: 597580
SEED=616093 
SEED is set to: 616093
timeout: the monitored command dumped core
environment: line 1: 3478860 Segmentation fault      timeout ${TIMEOUT}s "$WORKDIR/a.out" > "$TMP_OUT"
SEED=967510 
SEED is set to: 967510
SEED=744981 
SEED is set to: 744981
SEED=774395 
SEED is set to: 774395
SEED=139614 
SEED is set to: 139614
SEED=143786 
SEED is set to: 143786
SEED=250180 
SEED is set to: 250180
timeout: the monitored command dumped core
environment: line 1: 3479217 Segmentation fault      timeout ${TIMEOUT}s "$WORKDIR/a.out" > "$TMP_OUT"
SEED=897882 
SEED is set to: 897882
SEED=230516 
SEED is set to: 230516
SEED=641257 
SEED is set to: 641257
SEED=844205 
SEED is set to: 844205
SEED=865553 
SEED is set to: 865553
SEED=141036 
SEED is set to: 141036
SEED=587908 
SEED is set to: 587908
SEED=729866 
SEED is set to: 729866
SEED=747651 
SEED is set to: 747651
SEED=851395 
SEED is set to: 851395
timeout: the monitored command dumped core
environment: line 1: 3479663 Segmentation fault      timeout ${TIMEOUT}s "$WORKDIR/a.out" > "$TMP_OUT"
SEED=962197 
SEED is set to: 962197
timeout: the monitored command dumped core
environment: line 1: 3479684 Segmentation fault      timeout ${TIMEOUT}s "$WORKDIR/a.out" > "$TMP_OUT"
SEED=292260 
SEED is set to: 292260
SEED=450844 
SEED is set to: 450844
SEED=648399 
SEED is set to: 648399
timeout: the monitored command dumped core
environment: line 1: 3479894 Segmentation fault      timeout ${TIMEOUT}s "$WORKDIR/a.out" > "$TMP_OUT"
SEED=372214 
SEED is set to: 372214
SEED=392567 
SEED is set to: 392567
SEED=632497 
SEED is set to: 632497
SEED=753853 
SEED is set to: 753853
timeout: the monitored command dumped core
environment: line 1: 3480090 Segmentation fault      timeout ${TIMEOUT}s "$WORKDIR/a.out" > "$TMP_OUT"
SEED=63800 
SEED is set to: 63800
SEED=293222 
SEED is set to: 293222
SEED=437479 
SEED is set to: 437479
SEED=822158 
SEED is set to: 822158
SEED=79806 
SEED is set to: 79806
SEED=115713 
SEED is set to: 115713
SEED=840030 
SEED is set to: 840030
SEED=238899 
SEED is set to: 238899
SEED=423749 
SEED is set to: 423749
SEED=498233 
SEED is set to: 498233
SEED=551823 
SEED is set to: 551823
SEED=55666 
SEED is set to: 55666
SEED=694707 
SEED is set to: 694707
SEED=142399 
SEED is set to: 142399
SEED=291215 
SEED is set to: 291215
SEED=466852 
SEED is set to: 466852
SEED=800825 
SEED is set to: 800825
SEED=821007 
SEED is set to: 821007
SEED=102377 
SEED is set to: 102377
SEED=279318 
SEED is set to: 279318
SEED=412205 
SEED is set to: 412205
SEED=973417 
SEED is set to: 973417
SEED=986442 
SEED is set to: 986442
SEED=293951 
SEED is set to: 293951
SEED=362186 
SEED is set to: 362186
SEED=569457 
SEED is set to: 569457
timeout: the monitored command dumped core
environment: line 1: 3481402 Segmentation fault      timeout ${TIMEOUT}s "$WORKDIR/a.out" > "$TMP_OUT"
SEED=686842 
SEED is set to: 686842
SEED=787073 
SEED is set to: 787073
SEED=46922 
SEED is set to: 46922
SEED=393793 
SEED is set to: 393793
SEED=794172 
SEED is set to: 794172
SEED=60176 
SEED is set to: 60176
SEED=89015 
SEED is set to: 89015
SEED=144033 
SEED is set to: 144033
SEED=480820 
SEED is set to: 480820
SEED=192766 
SEED is set to: 192766
SEED=427350 
SEED is set to: 427350
SEED=527376 
SEED is set to: 527376
SEED=566160 
SEED is set to: 566160
SEED=631388 
SEED is set to: 631388
SEED=347194 
SEED is set to: 347194
SEED=414149 
SEED is set to: 414149
SEED=486339 
SEED is set to: 486339
SEED=556894 
SEED is set to: 556894
SEED=964244 
SEED is set to: 964244
SEED=371078 
SEED is set to: 371078
SEED=729961 
SEED is set to: 729961
timeout: the monitored command dumped core
environment: line 1: 3482302 Segmentation fault      timeout ${TIMEOUT}s "$WORKDIR/a.out" > "$TMP_OUT"
SEED=966708 
SEED is set to: 966708
SEED=157464 
SEED is set to: 157464
SEED=406189 
SEED is set to: 406189
timeout: the monitored command dumped core
environment: line 1: 3482451 Segmentation fault      timeout ${TIMEOUT}s "$WORKDIR/a.out" > "$TMP_OUT"
SEED=911530 
SEED is set to: 911530
SEED=371264 
SEED is set to: 371264
SEED=437012 
SEED is set to: 437012
SEED=532181 
SEED is set to: 532181
SEED=573764 
SEED is set to: 573764
SEED=709380 
SEED is set to: 709380
timeout: the monitored command dumped core
environment: line 1: 3482658 Segmentation fault      timeout ${TIMEOUT}s "$WORKDIR/a.out" > "$TMP_OUT"
SEED=888849 
SEED is set to: 888849
timeout: the monitored command dumped core
environment: line 1: 3482825 Segmentation fault      timeout ${TIMEOUT}s "$WORKDIR/a.out" > "$TMP_OUT"
SEED=709508 
SEED is set to: 709508
timeout: the monitored command dumped core
environment: line 1: 3482895 Segmentation fault      timeout ${TIMEOUT}s "$WORKDIR/a.out" > "$TMP_OUT"
SEED=946212 
SEED is set to: 946212
SEED=147371 
SEED is set to: 147371
SEED=204058 
SEED is set to: 204058
SEED=257948 
SEED is set to: 257948
SEED=300818 
SEED is set to: 300818
SEED=553996 
SEED is set to: 553996
SEED=713808 
SEED is set to: 713808
SEED=859885 
SEED is set to: 859885
SEED=38908 
SEED is set to: 38908
SEED=663997 
SEED is set to: 663997
SEED=914501 
SEED is set to: 914501
SEED=947081 
SEED is set to: 947081
SEED=36995 
SEED is set to: 36995
SEED=454809 
SEED is set to: 454809
SEED=467741 
SEED is set to: 467741
SEED=985615 
SEED is set to: 985615
SEED=7432 
SEED is set to: 7432
SEED=394560 
SEED is set to: 394560
SEED=410428 
SEED is set to: 410428
timeout: the monitored command dumped core
environment: line 1: 3483792 Segmentation fault      timeout ${TIMEOUT}s "$WORKDIR/a.out" > "$TMP_OUT"
SEED=805021 
SEED is set to: 805021
SEED=671213 
SEED is set to: 671213
SEED=898927 
SEED is set to: 898927
timeout: the monitored command dumped core
environment: line 1: 3484033 Segmentation fault      timeout ${TIMEOUT}s "$WORKDIR/a.out" > "$TMP_OUT"
SEED=45971 
SEED is set to: 45971
SEED=46906 
SEED is set to: 46906
SEED=761781 
SEED is set to: 761781
SEED=433078 
SEED is set to: 433078
SEED=506746 
SEED is set to: 506746
SEED=523537 
SEED is set to: 523537
SEED=528824 
SEED is set to: 528824
SEED=804238 
SEED is set to: 804238
SEED=164010 
SEED is set to: 164010
SEED=865131 
SEED is set to: 865131
SEED=31748 
SEED is set to: 31748
SEED=175254 
SEED is set to: 175254
SEED=588099 
SEED is set to: 588099
SEED=700953 
SEED is set to: 700953
SEED=726580 
SEED is set to: 726580
timeout: the monitored command dumped core
environment: line 1: 3484720 Segmentation fault      timeout ${TIMEOUT}s "$WORKDIR/a.out" > "$TMP_OUT"
SEED=950907 
SEED is set to: 950907
SEED=438452 
SEED is set to: 438452
SEED=733994 
SEED is set to: 733994
SEED=161897 
SEED is set to: 161897
SEED=194574 
SEED is set to: 194574
SEED=239806 
SEED is set to: 239806
SEED=598647 
SEED is set to: 598647
SEED=639079 
SEED is set to: 639079
SEED=215101 
SEED is set to: 215101
SEED=463357 
SEED is set to: 463357
SEED=625881 
SEED is set to: 625881
SEED=671908 
SEED is set to: 671908
timeout: the monitored command dumped core
SEED=906876 
SEED is set to: 906876
SEED=933920 
SEED is set to: 933920
SEED=374221 
SEED is set to: 374221
timeout: the monitored command dumped core
environment: line 1: 3485469 Segmentation fault      timeout ${TIMEOUT}s "$WORKDIR/a.out" > "$TMP_OUT"
SEED=928454 
SEED is set to: 928454
timeout: the monitored command dumped core
environment: line 1: 3485546 Floating point exceptiontimeout ${TIMEOUT}s "$WORKDIR/a.out" > "$TMP_OUT"
SEED=67001 
SEED is set to: 67001
SEED=84705 
SEED is set to: 84705
SEED=136712 
SEED is set to: 136712
timeout: the monitored command dumped core
environment: line 1: 3485589 Segmentation fault      timeout ${TIMEOUT}s "$WORKDIR/a.out" > "$TMP_OUT"
SEED=424605 
SEED is set to: 424605
SEED=751119 
SEED is set to: 751119
SEED=229438 
SEED is set to: 229438
SEED=444929 
SEED is set to: 444929
SEED=480985 
SEED is set to: 480985
SEED=768259 
SEED is set to: 768259
SEED=780541 
SEED is set to: 780541
SEED=31787 
SEED is set to: 31787
SEED=110321 
SEED is set to: 110321
SEED=646467 
SEED is set to: 646467
SEED=710125 
SEED is set to: 710125
SEED=508468 
SEED is set to: 508468
SEED=530331 
SEED is set to: 530331
SEED=990399 
SEED is set to: 990399
SEED=423558 
SEED is set to: 423558
SEED=571231 
SEED is set to: 571231
timeout: the monitored command dumped core
environment: line 1: 3486454 Segmentation fault      timeout ${TIMEOUT}s "$WORKDIR/a.out" > "$TMP_OUT"
SEED=164799 
SEED is set to: 164799
SEED=413336 
SEED is set to: 413336
SEED=534674 
SEED is set to: 534674
SEED=951068 
SEED is set to: 951068
SEED=28680 
SEED is set to: 28680
timeout: the monitored command dumped core
environment: line 1: 3486737 Segmentation fault      timeout ${TIMEOUT}s "$WORKDIR/a.out" > "$TMP_OUT"
SEED=904511 
SEED is set to: 904511
SEED=257491 
SEED is set to: 257491
SEED=470719 
SEED is set to: 470719
SEED=478176 
SEED is set to: 478176
SEED=524684 
SEED is set to: 524684
SEED=772532 
SEED is set to: 772532
timeout: the monitored command dumped core
environment: line 1: 3486964 Segmentation fault      timeout ${TIMEOUT}s "$WORKDIR/a.out" > "$TMP_OUT"
SEED=48894 
SEED is set to: 48894
SEED=240978 
SEED is set to: 240978
timeout: the monitored command dumped core
environment: line 1: 3486988 Segmentation fault      timeout ${TIMEOUT}s "$WORKDIR/a.out" > "$TMP_OUT"
SEED=393076 
SEED is set to: 393076
SEED=800198 
SEED is set to: 800198
SEED=830706 
SEED is set to: 830706
SEED=220118 
SEED is set to: 220118
SEED=465937 
SEED is set to: 465937
SEED=539049 
SEED is set to: 539049
SEED=900115 
SEED is set to: 900115
SEED=79446 
SEED is set to: 79446
SEED=382878 
SEED is set to: 382878
SEED=392805 
SEED is set to: 392805
SEED=617844 
SEED is set to: 617844
SEED=846794 
SEED is set to: 846794
SEED=27063 
SEED is set to: 27063
SEED=740962 
SEED is set to: 740962
SEED=150853 
SEED is set to: 150853
SEED=222125 
SEED is set to: 222125
SEED=326096 
SEED is set to: 326096
SEED=546173 
SEED is set to: 546173
SEED=217700 
SEED is set to: 217700
SEED=305318 
SEED is set to: 305318
SEED=306018 
SEED is set to: 306018
SEED=653798 
SEED is set to: 653798
SEED=677844 
SEED is set to: 677844
malloc(): corrupted top size
timeout: the monitored command dumped core
environment: line 1: 3488239 Aborted                 timeout ${TIMEOUT}s "$WORKDIR/a.out" > "$TMP_OUT"
SEED=57981 
SEED is set to: 57981
SEED=765810 
SEED is set to: 765810
SEED=791160 
SEED is set to: 791160
SEED=932873 
SEED is set to: 932873
SEED=941022 
SEED is set to: 941022
SEED=112392 
SEED is set to: 112392
SEED=137021 
SEED is set to: 137021
SEED=246530 
SEED is set to: 246530
timeout: the monitored command dumped core
environment: line 1: 3488428 Segmentation fault      timeout ${TIMEOUT}s "$WORKDIR/a.out" > "$TMP_OUT"
SEED=102528 
SEED is set to: 102528
SEED=613218 
SEED is set to: 613218
SEED=729672 
SEED is set to: 729672
SEED=846754 
SEED is set to: 846754
SEED=512747 
SEED is set to: 512747
SEED=576046 
SEED is set to: 576046
SEED=749078 
SEED is set to: 749078
SEED=960759 
SEED is set to: 960759
SEED=986220 
SEED is set to: 986220
SEED=366747 
SEED is set to: 366747
timeout: the monitored command dumped core
environment: line 1: 3489053 Segmentation fault      timeout ${TIMEOUT}s "$WORKDIR/a.out" > "$TMP_OUT"
SEED=944743 
SEED is set to: 944743
SEED=225468 
SEED is set to: 225468
SEED=555369 
SEED is set to: 555369
SEED=737873 
SEED is set to: 737873
SEED=51995 
SEED is set to: 51995
SEED=155686 
SEED is set to: 155686
SEED=303140 
SEED is set to: 303140
SEED=661531 
SEED is set to: 661531
SEED=721145 
SEED is set to: 721145
SEED=140262 
SEED is set to: 140262
SEED=259254 
SEED is set to: 259254
SEED=330320 
SEED is set to: 330320
timeout: the monitored command dumped core
environment: line 1: 3489667 Segmentation fault      timeout ${TIMEOUT}s "$WORKDIR/a.out" > "$TMP_OUT"
SEED=601544 
SEED is set to: 601544
SEED=799185 
SEED is set to: 799185
SEED=48812 
SEED is set to: 48812
SEED=527870 
SEED is set to: 527870
SEED=818654 
SEED is set to: 818654
SEED=207887 
SEED is set to: 207887
SEED=215376 
SEED is set to: 215376
SEED=461458 
SEED is set to: 461458
timeout: the monitored command dumped core
environment: line 1: 3490059 Segmentation fault      timeout ${TIMEOUT}s "$WORKDIR/a.out" > "$TMP_OUT"
timeout: the monitored command dumped core
environment: line 1: 3490094 Floating point exceptiontimeout ${TIMEOUT}s "$WORKDIR/a.out" > "$TMP_OUT"
SEED=637410 
SEED is set to: 637410
SEED=915113 
SEED is set to: 915113
SEED=235981 
SEED is set to: 235981
SEED=343605 
SEED is set to: 343605
SEED=534616 
SEED is set to: 534616
timeout: the monitored command dumped core
environment: line 1: 3490204 Segmentation fault      timeout ${TIMEOUT}s "$WORKDIR/a.out" > "$TMP_OUT"
SEED=623180 
SEED is set to: 623180
SEED=36736 
SEED is set to: 36736
SEED=899692 
SEED is set to: 899692
SEED=44477 
SEED is set to: 44477
SEED=131249 
SEED is set to: 131249
SEED=429681 
SEED is set to: 429681
SEED=570905 
SEED is set to: 570905
SEED=750978 
SEED is set to: 750978
SEED=147653 
SEED is set to: 147653
timeout: the monitored command dumped core
environment: line 1: 3490792 Segmentation fault      timeout ${TIMEOUT}s "$WORKDIR/a.out" > "$TMP_OUT"
SEED=373456 
SEED is set to: 373456
SEED=580841 
SEED is set to: 580841
SEED=593149 
SEED is set to: 593149
SEED=707873 
SEED is set to: 707873
SEED=55449 
SEED is set to: 55449
SEED=617561 
SEED is set to: 617561
SEED=912670 
SEED is set to: 912670
SEED=965995 
SEED is set to: 965995
SEED=987246 
SEED is set to: 987246
SEED=657991 
SEED is set to: 657991
SEED=826502 
SEED is set to: 826502
SEED=998903 
SEED is set to: 998903
SEED=250705 
SEED is set to: 250705
SEED=495320 
SEED is set to: 495320
SEED=495372 
SEED is set to: 495372
SEED=520603 
SEED is set to: 520603
SEED=176124 
SEED is set to: 176124
SEED=370082 
SEED is set to: 370082
SEED=766400 
SEED is set to: 766400
SEED=45467 
SEED is set to: 45467
SEED=52112 
SEED is set to: 52112
SEED=71095 
SEED is set to: 71095
SEED=491007 
SEED is set to: 491007
SEED=838942 
SEED is set to: 838942
SEED=897439 
SEED is set to: 897439
SEED=926583 
SEED is set to: 926583
SEED=297513 
SEED is set to: 297513
timeout: the monitored command dumped core
environment: line 1: 3492051 Segmentation fault      timeout ${TIMEOUT}s "$WORKDIR/a.out" > "$TMP_OUT"
SEED=707676 
SEED is set to: 707676
SEED=823089 
SEED is set to: 823089
SEED=831588 
SEED is set to: 831588
SEED=770807 
SEED is set to: 770807
SEED=113460 
SEED is set to: 113460
SEED=219478 
SEED is set to: 219478
SEED=495174 
SEED is set to: 495174
timeout: the monitored command dumped core
environment: line 1: 3492407 Segmentation fault      timeout ${TIMEOUT}s "$WORKDIR/a.out" > "$TMP_OUT"
SEED=31597 
SEED is set to: 31597
SEED=57629 
SEED is set to: 57629
SEED=300952 
SEED is set to: 300952
SEED=419022 
SEED is set to: 419022
SEED=797283 
SEED is set to: 797283
SEED=17413 
SEED is set to: 17413
SEED=74212 
SEED is set to: 74212
SEED=250957 
SEED is set to: 250957
SEED=621707 
SEED is set to: 621707
SEED=840716 
SEED is set to: 840716
SEED=853862 
SEED is set to: 853862
SEED=364500 
SEED is set to: 364500
SEED=463920 
SEED is set to: 463920
timeout: the monitored command dumped core
environment: line 1: 3493003 Segmentation fault      timeout ${TIMEOUT}s "$WORKDIR/a.out" > "$TMP_OUT"
SEED=892023 
SEED is set to: 892023
SEED=975744 
SEED is set to: 975744
SEED=61072 
SEED is set to: 61072
SEED=175418 
SEED is set to: 175418
SEED=367747 
SEED is set to: 367747
timeout: the monitored command dumped core
environment: line 1: 3493161 Segmentation fault      timeout ${TIMEOUT}s "$WORKDIR/a.out" > "$TMP_OUT"
SEED=698427 
SEED is set to: 698427
SEED=741504 
SEED is set to: 741504
timeout: the monitored command dumped core
environment: line 1: 3493296 Segmentation fault      timeout ${TIMEOUT}s "$WORKDIR/a.out" > "$TMP_OUT"
SEED=148233 
SEED is set to: 148233
SEED=262808 
SEED is set to: 262808
SEED=445174 
SEED is set to: 445174
SEED=613374 
SEED is set to: 613374
timeout: the monitored command dumped core
environment: line 1: 3493454 Segmentation fault      timeout ${TIMEOUT}s "$WORKDIR/a.out" > "$TMP_OUT"
SEED=32032 
SEED is set to: 32032
SEED=383614 
SEED is set to: 383614
SEED=929181 
SEED is set to: 929181
timeout: the monitored command dumped core
environment: line 1: 3493741 Segmentation fault      timeout ${TIMEOUT}s "$WORKDIR/a.out" > "$TMP_OUT"
SEED=328014 
SEED is set to: 328014
SEED=439880 
SEED is set to: 439880
SEED=563621 
SEED is set to: 563621
SEED=690185 
SEED is set to: 690185
SEED=91698 
SEED is set to: 91698
SEED=613842 
SEED is set to: 613842
SEED=783377 
SEED is set to: 783377
SEED=935137 
SEED is set to: 935137
SEED=189955 
SEED is set to: 189955
SEED=190114 
SEED is set to: 190114
SEED=264401 
SEED is set to: 264401
SEED=754156 
SEED is set to: 754156
SEED=19498 
SEED is set to: 19498
timeout: the monitored command dumped core
environment: line 1: 3494277 Segmentation fault      timeout ${TIMEOUT}s "$WORKDIR/a.out" > "$TMP_OUT"
SEED=348530 
SEED is set to: 348530
SEED=365341 
SEED is set to: 365341
SEED=706161 
SEED is set to: 706161
SEED=846932 
SEED is set to: 846932
timeout: the monitored command dumped core
environment: line 1: 3494476 Segmentation fault      timeout ${TIMEOUT}s "$WORKDIR/a.out" > "$TMP_OUT"
SEED=236258 
SEED is set to: 236258
SEED=658940 
SEED is set to: 658940
timeout: the monitored command dumped core
environment: line 1: 3494604 Segmentation fault      timeout ${TIMEOUT}s "$WORKDIR/a.out" > "$TMP_OUT"
SEED=769403 
SEED is set to: 769403
SEED=784945 
SEED is set to: 784945
SEED=826390 
SEED is set to: 826390
SEED=433805 
SEED is set to: 433805
SEED=496282 
SEED is set to: 496282
SEED=725488 
SEED is set to: 725488
SEED=75155 
SEED is set to: 75155
SEED=92698 
SEED is set to: 92698
SEED=193938 
SEED is set to: 193938
SEED=265044 
SEED is set to: 265044
SEED=69574 
SEED is set to: 69574
SEED=198755 
SEED is set to: 198755
SEED=523797 
SEED is set to: 523797
SEED=536256 
SEED is set to: 536256
timeout: the monitored command dumped core
environment: line 1: 3495120 Segmentation fault      timeout ${TIMEOUT}s "$WORKDIR/a.out" > "$TMP_OUT"
SEED=685287 
SEED is set to: 685287
SEED=713079 
SEED is set to: 713079
timeout: the monitored command dumped core
environment: line 1: 3495141 Segmentation fault      timeout ${TIMEOUT}s "$WORKDIR/a.out" > "$TMP_OUT"
SEED=888505 
SEED is set to: 888505
timeout: the monitored command dumped core
environment: line 1: 3495138 Segmentation fault      timeout ${TIMEOUT}s "$WORKDIR/a.out" > "$TMP_OUT"
SEED=741808 
SEED is set to: 741808
SEED=761076 
SEED is set to: 761076
SEED=899262 
SEED is set to: 899262
SEED=68685 
SEED is set to: 68685
timeout: the monitored command dumped core
environment: line 1: 3495482 Segmentation fault      timeout ${TIMEOUT}s "$WORKDIR/a.out" > "$TMP_OUT"
SEED=360005 
SEED is set to: 360005
SEED=404186 
SEED is set to: 404186
timeout: the monitored command dumped core
environment: line 1: 3495548 Segmentation fault      timeout ${TIMEOUT}s "$WORKDIR/a.out" > "$TMP_OUT"
SEED=303774 
SEED is set to: 303774
SEED=423408 
SEED is set to: 423408
SEED=673745 
SEED is set to: 673745
SEED=784855 
SEED is set to: 784855
SEED=32273 
SEED is set to: 32273
SEED=716346 
SEED is set to: 716346
SEED=832816 
SEED is set to: 832816
SEED=985436 
SEED is set to: 985436
SEED=189885 
SEED is set to: 189885
SEED=365897 
SEED is set to: 365897
SEED=452362 
SEED is set to: 452362
SEED=754958 
SEED is set to: 754958
SEED=875186 
SEED is set to: 875186
SEED=90314 
SEED is set to: 90314
*** stack smashing detected ***: terminated
timeout: the monitored command dumped core
environment: line 1: 3496260 Aborted                 timeout ${TIMEOUT}s "$WORKDIR/a.out" > "$TMP_OUT"
SEED=531475 
SEED is set to: 531475
SEED=744833 
SEED is set to: 744833
timeout: the monitored command dumped core
environment: line 1: 3496417 Segmentation fault      timeout ${TIMEOUT}s "$WORKDIR/a.out" > "$TMP_OUT"
SEED=189655 
SEED is set to: 189655
SEED=313606 
SEED is set to: 313606
SEED=542851 
SEED is set to: 542851
SEED=794080 
SEED is set to: 794080
SEED=933849 
SEED is set to: 933849
SEED=969662 
SEED is set to: 969662
SEED=41874 
SEED is set to: 41874
SEED=721279 
SEED is set to: 721279
SEED=313001 
SEED is set to: 313001
SEED=343498 
SEED is set to: 343498
SEED=594028 
SEED is set to: 594028
SEED=931177 
SEED is set to: 931177
SEED=313221 
SEED is set to: 313221
SEED=413598 
SEED is set to: 413598
SEED=94899 
SEED is set to: 94899
SEED=260355 
SEED is set to: 260355
SEED=307686 
SEED is set to: 307686
SEED=554176 
SEED is set to: 554176
SEED=640555 
SEED is set to: 640555
SEED=870604 
SEED is set to: 870604
SEED=420484 
SEED is set to: 420484
SEED=783510 
SEED is set to: 783510
SEED=968455 
SEED is set to: 968455
SEED=28223 
SEED is set to: 28223
SEED=48820 
SEED is set to: 48820
SEED=860270 
SEED is set to: 860270
SEED=25546 
SEED is set to: 25546
SEED=202495 
SEED is set to: 202495
SEED=395202 
SEED is set to: 395202
SEED=459153 
SEED is set to: 459153
SEED=700692 
SEED is set to: 700692
SEED=231977 
SEED is set to: 231977
SEED=317228 
SEED is set to: 317228
double free or corruption (out)
timeout: the monitored command dumped core
environment: line 1: 3498118 Aborted                 timeout ${TIMEOUT}s "$WORKDIR/a.out" > "$TMP_OUT"
SEED=449463 
SEED is set to: 449463
SEED=552619 
SEED is set to: 552619
SEED=938461 
SEED is set to: 938461
SEED=78437 
SEED is set to: 78437
SEED=112166 
SEED is set to: 112166
SEED=252471 
SEED is set to: 252471
SEED=958799 
SEED is set to: 958799
SEED=400096 
SEED is set to: 400096
SEED=505731 
SEED is set to: 505731
SEED=520512 
SEED is set to: 520512
SEED=887308 
SEED is set to: 887308
SEED=942616 
SEED is set to: 942616
timeout: the monitored command dumped core
environment: line 1: 3498616 Segmentation fault      timeout ${TIMEOUT}s "$WORKDIR/a.out" > "$TMP_OUT"
SEED=518563 
SEED is set to: 518563
SEED=602256 
SEED is set to: 602256
SEED=912365 
SEED is set to: 912365
SEED=930317 
SEED is set to: 930317
SEED=73219 
SEED is set to: 73219
SEED=113441 
SEED is set to: 113441
SEED=470481 
SEED is set to: 470481
SEED=901357 
SEED is set to: 901357
SEED=53383 
SEED is set to: 53383
SEED=406455 
SEED is set to: 406455
SEED=413467 
SEED is set to: 413467
SEED=845086 
SEED is set to: 845086
SEED=849181 
SEED is set to: 849181
SEED=917868 
SEED is set to: 917868
SEED=943956 
SEED is set to: 943956
timeout: the monitored command dumped core
environment: line 1: 3499412 Segmentation fault      timeout ${TIMEOUT}s "$WORKDIR/a.out" > "$TMP_OUT"
SEED=337975 
SEED is set to: 337975
SEED=599804 
SEED is set to: 599804
SEED=46140 
SEED is set to: 46140
SEED=273422 
SEED is set to: 273422
timeout: the monitored command dumped core
environment: line 1: 3499637 Segmentation fault      timeout ${TIMEOUT}s "$WORKDIR/a.out" > "$TMP_OUT"
SEED=882919 
SEED is set to: 882919
timeout: the monitored command dumped core
environment: line 1: 3499760 Segmentation fault      timeout ${TIMEOUT}s "$WORKDIR/a.out" > "$TMP_OUT"
SEED=305768 
SEED is set to: 305768
SEED=695414 
SEED is set to: 695414
SEED=864094 
SEED is set to: 864094
SEED=978898 
SEED is set to: 978898
SEED=35457 
SEED is set to: 35457
SEED=43286 
SEED is set to: 43286
SEED=88570 
SEED is set to: 88570
timeout: the monitored command dumped core
environment: line 1: 3499881 Segmentation fault      timeout ${TIMEOUT}s "$WORKDIR/a.out" > "$TMP_OUT"
SEED=74992 
SEED is set to: 74992
SEED=596637 
SEED is set to: 596637
SEED=735165 
SEED is set to: 735165
SEED=829988 
SEED is set to: 829988
timeout: the monitored command dumped core
environment: line 1: 3500178 Segmentation fault      timeout ${TIMEOUT}s "$WORKDIR/a.out" > "$TMP_OUT"
SEED=982244 
SEED is set to: 982244
SEED=321055 
SEED is set to: 321055
SEED=546535 
SEED is set to: 546535
SEED=303545 
SEED is set to: 303545
SEED=518445 
SEED is set to: 518445
SEED=575082 
SEED is set to: 575082
SEED=606189 
SEED is set to: 606189
timeout: the monitored command dumped core
environment: line 1: 3500595 Segmentation fault      timeout ${TIMEOUT}s "$WORKDIR/a.out" > "$TMP_OUT"
SEED=97414 
SEED is set to: 97414
SEED=375773 
SEED is set to: 375773
SEED=756663 
SEED is set to: 756663
SEED=860634 
SEED is set to: 860634
SEED=948103 
SEED is set to: 948103
SEED=503123 
SEED is set to: 503123
SEED=872244 
SEED is set to: 872244
SEED=904395 
SEED is set to: 904395
SEED=65614 
SEED is set to: 65614
*** stack smashing detected ***: terminated
timeout: the monitored command dumped core
environment: line 1: 3501099 Aborted                 timeout ${TIMEOUT}s "$WORKDIR/a.out" > "$TMP_OUT"
SEED=201538 
SEED is set to: 201538
SEED=455385 
SEED is set to: 455385
SEED=472684 
SEED is set to: 472684
SEED=986843 
SEED is set to: 986843
SEED=434388 
SEED is set to: 434388
SEED=467915 
SEED is set to: 467915
SEED=780920 
SEED is set to: 780920
SEED=909554 
SEED is set to: 909554
SEED=772902 
SEED is set to: 772902
SEED=945224 
SEED is set to: 945224
SEED=972758 
SEED is set to: 972758
SEED=198029 
SEED is set to: 198029
SEED=232982 
SEED is set to: 232982
timeout: the monitored command dumped core
environment: line 1: 3501643 Segmentation fault      timeout ${TIMEOUT}s "$WORKDIR/a.out" > "$TMP_OUT"
SEED=416441 
SEED is set to: 416441
SEED=537499 
SEED is set to: 537499
timeout: the monitored command dumped core
environment: line 1: 3501688 Segmentation fault      timeout ${TIMEOUT}s "$WORKDIR/a.out" > "$TMP_OUT"
SEED=133523 
SEED is set to: 133523
SEED=506187 
SEED is set to: 506187
SEED=797842 
SEED is set to: 797842
SEED=843761 
SEED is set to: 843761
SEED=870523 
SEED is set to: 870523
SEED=124971 
SEED is set to: 124971
SEED=509002 
SEED is set to: 509002
SEED=795213 
SEED is set to: 795213
SEED=803292 
SEED is set to: 803292
SEED=125563 
SEED is set to: 125563
SEED=178610 
SEED is set to: 178610
SEED=229971 
SEED is set to: 229971
SEED=417038 
SEED is set to: 417038
timeout: the monitored command dumped core
environment: line 1: 3502286 Segmentation fault      timeout ${TIMEOUT}s "$WORKDIR/a.out" > "$TMP_OUT"
SEED=876051 
SEED is set to: 876051
timeout: the monitored command dumped core
environment: line 1: 3502424 Segmentation fault      timeout ${TIMEOUT}s "$WORKDIR/a.out" > "$TMP_OUT"
SEED=202266 
SEED is set to: 202266
SEED=671492 
SEED is set to: 671492
SEED=764675 
SEED is set to: 764675
SEED=810481 
SEED is set to: 810481
SEED=598816 
SEED is set to: 598816
SEED=808590 
SEED is set to: 808590
SEED=831581 
SEED is set to: 831581
SEED=976590 
SEED is set to: 976590
SEED=313818 
SEED is set to: 313818
SEED=20240 
SEED is set to: 20240
SEED=349538 
SEED is set to: 349538
SEED=573938 
SEED is set to: 573938
SEED=634249 
SEED is set to: 634249
timeout: the monitored command dumped core
environment: line 1: 3503096 Segmentation fault      timeout ${TIMEOUT}s "$WORKDIR/a.out" > "$TMP_OUT"
SEED=184712 
SEED is set to: 184712
SEED=908060 
SEED is set to: 908060
SEED=304927 
SEED is set to: 304927
SEED=731690 
SEED is set to: 731690
SEED=899709 
SEED is set to: 899709
timeout: the monitored command dumped core
environment: line 1: 3503451 Segmentation fault      timeout ${TIMEOUT}s "$WORKDIR/a.out" > "$TMP_OUT"
SEED=162066 
SEED is set to: 162066
SEED=754493 
SEED is set to: 754493
timeout: the monitored command dumped core
environment: line 1: 3503658 Segmentation fault      timeout ${TIMEOUT}s "$WORKDIR/a.out" > "$TMP_OUT"
SEED=365929 
SEED is set to: 365929
SEED=566314 
SEED is set to: 566314
SEED=645132 
SEED is set to: 645132
timeout: the monitored command dumped core
environment: line 1: 3503837 Segmentation fault      timeout ${TIMEOUT}s "$WORKDIR/a.out" > "$TMP_OUT"
SEED=989372 
SEED is set to: 989372
SEED=285581 
SEED is set to: 285581
SEED=556486 
SEED is set to: 556486
timeout: the monitored command dumped core
environment: line 1: 3503952 Segmentation fault      timeout ${TIMEOUT}s "$WORKDIR/a.out" > "$TMP_OUT"
SEED=717577 
SEED is set to: 717577
SEED=777741 
SEED is set to: 777741
SEED=15143 
SEED is set to: 15143
SEED=165413 
SEED is set to: 165413
SEED=328175 
SEED is set to: 328175
timeout: the monitored command dumped core
environment: line 1: 3504118 Segmentation fault      timeout ${TIMEOUT}s "$WORKDIR/a.out" > "$TMP_OUT"
SEED=575457 
SEED is set to: 575457
timeout: the monitored command dumped core
environment: line 1: 3504166 Segmentation fault      timeout ${TIMEOUT}s "$WORKDIR/a.out" > "$TMP_OUT"
SEED=220251 
SEED is set to: 220251
SEED=145510 
SEED is set to: 145510
SEED=487974 
SEED is set to: 487974
SEED=628366 
SEED is set to: 628366
SEED=782284 
SEED is set to: 782284
timeout: the monitored command dumped core
environment: line 1: 3504524 Segmentation fault      timeout ${TIMEOUT}s "$WORKDIR/a.out" > "$TMP_OUT"
SEED=51168 
SEED is set to: 51168
SEED=278438 
SEED is set to: 278438
SEED=567215 
SEED is set to: 567215
SEED=573850 
SEED is set to: 573850
SEED=758312 
SEED is set to: 758312
timeout: the monitored command dumped core
environment: line 1: 3504693 Segmentation fault      timeout ${TIMEOUT}s "$WORKDIR/a.out" > "$TMP_OUT"
SEED=391407 
SEED is set to: 391407
SEED=392092 
SEED is set to: 392092
SEED=563082 
SEED is set to: 563082
SEED=672057 
SEED is set to: 672057
timeout: the monitored command dumped core
environment: line 1: 3504848 Segmentation fault      timeout ${TIMEOUT}s "$WORKDIR/a.out" > "$TMP_OUT"
SEED=153435 
SEED is set to: 153435
SEED=960030 
SEED is set to: 960030
SEED=263036 
SEED is set to: 263036
SEED=522662 
SEED is set to: 522662
SEED=739727 
SEED is set to: 739727
SEED=856387 
SEED is set to: 856387
SEED=974954 
SEED is set to: 974954
SEED=101428 
SEED is set to: 101428
timeout: the monitored command dumped core
environment: line 1: 3505292 Segmentation fault      timeout ${TIMEOUT}s "$WORKDIR/a.out" > "$TMP_OUT"
timeout: the monitored command dumped core
environment: line 1: 3505310 Segmentation fault      timeout ${TIMEOUT}s "$WORKDIR/a.out" > "$TMP_OUT"
timeout: the monitored command dumped core
environment: line 1: 3505300 Segmentation fault      timeout ${TIMEOUT}s "$WORKDIR/a.out" > "$TMP_OUT"
SEED=437306 
SEED is set to: 437306
SEED=662499 
SEED is set to: 662499
SEED=182096 
SEED is set to: 182096
SEED=335631 
SEED is set to: 335631
SEED=543261 
SEED is set to: 543261
SEED=666430 
SEED is set to: 666430
SEED=85270 
SEED is set to: 85270
SEED=115065 
SEED is set to: 115065
timeout: the monitored command dumped core
environment: line 1: 3505726 Segmentation fault      timeout ${TIMEOUT}s "$WORKDIR/a.out" > "$TMP_OUT"
SEED=784705 
SEED is set to: 784705
SEED=878636 
SEED is set to: 878636
SEED=960530 
SEED is set to: 960530
SEED=131017 
SEED is set to: 131017
SEED=627717 
SEED is set to: 627717
SEED=853188 
SEED is set to: 853188
timeout: the monitored command dumped core
environment: line 1: 3505973 Segmentation fault      timeout ${TIMEOUT}s "$WORKDIR/a.out" > "$TMP_OUT"
timeout: the monitored command dumped core
environment: line 1: 3506010 Segmentation fault      timeout ${TIMEOUT}s "$WORKDIR/a.out" > "$TMP_OUT"
SEED=165056 
SEED is set to: 165056
SEED=228146 
SEED is set to: 228146
timeout: the monitored command dumped core
environment: line 1: 3506110 Segmentation fault      timeout ${TIMEOUT}s "$WORKDIR/a.out" > "$TMP_OUT"
SEED=585580 
SEED is set to: 585580
SEED=696360 
SEED is set to: 696360
SEED=134678 
SEED is set to: 134678
SEED=365353 
SEED is set to: 365353
SEED=763934 
SEED is set to: 763934
SEED=769585 
SEED is set to: 769585
SEED=877838 
SEED is set to: 877838
timeout: the monitored command dumped core
environment: line 1: 3506394 Segmentation fault      timeout ${TIMEOUT}s "$WORKDIR/a.out" > "$TMP_OUT"
SEED=207778 
SEED is set to: 207778
SEED=689705 
SEED is set to: 689705
SEED=728192 
SEED is set to: 728192
SEED=441235 
SEED is set to: 441235
SEED=638197 
SEED is set to: 638197
SEED=976275 
SEED is set to: 976275
SEED=8092 
SEED is set to: 8092
SEED=233023 
SEED is set to: 233023
SEED=472775 
SEED is set to: 472775
SEED=963559 
SEED is set to: 963559
SEED=192450 
SEED is set to: 192450
SEED=418744 
SEED is set to: 418744
timeout: the monitored command dumped core
environment: line 1: 3507059 Segmentation fault      timeout ${TIMEOUT}s "$WORKDIR/a.out" > "$TMP_OUT"
SEED=639046 
SEED is set to: 639046
SEED=650015 
SEED is set to: 650015
SEED=856654 
SEED is set to: 856654
SEED=915893 
SEED is set to: 915893
timeout: the monitored command dumped core
environment: line 1: 3507141 Segmentation fault      timeout ${TIMEOUT}s "$WORKDIR/a.out" > "$TMP_OUT"
SEED=940850 
SEED is set to: 940850
SEED=102305 
SEED is set to: 102305
SEED=427642 
SEED is set to: 427642
SEED=454857 
SEED is set to: 454857
SEED=509536 
SEED is set to: 509536
SEED=684436 
SEED is set to: 684436
SEED=848760 
SEED is set to: 848760
SEED=523183 
SEED is set to: 523183
SEED=641678 
SEED is set to: 641678
SEED=746089 
SEED is set to: 746089
SEED=941139 
SEED is set to: 941139
SEED=951108 
SEED is set to: 951108
SEED=29566 
SEED is set to: 29566
SEED=304474 
SEED is set to: 304474
SEED=818816 
SEED is set to: 818816
SEED=825847 
SEED is set to: 825847
timeout: the monitored command dumped core
environment: line 1: 3507933 Segmentation fault      timeout ${TIMEOUT}s "$WORKDIR/a.out" > "$TMP_OUT"
SEED=282096 
SEED is set to: 282096
SEED=334962 
SEED is set to: 334962
SEED=532858 
SEED is set to: 532858
SEED=618279 
SEED is set to: 618279
SEED=920843 
SEED is set to: 920843
SEED=409710 
SEED is set to: 409710
SEED=666191 
SEED is set to: 666191
SEED=813086 
SEED is set to: 813086
SEED=91104 
SEED is set to: 91104
SEED=191699 
SEED is set to: 191699
timeout: the monitored command dumped core
environment: line 1: 3508416 Segmentation fault      timeout ${TIMEOUT}s "$WORKDIR/a.out" > "$TMP_OUT"
SEED=776371 
SEED is set to: 776371
SEED=52874 
SEED is set to: 52874
SEED=208683 
SEED is set to: 208683
SEED=260409 
SEED is set to: 260409
SEED=402774 
SEED is set to: 402774
SEED=483812 
SEED is set to: 483812
SEED=506599 
SEED is set to: 506599
SEED=405678 
SEED is set to: 405678
SEED=407939 
SEED is set to: 407939
timeout: the monitored command dumped core
environment: line 1: 3508837 Segmentation fault      timeout ${TIMEOUT}s "$WORKDIR/a.out" > "$TMP_OUT"
SEED=603672 
SEED is set to: 603672
SEED=719380 
SEED is set to: 719380
timeout: the monitored command dumped core
environment: line 1: 3508909 Segmentation fault      timeout ${TIMEOUT}s "$WORKDIR/a.out" > "$TMP_OUT"
SEED=939589 
SEED is set to: 939589
SEED=983788 
SEED is set to: 983788
SEED=137272 
SEED is set to: 137272
timeout: the monitored command dumped core
environment: line 1: 3508961 Segmentation fault      timeout ${TIMEOUT}s "$WORKDIR/a.out" > "$TMP_OUT"
SEED=728736 
SEED is set to: 728736
SEED=797255 
SEED is set to: 797255
SEED=864675 
SEED is set to: 864675
SEED=719995 
SEED is set to: 719995
SEED=487 
SEED is set to: 487
SEED=450571 
SEED is set to: 450571
SEED=579029 
SEED is set to: 579029
timeout: the monitored command dumped core
environment: line 1: 3509379 Segmentation fault      timeout ${TIMEOUT}s "$WORKDIR/a.out" > "$TMP_OUT"
SEED=935798 
SEED is set to: 935798
SEED=103982 
SEED is set to: 103982
SEED=320702 
SEED is set to: 320702
SEED=997671 
SEED is set to: 997671
SEED=146456 
SEED is set to: 146456
SEED=167982 
SEED is set to: 167982
SEED=594625 
SEED is set to: 594625
SEED=839057 
SEED is set to: 839057
SEED=535073 
SEED is set to: 535073
SEED=572592 
SEED is set to: 572592
SEED=673832 
SEED is set to: 673832
SEED=899136 
SEED is set to: 899136
SEED=986412 
SEED is set to: 986412
SEED=991345 
SEED is set to: 991345
SEED=279983 
SEED is set to: 279983
SEED=994930 
SEED is set to: 994930
SEED=751522 
SEED is set to: 751522
SEED=125810 
SEED is set to: 125810
SEED=416611 
SEED is set to: 416611
SEED=429755 
SEED is set to: 429755
SEED=662847 
SEED is set to: 662847
SEED=744295 
SEED is set to: 744295
timeout: the monitored command dumped core
environment: line 1: 3510417 Segmentation fault      timeout ${TIMEOUT}s "$WORKDIR/a.out" > "$TMP_OUT"
SEED=774829 
SEED is set to: 774829
SEED=278252 
SEED is set to: 278252
SEED=724637 
SEED is set to: 724637
SEED=904039 
SEED is set to: 904039
SEED=995779 
SEED is set to: 995779
SEED=162570 
SEED is set to: 162570
SEED=176353 
SEED is set to: 176353
SEED=450270 
SEED is set to: 450270
SEED=680628 
SEED is set to: 680628
timeout: the monitored command dumped core
environment: line 1: 3510876 Segmentation fault      timeout ${TIMEOUT}s "$WORKDIR/a.out" > "$TMP_OUT"
SEED=131970 
SEED is set to: 131970
SEED=328553 
SEED is set to: 328553
SEED=611756 
SEED is set to: 611756
SEED=683049 
SEED is set to: 683049
SEED=936856 
SEED is set to: 936856
SEED=308972 
SEED is set to: 308972
SEED=651417 
SEED is set to: 651417
SEED=948929 
SEED is set to: 948929
SEED=54749 
SEED is set to: 54749
SEED=58989 
SEED is set to: 58989
SEED=208758 
SEED is set to: 208758
SEED=627932 
SEED is set to: 627932
SEED=658943 
SEED is set to: 658943
SEED=860448 
SEED is set to: 860448
SEED=52176 
SEED is set to: 52176
SEED=320903 
SEED is set to: 320903
SEED=380336 
SEED is set to: 380336
timeout: the monitored command dumped core
environment: line 1: 3511579 Segmentation fault      timeout ${TIMEOUT}s "$WORKDIR/a.out" > "$TMP_OUT"
SEED=474969 
SEED is set to: 474969
timeout: the monitored command dumped core
environment: line 1: 3511622 Segmentation fault      timeout ${TIMEOUT}s "$WORKDIR/a.out" > "$TMP_OUT"
SEED=983258 
SEED is set to: 983258
SEED=142639 
SEED is set to: 142639
SEED=270558 
SEED is set to: 270558
SEED=519899 
SEED is set to: 519899
SEED=63870 
SEED is set to: 63870
timeout: the monitored command dumped core
environment: line 1: 3512108 Segmentation fault      timeout ${TIMEOUT}s "$WORKDIR/a.out" > "$TMP_OUT"
SEED=460719 
SEED is set to: 460719
timeout: the monitored command dumped core
environment: line 1: 3512156 Segmentation fault      timeout ${TIMEOUT}s "$WORKDIR/a.out" > "$TMP_OUT"
SEED=834848 
SEED is set to: 834848
SEED=849831 
SEED is set to: 849831
SEED=64987 
SEED is set to: 64987
SEED=164103 
SEED is set to: 164103
SEED=277806 
SEED is set to: 277806
SEED=820560 
SEED is set to: 820560
timeout: the monitored command dumped core
environment: line 1: 3512349 Segmentation fault      timeout ${TIMEOUT}s "$WORKDIR/a.out" > "$TMP_OUT"
SEED=344042 
SEED is set to: 344042
SEED=383275 
SEED is set to: 383275
SEED=498762 
SEED is set to: 498762
SEED=503329 
SEED is set to: 503329
timeout: the monitored command dumped core
environment: line 1: 3512485 Segmentation fault      timeout ${TIMEOUT}s "$WORKDIR/a.out" > "$TMP_OUT"
SEED=703505 
SEED is set to: 703505
SEED=400455 
SEED is set to: 400455
SEED=742359 
SEED is set to: 742359
SEED=839236 
SEED is set to: 839236
timeout: the monitored command dumped core
environment: line 1: 3512808 Segmentation fault      timeout ${TIMEOUT}s "$WORKDIR/a.out" > "$TMP_OUT"
SEED=271556 
SEED is set to: 271556
SEED=610904 
SEED is set to: 610904
SEED=645298 
SEED is set to: 645298
SEED=335761 
SEED is set to: 335761
SEED=595081 
SEED is set to: 595081
SEED=247763 
SEED is set to: 247763
SEED=335170 
SEED is set to: 335170
SEED=482156 
SEED is set to: 482156
SEED=536798 
SEED is set to: 536798
SEED=37921 
SEED is set to: 37921
free(): invalid pointer
timeout: the monitored command dumped core
environment: line 1: 3513398 Aborted                 timeout ${TIMEOUT}s "$WORKDIR/a.out" > "$TMP_OUT"
SEED=289012 
SEED is set to: 289012
SEED=318532 
SEED is set to: 318532
SEED=616541 
SEED is set to: 616541
SEED=849625 
SEED is set to: 849625
SEED=70778 
SEED is set to: 70778
SEED=653515 
SEED is set to: 653515
SEED=78358 
SEED is set to: 78358
SEED=293230 
SEED is set to: 293230
SEED=311289 
SEED is set to: 311289
timeout: the monitored command dumped core
environment: line 1: 3513776 Segmentation fault      timeout ${TIMEOUT}s "$WORKDIR/a.out" > "$TMP_OUT"
timeout: the monitored command dumped core
environment: line 1: 3513805 Segmentation fault      timeout ${TIMEOUT}s "$WORKDIR/a.out" > "$TMP_OUT"
SEED=191988 
SEED is set to: 191988
SEED=309060 
SEED is set to: 309060
SEED=761905 
SEED is set to: 761905
SEED=54813 
SEED is set to: 54813
SEED=57231 
SEED is set to: 57231
SEED=927846 
SEED is set to: 927846
SEED=115643 
SEED is set to: 115643
SEED=480840 
SEED is set to: 480840
SEED=568131 
SEED is set to: 568131
SEED=716273 
SEED is set to: 716273
SEED=768442 
SEED is set to: 768442
SEED=189704 
SEED is set to: 189704
SEED=159328 
SEED is set to: 159328
SEED=237430 
SEED is set to: 237430
SEED=327520 
SEED is set to: 327520
timeout: the monitored command dumped core
environment: line 1: 3514681 Segmentation fault      timeout ${TIMEOUT}s "$WORKDIR/a.out" > "$TMP_OUT"
timeout: the monitored command dumped core
environment: line 1: 3514688 Segmentation fault      timeout ${TIMEOUT}s "$WORKDIR/a.out" > "$TMP_OUT"
SEED=754661 
SEED is set to: 754661
SEED=122091 
SEED is set to: 122091
SEED=226726 
SEED is set to: 226726
SEED=748872 
SEED is set to: 748872
SEED=54151 
SEED is set to: 54151
timeout: the monitored command dumped core
environment: line 1: 3514946 Segmentation fault      timeout ${TIMEOUT}s "$WORKDIR/a.out" > "$TMP_OUT"
SEED=311400 
SEED is set to: 311400
SEED=325076 
SEED is set to: 325076
SEED=356405 
SEED is set to: 356405
timeout: the monitored command dumped core
environment: line 1: 3514986 Segmentation fault      timeout ${TIMEOUT}s "$WORKDIR/a.out" > "$TMP_OUT"
SEED=229610 
SEED is set to: 229610
SEED=630101 
SEED is set to: 630101
SEED=902945 
SEED is set to: 902945
SEED=180857 
SEED is set to: 180857
SEED=183824 
SEED is set to: 183824
SEED=575498 
SEED is set to: 575498
SEED=883895 
SEED is set to: 883895
SEED=72273 
SEED is set to: 72273
SEED=161460 
SEED is set to: 161460
SEED=211068 
SEED is set to: 211068
SEED=44541 
SEED is set to: 44541
SEED=343316 
SEED is set to: 343316
SEED=472439 
SEED is set to: 472439
SEED=746426 
SEED is set to: 746426
SEED=404331 
SEED is set to: 404331
SEED=452730 
SEED is set to: 452730
SEED=757369 
SEED is set to: 757369
SEED=931210 
SEED is set to: 931210
SEED=11738 
SEED is set to: 11738
SEED=133670 
SEED is set to: 133670
SEED=302915 
SEED is set to: 302915
SEED=346445 
SEED is set to: 346445
SEED=519795 
SEED is set to: 519795
SEED=856835 
SEED is set to: 856835
SEED=871622 
SEED is set to: 871622
SEED=968292 
SEED is set to: 968292
SEED=80031 
SEED is set to: 80031
SEED=404796 
SEED is set to: 404796
SEED=535124 
SEED is set to: 535124
SEED=892825 
SEED is set to: 892825
SEED=372358 
SEED is set to: 372358
SEED=376588 
SEED is set to: 376588
SEED=464256 
SEED is set to: 464256
timeout: the monitored command dumped core
environment: line 1: 3516732 Segmentation fault      timeout ${TIMEOUT}s "$WORKDIR/a.out" > "$TMP_OUT"
SEED=729648 
SEED is set to: 729648
timeout: the monitored command dumped core
environment: line 1: 3516728 Segmentation fault      timeout ${TIMEOUT}s "$WORKDIR/a.out" > "$TMP_OUT"
SEED=868186 
SEED is set to: 868186
SEED=699314 
SEED is set to: 699314
SEED=68826 
SEED is set to: 68826
SEED=342404 
SEED is set to: 342404
SEED=359086 
SEED is set to: 359086
SEED=691932 
SEED is set to: 691932
SEED=540802 
SEED is set to: 540802
SEED=561082 
SEED is set to: 561082
SEED=935872 
SEED is set to: 935872
SEED=955754 
SEED is set to: 955754
SEED=962414 
SEED is set to: 962414
SEED=211488 
SEED is set to: 211488
timeout: the monitored command dumped core
environment: line 1: 3517371 Segmentation fault      timeout ${TIMEOUT}s "$WORKDIR/a.out" > "$TMP_OUT"
SEED=234325 
SEED is set to: 234325
SEED=371446 
SEED is set to: 371446
SEED=595359 
SEED is set to: 595359
SEED=700525 
SEED is set to: 700525
SEED=789700 
SEED is set to: 789700
SEED=888453 
SEED is set to: 888453
SEED=234345 
SEED is set to: 234345
timeout: the monitored command dumped core
environment: line 1: 3517819 Segmentation fault      timeout ${TIMEOUT}s "$WORKDIR/a.out" > "$TMP_OUT"
SEED=737315 
SEED is set to: 737315
SEED=816437 
SEED is set to: 816437
SEED=6816 
SEED is set to: 6816
timeout: the monitored command dumped core
environment: line 1: 3517908 Segmentation fault      timeout ${TIMEOUT}s "$WORKDIR/a.out" > "$TMP_OUT"
SEED=343215 
SEED is set to: 343215
SEED=422902 
SEED is set to: 422902
SEED=839137 
SEED is set to: 839137
SEED=262130 
SEED is set to: 262130
SEED=292480 
SEED is set to: 292480
SEED=348856 
SEED is set to: 348856
SEED=429689 
SEED is set to: 429689
SEED=650885 
SEED is set to: 650885
SEED=874384 
SEED is set to: 874384
SEED=386353 
SEED is set to: 386353
SEED=628794 
SEED is set to: 628794
SEED=667607 
SEED is set to: 667607
SEED=842541 
SEED is set to: 842541
SEED=907188 
SEED is set to: 907188
SEED=149815 
SEED is set to: 149815
SEED=258972 
SEED is set to: 258972
timeout: the monitored command dumped core
environment: line 1: 3518664 Segmentation fault      timeout ${TIMEOUT}s "$WORKDIR/a.out" > "$TMP_OUT"
timeout: the monitored command dumped core
environment: line 1: 3518673 Segmentation fault      timeout ${TIMEOUT}s "$WORKDIR/a.out" > "$TMP_OUT"
SEED=868628 
SEED is set to: 868628
SEED=155076 
SEED is set to: 155076
SEED=264166 
SEED is set to: 264166
SEED=359070 
SEED is set to: 359070
timeout: the monitored command dumped core
environment: line 1: 3518860 Segmentation fault      timeout ${TIMEOUT}s "$WORKDIR/a.out" > "$TMP_OUT"
SEED=128570 
SEED is set to: 128570
SEED=249868 
SEED is set to: 249868
SEED=568350 
SEED is set to: 568350
SEED=653405 
SEED is set to: 653405
SEED=667273 
SEED is set to: 667273
SEED=721877 
SEED is set to: 721877
SEED=945377 
SEED is set to: 945377
SEED=958055 
SEED is set to: 958055
SEED=761523 
SEED is set to: 761523
SEED=844409 
SEED is set to: 844409
SEED=293806 
SEED is set to: 293806
SEED=385592 
SEED is set to: 385592
SEED=10113 
SEED is set to: 10113
SEED=58227 
SEED is set to: 58227
SEED=352859 
SEED is set to: 352859
SEED=668063 
SEED is set to: 668063
SEED=802501 
SEED is set to: 802501
SEED=951230 
SEED is set to: 951230
SEED=649284 
SEED is set to: 649284
SEED=675079 
SEED is set to: 675079
SEED=849967 
SEED is set to: 849967
SEED=989962 
SEED is set to: 989962
SEED=1028 
SEED is set to: 1028
SEED=168185 
SEED is set to: 168185
SEED=374958 
SEED is set to: 374958
SEED=277472 
SEED is set to: 277472
SEED=380814 
SEED is set to: 380814
SEED=455975 
SEED is set to: 455975
SEED=522448 
SEED is set to: 522448
SEED=562429 
SEED is set to: 562429
timeout: the monitored command dumped core
environment: line 1: 3520270 Segmentation fault      timeout ${TIMEOUT}s "$WORKDIR/a.out" > "$TMP_OUT"
SEED=779232 
SEED is set to: 779232
SEED=921762 
SEED is set to: 921762
SEED=962566 
SEED is set to: 962566
SEED=903300 
SEED is set to: 903300
SEED=91171 
SEED is set to: 91171
SEED=156899 
SEED is set to: 156899
SEED=165588 
SEED is set to: 165588
SEED=821390 
SEED is set to: 821390
SEED=438778 
SEED is set to: 438778
SEED=593999 
SEED is set to: 593999
SEED=703293 
SEED is set to: 703293
SEED=708757 
SEED is set to: 708757
timeout: the monitored command dumped core
environment: line 1: 3520860 Segmentation fault      timeout ${TIMEOUT}s "$WORKDIR/a.out" > "$TMP_OUT"
SEED=882225 
SEED is set to: 882225
SEED=212397 
SEED is set to: 212397
timeout: the monitored command dumped core
environment: line 1: 3520914 Segmentation fault      timeout ${TIMEOUT}s "$WORKDIR/a.out" > "$TMP_OUT"
SEED=107405 
SEED is set to: 107405
SEED=203839 
SEED is set to: 203839
SEED=411707 
SEED is set to: 411707
SEED=416527 
SEED is set to: 416527
timeout: the monitored command dumped core
environment: line 1: 3521264 Segmentation fault      timeout ${TIMEOUT}s "$WORKDIR/a.out" > "$TMP_OUT"
timeout: the monitored command dumped core
environment: line 1: 3521261 Segmentation fault      timeout ${TIMEOUT}s "$WORKDIR/a.out" > "$TMP_OUT"
SEED=826012 
SEED is set to: 826012
SEED=480024 
SEED is set to: 480024
SEED=640658 
SEED is set to: 640658
SEED=662111 
SEED is set to: 662111
SEED=116823 
SEED is set to: 116823
SEED=312401 
SEED is set to: 312401
SEED=660044 
SEED is set to: 660044
SEED=769056 
SEED is set to: 769056
SEED=189924 
SEED is set to: 189924
SEED=598452 
SEED is set to: 598452
SEED=656051 
SEED is set to: 656051
SEED=103312 
SEED is set to: 103312
SEED=410365 
SEED is set to: 410365
SEED=816243 
SEED is set to: 816243
SEED=255170 
SEED is set to: 255170
SEED=320700 
SEED is set to: 320700
SEED=864798 
SEED is set to: 864798
SEED=133348 
SEED is set to: 133348
SEED=231845 
SEED is set to: 231845
SEED=262113 
SEED is set to: 262113
SEED=902984 
SEED is set to: 902984
SEED=108059 
SEED is set to: 108059
SEED=438774 
SEED is set to: 438774
timeout: the monitored command dumped core
environment: line 1: 3522344 Segmentation fault      timeout ${TIMEOUT}s "$WORKDIR/a.out" > "$TMP_OUT"
SEED=339776 
SEED is set to: 339776
SEED=517303 
SEED is set to: 517303
SEED=518761 
SEED is set to: 518761
SEED=855704 
SEED is set to: 855704
SEED=29090 
SEED is set to: 29090
SEED=702977 
SEED is set to: 702977
SEED=877443 
SEED is set to: 877443
SEED=991850 
SEED is set to: 991850
SEED=114608 
SEED is set to: 114608
SEED=182529 
SEED is set to: 182529
SEED=557312 
SEED is set to: 557312
SEED=287067 
SEED is set to: 287067
SEED=324474 
SEED is set to: 324474
SEED=356238 
SEED is set to: 356238
SEED=439274 
SEED is set to: 439274
SEED=862709 
SEED is set to: 862709
SEED=13865 
SEED is set to: 13865
SEED=654748 
SEED is set to: 654748
SEED=130426 
SEED is set to: 130426
SEED=132901 
SEED is set to: 132901
SEED=436779 
SEED is set to: 436779
SEED=511108 
SEED is set to: 511108
SEED=37829 
SEED is set to: 37829
SEED=166846 
SEED is set to: 166846
SEED=520781 
SEED is set to: 520781
SEED=859419 
SEED is set to: 859419
SEED=52957 
SEED is set to: 52957
SEED=586527 
SEED is set to: 586527
SEED=736619 
SEED is set to: 736619
SEED=810565 
SEED is set to: 810565
SEED=309537 
SEED is set to: 309537
SEED=460416 
SEED is set to: 460416
SEED=630734 
SEED is set to: 630734
SEED=230899 
SEED is set to: 230899
SEED=240143 
SEED is set to: 240143
SEED=808924 
SEED is set to: 808924
SEED=954206 
SEED is set to: 954206
SEED=969505 
SEED is set to: 969505
SEED=204744 
SEED is set to: 204744
SEED=571814 
SEED is set to: 571814
SEED=807109 
SEED is set to: 807109
SEED=824759 
SEED is set to: 824759
SEED=536422 
SEED is set to: 536422
SEED=634973 
SEED is set to: 634973
SEED=785967 
SEED is set to: 785967
SEED=428740 
SEED is set to: 428740
SEED=438118 
SEED is set to: 438118
SEED=458553 
SEED is set to: 458553
SEED=64061 
SEED is set to: 64061
SEED=115168 
SEED is set to: 115168
SEED=870345 
SEED is set to: 870345
SEED=97277 
SEED is set to: 97277
SEED=427109 
SEED is set to: 427109
SEED=268352 
SEED is set to: 268352
SEED=291548 
SEED is set to: 291548
SEED=375725 
SEED is set to: 375725
timeout: the monitored command dumped core
environment: line 1: 3525268 Segmentation fault      timeout ${TIMEOUT}s "$WORKDIR/a.out" > "$TMP_OUT"
timeout: the monitored command dumped core
environment: line 1: 3525264 Segmentation fault      timeout ${TIMEOUT}s "$WORKDIR/a.out" > "$TMP_OUT"
SEED=780859 
SEED is set to: 780859
SEED=225746 
SEED is set to: 225746
SEED=329663 
SEED is set to: 329663
timeout: the monitored command dumped core
environment: line 1: 3525482 Segmentation fault      timeout ${TIMEOUT}s "$WORKDIR/a.out" > "$TMP_OUT"
SEED=789984 
SEED is set to: 789984
SEED=96179 
SEED is set to: 96179
timeout: the monitored command dumped core
environment: line 1: 3525537 Segmentation fault      timeout ${TIMEOUT}s "$WORKDIR/a.out" > "$TMP_OUT"
SEED=155417 
SEED is set to: 155417
SEED=187768 
SEED is set to: 187768
SEED=190329 
SEED is set to: 190329
SEED=963048 
SEED is set to: 963048
SEED=577102 
SEED is set to: 577102
SEED=801943 
SEED is set to: 801943
SEED=989422 
SEED is set to: 989422
SEED=491916 
SEED is set to: 491916
SEED=623601 
SEED is set to: 623601
timeout: the monitored command dumped core
environment: line 1: 3526077 Segmentation fault      timeout ${TIMEOUT}s "$WORKDIR/a.out" > "$TMP_OUT"
SEED=54018 
SEED is set to: 54018
SEED=64832 
SEED is set to: 64832
SEED=383676 
SEED is set to: 383676
SEED=639210 
SEED is set to: 639210
SEED=755895 
SEED is set to: 755895
SEED=786194 
SEED is set to: 786194
SEED=388914 
SEED is set to: 388914
SEED=409191 
SEED is set to: 409191
SEED=838226 
SEED is set to: 838226
SEED=428688 
SEED is set to: 428688
SEED=779610 
SEED is set to: 779610
timeout: the monitored command dumped core
environment: line 1: 3526620 Segmentation fault      timeout ${TIMEOUT}s "$WORKDIR/a.out" > "$TMP_OUT"
SEED=29515 
SEED is set to: 29515
SEED=255315 
SEED is set to: 255315
SEED=294933 
SEED is set to: 294933
SEED=884426 
SEED is set to: 884426
SEED=379182 
SEED is set to: 379182
SEED=391144 
SEED is set to: 391144
SEED=393156 
SEED is set to: 393156
timeout: the monitored command dumped core
environment: line 1: 3526896 Segmentation fault      timeout ${TIMEOUT}s "$WORKDIR/a.out" > "$TMP_OUT"
SEED=203128 
SEED is set to: 203128
SEED=488355 
SEED is set to: 488355
SEED=555796 
SEED is set to: 555796
SEED=787354 
SEED is set to: 787354
timeout: the monitored command dumped core
environment: line 1: 3527120 Segmentation fault      timeout ${TIMEOUT}s "$WORKDIR/a.out" > "$TMP_OUT"
SEED=245188 
SEED is set to: 245188
SEED=403562 
SEED is set to: 403562
SEED=748168 
SEED is set to: 748168
SEED=152511 
SEED is set to: 152511
SEED=374746 
SEED is set to: 374746
timeout: the monitored command dumped core
environment: line 1: 3527447 Segmentation fault      timeout ${TIMEOUT}s "$WORKDIR/a.out" > "$TMP_OUT"
SEED=751508 
SEED is set to: 751508
timeout: the monitored command dumped core
environment: line 1: 3527510 Segmentation fault      timeout ${TIMEOUT}s "$WORKDIR/a.out" > "$TMP_OUT"
SEED=474903 
SEED is set to: 474903
SEED=504027 
SEED is set to: 504027
timeout: the monitored command dumped core
environment: line 1: 3527623 Segmentation fault      timeout ${TIMEOUT}s "$WORKDIR/a.out" > "$TMP_OUT"
SEED=848059 
SEED is set to: 848059
SEED=84110 
SEED is set to: 84110
SEED=319784 
SEED is set to: 319784
SEED=511776 
SEED is set to: 511776
SEED=608928 
SEED is set to: 608928
SEED=92779 
SEED is set to: 92779
SEED=168870 
SEED is set to: 168870
SEED=177116 
SEED is set to: 177116
timeout: the monitored command dumped core
environment: line 1: 3527945 Segmentation fault      timeout ${TIMEOUT}s "$WORKDIR/a.out" > "$TMP_OUT"
timeout: the monitored command dumped core
environment: line 1: 3527913 Segmentation fault      timeout ${TIMEOUT}s "$WORKDIR/a.out" > "$TMP_OUT"
SEED=669602 
SEED is set to: 669602
SEED=942734 
SEED is set to: 942734
SEED=195858 
SEED is set to: 195858
SEED=308296 
SEED is set to: 308296
SEED=599221 
SEED is set to: 599221
SEED=641818 
SEED is set to: 641818
timeout: the monitored command dumped core
environment: line 1: 3528185 Segmentation fault      timeout ${TIMEOUT}s "$WORKDIR/a.out" > "$TMP_OUT"
SEED=841189 
SEED is set to: 841189
SEED=159315 
SEED is set to: 159315
SEED=444804 
SEED is set to: 444804
timeout: the monitored command dumped core
environment: line 1: 3528346 Segmentation fault      timeout ${TIMEOUT}s "$WORKDIR/a.out" > "$TMP_OUT"
SEED=730978 
SEED is set to: 730978
SEED=38404 
SEED is set to: 38404
SEED=82325 
SEED is set to: 82325
SEED=172083 
SEED is set to: 172083
SEED=237424 
SEED is set to: 237424
SEED=293982 
SEED is set to: 293982
timeout: the monitored command dumped core
environment: line 1: 3528562 Segmentation fault      timeout ${TIMEOUT}s "$WORKDIR/a.out" > "$TMP_OUT"
SEED=5133 
SEED is set to: 5133
SEED=36216 
SEED is set to: 36216
SEED=494081 
SEED is set to: 494081
SEED=499762 
SEED is set to: 499762
SEED=229784 
SEED is set to: 229784
SEED=389302 
SEED is set to: 389302
SEED=482852 
SEED is set to: 482852
timeout: the monitored command dumped core
environment: line 1: 3528898 Segmentation fault      timeout ${TIMEOUT}s "$WORKDIR/a.out" > "$TMP_OUT"
SEED=149406 
SEED is set to: 149406
SEED=320307 
SEED is set to: 320307
SEED=400457 
SEED is set to: 400457
SEED=436879 
SEED is set to: 436879
SEED=674323 
SEED is set to: 674323
timeout: the monitored command dumped core
environment: line 1: 3529179 Floating point exceptiontimeout ${TIMEOUT}s "$WORKDIR/a.out" > "$TMP_OUT"
SEED=30997 
SEED is set to: 30997
SEED=587255 
SEED is set to: 587255
SEED=771127 
SEED is set to: 771127
SEED=789813 
SEED is set to: 789813
SEED=404614 
SEED is set to: 404614
SEED=513531 
SEED is set to: 513531
SEED=554635 
SEED is set to: 554635
timeout: the monitored command dumped core
environment: line 1: 3529517 Segmentation fault      timeout ${TIMEOUT}s "$WORKDIR/a.out" > "$TMP_OUT"
SEED=996302 
SEED is set to: 996302
SEED=146356 
SEED is set to: 146356
SEED=595530 
SEED is set to: 595530
SEED=919241 
SEED is set to: 919241
SEED=277757 
SEED is set to: 277757
SEED=409905 
SEED is set to: 409905
SEED=509945 
SEED is set to: 509945
SEED=543437 
SEED is set to: 543437
SEED=693505 
SEED is set to: 693505
timeout: the monitored command dumped core
environment: line 1: 3529864 Segmentation fault      timeout ${TIMEOUT}s "$WORKDIR/a.out" > "$TMP_OUT"
SEED=923679 
SEED is set to: 923679
SEED=435513 
SEED is set to: 435513
SEED=687035 
SEED is set to: 687035
timeout: the monitored command dumped core
environment: line 1: 3530151 Segmentation fault      timeout ${TIMEOUT}s "$WORKDIR/a.out" > "$TMP_OUT"
SEED=889750 
SEED is set to: 889750
SEED=893960 
SEED is set to: 893960
SEED=956022 
SEED is set to: 956022
SEED=969012 
SEED is set to: 969012
SEED=976535 
SEED is set to: 976535
SEED=399720 
SEED is set to: 399720
SEED=928439 
SEED is set to: 928439
SEED=173688 
SEED is set to: 173688
SEED=317097 
SEED is set to: 317097
SEED=403106 
SEED is set to: 403106
SEED=442572 
SEED is set to: 442572
SEED=620714 
SEED is set to: 620714
SEED=684026 
SEED is set to: 684026
SEED=172030 
SEED is set to: 172030
SEED=526578 
SEED is set to: 526578
SEED=711817 
SEED is set to: 711817
SEED=57597 
SEED is set to: 57597
SEED=148073 
SEED is set to: 148073
SEED=694618 
SEED is set to: 694618
SEED=867918 
SEED is set to: 867918
SEED=295941 
SEED is set to: 295941
SEED=352344 
SEED is set to: 352344
SEED=566631 
SEED is set to: 566631
timeout: the monitored command dumped core
environment: line 1: 3531096 Segmentation fault      timeout ${TIMEOUT}s "$WORKDIR/a.out" > "$TMP_OUT"
SEED=690235 
SEED is set to: 690235
timeout: the monitored command dumped core
environment: line 1: 3531200 Segmentation fault      timeout ${TIMEOUT}s "$WORKDIR/a.out" > "$TMP_OUT"
SEED=83434 
SEED is set to: 83434
SEED=121632 
SEED is set to: 121632
SEED=697604 
SEED is set to: 697604
SEED=837330 
SEED is set to: 837330
SEED=163237 
SEED is set to: 163237
SEED=604875 
SEED is set to: 604875
SEED=610285 
SEED is set to: 610285
SEED=357677 
SEED is set to: 357677
SEED=376120 
SEED is set to: 376120
SEED=696484 
SEED is set to: 696484
SEED=708007 
SEED is set to: 708007
timeout: the monitored command dumped core
environment: line 1: 3531710 Segmentation fault      timeout ${TIMEOUT}s "$WORKDIR/a.out" > "$TMP_OUT"
SEED=127614 
SEED is set to: 127614
SEED=241369 
SEED is set to: 241369
timeout: the monitored command dumped core
environment: line 1: 3531797 Segmentation fault      timeout ${TIMEOUT}s "$WORKDIR/a.out" > "$TMP_OUT"
SEED=681000 
SEED is set to: 681000
SEED=34670 
SEED is set to: 34670
SEED=302533 
SEED is set to: 302533
SEED=345826 
SEED is set to: 345826
SEED=808702 
SEED is set to: 808702
SEED=902261 
SEED is set to: 902261
SEED=166348 
SEED is set to: 166348
SEED=303223 
SEED is set to: 303223
SEED=344449 
SEED is set to: 344449
timeout: the monitored command dumped core
environment: line 1: 3532236 Segmentation fault      timeout ${TIMEOUT}s "$WORKDIR/a.out" > "$TMP_OUT"
SEED=717077 
SEED is set to: 717077
SEED=882762 
SEED is set to: 882762
SEED=891364 
SEED is set to: 891364
SEED=212926 
SEED is set to: 212926
timeout: the monitored command dumped core
environment: line 1: 3532363 Segmentation fault      timeout ${TIMEOUT}s "$WORKDIR/a.out" > "$TMP_OUT"
SEED=238497 
SEED is set to: 238497
timeout: the monitored command dumped core
environment: line 1: 3532438 Segmentation fault      timeout ${TIMEOUT}s "$WORKDIR/a.out" > "$TMP_OUT"
SEED=624462 
SEED is set to: 624462
SEED=743507 
SEED is set to: 743507
SEED=925563 
SEED is set to: 925563
SEED=178726 
SEED is set to: 178726
SEED=827120 
SEED is set to: 827120
SEED=840253 
SEED is set to: 840253
SEED=859510 
SEED is set to: 859510
SEED=194748 
SEED is set to: 194748
timeout: the monitored command dumped core
environment: line 1: 3532765 Segmentation fault      timeout ${TIMEOUT}s "$WORKDIR/a.out" > "$TMP_OUT"
SEED=289520 
SEED is set to: 289520
SEED=364996 
SEED is set to: 364996
SEED=403018 
SEED is set to: 403018
timeout: the monitored command dumped core
environment: line 1: 3532919 Segmentation fault      timeout ${TIMEOUT}s "$WORKDIR/a.out" > "$TMP_OUT"
SEED=770803 
SEED is set to: 770803
SEED=247922 
SEED is set to: 247922
SEED=332234 
SEED is set to: 332234
SEED=722803 
SEED is set to: 722803
SEED=896062 
SEED is set to: 896062
SEED=906053 
SEED is set to: 906053
SEED=969166 
SEED is set to: 969166
SEED=226338 
SEED is set to: 226338
SEED=837431 
SEED is set to: 837431
SEED=372207 
SEED is set to: 372207
SEED=456285 
SEED is set to: 456285
SEED=518680 
SEED is set to: 518680
SEED=529157 
SEED is set to: 529157
timeout: the monitored command dumped core
environment: line 1: 3533439 Segmentation fault      timeout ${TIMEOUT}s "$WORKDIR/a.out" > "$TMP_OUT"
SEED=567657 
SEED is set to: 567657
SEED=212009 
SEED is set to: 212009
SEED=298436 
SEED is set to: 298436
SEED=298442 
SEED is set to: 298442
SEED=49034 
SEED is set to: 49034
SEED=115256 
SEED is set to: 115256
SEED=310080 
SEED is set to: 310080
SEED=608173 
SEED is set to: 608173
SEED=813772 
SEED is set to: 813772
SEED=21006 
SEED is set to: 21006
SEED=766224 
SEED is set to: 766224
SEED=872362 
SEED is set to: 872362
SEED=958867 
SEED is set to: 958867
timeout: the monitored command dumped core
environment: line 1: 3534241 Segmentation fault      timeout ${TIMEOUT}s "$WORKDIR/a.out" > "$TMP_OUT"
SEED=586466 
SEED is set to: 586466
SEED=305979 
SEED is set to: 305979
SEED=315005 
SEED is set to: 315005
SEED=440603 
SEED is set to: 440603
SEED=809647 
SEED is set to: 809647
SEED=895700 
SEED is set to: 895700
SEED=342788 
SEED is set to: 342788
SEED=707514 
SEED is set to: 707514
SEED=36762 
SEED is set to: 36762
SEED=999284 
SEED is set to: 999284
SEED=156518 
SEED is set to: 156518
SEED=468294 
SEED is set to: 468294
SEED=514732 
SEED is set to: 514732
munmap_chunk(): invalid pointer
timeout: the monitored command dumped core
environment: line 1: 3535122 Aborted                 timeout ${TIMEOUT}s "$WORKDIR/a.out" > "$TMP_OUT"
SEED=783937 
SEED is set to: 783937
SEED=310487 
SEED is set to: 310487
SEED=494399 
SEED is set to: 494399
SEED=518332 
SEED is set to: 518332
SEED=632119 
SEED is set to: 632119
SEED=649936 
SEED is set to: 649936
SEED=891787 
SEED is set to: 891787
SEED=155775 
SEED is set to: 155775
SEED=318826 
SEED is set to: 318826
timeout: the monitored command dumped core
environment: line 1: 3535383 Segmentation fault      timeout ${TIMEOUT}s "$WORKDIR/a.out" > "$TMP_OUT"
SEED=82717 
SEED is set to: 82717
SEED=259626 
SEED is set to: 259626
SEED=347408 
SEED is set to: 347408
SEED=373075 
SEED is set to: 373075
SEED=852594 
SEED is set to: 852594
SEED=945166 
SEED is set to: 945166
SEED=68816 
SEED is set to: 68816
SEED=692666 
SEED is set to: 692666
timeout: the monitored command dumped core
environment: line 1: 3535846 Segmentation fault      timeout ${TIMEOUT}s "$WORKDIR/a.out" > "$TMP_OUT"
SEED=105607 
SEED is set to: 105607
SEED=478425 
SEED is set to: 478425
SEED=656707 
SEED is set to: 656707
SEED=68659 
SEED is set to: 68659
timeout: the monitored command dumped core
environment: line 1: 3536070 Segmentation fault      timeout ${TIMEOUT}s "$WORKDIR/a.out" > "$TMP_OUT"
SEED=431562 
SEED is set to: 431562
SEED=706925 
SEED is set to: 706925
SEED=769049 
SEED is set to: 769049
SEED=44386 
SEED is set to: 44386
timeout: the monitored command dumped core
environment: line 1: 3536220 Segmentation fault      timeout ${TIMEOUT}s "$WORKDIR/a.out" > "$TMP_OUT"
SEED=940841 
SEED is set to: 940841
SEED=943352 
SEED is set to: 943352
SEED=73442 
SEED is set to: 73442
SEED=201241 
SEED is set to: 201241
SEED=293205 
SEED is set to: 293205
SEED=312228 
SEED is set to: 312228
timeout: the monitored command dumped core
environment: line 1: 3536529 Segmentation fault      timeout ${TIMEOUT}s "$WORKDIR/a.out" > "$TMP_OUT"
SEED=622425 
SEED is set to: 622425
SEED=702847 
SEED is set to: 702847
SEED=554126 
SEED is set to: 554126
SEED=568350 
SEED is set to: 568350
SEED=980064 
SEED is set to: 980064
SEED=96200 
SEED is set to: 96200
SEED=201299 
SEED is set to: 201299
SEED=432142 
SEED is set to: 432142
SEED=7507 
SEED is set to: 7507
SEED=36179 
SEED is set to: 36179
SEED=85344 
SEED is set to: 85344
SEED=437727 
SEED is set to: 437727
SEED=662657 
SEED is set to: 662657
SEED=803869 
SEED is set to: 803869
SEED=44925 
SEED is set to: 44925
SEED=473502 
SEED is set to: 473502
SEED=484365 
SEED is set to: 484365
timeout: the monitored command dumped core
environment: line 1: 3537308 Segmentation fault      timeout ${TIMEOUT}s "$WORKDIR/a.out" > "$TMP_OUT"
SEED=255606 
SEED is set to: 255606
SEED=455592 
SEED is set to: 455592
SEED=965028 
SEED is set to: 965028
SEED=105296 
SEED is set to: 105296
SEED=401540 
SEED is set to: 401540
SEED=403741 
SEED is set to: 403741
SEED=669824 
SEED is set to: 669824
timeout: the monitored command dumped core
environment: line 1: 3537687 Segmentation fault      timeout ${TIMEOUT}s "$WORKDIR/a.out" > "$TMP_OUT"
SEED=812947 
SEED is set to: 812947
SEED=848585 
SEED is set to: 848585
SEED=10446 
SEED is set to: 10446
timeout: the monitored command dumped core
environment: line 1: 3537792 Segmentation fault      timeout ${TIMEOUT}s "$WORKDIR/a.out" > "$TMP_OUT"
SEED=383665 
SEED is set to: 383665
timeout: the monitored command dumped core
environment: line 1: 3537906 Segmentation fault      timeout ${TIMEOUT}s "$WORKDIR/a.out" > "$TMP_OUT"
SEED=881686 
SEED is set to: 881686
SEED=303280 
SEED is set to: 303280
SEED=448650 
SEED is set to: 448650
SEED=486569 
SEED is set to: 486569
SEED=632798 
SEED is set to: 632798
SEED=705584 
SEED is set to: 705584
timeout: the monitored command dumped core
environment: line 1: 3538093 Segmentation fault      timeout ${TIMEOUT}s "$WORKDIR/a.out" > "$TMP_OUT"
SEED=159413 
SEED is set to: 159413
SEED=177906 
SEED is set to: 177906
SEED=963833 
SEED is set to: 963833
SEED=180600 
SEED is set to: 180600
SEED=202157 
SEED is set to: 202157
SEED=407035 
SEED is set to: 407035
timeout: the monitored command dumped core
environment: line 1: 3538460 Segmentation fault      timeout ${TIMEOUT}s "$WORKDIR/a.out" > "$TMP_OUT"
SEED=630611 
SEED is set to: 630611
SEED=641594 
SEED is set to: 641594
timeout: the monitored command dumped core
environment: line 1: 3538503 Segmentation fault      timeout ${TIMEOUT}s "$WORKDIR/a.out" > "$TMP_OUT"
SEED=488145 
SEED is set to: 488145
SEED=546787 
SEED is set to: 546787
SEED=667703 
SEED is set to: 667703
timeout: the monitored command dumped core
environment: line 1: 3538636 Segmentation fault      timeout ${TIMEOUT}s "$WORKDIR/a.out" > "$TMP_OUT"
SEED=879470 
SEED is set to: 879470
SEED=937744 
SEED is set to: 937744
timeout: the monitored command dumped core
environment: line 1: 3538642 Segmentation fault      timeout ${TIMEOUT}s "$WORKDIR/a.out" > "$TMP_OUT"
SEED=446563 
SEED is set to: 446563
SEED=196768 
SEED is set to: 196768
SEED=346160 
SEED is set to: 346160
SEED=519704 
SEED is set to: 519704
SEED=520146 
SEED is set to: 520146
timeout: the monitored command dumped core
environment: line 1: 3538903 Segmentation fault      timeout ${TIMEOUT}s "$WORKDIR/a.out" > "$TMP_OUT"
SEED=594973 
SEED is set to: 594973
SEED=906102 
SEED is set to: 906102
SEED=47216 
SEED is set to: 47216
SEED=233718 
SEED is set to: 233718
SEED=756611 
SEED is set to: 756611
SEED=911126 
SEED is set to: 911126
SEED=102035 
SEED is set to: 102035
SEED=120750 
SEED is set to: 120750
SEED=287671 
SEED is set to: 287671
SEED=708642 
SEED is set to: 708642
SEED=293849 
SEED is set to: 293849
SEED=353335 
SEED is set to: 353335
SEED=537723 
SEED is set to: 537723
SEED=793259 
SEED is set to: 793259
SEED=319492 
SEED is set to: 319492
SEED=339640 
SEED is set to: 339640
SEED=534110 
SEED is set to: 534110
SEED=748007 
SEED is set to: 748007
SEED=908799 
SEED is set to: 908799
timeout: the monitored command dumped core
environment: line 1: 3539913 Segmentation fault      timeout ${TIMEOUT}s "$WORKDIR/a.out" > "$TMP_OUT"
SEED=308076 
SEED is set to: 308076
SEED=558559 
SEED is set to: 558559
SEED=884930 
SEED is set to: 884930
SEED=494753 
SEED is set to: 494753
SEED=670492 
SEED is set to: 670492
SEED=874071 
SEED is set to: 874071
SEED=946661 
SEED is set to: 946661
SEED=112194 
SEED is set to: 112194
SEED=168867 
SEED is set to: 168867
timeout: the monitored command dumped core
environment: line 1: 3540406 Segmentation fault      timeout ${TIMEOUT}s "$WORKDIR/a.out" > "$TMP_OUT"
SEED=834942 
SEED is set to: 834942
SEED=51724 
SEED is set to: 51724
SEED=137349 
SEED is set to: 137349
SEED=179789 
SEED is set to: 179789
SEED=434245 
SEED is set to: 434245
SEED=746382 
SEED is set to: 746382
SEED=779659 
SEED is set to: 779659
SEED=141897 
SEED is set to: 141897
SEED=433070 
SEED is set to: 433070
SEED=442185 
SEED is set to: 442185
SEED=644935 
SEED is set to: 644935
SEED=48530 
SEED is set to: 48530
SEED=121909 
SEED is set to: 121909
SEED=376949 
SEED is set to: 376949
SEED=666030 
SEED is set to: 666030
SEED=89837 
SEED is set to: 89837
timeout: the monitored command dumped core
environment: line 1: 3541220 Segmentation fault      timeout ${TIMEOUT}s "$WORKDIR/a.out" > "$TMP_OUT"
SEED=627123 
SEED is set to: 627123
SEED=646862 
SEED is set to: 646862
SEED=650941 
SEED is set to: 650941
SEED=679333 
SEED is set to: 679333
SEED=751070 
SEED is set to: 751070
SEED=164344 
SEED is set to: 164344
SEED=568734 
SEED is set to: 568734
SEED=970867 
SEED is set to: 970867
SEED=978996 
SEED is set to: 978996
SEED=216962 
SEED is set to: 216962
SEED=365298 
SEED is set to: 365298
SEED=794684 
SEED is set to: 794684
SEED=105708 
SEED is set to: 105708
SEED=134387 
SEED is set to: 134387
SEED=548387 
SEED is set to: 548387
SEED=630033 
SEED is set to: 630033
SEED=861776 
SEED is set to: 861776
SEED=379538 
SEED is set to: 379538
SEED=548121 
SEED is set to: 548121
SEED=681237 
SEED is set to: 681237
SEED=857908 
SEED is set to: 857908
SEED=991938 
SEED is set to: 991938
SEED=281181 
SEED is set to: 281181
SEED=881762 
SEED is set to: 881762
SEED=145563 
SEED is set to: 145563
SEED=210932 
SEED is set to: 210932
SEED=280620 
SEED is set to: 280620
SEED=407889 
SEED is set to: 407889
SEED=477273 
SEED is set to: 477273
SEED=478344 
SEED is set to: 478344
SEED=482625 
SEED is set to: 482625
SEED=579824 
SEED is set to: 579824
SEED=667416 
SEED is set to: 667416
SEED=901904 
SEED is set to: 901904
SEED=371996 
SEED is set to: 371996
SEED=49201 
SEED is set to: 49201
SEED=58180 
SEED is set to: 58180
timeout: the monitored command dumped core
environment: line 1: 3542940 Segmentation fault      timeout ${TIMEOUT}s "$WORKDIR/a.out" > "$TMP_OUT"
SEED=533119 
SEED is set to: 533119
SEED=786891 
SEED is set to: 786891
SEED=832129 
SEED is set to: 832129
SEED=920253 
SEED is set to: 920253
timeout: the monitored command dumped core
environment: line 1: 3543082 Segmentation fault      timeout ${TIMEOUT}s "$WORKDIR/a.out" > "$TMP_OUT"
SEED=694298 
SEED is set to: 694298
SEED=175474 
SEED is set to: 175474
SEED=728240 
SEED is set to: 728240
SEED=735837 
SEED is set to: 735837
SEED=764851 
SEED is set to: 764851
SEED=316145 
SEED is set to: 316145
SEED=489705 
SEED is set to: 489705
timeout: the monitored command dumped core
environment: line 1: 3543513 Segmentation fault      timeout ${TIMEOUT}s "$WORKDIR/a.out" > "$TMP_OUT"
timeout: the monitored command dumped core
environment: line 1: 3543547 Segmentation fault      timeout ${TIMEOUT}s "$WORKDIR/a.out" > "$TMP_OUT"
SEED=269387 
SEED is set to: 269387
SEED=875001 
SEED is set to: 875001
SEED=153882 
SEED is set to: 153882
SEED=274586 
SEED is set to: 274586
SEED=936923 
SEED is set to: 936923
SEED=508082 
SEED is set to: 508082
SEED=661935 
SEED is set to: 661935
SEED=796400 
SEED is set to: 796400
SEED=6029 
SEED is set to: 6029
SEED=150886 
SEED is set to: 150886
SEED=282611 
SEED is set to: 282611
SEED=588125 
SEED is set to: 588125
SEED=272689 
SEED is set to: 272689
SEED=536902 
SEED is set to: 536902
SEED=599781 
SEED is set to: 599781
timeout: the monitored command dumped core
environment: line 1: 3544433 Segmentation fault      timeout ${TIMEOUT}s "$WORKDIR/a.out" > "$TMP_OUT"
SEED=807681 
SEED is set to: 807681
SEED=908012 
SEED is set to: 908012
SEED=28634 
SEED is set to: 28634
timeout: the monitored command dumped core
environment: line 1: 3544506 Segmentation fault      timeout ${TIMEOUT}s "$WORKDIR/a.out" > "$TMP_OUT"
SEED=226976 
SEED is set to: 226976
SEED=362443 
SEED is set to: 362443
SEED=306953 
SEED is set to: 306953
SEED=483730 
SEED is set to: 483730
timeout: the monitored command dumped core
environment: line 1: 3544704 Segmentation fault      timeout ${TIMEOUT}s "$WORKDIR/a.out" > "$TMP_OUT"
SEED=692171 
SEED is set to: 692171
SEED=425845 
SEED is set to: 425845
SEED=620323 
SEED is set to: 620323
SEED=67798 
SEED is set to: 67798
SEED=212986 
SEED is set to: 212986
SEED=866687 
SEED is set to: 866687
SEED=52345 
SEED is set to: 52345
SEED=142343 
SEED is set to: 142343
SEED=227787 
SEED is set to: 227787
timeout: the monitored command dumped core
environment: line 1: 3545191 Segmentation fault      timeout ${TIMEOUT}s "$WORKDIR/a.out" > "$TMP_OUT"
SEED=562741 
SEED is set to: 562741
timeout: the monitored command dumped core
environment: line 1: 3545269 Segmentation fault      timeout ${TIMEOUT}s "$WORKDIR/a.out" > "$TMP_OUT"
SEED=972119 
SEED is set to: 972119
SEED=133563 
SEED is set to: 133563
SEED=412934 
SEED is set to: 412934
SEED=584049 
SEED is set to: 584049
timeout: the monitored command dumped core
environment: line 1: 3545487 Segmentation fault      timeout ${TIMEOUT}s "$WORKDIR/a.out" > "$TMP_OUT"
SEED=20818 
SEED is set to: 20818
SEED=199451 
SEED is set to: 199451
timeout: the monitored command dumped core
environment: line 1: 3545530 Segmentation fault      timeout ${TIMEOUT}s "$WORKDIR/a.out" > "$TMP_OUT"
SEED=386289 
SEED is set to: 386289
timeout: the monitored command dumped core
environment: line 1: 3545607 Segmentation fault      timeout ${TIMEOUT}s "$WORKDIR/a.out" > "$TMP_OUT"
SEED=933975 
SEED is set to: 933975
SEED=109038 
SEED is set to: 109038
SEED=372276 
SEED is set to: 372276
SEED=558666 
SEED is set to: 558666
SEED=635070 
SEED is set to: 635070
SEED=662434 
SEED is set to: 662434
timeout: the monitored command dumped core
environment: line 1: 3545747 Segmentation fault      timeout ${TIMEOUT}s "$WORKDIR/a.out" > "$TMP_OUT"
SEED=24500 
SEED is set to: 24500
SEED=698835 
SEED is set to: 698835
SEED=845590 
SEED is set to: 845590
SEED=952657 
SEED is set to: 952657
SEED=20105 
SEED is set to: 20105
SEED=43923 
SEED is set to: 43923
SEED=46509 
SEED is set to: 46509
SEED=212709 
SEED is set to: 212709
SEED=280387 
SEED is set to: 280387
SEED=425698 
SEED is set to: 425698
SEED=376539 
SEED is set to: 376539
SEED=771564 
SEED is set to: 771564
SEED=871271 
SEED is set to: 871271
timeout: the monitored command dumped core
environment: line 1: 3546562 Segmentation fault      timeout ${TIMEOUT}s "$WORKDIR/a.out" > "$TMP_OUT"
SEED=363191 
SEED is set to: 363191
SEED=814042 
SEED is set to: 814042
SEED=217554 
SEED is set to: 217554
SEED=300495 
SEED is set to: 300495
SEED=333339 
SEED is set to: 333339
SEED=37036 
SEED is set to: 37036
SEED=519120 
SEED is set to: 519120
SEED=710468 
SEED is set to: 710468
SEED=231511 
SEED is set to: 231511
SEED=303600 
SEED is set to: 303600
SEED=418301 
SEED is set to: 418301
SEED=480228 
SEED is set to: 480228
SEED=284823 
SEED is set to: 284823
SEED=360440 
SEED is set to: 360440
SEED=955083 
SEED is set to: 955083
SEED=85063 
SEED is set to: 85063
SEED=207411 
SEED is set to: 207411
SEED=760322 
SEED is set to: 760322
SEED=777047 
SEED is set to: 777047
SEED=382866 
SEED is set to: 382866
SEED=398162 
SEED is set to: 398162
SEED=473157 
SEED is set to: 473157
SEED=483322 
SEED is set to: 483322
SEED=652312 
SEED is set to: 652312
SEED=19021 
SEED is set to: 19021
SEED=249353 
SEED is set to: 249353
SEED=482251 
SEED is set to: 482251
malloc(): corrupted top size
timeout: the monitored command dumped core
environment: line 1: 3547959 Aborted                 timeout ${TIMEOUT}s "$WORKDIR/a.out" > "$TMP_OUT"
SEED=868712 
SEED is set to: 868712
SEED=988157 
SEED is set to: 988157
SEED=31021 
SEED is set to: 31021
SEED=84427 
SEED is set to: 84427
timeout: the monitored command dumped core
environment: line 1: 3548048 Segmentation fault      timeout ${TIMEOUT}s "$WORKDIR/a.out" > "$TMP_OUT"
SEED=705976 
SEED is set to: 705976
SEED=799214 
SEED is set to: 799214
SEED=263454 
SEED is set to: 263454
SEED=284639 
SEED is set to: 284639
SEED=465429 
SEED is set to: 465429
timeout: the monitored command dumped core
environment: line 1: 3548292 Segmentation fault      timeout ${TIMEOUT}s "$WORKDIR/a.out" > "$TMP_OUT"
SEED=759958 
SEED is set to: 759958
SEED=241558 
SEED is set to: 241558
SEED=393189 
SEED is set to: 393189
SEED=875199 
SEED is set to: 875199
SEED=128402 
SEED is set to: 128402
timeout: the monitored command dumped core
environment: line 1: 3548564 Segmentation fault      timeout ${TIMEOUT}s "$WORKDIR/a.out" > "$TMP_OUT"
SEED=227778 
SEED is set to: 227778
SEED=287298 
SEED is set to: 287298
timeout: the monitored command dumped core
environment: line 1: 3548577 Segmentation fault      timeout ${TIMEOUT}s "$WORKDIR/a.out" > "$TMP_OUT"
timeout: the monitored command dumped core
environment: line 1: 3548651 Segmentation fault      timeout ${TIMEOUT}s "$WORKDIR/a.out" > "$TMP_OUT"
SEED=733424 
SEED is set to: 733424
SEED=761755 
SEED is set to: 761755
SEED=887809 
SEED is set to: 887809
SEED=705791 
SEED is set to: 705791
SEED=896581 
SEED is set to: 896581
SEED=15076 
SEED is set to: 15076
SEED=33857 
SEED is set to: 33857
SEED=80422 
SEED is set to: 80422
SEED=136326 
SEED is set to: 136326
timeout: the monitored command dumped core
environment: line 1: 3549004 Segmentation fault      timeout ${TIMEOUT}s "$WORKDIR/a.out" > "$TMP_OUT"
SEED=616529 
SEED is set to: 616529
SEED=689143 
SEED is set to: 689143
SEED=727137 
SEED is set to: 727137
SEED=731346 
SEED is set to: 731346
timeout: the monitored command dumped core
environment: line 1: 3549283 Segmentation fault      timeout ${TIMEOUT}s "$WORKDIR/a.out" > "$TMP_OUT"
SEED=282019 
SEED is set to: 282019
SEED=293113 
SEED is set to: 293113
SEED=298112 
SEED is set to: 298112
SEED=17294 
SEED is set to: 17294
SEED=124344 
SEED is set to: 124344
SEED=160824 
SEED is set to: 160824
timeout: the monitored command dumped core
environment: line 1: 3549524 Segmentation fault      timeout ${TIMEOUT}s "$WORKDIR/a.out" > "$TMP_OUT"
SEED=608012 
SEED is set to: 608012
SEED=934077 
SEED is set to: 934077
SEED=944350 
SEED is set to: 944350
timeout: the monitored command dumped core
environment: line 1: 3549717 Segmentation fault      timeout ${TIMEOUT}s "$WORKDIR/a.out" > "$TMP_OUT"
SEED=376745 
SEED is set to: 376745
SEED=490303 
SEED is set to: 490303
SEED=658034 
SEED is set to: 658034
SEED=759552 
SEED is set to: 759552
SEED=497693 
SEED is set to: 497693
SEED=555984 
SEED is set to: 555984
SEED=636891 
SEED is set to: 636891
SEED=919220 
SEED is set to: 919220
SEED=3355 
SEED is set to: 3355
SEED=16752 
SEED is set to: 16752
SEED=56737 
SEED is set to: 56737
SEED=644515 
SEED is set to: 644515
SEED=315276 
SEED is set to: 315276
SEED=370017 
SEED is set to: 370017
SEED=572130 
SEED is set to: 572130
SEED=838059 
SEED is set to: 838059
SEED=877622 
SEED is set to: 877622
SEED=975400 
SEED is set to: 975400
SEED=757324 
SEED is set to: 757324
SEED=758422 
SEED is set to: 758422
SEED=830547 
SEED is set to: 830547
terminate called after throwing an instance of 'std::length_error'
  what():  cannot create std::vector larger than max_size()
timeout: the monitored command dumped core
environment: line 1: 3550866 Aborted                 timeout ${TIMEOUT}s "$WORKDIR/a.out" > "$TMP_OUT"
SEED=43838 
SEED is set to: 43838
SEED=326938 
SEED is set to: 326938
SEED=347973 
SEED is set to: 347973
SEED=277018 
SEED is set to: 277018
SEED=419805 
SEED is set to: 419805
SEED=514935 
SEED is set to: 514935
SEED=686885 
SEED is set to: 686885
SEED=760669 
SEED is set to: 760669
SEED=779483 
SEED is set to: 779483
SEED=56030 
SEED is set to: 56030
SEED=661686 
SEED is set to: 661686
SEED=781197 
SEED is set to: 781197
SEED=835963 
SEED is set to: 835963
SEED=938297 
SEED is set to: 938297
SEED=188096 
SEED is set to: 188096
SEED=437639 
SEED is set to: 437639
SEED=101628 
SEED is set to: 101628
SEED=146889 
SEED is set to: 146889
SEED=336408 
SEED is set to: 336408
SEED=473444 
SEED is set to: 473444
SEED=82735 
SEED is set to: 82735
SEED=294024 
SEED is set to: 294024
timeout: the monitored command dumped core
environment: line 1: 3551875 Segmentation fault      timeout ${TIMEOUT}s "$WORKDIR/a.out" > "$TMP_OUT"
SEED=691456 
SEED is set to: 691456
SEED=784052 
SEED is set to: 784052
SEED=911985 
SEED is set to: 911985
SEED=966797 
SEED is set to: 966797
SEED=157527 
SEED is set to: 157527
SEED=56068 
SEED is set to: 56068
SEED=207951 
SEED is set to: 207951
SEED=384493 
SEED is set to: 384493
SEED=613436 
SEED is set to: 613436
SEED=37247 
SEED is set to: 37247
SEED=57951 
SEED is set to: 57951
SEED=356818 
SEED is set to: 356818
SEED=848734 
SEED is set to: 848734
SEED=405213 
SEED is set to: 405213
SEED=466470 
SEED is set to: 466470
SEED=723385 
SEED is set to: 723385
SEED=899412 
SEED is set to: 899412
SEED=557544 
SEED is set to: 557544
SEED=633062 
SEED is set to: 633062
SEED=165219 
SEED is set to: 165219
SEED=167737 
SEED is set to: 167737
SEED=339961 
SEED is set to: 339961
SEED=905025 
SEED is set to: 905025
SEED=963424 
SEED is set to: 963424
SEED=602683 
SEED is set to: 602683
SEED=806755 
SEED is set to: 806755
SEED=45625 
SEED is set to: 45625
SEED=146557 
SEED is set to: 146557
SEED=308802 
SEED is set to: 308802
SEED=93166 
SEED is set to: 93166
SEED=155894 
SEED is set to: 155894
SEED=288392 
SEED is set to: 288392
SEED=507177 
SEED is set to: 507177
SEED=864490 
SEED is set to: 864490
timeout: the monitored command dumped core
environment: line 1: 3553607 Segmentation fault      timeout ${TIMEOUT}s "$WORKDIR/a.out" > "$TMP_OUT"
SEED=583892 
SEED is set to: 583892
SEED=609802 
SEED is set to: 609802
timeout: the monitored command dumped core
environment: line 1: 3553744 Segmentation fault      timeout ${TIMEOUT}s "$WORKDIR/a.out" > "$TMP_OUT"
SEED=856363 
SEED is set to: 856363
SEED=590675 
SEED is set to: 590675
SEED=590693 
SEED is set to: 590693
SEED=893971 
SEED is set to: 893971
SEED=997236 
SEED is set to: 997236
SEED=665988 
SEED is set to: 665988
timeout: the monitored command dumped core
environment: line 1: 3554087 Segmentation fault      timeout ${TIMEOUT}s "$WORKDIR/a.out" > "$TMP_OUT"
SEED=58833 
SEED is set to: 58833
SEED=130915 
SEED is set to: 130915
SEED=170336 
SEED is set to: 170336
SEED=212638 
SEED is set to: 212638
SEED=436236 
SEED is set to: 436236
SEED=702974 
SEED is set to: 702974
SEED=737209 
SEED is set to: 737209
timeout: the monitored command dumped core
environment: line 1: 3554364 Segmentation fault      timeout ${TIMEOUT}s "$WORKDIR/a.out" > "$TMP_OUT"
SEED=206164 
SEED is set to: 206164
SEED=625031 
SEED is set to: 625031
SEED=900389 
SEED is set to: 900389
SEED=926221 
SEED is set to: 926221
SEED=984017 
SEED is set to: 984017
timeout: the monitored command dumped core
environment: line 1: 3554534 Segmentation fault      timeout ${TIMEOUT}s "$WORKDIR/a.out" > "$TMP_OUT"
SEED=394280 
SEED is set to: 394280
SEED=545516 
SEED is set to: 545516
timeout: the monitored command dumped core
environment: line 1: 3554646 Segmentation fault      timeout ${TIMEOUT}s "$WORKDIR/a.out" > "$TMP_OUT"
SEED=626679 
SEED is set to: 626679
SEED=62437 
SEED is set to: 62437
SEED=925341 
SEED is set to: 925341
SEED=16591 
SEED is set to: 16591
SEED=51106 
SEED is set to: 51106
SEED=109420 
SEED is set to: 109420
SEED=210483 
SEED is set to: 210483
SEED=491219 
SEED is set to: 491219
SEED=529530 
SEED is set to: 529530
SEED=310493 
SEED is set to: 310493
SEED=557342 
SEED is set to: 557342
SEED=618008 
SEED is set to: 618008
SEED=862652 
SEED is set to: 862652
SEED=901487 
SEED is set to: 901487
SEED=931675 
SEED is set to: 931675
SEED=125371 
SEED is set to: 125371
SEED=150869 
SEED is set to: 150869
SEED=200680 
SEED is set to: 200680
SEED=420973 
SEED is set to: 420973
SEED=431759 
SEED is set to: 431759
SEED=823583 
SEED is set to: 823583
SEED=88892 
SEED is set to: 88892
timeout: the monitored command dumped core
environment: line 1: 3555681 Segmentation fault      timeout ${TIMEOUT}s "$WORKDIR/a.out" > "$TMP_OUT"
SEED=657208 
SEED is set to: 657208
SEED=729903 
SEED is set to: 729903
SEED=773951 
SEED is set to: 773951
SEED=950231 
SEED is set to: 950231
SEED=658646 
SEED is set to: 658646
SEED=800220 
SEED is set to: 800220
SEED=57294 
SEED is set to: 57294
SEED=151354 
SEED is set to: 151354
SEED=166875 
SEED is set to: 166875
SEED=295733 
SEED is set to: 295733
SEED=464118 
SEED is set to: 464118
SEED=534157 
SEED is set to: 534157
SEED=669121 
SEED is set to: 669121
timeout: the monitored command dumped core
environment: line 1: 3556337 Segmentation fault      timeout ${TIMEOUT}s "$WORKDIR/a.out" > "$TMP_OUT"
SEED=837199 
SEED is set to: 837199
SEED=842890 
SEED is set to: 842890
SEED=936839 
SEED is set to: 936839
SEED=955434 
SEED is set to: 955434
SEED=198555 
SEED is set to: 198555
SEED=364899 
SEED is set to: 364899
SEED=976450 
SEED is set to: 976450
SEED=268528 
SEED is set to: 268528
SEED=372087 
SEED is set to: 372087
SEED=392350 
SEED is set to: 392350
SEED=884331 
SEED is set to: 884331
SEED=322732 
SEED is set to: 322732
SEED=503996 
SEED is set to: 503996
SEED=733819 
SEED is set to: 733819
SEED=835653 
SEED is set to: 835653
SEED=284511 
SEED is set to: 284511
SEED=288882 
SEED is set to: 288882
SEED=331310 
SEED is set to: 331310
SEED=990672 
SEED is set to: 990672
SEED=10361 
SEED is set to: 10361
SEED=120409 
SEED is set to: 120409
SEED=849274 
SEED is set to: 849274
SEED=916899 
SEED is set to: 916899
SEED=962938 
SEED is set to: 962938
SEED=437422 
SEED is set to: 437422
SEED=674427 
SEED is set to: 674427
SEED=732411 
SEED is set to: 732411
SEED=99870 
SEED is set to: 99870
SEED=236166 
SEED is set to: 236166
SEED=398384 
SEED is set to: 398384
timeout: the monitored command dumped core
environment: line 1: 3557878 Segmentation fault      timeout ${TIMEOUT}s "$WORKDIR/a.out" > "$TMP_OUT"
SEED=542824 
SEED is set to: 542824
SEED=974263 
SEED is set to: 974263
SEED=328130 
SEED is set to: 328130
SEED=536878 
SEED is set to: 536878
SEED=888306 
SEED is set to: 888306
SEED=272630 
SEED is set to: 272630
SEED=473371 
SEED is set to: 473371
SEED=401493 
SEED=401493 
SEED is set to: 401493
SEED is set to: 401493
SEED=485090 
SEED is set to: 485090
timeout: the monitored command dumped core
environment: line 1: 3558437 Segmentation fault      timeout ${TIMEOUT}s "$WORKDIR/a.out" > "$TMP_OUT"
SEED=817054 
SEED is set to: 817054
SEED=990323 
SEED is set to: 990323
SEED=854793 
SEED is set to: 854793
SEED=891072 
SEED is set to: 891072
SEED=926401 
SEED is set to: 926401
SEED=950879 
SEED is set to: 950879
SEED=112410 
SEED is set to: 112410
SEED=206265 
SEED is set to: 206265
SEED=455398 
SEED is set to: 455398
SEED=542423 
SEED is set to: 542423
SEED=545232 
SEED is set to: 545232
SEED=585858 
SEED is set to: 585858
SEED=388194 
SEED is set to: 388194
SEED=702366 
SEED is set to: 702366
SEED=85591 
SEED is set to: 85591
SEED=204124 
SEED is set to: 204124
SEED=276829 
SEED is set to: 276829
SEED=805950 
SEED is set to: 805950
SEED=970287 
SEED is set to: 970287
SEED=17141 
SEED is set to: 17141
timeout: the monitored command dumped core
environment: line 1: 3559444 Segmentation fault      timeout ${TIMEOUT}s "$WORKDIR/a.out" > "$TMP_OUT"
SEED=197053 
SEED is set to: 197053
SEED=449663 
SEED is set to: 449663
SEED=471722 
SEED is set to: 471722
SEED=599674 
SEED is set to: 599674
timeout: the monitored command dumped core
environment: line 1: 3559603 Segmentation fault      timeout ${TIMEOUT}s "$WORKDIR/a.out" > "$TMP_OUT"
SEED=426914 
SEED is set to: 426914
SEED=521580 
SEED is set to: 521580
SEED=635785 
SEED is set to: 635785
timeout: the monitored command dumped core
environment: line 1: 3559791 Segmentation fault      timeout ${TIMEOUT}s "$WORKDIR/a.out" > "$TMP_OUT"
SEED=916329 
SEED is set to: 916329
SEED=287570 
SEED is set to: 287570
SEED=508145 
SEED is set to: 508145
SEED=666059 
SEED is set to: 666059
SEED=84283 
SEED is set to: 84283
SEED=120454 
SEED is set to: 120454
SEED=348892 
SEED is set to: 348892
SEED=594074 
SEED is set to: 594074
SEED=628776 
SEED is set to: 628776
SEED=217783 
SEED is set to: 217783
SEED=597637 
SEED is set to: 597637
SEED=621106 
SEED is set to: 621106
SEED=763170 
SEED is set to: 763170
SEED=835466 
SEED is set to: 835466
SEED=991346 
SEED is set to: 991346
SEED=336049 
SEED is set to: 336049
SEED=820138 
SEED is set to: 820138
SEED=873487 
SEED is set to: 873487
timeout: the monitored command dumped core
environment: line 1: 3560701 Segmentation fault      timeout ${TIMEOUT}s "$WORKDIR/a.out" > "$TMP_OUT"
SEED=419679 
SEED is set to: 419679
SEED=462328 
SEED is set to: 462328
SEED=620487 
SEED is set to: 620487
SEED=142462 
SEED is set to: 142462
SEED=303231 
SEED is set to: 303231
SEED=480195 
SEED is set to: 480195
SEED=810561 
SEED is set to: 810561
SEED=69091 
SEED is set to: 69091
SEED=759521 
SEED is set to: 759521
SEED=945818 
SEED is set to: 945818
SEED=962223 
SEED is set to: 962223
SEED=105546 
SEED is set to: 105546
SEED=128119 
SEED is set to: 128119
SEED=155716 
SEED is set to: 155716
SEED=456615 
SEED is set to: 456615
SEED=566564 
SEED is set to: 566564
SEED=155755 
SEED is set to: 155755
SEED=611979 
SEED is set to: 611979
SEED=835568 
SEED is set to: 835568
SEED=872628 
SEED is set to: 872628
SEED=919660 
SEED is set to: 919660
SEED=291459 
SEED is set to: 291459
SEED=713099 
SEED is set to: 713099
SEED=239715 
SEED is set to: 239715
SEED=804608 
SEED is set to: 804608
SEED=932770 
SEED is set to: 932770
SEED=933802 
SEED is set to: 933802
timeout: the monitored command dumped core
environment: line 1: 3561941 Segmentation fault      timeout ${TIMEOUT}s "$WORKDIR/a.out" > "$TMP_OUT"
timeout: the monitored command dumped core
environment: line 1: 3561965 Segmentation fault      timeout ${TIMEOUT}s "$WORKDIR/a.out" > "$TMP_OUT"
SEED=314179 
SEED is set to: 314179
SEED=377788 
SEED is set to: 377788
SEED=417595 
SEED is set to: 417595
SEED=457874 
SEED is set to: 457874
timeout: the monitored command dumped core
environment: line 1: 3562101 Segmentation fault      timeout ${TIMEOUT}s "$WORKDIR/a.out" > "$TMP_OUT"
SEED=840712 
SEED is set to: 840712
SEED=597905 
SEED is set to: 597905
SEED=665556 
SEED is set to: 665556
SEED=228505 
SEED is set to: 228505
SEED=271265 
SEED is set to: 271265
SEED=372699 
SEED is set to: 372699
timeout: the monitored command dumped core
environment: line 1: 3562411 Segmentation fault      timeout ${TIMEOUT}s "$WORKDIR/a.out" > "$TMP_OUT"
SEED=680713 
SEED is set to: 680713
SEED=178229 
SEED is set to: 178229
SEED=314117 
SEED is set to: 314117
SEED=334492 
SEED is set to: 334492
timeout: the monitored command dumped core
environment: line 1: 3562574 Segmentation fault      timeout ${TIMEOUT}s "$WORKDIR/a.out" > "$TMP_OUT"
SEED=791735 
SEED is set to: 791735
SEED=56303 
SEED is set to: 56303
SEED=168763 
SEED is set to: 168763
SEED=349971 
SEED is set to: 349971
timeout: the monitored command dumped core
environment: line 1: 3562761 Segmentation fault      timeout ${TIMEOUT}s "$WORKDIR/a.out" > "$TMP_OUT"
timeout: the monitored command dumped core
environment: line 1: 3562820 Segmentation fault      timeout ${TIMEOUT}s "$WORKDIR/a.out" > "$TMP_OUT"
SEED=719809 
SEED is set to: 719809
SEED=733879 
SEED is set to: 733879
SEED=803169 
SEED is set to: 803169
SEED=950383 
SEED is set to: 950383
SEED=517809 
SEED is set to: 517809
SEED=974662 
SEED is set to: 974662
SEED=322175 
SEED is set to: 322175
SEED=522418 
SEED is set to: 522418
SEED=779355 
SEED is set to: 779355
SEED=831328 
SEED is set to: 831328
timeout: the monitored command dumped core
environment: line 1: 3563376 Segmentation fault      timeout ${TIMEOUT}s "$WORKDIR/a.out" > "$TMP_OUT"
SEED=81020 
SEED is set to: 81020
SEED=141468 
SEED is set to: 141468
SEED=471662 
SEED is set to: 471662
timeout: the monitored command dumped core
environment: line 1: 3563472 Segmentation fault      timeout ${TIMEOUT}s "$WORKDIR/a.out" > "$TMP_OUT"
SEED=711814 
SEED is set to: 711814
SEED=936300 
SEED is set to: 936300
SEED=41070 
SEED is set to: 41070
SEED=124642 
SEED is set to: 124642
SEED=524793 
SEED is set to: 524793
SEED=578730 
SEED is set to: 578730
SEED=729380 
SEED is set to: 729380
SEED=808312 
SEED is set to: 808312
timeout: the monitored command dumped core
environment: line 1: 3563847 Segmentation fault      timeout ${TIMEOUT}s "$WORKDIR/a.out" > "$TMP_OUT"
SEED=237567 
SEED is set to: 237567
SEED=384853 
SEED is set to: 384853
SEED=532421 
SEED is set to: 532421
SEED=926634 
SEED is set to: 926634
SEED=11299 
SEED is set to: 11299
SEED=129245 
SEED is set to: 129245
SEED=301376 
SEED is set to: 301376
SEED=832250 
SEED is set to: 832250
SEED=7750 
SEED is set to: 7750
SEED=132459 
SEED is set to: 132459
SEED=667162 
SEED is set to: 667162
SEED=866947 
SEED is set to: 866947
SEED=368966 
SEED is set to: 368966
SEED=442476 
SEED is set to: 442476
SEED=9316 
SEED is set to: 9316
SEED=313708 
SEED is set to: 313708
SEED=341724 
SEED is set to: 341724
SEED=366132 
SEED is set to: 366132
SEED=821765 
SEED is set to: 821765
SEED=861454 
SEED is set to: 861454
SEED=952967 
SEED is set to: 952967
timeout: the monitored command dumped core
environment: line 1: 3564894 Segmentation fault      timeout ${TIMEOUT}s "$WORKDIR/a.out" > "$TMP_OUT"
SEED=457495 
SEED is set to: 457495
SEED=774001 
SEED is set to: 774001
timeout: the monitored command dumped core
environment: line 1: 3565130 Segmentation fault      timeout ${TIMEOUT}s "$WORKDIR/a.out" > "$TMP_OUT"
SEED=261721 
SEED is set to: 261721
SEED=472654 
SEED is set to: 472654
SEED=540407 
SEED is set to: 540407
SEED=651176 
SEED is set to: 651176
SEED=884932 
SEED is set to: 884932
SEED=216795 
SEED is set to: 216795
SEED=518676 
SEED is set to: 518676
SEED=605679 
SEED is set to: 605679
SEED=914984 
SEED is set to: 914984
SEED=75174 
SEED is set to: 75174
SEED=228726 
SEED is set to: 228726
SEED=375346 
SEED is set to: 375346
SEED=748243 
SEED is set to: 748243
SEED=575119 
SEED is set to: 575119
SEED=774217 
SEED is set to: 774217
SEED=299987 
SEED is set to: 299987
SEED=385384 
SEED is set to: 385384
SEED=432535 
SEED is set to: 432535
SEED=840572 
SEED is set to: 840572
SEED=60077 
SEED is set to: 60077
SEED=345697 
SEED is set to: 345697
SEED=912056 
SEED is set to: 912056
SEED=979856 
SEED is set to: 979856
SEED=335377 
SEED is set to: 335377
SEED=383837 
SEED is set to: 383837
SEED=497038 
SEED is set to: 497038
timeout: the monitored command dumped core
environment: line 1: 3566352 Segmentation fault      timeout ${TIMEOUT}s "$WORKDIR/a.out" > "$TMP_OUT"
SEED=856287 
SEED is set to: 856287
SEED=968761 
SEED is set to: 968761
SEED=430615 
SEED is set to: 430615
SEED=564882 
SEED is set to: 564882
SEED=627245 
SEED is set to: 627245
SEED=682837 
SEED is set to: 682837
timeout: the monitored command dumped core
environment: line 1: 3566602 Segmentation fault      timeout ${TIMEOUT}s "$WORKDIR/a.out" > "$TMP_OUT"
SEED=226963 
SEED is set to: 226963
SEED=258793 
SEED is set to: 258793
SEED=444193 
SEED is set to: 444193
SEED=455311 
SEED is set to: 455311
SEED=979867 
SEED is set to: 979867
SEED=399623 
SEED is set to: 399623
SEED=415484 
SEED is set to: 415484
SEED=774456 
SEED is set to: 774456
SEED=250008 
SEED is set to: 250008
SEED=315736 
SEED is set to: 315736
SEED=362795 
SEED is set to: 362795
SEED=39508 
SEED is set to: 39508
SEED=392793 
SEED is set to: 392793
munmap_chunk(): invalid pointer
timeout: the monitored command dumped core
environment: line 1: 3567297 Aborted                 timeout ${TIMEOUT}s "$WORKDIR/a.out" > "$TMP_OUT"
SEED=616496 
SEED is set to: 616496
SEED=832017 
SEED is set to: 832017
SEED=17679 
SEED is set to: 17679
SEED=87169 
SEED is set to: 87169
SEED=516108 
SEED is set to: 516108
SEED=735032 
SEED is set to: 735032
SEED=938913 
SEED is set to: 938913
SEED=107009 
SEED is set to: 107009
SEED=202644 
SEED is set to: 202644
SEED=237014 
SEED is set to: 237014
SEED=211519 
SEED is set to: 211519
timeout: the monitored command dumped core
environment: line 1: 3567770 Segmentation fault      timeout ${TIMEOUT}s "$WORKDIR/a.out" > "$TMP_OUT"
SEED=495082 
SEED is set to: 495082
SEED=759046 
SEED is set to: 759046
SEED=922659 
SEED is set to: 922659
SEED=461762 
SEED is set to: 461762
SEED=630741 
SEED is set to: 630741
SEED=14186 
SEED is set to: 14186
SEED=35462 
SEED is set to: 35462
SEED=296787 
SEED is set to: 296787
SEED=567039 
SEED is set to: 567039
timeout: the monitored command dumped core
environment: line 1: 3568209 Segmentation fault      timeout ${TIMEOUT}s "$WORKDIR/a.out" > "$TMP_OUT"
SEED=877816 
SEED is set to: 877816
SEED=206526 
SEED is set to: 206526
SEED=346986 
SEED is set to: 346986
SEED=623431 
SEED is set to: 623431
SEED=136457 
SEED is set to: 136457
SEED=199589 
SEED is set to: 199589
SEED=309345 
SEED is set to: 309345
SEED=341797 
SEED is set to: 341797
SEED=545327 
SEED is set to: 545327
SEED=601242 
SEED is set to: 601242
SEED=801181 
SEED is set to: 801181
SEED=62558 
SEED is set to: 62558
SEED=207532 
SEED is set to: 207532
SEED=246785 
SEED is set to: 246785
SEED=752216 
SEED is set to: 752216
timeout: the monitored command dumped core
environment: line 1: 3568903 Segmentation fault      timeout ${TIMEOUT}s "$WORKDIR/a.out" > "$TMP_OUT"
SEED=49980 
SEED is set to: 49980
timeout: the monitored command dumped core
SEED=356180 
SEED is set to: 356180
timeout: the monitored command dumped core
environment: line 1: 3569064 Segmentation fault      timeout ${TIMEOUT}s "$WORKDIR/a.out" > "$TMP_OUT"
SEED=120347 
SEED is set to: 120347
SEED=276378 
SEED is set to: 276378
SEED=281981 
SEED is set to: 281981
SEED=291714 
SEED is set to: 291714
timeout: the monitored command dumped core
environment: line 1: 3569200 Segmentation fault      timeout ${TIMEOUT}s "$WORKDIR/a.out" > "$TMP_OUT"
SEED=529220 
SEED is set to: 529220
SEED=681763 
SEED is set to: 681763
SEED=866127 
SEED is set to: 866127
SEED=995335 
SEED is set to: 995335
SEED=24528 
SEED is set to: 24528
SEED=99994 
SEED is set to: 99994
SEED=444293 
SEED is set to: 444293
timeout: the monitored command dumped core
environment: line 1: 3569711 Segmentation fault      timeout ${TIMEOUT}s "$WORKDIR/a.out" > "$TMP_OUT"
SEED=270396 
SEED is set to: 270396
SEED=286543 
SEED is set to: 286543
SEED=466841 
SEED is set to: 466841
SEED=677204 
SEED is set to: 677204
SEED=740920 
SEED is set to: 740920
SEED=810859 
SEED is set to: 810859
timeout: the monitored command dumped core
environment: line 1: 3569948 Segmentation fault      timeout ${TIMEOUT}s "$WORKDIR/a.out" > "$TMP_OUT"
timeout: the monitored command dumped core
environment: line 1: 3569931 Segmentation fault      timeout ${TIMEOUT}s "$WORKDIR/a.out" > "$TMP_OUT"
SEED=320313 
SEED is set to: 320313
SEED=648600 
SEED is set to: 648600
SEED=769318 
SEED is set to: 769318
SEED=253936 
SEED is set to: 253936
SEED=606317 
SEED is set to: 606317
SEED=31303 
SEED is set to: 31303
SEED=505625 
SEED is set to: 505625
SEED=873596 
SEED is set to: 873596
SEED=100043 
SEED is set to: 100043
SEED=433293 
SEED is set to: 433293
SEED=562293 
SEED is set to: 562293
SEED=589677 
SEED is set to: 589677
SEED=710235 
SEED is set to: 710235
timeout: the monitored command dumped core
environment: line 1: 3570515 Segmentation fault      timeout ${TIMEOUT}s "$WORKDIR/a.out" > "$TMP_OUT"
SEED=225232 
SEED is set to: 225232
SEED=398286 
SEED is set to: 398286
SEED=68440 
SEED is set to: 68440
SEED=93929 
SEED is set to: 93929
SEED=287367 
SEED is set to: 287367
SEED=543434 
SEED is set to: 543434
SEED=570163 
SEED is set to: 570163
timeout: the monitored command dumped core
environment: line 1: 3570970 Segmentation fault      timeout ${TIMEOUT}s "$WORKDIR/a.out" > "$TMP_OUT"
SEED=394449 
SEED is set to: 394449
SEED=911880 
SEED is set to: 911880
SEED=114630 
SEED is set to: 114630
SEED=612716 
SEED is set to: 612716
SEED=973776 
SEED is set to: 973776
SEED=317120 
SEED is set to: 317120
SEED=504901 
SEED is set to: 504901
SEED=28132 
SEED is set to: 28132
SEED=299335 
SEED is set to: 299335
SEED=340274 
SEED is set to: 340274
SEED=418981 
SEED is set to: 418981
SEED=86657 
SEED is set to: 86657
SEED=101025 
SEED is set to: 101025
SEED=208415 
SEED is set to: 208415
SEED=612023 
SEED is set to: 612023
SEED=810323 
SEED is set to: 810323
SEED=595766 
SEED is set to: 595766
SEED=628785 
SEED is set to: 628785
SEED=640585 
SEED is set to: 640585
SEED=768037 
SEED is set to: 768037
SEED=953732 
SEED is set to: 953732
SEED=149118 
SEED is set to: 149118
SEED=233440 
SEED is set to: 233440
timeout: the monitored command dumped core
environment: line 1: 3572282 Segmentation fault      timeout ${TIMEOUT}s "$WORKDIR/a.out" > "$TMP_OUT"
SEED=49445 
SEED is set to: 49445
SEED=179411 
SEED is set to: 179411
SEED=246769 
SEED is set to: 246769
timeout: the monitored command dumped core
environment: line 1: 3572359 Segmentation fault      timeout ${TIMEOUT}s "$WORKDIR/a.out" > "$TMP_OUT"
SEED=456973 
SEED is set to: 456973
SEED=474846 
SEED is set to: 474846
SEED=541498 
SEED is set to: 541498
timeout: the monitored command dumped core
environment: line 1: 3572502 Segmentation fault      timeout ${TIMEOUT}s "$WORKDIR/a.out" > "$TMP_OUT"
SEED=61489 
SEED is set to: 61489
SEED=224791 
SEED is set to: 224791
SEED=652644 
SEED is set to: 652644
SEED=874399 
SEED is set to: 874399
SEED=894037 
SEED is set to: 894037
SEED=246537 
SEED is set to: 246537
SEED=281043 
SEED is set to: 281043
SEED=409613 
SEED is set to: 409613
SEED=552264 
SEED is set to: 552264
SEED=885999 
SEED is set to: 885999
SEED=185825 
SEED is set to: 185825
SEED=453546 
SEED is set to: 453546
SEED=479503 
SEED is set to: 479503
timeout: the monitored command dumped core
environment: line 1: 3572995 Segmentation fault      timeout ${TIMEOUT}s "$WORKDIR/a.out" > "$TMP_OUT"
SEED=651245 
SEED is set to: 651245
SEED=898665 
SEED is set to: 898665
SEED=247665 
SEED is set to: 247665
SEED=531510 
SEED is set to: 531510
timeout: the monitored command dumped core
environment: line 1: 3573219 Segmentation fault      timeout ${TIMEOUT}s "$WORKDIR/a.out" > "$TMP_OUT"
SEED=740059 
SEED is set to: 740059
SEED=70034 
SEED is set to: 70034
SEED=547443 
SEED is set to: 547443
SEED=733043 
SEED is set to: 733043
SEED=958988 
SEED is set to: 958988
SEED=65556 
SEED is set to: 65556
SEED=74872 
SEED is set to: 74872
SEED=390641 
SEED is set to: 390641
SEED=976178 
SEED is set to: 976178
SEED=999563 
SEED is set to: 999563
SEED=325742 
SEED is set to: 325742
SEED=416329 
SEED is set to: 416329
SEED=556219 
SEED is set to: 556219
SEED=575155 
SEED is set to: 575155
SEED=223624 
SEED is set to: 223624
timeout: the monitored command dumped core
environment: line 1: 3573913 Segmentation fault      timeout ${TIMEOUT}s "$WORKDIR/a.out" > "$TMP_OUT"
SEED=399837 
SEED is set to: 399837
SEED=518702 
SEED is set to: 518702
SEED=570922 
SEED is set to: 570922
SEED=10371 
SEED is set to: 10371
SEED=790661 
SEED is set to: 790661
SEED=904127 
SEED is set to: 904127
SEED=990293 
SEED is set to: 990293
timeout: the monitored command dumped core
environment: line 1: 3574210 Segmentation fault      timeout ${TIMEOUT}s "$WORKDIR/a.out" > "$TMP_OUT"
SEED=245693 
SEED is set to: 245693
SEED=338733 
SEED is set to: 338733
SEED=529450 
SEED is set to: 529450
SEED=650355 
SEED is set to: 650355
SEED=130081 
SEED is set to: 130081
SEED=323086 
SEED is set to: 323086
SEED=504989 
SEED is set to: 504989
SEED=886180 
SEED is set to: 886180
timeout: the monitored command dumped core
environment: line 1: 3574630 Segmentation fault      timeout ${TIMEOUT}s "$WORKDIR/a.out" > "$TMP_OUT"
SEED=477604 
SEED is set to: 477604
SEED=871062 
SEED is set to: 871062
SEED=139327 
SEED is set to: 139327
SEED=190265 
SEED is set to: 190265
SEED=450984 
SEED is set to: 450984
timeout: the monitored command dumped core
environment: line 1: 3574859 Segmentation fault      timeout ${TIMEOUT}s "$WORKDIR/a.out" > "$TMP_OUT"
SEED=639126 
SEED is set to: 639126
SEED=920073 
SEED is set to: 920073
SEED=715345 
SEED is set to: 715345
SEED=973591 
SEED is set to: 973591
SEED=495273 
SEED is set to: 495273
SEED=561143 
SEED is set to: 561143
SEED=584579 
SEED is set to: 584579
SEED=182748 
SEED is set to: 182748
SEED=389199 
SEED is set to: 389199
SEED=390997 
SEED is set to: 390997
timeout: the monitored command dumped core
environment: line 1: 3575377 Segmentation fault      timeout ${TIMEOUT}s "$WORKDIR/a.out" > "$TMP_OUT"
SEED=671630 
SEED is set to: 671630
SEED=958865 
SEED is set to: 958865
SEED=102290 
SEED is set to: 102290
SEED=102591 
SEED is set to: 102591
SEED=875771 
SEED is set to: 875771
SEED=919389 
SEED is set to: 919389
SEED=748131 
SEED is set to: 748131
timeout: the monitored command dumped core
environment: line 1: 3575949 Segmentation fault      timeout ${TIMEOUT}s "$WORKDIR/a.out" > "$TMP_OUT"
SEED=332080 
SEED is set to: 332080
SEED=345581 
SEED is set to: 345581
timeout: the monitored command dumped core
environment: line 1: 3576055 Segmentation fault      timeout ${TIMEOUT}s "$WORKDIR/a.out" > "$TMP_OUT"
SEED=594146 
SEED is set to: 594146
SEED=616556 
SEED is set to: 616556
SEED=262162 
SEED is set to: 262162
SEED=347028 
SEED is set to: 347028
SEED=977774 
SEED is set to: 977774
SEED=81092 
SEED is set to: 81092
SEED=130091 
SEED is set to: 130091
SEED=279470 
SEED is set to: 279470
timeout: the monitored command dumped core
environment: line 1: 3576356 Segmentation fault      timeout ${TIMEOUT}s "$WORKDIR/a.out" > "$TMP_OUT"
timeout: the monitored command dumped core
environment: line 1: 3576375 Segmentation fault      timeout ${TIMEOUT}s "$WORKDIR/a.out" > "$TMP_OUT"
timeout: the monitored command dumped core
environment: line 1: 3576370 Segmentation fault      timeout ${TIMEOUT}s "$WORKDIR/a.out" > "$TMP_OUT"
SEED=589841 
SEED is set to: 589841
SEED=762220 
SEED is set to: 762220
SEED=869852 
SEED is set to: 869852
SEED=936823 
SEED is set to: 936823
SEED=58132 
SEED is set to: 58132
SEED=97124 
SEED is set to: 97124
timeout: the monitored command dumped core
environment: line 1: 3576801 Segmentation fault      timeout ${TIMEOUT}s "$WORKDIR/a.out" > "$TMP_OUT"
SEED=449935 
SEED is set to: 449935
SEED=479103 
SEED is set to: 479103
SEED=481164 
SEED is set to: 481164
timeout: the monitored command dumped core
environment: line 1: 3576878 Segmentation fault      timeout ${TIMEOUT}s "$WORKDIR/a.out" > "$TMP_OUT"
SEED=527157 
SEED is set to: 527157
SEED=548090 
SEED is set to: 548090
SEED=944918 
SEED is set to: 944918
SEED=981090 
SEED is set to: 981090
SEED=542898 
SEED is set to: 542898
SEED=888949 
SEED is set to: 888949
timeout: the monitored command dumped core
environment: line 1: 3577219 Segmentation fault      timeout ${TIMEOUT}s "$WORKDIR/a.out" > "$TMP_OUT"
SEED=40077 
SEED is set to: 40077
SEED=219734 
SEED is set to: 219734
SEED=389504 
SEED is set to: 389504
SEED=497799 
SEED is set to: 497799
SEED=566348 
SEED is set to: 566348
SEED=711659 
SEED is set to: 711659
timeout: the monitored command dumped core
environment: line 1: 3577452 Segmentation fault      timeout ${TIMEOUT}s "$WORKDIR/a.out" > "$TMP_OUT"
SEED=370545 
SEED is set to: 370545
SEED=578829 
SEED is set to: 578829
SEED=643454 
SEED is set to: 643454
SEED=936818 
SEED is set to: 936818
SEED=101076 
SEED is set to: 101076
SEED=228395 
SEED is set to: 228395
SEED=840754 
SEED is set to: 840754
SEED=993485 
SEED is set to: 993485
SEED=307232 
SEED is set to: 307232
SEED=384053 
SEED is set to: 384053
SEED=522363 
SEED is set to: 522363
SEED=534961 
SEED is set to: 534961
SEED=650320 
SEED is set to: 650320
SEED=65114 
SEED is set to: 65114
SEED=233601 
SEED is set to: 233601
SEED=322730 
SEED is set to: 322730
SEED=905577 
SEED is set to: 905577
SEED=139218 
SEED is set to: 139218
SEED=205188 
SEED is set to: 205188
SEED=228805 
SEED is set to: 228805
SEED=409827 
SEED is set to: 409827
timeout: the monitored command dumped core
environment: line 1: 3578479 Segmentation fault      timeout ${TIMEOUT}s "$WORKDIR/a.out" > "$TMP_OUT"
SEED=803403 
SEED is set to: 803403
SEED=452606 
SEED is set to: 452606
SEED=766119 
SEED is set to: 766119
SEED=825214 
SEED is set to: 825214
SEED=308496 
SEED is set to: 308496
SEED=523246 
SEED is set to: 523246
timeout: the monitored command dumped core
environment: line 1: 3578894 Segmentation fault      timeout ${TIMEOUT}s "$WORKDIR/a.out" > "$TMP_OUT"
SEED=946060 
SEED is set to: 946060
SEED=988185 
SEED is set to: 988185
SEED=51279 
SEED is set to: 51279
SEED=448597 
SEED is set to: 448597
SEED=490278 
SEED is set to: 490278
SEED=382396 
SEED is set to: 382396
SEED=497230 
SEED is set to: 497230
SEED=519133 
SEED is set to: 519133
timeout: the monitored command dumped core
environment: line 1: 3579265 Segmentation fault      timeout ${TIMEOUT}s "$WORKDIR/a.out" > "$TMP_OUT"
SEED=319635 
SEED is set to: 319635
SEED=511705 
SEED is set to: 511705
SEED=76245 
SEED is set to: 76245
SEED=96097 
SEED is set to: 96097
SEED=151676 
SEED is set to: 151676
SEED=247804 
SEED is set to: 247804
SEED=303866 
SEED is set to: 303866
timeout: the monitored command dumped core
environment: line 1: 3579555 Segmentation fault      timeout ${TIMEOUT}s "$WORKDIR/a.out" > "$TMP_OUT"
SEED=949360 
SEED is set to: 949360
SEED=157400 
SEED is set to: 157400
SEED=727295 
SEED is set to: 727295
SEED=825466 
SEED is set to: 825466
SEED=512803 
SEED is set to: 512803
SEED=527583 
SEED is set to: 527583
SEED=53260 
SEED is set to: 53260
SEED=229018 
SEED is set to: 229018
SEED=403325 
SEED is set to: 403325
SEED=880112 
SEED is set to: 880112
SEED=57092 
SEED is set to: 57092
SEED=488068 
SEED is set to: 488068
SEED=518588 
SEED is set to: 518588
SEED=712439 
SEED is set to: 712439
SEED=948564 
SEED is set to: 948564
SEED=60278 
SEED is set to: 60278
SEED=295539 
SEED is set to: 295539
SEED=65094 
SEED is set to: 65094
SEED=143732 
SEED is set to: 143732
timeout: the monitored command dumped core
environment: line 1: 3580681 Segmentation fault      timeout ${TIMEOUT}s "$WORKDIR/a.out" > "$TMP_OUT"
SEED=488143 
SEED is set to: 488143
SEED=522074 
SEED is set to: 522074
SEED=602520 
SEED is set to: 602520
SEED=765207 
SEED is set to: 765207
SEED=810677 
SEED is set to: 810677
SEED=152068 
SEED is set to: 152068
SEED=375313 
SEED is set to: 375313
SEED=820545 
SEED is set to: 820545
SEED=992895 
SEED is set to: 992895
SEED=35104 
SEED is set to: 35104
a.out: malloc.c:2617: sysmalloc: Assertion `(old_top == initial_top (av) && old_size == 0) || ((unsigned long) (old_size) >= MINSIZE && prev_inuse (old_top) && ((unsigned long) old_end & (pagesize - 1)) == 0)' failed.
timeout: the monitored command dumped core
environment: line 1: 3581113 Aborted                 timeout ${TIMEOUT}s "$WORKDIR/a.out" > "$TMP_OUT"
SEED=324654 
SEED is set to: 324654
SEED=680935 
SEED is set to: 680935
SEED=840309 
SEED is set to: 840309
SEED=924484 
SEED is set to: 924484
SEED=983098 
SEED is set to: 983098
timeout: the monitored command dumped core
environment: line 1: 3581223 Segmentation fault      timeout ${TIMEOUT}s "$WORKDIR/a.out" > "$TMP_OUT"
SEED=292155 
SEED is set to: 292155
SEED=487209 
SEED is set to: 487209
SEED=746354 
SEED is set to: 746354
SEED=102005 
SEED is set to: 102005
timeout: the monitored command dumped core
environment: line 1: 3581490 Segmentation fault      timeout ${TIMEOUT}s "$WORKDIR/a.out" > "$TMP_OUT"
SEED=421871 
SEED is set to: 421871
timeout: the monitored command dumped core
environment: line 1: 3581586 Segmentation fault      timeout ${TIMEOUT}s "$WORKDIR/a.out" > "$TMP_OUT"
SEED=24528 
SEED is set to: 24528
SEED=108111 
SEED is set to: 108111
SEED=286626 
SEED is set to: 286626
SEED=908005 
SEED is set to: 908005
SEED=211258 
SEED is set to: 211258
SEED=359403 
SEED is set to: 359403
SEED=489271 
SEED is set to: 489271
SEED=684036 
SEED is set to: 684036
timeout: the monitored command dumped core
environment: line 1: 3581923 Segmentation fault      timeout ${TIMEOUT}s "$WORKDIR/a.out" > "$TMP_OUT"
SEED=366995 
SEED is set to: 366995
SEED=369415 
SEED is set to: 369415
SEED=401526 
SEED is set to: 401526
SEED=672035 
SEED is set to: 672035
SEED=696074 
SEED is set to: 696074
SEED=44368 
SEED is set to: 44368
SEED=282762 
SEED is set to: 282762
SEED=859945 
SEED is set to: 859945
SEED=868808 
SEED is set to: 868808
SEED=91100 
SEED is set to: 91100
SEED=711215 
SEED is set to: 711215
SEED=837654 
SEED is set to: 837654
timeout: the monitored command dumped core
environment: line 1: 3582512 Segmentation fault      timeout ${TIMEOUT}s "$WORKDIR/a.out" > "$TMP_OUT"
SEED=319441 
SEED is set to: 319441
SEED=367285 
SEED is set to: 367285
SEED=447851 
SEED is set to: 447851
SEED=818314 
SEED is set to: 818314
SEED=403289 
SEED is set to: 403289
timeout: the monitored command dumped core
environment: line 1: 3582792 Segmentation fault      timeout ${TIMEOUT}s "$WORKDIR/a.out" > "$TMP_OUT"
SEED=608345 
SEED is set to: 608345
SEED=618992 
SEED is set to: 618992
SEED=931045 
SEED is set to: 931045
SEED=7443 
SEED is set to: 7443
timeout: the monitored command dumped core
environment: line 1: 3582912 Segmentation fault      timeout ${TIMEOUT}s "$WORKDIR/a.out" > "$TMP_OUT"
SEED=310134 
SEED is set to: 310134
SEED=746035 
SEED is set to: 746035
SEED=850021 
SEED is set to: 850021
SEED=949882 
SEED is set to: 949882
SEED=158483 
SEED is set to: 158483
SEED=445969 
SEED is set to: 445969
SEED=729433 
SEED is set to: 729433
SEED=94629 
SEED is set to: 94629
SEED=410043 
SEED is set to: 410043
SEED=414460 
SEED is set to: 414460
SEED=490240 
SEED is set to: 490240
SEED=718018 
SEED is set to: 718018
SEED=341774 
SEED is set to: 341774
SEED=359259 
SEED is set to: 359259
SEED=977738 
SEED is set to: 977738
SEED=125383 
SEED is set to: 125383
SEED=758660 
SEED is set to: 758660
SEED=152134 
SEED is set to: 152134
SEED=543252 
SEED is set to: 543252
SEED=591774 
SEED is set to: 591774
SEED=667766 
SEED is set to: 667766
SEED=77546 
SEED is set to: 77546
SEED=133626 
SEED is set to: 133626
SEED=431092 
SEED is set to: 431092
SEED=448276 
SEED is set to: 448276
timeout: the monitored command dumped core
environment: line 1: 3584129 Segmentation fault      timeout ${TIMEOUT}s "$WORKDIR/a.out" > "$TMP_OUT"
SEED=947327 
SEED is set to: 947327
SEED=986870 
SEED is set to: 986870
SEED=8731 
SEED is set to: 8731
malloc(): corrupted top size
timeout: the monitored command dumped core
environment: line 1: 3584279 Aborted                 timeout ${TIMEOUT}s "$WORKDIR/a.out" > "$TMP_OUT"
SEED=483045 
SEED is set to: 483045
SEED=776677 
SEED is set to: 776677
SEED=932871 
SEED is set to: 932871
SEED=78671 
SEED is set to: 78671
SEED=307872 
SEED is set to: 307872
SEED=453000 
SEED is set to: 453000
SEED=502217 
SEED is set to: 502217
SEED=639584 
SEED is set to: 639584
SEED=226171 
SEED is set to: 226171
SEED=767585 
SEED is set to: 767585
SEED=963562 
SEED is set to: 963562
SEED=34699 
SEED is set to: 34699
SEED=87745 
SEED is set to: 87745
SEED=133304 
SEED is set to: 133304
timeout: the monitored command dumped core
environment: line 1: 3584786 Segmentation fault      timeout ${TIMEOUT}s "$WORKDIR/a.out" > "$TMP_OUT"
SEED=665010 
SEED is set to: 665010
SEED=843391 
SEED is set to: 843391
SEED=376033 
SEED is set to: 376033
SEED=626206 
SEED is set to: 626206
SEED=277785 
SEED is set to: 277785
SEED=445799 
SEED is set to: 445799
SEED=540943 
SEED is set to: 540943
SEED=785857 
SEED is set to: 785857
SEED=73369 
SEED is set to: 73369
SEED=401167 
SEED is set to: 401167
SEED=651659 
SEED is set to: 651659
SEED=282230 
SEED is set to: 282230
SEED=283156 
SEED is set to: 283156
SEED=283571 
SEED is set to: 283571
SEED=310230 
SEED is set to: 310230
SEED=321780 
SEED is set to: 321780
SEED=523481 
SEED is set to: 523481
SEED=82700 
SEED is set to: 82700
timeout: the monitored command dumped core
environment: line 1: 3585780 Segmentation fault      timeout ${TIMEOUT}s "$WORKDIR/a.out" > "$TMP_OUT"
SEED=545897 
SEED is set to: 545897
SEED=596916 
SEED is set to: 596916
SEED=908260 
SEED is set to: 908260
SEED=910608 
SEED is set to: 910608
SEED=911404 
SEED is set to: 911404
SEED=496252 
SEED is set to: 496252
SEED=747141 
SEED is set to: 747141
SEED=872905 
SEED is set to: 872905
timeout: the monitored command dumped core
environment: line 1: 3586132 Segmentation fault      timeout ${TIMEOUT}s "$WORKDIR/a.out" > "$TMP_OUT"
SEED=165734 
SEED is set to: 165734
SEED=289195 
SEED is set to: 289195
SEED=313087 
SEED is set to: 313087
SEED=404132 
SEED is set to: 404132
timeout: the monitored command dumped core
environment: line 1: 3586274 Segmentation fault      timeout ${TIMEOUT}s "$WORKDIR/a.out" > "$TMP_OUT"
SEED=3628 
SEED is set to: 3628
SEED=122376 
SEED is set to: 122376
SEED=402554 
SEED is set to: 402554
SEED=643394 
SEED is set to: 643394
SEED=815898 
SEED is set to: 815898
*** stack smashing detected ***: terminated
SEED=911639 
SEED is set to: 911639
timeout: the monitored command dumped core
environment: line 1: 3586562 Aborted                 timeout ${TIMEOUT}s "$WORKDIR/a.out" > "$TMP_OUT"
SEED=983025 
SEED is set to: 983025
SEED=281791 
SEED is set to: 281791
SEED=618574 
SEED is set to: 618574
SEED=155405 
SEED is set to: 155405
SEED=686346 
SEED is set to: 686346
SEED=815328 
SEED is set to: 815328
timeout: the monitored command dumped core
environment: line 1: 3586918 Segmentation fault      timeout ${TIMEOUT}s "$WORKDIR/a.out" > "$TMP_OUT"
SEED=191213 
SEED is set to: 191213
SEED=243854 
SEED is set to: 243854
timeout: the monitored command dumped core
environment: line 1: 3587004 Segmentation fault      timeout ${TIMEOUT}s "$WORKDIR/a.out" > "$TMP_OUT"
SEED=850904 
SEED is set to: 850904
SEED=862594 
SEED is set to: 862594
SEED=371011 
SEED is set to: 371011
SEED=199529 
SEED is set to: 199529
SEED=296311 
SEED is set to: 296311
SEED=469083 
SEED is set to: 469083
timeout: the monitored command dumped core
environment: line 1: 3587430 Segmentation fault      timeout ${TIMEOUT}s "$WORKDIR/a.out" > "$TMP_OUT"
SEED=838677 
SEED is set to: 838677
SEED=848079 
SEED is set to: 848079
SEED=873050 
SEED is set to: 873050
SEED=603259 
SEED is set to: 603259
SEED=752790 
SEED is set to: 752790
SEED=812175 
SEED is set to: 812175
SEED=94669 
SEED is set to: 94669
SEED=273006 
SEED is set to: 273006
SEED=336140 
SEED is set to: 336140
SEED=208605 
SEED is set to: 208605
SEED=540065 
SEED is set to: 540065
SEED=83927 
SEED is set to: 83927
SEED=667822 
SEED is set to: 667822
SEED=826144 
SEED is set to: 826144
SEED=915803 
SEED is set to: 915803
SEED=145510 
SEED is set to: 145510
SEED=191394 
SEED is set to: 191394
SEED=355249 
SEED is set to: 355249
SEED=771945 
SEED is set to: 771945
SEED=54517 
SEED is set to: 54517
timeout: the monitored command dumped core
environment: line 1: 3588428 Segmentation fault      timeout ${TIMEOUT}s "$WORKDIR/a.out" > "$TMP_OUT"
SEED=348275 
SEED is set to: 348275
timeout: the monitored command dumped core
environment: line 1: 3588500 Segmentation fault      timeout ${TIMEOUT}s "$WORKDIR/a.out" > "$TMP_OUT"
SEED=822275 
SEED is set to: 822275
SEED=844408 
SEED is set to: 844408
timeout: the monitored command dumped core
environment: line 1: 3588575 Segmentation fault      timeout ${TIMEOUT}s "$WORKDIR/a.out" > "$TMP_OUT"
SEED=239902 
SEED is set to: 239902
SEED=339348 
SEED is set to: 339348
SEED=473621 
SEED is set to: 473621
SEED=611984 
SEED is set to: 611984
SEED=63286 
SEED is set to: 63286
SEED=181010 
SEED is set to: 181010
timeout: the monitored command dumped core
environment: line 1: 3588856 Segmentation fault      timeout ${TIMEOUT}s "$WORKDIR/a.out" > "$TMP_OUT"
SEED=651845 
SEED is set to: 651845
SEED=710959 
SEED is set to: 710959
SEED=977666 
SEED is set to: 977666
SEED=57130 
SEED is set to: 57130
SEED=729148 
SEED is set to: 729148
SEED=748477 
SEED is set to: 748477
SEED=13594 
SEED is set to: 13594
SEED=213129 
SEED is set to: 213129
SEED=229357 
SEED is set to: 229357
SEED=278163 
SEED is set to: 278163
timeout: the monitored command dumped core
environment: line 1: 3589220 Segmentation fault      timeout ${TIMEOUT}s "$WORKDIR/a.out" > "$TMP_OUT"
SEED=574345 
SEED is set to: 574345
timeout: the monitored command dumped core
environment: line 1: 3589354 Segmentation fault      timeout ${TIMEOUT}s "$WORKDIR/a.out" > "$TMP_OUT"
SEED=64824 
SEED is set to: 64824
SEED=154311 
SEED is set to: 154311
SEED=583030 
SEED is set to: 583030
SEED=753077 
SEED is set to: 753077
SEED=802195 
SEED is set to: 802195
SEED=817052 
SEED is set to: 817052
SEED=3264 
SEED is set to: 3264
timeout: the monitored command dumped core
environment: line 1: 3589585 Segmentation fault      timeout ${TIMEOUT}s "$WORKDIR/a.out" > "$TMP_OUT"
SEED=507063 
SEED is set to: 507063
SEED=347873 
SEED is set to: 347873
SEED=430027 
SEED is set to: 430027
SEED=481008 
SEED is set to: 481008
SEED=532722 
SEED is set to: 532722
SEED=684406 
SEED is set to: 684406
SEED=802252 
SEED is set to: 802252
SEED=970838 
SEED is set to: 970838
SEED=710410 
SEED is set to: 710410
SEED=856054 
SEED is set to: 856054
SEED=94593 
SEED is set to: 94593
SEED=168672 
SEED is set to: 168672
SEED=236703 
SEED is set to: 236703
SEED=345048 
SEED is set to: 345048
SEED=406932 
SEED is set to: 406932
SEED=790730 
SEED is set to: 790730
SEED=805622 
SEED is set to: 805622
SEED=814283 
SEED is set to: 814283
SEED=876634 
SEED is set to: 876634
timeout: the monitored command dumped core
environment: line 1: 3590670 Segmentation fault      timeout ${TIMEOUT}s "$WORKDIR/a.out" > "$TMP_OUT"
SEED=719921 
SEED is set to: 719921
SEED=867888 
SEED is set to: 867888
SEED=409201 
SEED is set to: 409201
SEED=420737 
SEED is set to: 420737
SEED=326405 
SEED is set to: 326405
SEED=426045 
SEED is set to: 426045
SEED=725977 
SEED is set to: 725977
SEED=278722 
SEED is set to: 278722
SEED=855132 
SEED is set to: 855132
SEED=916892 
SEED is set to: 916892
SEED=37520 
SEED is set to: 37520
SEED=57184 
SEED is set to: 57184
SEED=134036 
SEED is set to: 134036
SEED=418119 
SEED is set to: 418119
timeout: the monitored command dumped core
environment: line 1: 3591491 Segmentation fault      timeout ${TIMEOUT}s "$WORKDIR/a.out" > "$TMP_OUT"
SEED=783475 
SEED is set to: 783475
timeout: the monitored command dumped core
environment: line 1: 3591577 Segmentation fault      timeout ${TIMEOUT}s "$WORKDIR/a.out" > "$TMP_OUT"
SEED=311813 
SEED is set to: 311813
SEED=480072 
SEED is set to: 480072
SEED=495766 
SEED is set to: 495766
SEED=580437 
SEED is set to: 580437
SEED=646677 
SEED is set to: 646677
SEED=218755 
SEED is set to: 218755
SEED=742038 
SEED is set to: 742038
SEED=903565 
SEED is set to: 903565
SEED=265601 
SEED is set to: 265601
SEED=321079 
SEED is set to: 321079
SEED=85214 
SEED is set to: 85214
SEED=396582 
SEED is set to: 396582
SEED=477547 
SEED is set to: 477547
SEED=584436 
SEED is set to: 584436
SEED=921417 
SEED is set to: 921417
SEED=912093 
SEED is set to: 912093
SEED=916462 
SEED is set to: 916462
SEED=149893 
SEED is set to: 149893
SEED=515703 
SEED is set to: 515703
SEED=237052 
SEED is set to: 237052
SEED=548113 
SEED is set to: 548113
timeout: the monitored command dumped core
environment: line 1: 3592668 Segmentation fault      timeout ${TIMEOUT}s "$WORKDIR/a.out" > "$TMP_OUT"
SEED=694611 
SEED is set to: 694611
SEED=976105 
SEED is set to: 976105
SEED=15163 
SEED is set to: 15163
SEED=45802 
SEED is set to: 45802
SEED=203137 
SEED is set to: 203137
SEED=297678 
SEED is set to: 297678
timeout: the monitored command dumped core
environment: line 1: 3593058 Segmentation fault      timeout ${TIMEOUT}s "$WORKDIR/a.out" > "$TMP_OUT"
SEED=303629 
SEED is set to: 303629
SEED=795919 
SEED is set to: 795919
SEED=199149 
SEED is set to: 199149
SEED=444769 
SEED is set to: 444769
SEED=584120 
SEED is set to: 584120
SEED=639453 
SEED is set to: 639453
SEED=807629 
SEED is set to: 807629
SEED=831804 
SEED is set to: 831804
timeout: the monitored command dumped core
environment: line 1: 3593341 Segmentation fault      timeout ${TIMEOUT}s "$WORKDIR/a.out" > "$TMP_OUT"
SEED=893841 
SEED is set to: 893841
timeout: the monitored command dumped core
environment: line 1: 3593417 Segmentation fault      timeout ${TIMEOUT}s "$WORKDIR/a.out" > "$TMP_OUT"
SEED=253109 
SEED is set to: 253109
timeout: the monitored command dumped core
environment: line 1: 3593525 Segmentation fault      timeout ${TIMEOUT}s "$WORKDIR/a.out" > "$TMP_OUT"
SEED=485499 
SEED is set to: 485499
SEED=860572 
SEED is set to: 860572
SEED=120984 
SEED is set to: 120984
SEED=478934 
SEED is set to: 478934
SEED=521579 
SEED is set to: 521579
SEED=576419 
SEED is set to: 576419
SEED=717930 
SEED is set to: 717930
SEED=101647 
SEED is set to: 101647
SEED=458442 
SEED is set to: 458442
SEED=87335 
SEED is set to: 87335
SEED=107615 
SEED is set to: 107615
SEED=323558 
SEED is set to: 323558
SEED=351215 
SEED is set to: 351215
timeout: the monitored command dumped core
environment: line 1: 3594088 Segmentation fault      timeout ${TIMEOUT}s "$WORKDIR/a.out" > "$TMP_OUT"
SEED=34731 
SEED is set to: 34731
SEED=374386 
SEED is set to: 374386
SEED=789188 
SEED is set to: 789188
SEED=953208 
SEED is set to: 953208
SEED=75616 
SEED is set to: 75616
SEED=212090 
SEED is set to: 212090
SEED=685025 
SEED is set to: 685025
SEED=812954 
SEED is set to: 812954
SEED=322551 
SEED is set to: 322551
SEED=573118 
SEED is set to: 573118
SEED=593593 
SEED is set to: 593593
SEED=533449 
SEED is set to: 533449
SEED=590521 
SEED is set to: 590521
SEED=874146 
SEED is set to: 874146
SEED=521836 
SEED is set to: 521836
SEED=725992 
SEED is set to: 725992
SEED=747098 
SEED is set to: 747098
SEED=71164 
SEED is set to: 71164
SEED=188051 
SEED is set to: 188051
SEED=542667 
SEED is set to: 542667
timeout: the monitored command dumped core
environment: line 1: 3595282 Floating point exceptiontimeout ${TIMEOUT}s "$WORKDIR/a.out" > "$TMP_OUT"
SEED=76281 
SEED is set to: 76281
SEED=143972 
SEED is set to: 143972
SEED=443927 
SEED is set to: 443927
SEED=654702 
SEED is set to: 654702
SEED=3878 
SEED is set to: 3878
SEED=355180 
SEED is set to: 355180
timeout: the monitored command dumped core
environment: line 1: 3595547 Segmentation fault      timeout ${TIMEOUT}s "$WORKDIR/a.out" > "$TMP_OUT"
SEED=382519 
SEED is set to: 382519
SEED=528641 
SEED is set to: 528641
SEED=212905 
SEED is set to: 212905
SEED=733294 
SEED is set to: 733294
SEED=851286 
SEED is set to: 851286
SEED=878284 
SEED is set to: 878284
SEED=990421 
SEED is set to: 990421
SEED=46266 
SEED is set to: 46266
SEED=134897 
SEED is set to: 134897
SEED=157731 
SEED is set to: 157731
timeout: the monitored command dumped core
environment: line 1: 3595866 Segmentation fault      timeout ${TIMEOUT}s "$WORKDIR/a.out" > "$TMP_OUT"
SEED=304649 
SEED is set to: 304649
SEED=470554 
SEED is set to: 470554
SEED=584988 
SEED is set to: 584988
SEED=683514 
SEED is set to: 683514
SEED=760937 
SEED is set to: 760937
SEED=828259 
SEED is set to: 828259
SEED=923710 
SEED is set to: 923710
SEED=538205 
SEED is set to: 538205
SEED=35984 
SEED is set to: 35984
SEED=128988 
SEED is set to: 128988
timeout: the monitored command dumped core
environment: line 1: 3596490 Segmentation fault      timeout ${TIMEOUT}s "$WORKDIR/a.out" > "$TMP_OUT"
SEED=323030 
SEED is set to: 323030
SEED=487028 
SEED is set to: 487028
SEED=504352 
SEED is set to: 504352
SEED=593639 
SEED is set to: 593639
SEED=92023 
SEED is set to: 92023
SEED=162154 
SEED is set to: 162154
SEED=591934 
SEED is set to: 591934
SEED=726253 
SEED is set to: 726253
SEED=892751 
SEED is set to: 892751
SEED=256268 
SEED is set to: 256268
SEED=607468 
SEED is set to: 607468
timeout: the monitored command dumped core
environment: line 1: 3597037 Segmentation fault      timeout ${TIMEOUT}s "$WORKDIR/a.out" > "$TMP_OUT"
SEED=839685 
SEED is set to: 839685
SEED=85695 
SEED is set to: 85695
SEED=95283 
SEED is set to: 95283
SEED=375124 
SEED is set to: 375124
SEED=430848 
SEED is set to: 430848
SEED=449303 
SEED is set to: 449303
timeout: the monitored command dumped core
environment: line 1: 3597123 Segmentation fault      timeout ${TIMEOUT}s "$WORKDIR/a.out" > "$TMP_OUT"
SEED=459892 
SEED is set to: 459892
SEED=711559 
SEED is set to: 711559
SEED=992181 
SEED is set to: 992181
SEED=171550 
SEED is set to: 171550
SEED=463814 
SEED is set to: 463814
SEED=499858 
SEED is set to: 499858
SEED=950396 
SEED is set to: 950396
SEED=440339 
SEED is set to: 440339
SEED=553915 
SEED is set to: 553915
SEED=42886 
SEED is set to: 42886
SEED=144490 
SEED is set to: 144490
SEED=322575 
SEED is set to: 322575
SEED=373681 
SEED is set to: 373681
SEED=939836 
SEED is set to: 939836
SEED=972965 
SEED is set to: 972965
SEED=659446 
SEED is set to: 659446
SEED=342245 
SEED is set to: 342245
SEED=433035 
SEED is set to: 433035
SEED=449032 
SEED is set to: 449032
timeout: the monitored command dumped core
environment: line 1: 3598277 Segmentation fault      timeout ${TIMEOUT}s "$WORKDIR/a.out" > "$TMP_OUT"
timeout: the monitored command dumped core
environment: line 1: 3598268 Segmentation fault      timeout ${TIMEOUT}s "$WORKDIR/a.out" > "$TMP_OUT"
SEED=800096 
SEED is set to: 800096
SEED=832962 
SEED is set to: 832962
SEED=31481 
SEED is set to: 31481
SEED=169420 
SEED is set to: 169420
timeout: the monitored command dumped core
environment: line 1: 3598425 Segmentation fault      timeout ${TIMEOUT}s "$WORKDIR/a.out" > "$TMP_OUT"
SEED=699364 
SEED is set to: 699364
SEED=741638 
SEED is set to: 741638
SEED=176418 
SEED is set to: 176418
SEED=314648 
SEED is set to: 314648
SEED=575190 
SEED is set to: 575190
SEED=650382 
SEED is set to: 650382
SEED=78441 
SEED is set to: 78441
timeout: the monitored command dumped core
environment: line 1: 3598824 Segmentation fault      timeout ${TIMEOUT}s "$WORKDIR/a.out" > "$TMP_OUT"
SEED=454101 
SEED is set to: 454101
SEED=550792 
SEED is set to: 550792
SEED=622673 
SEED is set to: 622673
SEED=875376 
SEED is set to: 875376
SEED=887641 
SEED is set to: 887641
SEED=188351 
SEED is set to: 188351
timeout: the monitored command dumped core
environment: line 1: 3599065 Segmentation fault      timeout ${TIMEOUT}s "$WORKDIR/a.out" > "$TMP_OUT"
SEED=565817 
SEED is set to: 565817
SEED=864083 
SEED is set to: 864083
SEED=961916 
SEED is set to: 961916
timeout: the monitored command dumped core
environment: line 1: 3599176 Segmentation fault      timeout ${TIMEOUT}s "$WORKDIR/a.out" > "$TMP_OUT"
SEED=506719 
SEED is set to: 506719
timeout: the monitored command dumped core
environment: line 1: 3599311 Segmentation fault      timeout ${TIMEOUT}s "$WORKDIR/a.out" > "$TMP_OUT"
SEED=898586 
SEED is set to: 898586
SEED=148182 
SEED is set to: 148182
SEED=374948 
SEED is set to: 374948
SEED=618600 
SEED is set to: 618600
SEED=863762 
SEED is set to: 863762
SEED=270374 
SEED is set to: 270374
double free or corruption (out)
timeout: the monitored command dumped core
environment: line 1: 3599595 Aborted                 timeout ${TIMEOUT}s "$WORKDIR/a.out" > "$TMP_OUT"
SEED=510383 
SEED is set to: 510383
SEED=17736 
SEED is set to: 17736
SEED=121021 
SEED is set to: 121021
SEED=256572 
SEED is set to: 256572
SEED=744189 
SEED is set to: 744189
SEED=153752 
SEED is set to: 153752
SEED=260085 
SEED is set to: 260085
SEED=634273 
SEED is set to: 634273
timeout: the monitored command dumped core
environment: line 1: 3600062 Segmentation fault      timeout ${TIMEOUT}s "$WORKDIR/a.out" > "$TMP_OUT"
SEED=982180 
SEED is set to: 982180
SEED=170403 
SEED is set to: 170403
SEED=642499 
SEED is set to: 642499
SEED=771448 
SEED is set to: 771448
SEED=972363 
SEED is set to: 972363
SEED=614630 
SEED is set to: 614630
SEED=715067 
SEED is set to: 715067
timeout: the monitored command dumped core
environment: line 1: 3600364 Segmentation fault      timeout ${TIMEOUT}s "$WORKDIR/a.out" > "$TMP_OUT"
SEED=71944 
SEED is set to: 71944
SEED=244190 
SEED is set to: 244190
SEED=177640 
SEED is set to: 177640
SEED=453466 
SEED is set to: 453466
terminate called after throwing an instance of 'std::bad_array_new_length'
  what():  std::bad_array_new_length
SEED=453724 
SEED is set to: 453724
timeout: the monitored command dumped core
environment: line 1: 3600720 Aborted                 timeout ${TIMEOUT}s "$WORKDIR/a.out" > "$TMP_OUT"
SEED=604673 
SEED is set to: 604673
SEED=958862 
SEED is set to: 958862
SEED=901817 
SEED is set to: 901817
SEED=2161 
SEED is set to: 2161
SEED=127093 
SEED is set to: 127093
SEED=141934 
SEED is set to: 141934
SEED=224657 
SEED is set to: 224657
SEED=407073 
SEED is set to: 407073
SEED=579949 
SEED is set to: 579949
timeout: the monitored command dumped core
environment: line 1: 3601137 Segmentation fault      timeout ${TIMEOUT}s "$WORKDIR/a.out" > "$TMP_OUT"
SEED=752056 
SEED is set to: 752056
SEED=425286 
SEED is set to: 425286
SEED=490972 
SEED is set to: 490972
SEED=757788 
SEED is set to: 757788
SEED=895890 
SEED is set to: 895890
timeout: the monitored command dumped core
environment: line 1: 3601372 Segmentation fault      timeout ${TIMEOUT}s "$WORKDIR/a.out" > "$TMP_OUT"
SEED=391097 
SEED is set to: 391097
SEED=462702 
SEED is set to: 462702
SEED=511943 
SEED is set to: 511943
SEED=652097 
SEED is set to: 652097
SEED=791532 
SEED is set to: 791532
SEED=253834 
SEED is set to: 253834
SEED=473026 
SEED is set to: 473026
SEED=779996 
SEED is set to: 779996
timeout: the monitored command dumped core
environment: line 1: 3601850 Segmentation fault      timeout ${TIMEOUT}s "$WORKDIR/a.out" > "$TMP_OUT"
SEED=862691 
SEED is set to: 862691
SEED=866956 
SEED is set to: 866956
SEED=915801 
SEED is set to: 915801
SEED=436996 
SEED is set to: 436996
SEED=11734 
SEED is set to: 11734
SEED=209853 
SEED is set to: 209853
SEED=247393 
SEED is set to: 247393
SEED=392212 
SEED is set to: 392212
SEED=449879 
SEED is set to: 449879
SEED=615055 
SEED is set to: 615055
SEED=633344 
SEED is set to: 633344
SEED=703347 
SEED is set to: 703347
SEED=785042 
SEED is set to: 785042
SEED=896601 
SEED is set to: 896601
SEED=908279 
SEED is set to: 908279
SEED=91179 
SEED is set to: 91179
SEED=575013 
SEED is set to: 575013
SEED=67305 
SEED is set to: 67305
SEED=284751 
SEED is set to: 284751
SEED=544833 
SEED is set to: 544833
SEED=51290 
SEED is set to: 51290
SEED=430652 
SEED is set to: 430652
SEED=652704 
SEED is set to: 652704
SEED=738550 
SEED is set to: 738550
SEED=963357 
SEED is set to: 963357
SEED=223875 
SEED is set to: 223875
timeout: the monitored command dumped core
environment: line 1: 3603134 Segmentation fault      timeout ${TIMEOUT}s "$WORKDIR/a.out" > "$TMP_OUT"
timeout: the monitored command dumped core
environment: line 1: 3603173 Segmentation fault      timeout ${TIMEOUT}s "$WORKDIR/a.out" > "$TMP_OUT"
SEED=584209 
SEED is set to: 584209
SEED=207270 
SEED is set to: 207270
SEED=377824 
SEED is set to: 377824
SEED=394128 
SEED is set to: 394128
SEED=687258 
SEED is set to: 687258
SEED=755429 
SEED is set to: 755429
SEED=871752 
SEED is set to: 871752
SEED=157368 
SEED is set to: 157368
SEED=877443 
SEED is set to: 877443
SEED=27388 
SEED is set to: 27388
SEED=89059 
SEED is set to: 89059
SEED=225010 
SEED is set to: 225010
SEED=728312 
SEED is set to: 728312
SEED=70810 
SEED is set to: 70810
SEED=745028 
SEED is set to: 745028
SEED=60386 
SEED is set to: 60386
SEED=290294 
SEED is set to: 290294
SEED=373962 
SEED is set to: 373962
SEED=505459 
SEED is set to: 505459
SEED=714323 
SEED is set to: 714323
SEED=390235 
SEED is set to: 390235
SEED=643068 
SEED is set to: 643068
timeout: the monitored command dumped core
environment: line 1: 3604371 Segmentation fault      timeout ${TIMEOUT}s "$WORKDIR/a.out" > "$TMP_OUT"
SEED=62236 
SEED is set to: 62236
SEED=136689 
SEED is set to: 136689
SEED=333574 
SEED is set to: 333574
timeout: the monitored command dumped core
environment: line 1: 3604462 Segmentation fault      timeout ${TIMEOUT}s "$WORKDIR/a.out" > "$TMP_OUT"
SEED=806290 
SEED is set to: 806290
SEED=874212 
SEED is set to: 874212
SEED=275291 
SEED is set to: 275291
SEED=541899 
SEED is set to: 541899
SEED=583471 
SEED is set to: 583471
SEED=87840 
SEED is set to: 87840
SEED=194938 
SEED is set to: 194938
SEED=436368 
SEED is set to: 436368
SEED=590419 
SEED is set to: 590419
timeout: the monitored command dumped core
environment: line 1: 3604921 Segmentation fault      timeout ${TIMEOUT}s "$WORKDIR/a.out" > "$TMP_OUT"
SEED=923963 
SEED is set to: 923963
SEED=976053 
SEED is set to: 976053
SEED=990267 
SEED is set to: 990267
SEED=45362 
SEED is set to: 45362
timeout: the monitored command dumped core
environment: line 1: 3605068 Segmentation fault      timeout ${TIMEOUT}s "$WORKDIR/a.out" > "$TMP_OUT"
SEED=787194 
SEED is set to: 787194
SEED=93311 
SEED is set to: 93311
SEED=215594 
SEED is set to: 215594
SEED=307868 
SEED is set to: 307868
timeout: the monitored command dumped core
environment: line 1: 3605202 Segmentation fault      timeout ${TIMEOUT}s "$WORKDIR/a.out" > "$TMP_OUT"
SEED=493103 
SEED is set to: 493103
SEED=670260 
SEED is set to: 670260
timeout: the monitored command dumped core
environment: line 1: 3605313 Segmentation fault      timeout ${TIMEOUT}s "$WORKDIR/a.out" > "$TMP_OUT"
SEED=881541 
SEED is set to: 881541
SEED=44011 
SEED is set to: 44011
SEED=464762 
SEED is set to: 464762
timeout: the monitored command dumped core
environment: line 1: 3605428 Segmentation fault      timeout ${TIMEOUT}s "$WORKDIR/a.out" > "$TMP_OUT"
SEED=294098 
SEED is set to: 294098
SEED=303479 
SEED is set to: 303479
SEED=824178 
SEED is set to: 824178
SEED=836198 
SEED is set to: 836198
SEED=44297 
SEED is set to: 44297
SEED=310061 
SEED is set to: 310061
SEED=340306 
SEED is set to: 340306
SEED=341808 
SEED is set to: 341808
SEED=653235 
SEED is set to: 653235
timeout: the monitored command dumped core
environment: line 1: 3605879 Segmentation fault      timeout ${TIMEOUT}s "$WORKDIR/a.out" > "$TMP_OUT"
timeout: the monitored command dumped core
environment: line 1: 3605882 Segmentation fault      timeout ${TIMEOUT}s "$WORKDIR/a.out" > "$TMP_OUT"
SEED=34112 
SEED is set to: 34112
SEED=162307 
SEED is set to: 162307
SEED=885004 
SEED is set to: 885004
SEED=118684 
SEED is set to: 118684
SEED=343418 
SEED is set to: 343418
SEED=359871 
SEED is set to: 359871
SEED=495933 
SEED is set to: 495933
SEED=497466 
SEED is set to: 497466
timeout: the monitored command dumped core
environment: line 1: 3606301 Segmentation fault      timeout ${TIMEOUT}s "$WORKDIR/a.out" > "$TMP_OUT"
SEED=236432 
SEED is set to: 236432
SEED=370643 
SEED is set to: 370643
SEED=882011 
SEED is set to: 882011
SEED=952693 
SEED is set to: 952693
SEED=173243 
SEED is set to: 173243
timeout: the monitored command dumped core
environment: line 1: 3606630 Segmentation fault      timeout ${TIMEOUT}s "$WORKDIR/a.out" > "$TMP_OUT"
SEED=833839 
SEED is set to: 833839
SEED=984047 
SEED is set to: 984047
SEED=225124 
SEED is set to: 225124
SEED=810848 
SEED is set to: 810848
SEED=963242 
SEED is set to: 963242
timeout: the monitored command dumped core
environment: line 1: 3606864 Segmentation fault      timeout ${TIMEOUT}s "$WORKDIR/a.out" > "$TMP_OUT"
SEED=412395 
SEED is set to: 412395
SEED=534312 
SEED is set to: 534312
SEED=612986 
SEED is set to: 612986
SEED=406229 
SEED is set to: 406229
SEED=633237 
SEED is set to: 633237
SEED=644240 
SEED is set to: 644240
SEED=930702 
SEED is set to: 930702
SEED=112252 
SEED is set to: 112252
SEED=195260 
SEED is set to: 195260
SEED=317247 
SEED is set to: 317247
SEED=966809 
SEED is set to: 966809
SEED=51321 
SEED is set to: 51321
SEED=408493 
SEED is set to: 408493
SEED=696275 
SEED is set to: 696275
SEED=170877 
SEED is set to: 170877
SEED=795551 
SEED is set to: 795551
SEED=947365 
SEED is set to: 947365
SEED=24071 
SEED is set to: 24071
SEED=237446 
SEED is set to: 237446
SEED=422958 
SEED is set to: 422958
SEED=883735 
SEED is set to: 883735
SEED=179607 
SEED is set to: 179607
SEED=284351 
SEED is set to: 284351
SEED=309808 
SEED is set to: 309808
SEED=321389 
SEED is set to: 321389
SEED=552915 
SEED is set to: 552915
SEED=636999 
SEED is set to: 636999
SEED=323095 
SEED is set to: 323095
SEED=737165 
SEED is set to: 737165
SEED=827943 
SEED is set to: 827943
timeout: the monitored command dumped core
environment: line 1: 3608299 Segmentation fault      timeout ${TIMEOUT}s "$WORKDIR/a.out" > "$TMP_OUT"
SEED=259507 
SEED is set to: 259507
timeout: the monitored command dumped core
environment: line 1: 3608449 Segmentation fault      timeout ${TIMEOUT}s "$WORKDIR/a.out" > "$TMP_OUT"
SEED=863312 
SEED is set to: 863312
SEED=142721 
SEED is set to: 142721
SEED=182131 
SEED is set to: 182131
SEED=351990 
SEED is set to: 351990
SEED=531677 
SEED is set to: 531677
SEED=534203 
SEED is set to: 534203
SEED=244431 
SEED is set to: 244431
SEED=283835 
SEED is set to: 283835
SEED=418180 
SEED is set to: 418180
SEED=587847 
SEED is set to: 587847
SEED=761925 
SEED is set to: 761925
SEED=972504 
SEED is set to: 972504
SEED=518550 
SEED is set to: 518550
SEED=640535 
SEED is set to: 640535
SEED=829011 
SEED is set to: 829011
SEED=839231 
SEED is set to: 839231
timeout: the monitored command dumped core
environment: line 1: 3609051 Segmentation fault      timeout ${TIMEOUT}s "$WORKDIR/a.out" > "$TMP_OUT"
SEED=91165 
SEED is set to: 91165
SEED=597431 
SEED is set to: 597431
SEED=781359 
SEED is set to: 781359
SEED=827243 
SEED is set to: 827243
SEED=146631 
SEED is set to: 146631
SEED=502550 
SEED is set to: 502550
SEED=31073 
SEED is set to: 31073
SEED=112285 
SEED is set to: 112285
timeout: the monitored command dumped core
environment: line 1: 3609493 Segmentation fault      timeout ${TIMEOUT}s "$WORKDIR/a.out" > "$TMP_OUT"
SEED=845249 
SEED is set to: 845249
SEED=67205 
SEED is set to: 67205
SEED=607766 
SEED is set to: 607766
SEED=857625 
SEED is set to: 857625
SEED=51673 
SEED is set to: 51673
SEED=543221 
SEED is set to: 543221
SEED=940535 
SEED is set to: 940535
SEED=82227 
SEED is set to: 82227
SEED=329326 
SEED is set to: 329326
SEED=783741 
SEED is set to: 783741
SEED=829954 
SEED is set to: 829954
timeout: the monitored command dumped core
environment: line 1: 3610225 Segmentation fault      timeout ${TIMEOUT}s "$WORKDIR/a.out" > "$TMP_OUT"
SEED=75793 
SEED is set to: 75793
SEED=673494 
SEED is set to: 673494
SEED=703405 
SEED is set to: 703405
SEED=744289 
SEED is set to: 744289
SEED=864543 
SEED is set to: 864543
SEED=327399 
SEED is set to: 327399
SEED=375900 
SEED is set to: 375900
SEED=553883 
SEED is set to: 553883
timeout: the monitored command dumped core
environment: line 1: 3610481 Segmentation fault      timeout ${TIMEOUT}s "$WORKDIR/a.out" > "$TMP_OUT"
SEED=923099 
SEED is set to: 923099
SEED=137521 
SEED is set to: 137521
SEED=238407 
SEED is set to: 238407
SEED=371187 
SEED is set to: 371187
SEED=36297 
SEED is set to: 36297
timeout: the monitored command dumped core
environment: line 1: 3610818 Segmentation fault      timeout ${TIMEOUT}s "$WORKDIR/a.out" > "$TMP_OUT"
SEED=496344 
SEED is set to: 496344
SEED=515266 
SEED is set to: 515266
SEED=766488 
SEED is set to: 766488
SEED=209366 
SEED is set to: 209366
SEED=322830 
SEED is set to: 322830
SEED=347313 
SEED is set to: 347313
SEED=844223 
SEED is set to: 844223
SEED=955613 
SEED is set to: 955613
SEED=961033 
SEED is set to: 961033
SEED=176419 
SEED is set to: 176419
SEED=635642 
SEED is set to: 635642
SEED=822882 
SEED is set to: 822882
SEED=947783 
SEED is set to: 947783
SEED=186213 
SEED is set to: 186213
SEED=199163 
SEED is set to: 199163
SEED=678101 
SEED is set to: 678101
SEED=112374 
SEED is set to: 112374
SEED=564329 
SEED is set to: 564329
SEED=569823 
SEED is set to: 569823
SEED=801366 
SEED is set to: 801366
SEED=833703 
SEED is set to: 833703
timeout: the monitored command dumped core
environment: line 1: 3611730 Segmentation fault      timeout ${TIMEOUT}s "$WORKDIR/a.out" > "$TMP_OUT"
SEED=263606 
SEED is set to: 263606
SEED=659791 
SEED is set to: 659791
SEED=675418 
SEED is set to: 675418
SEED=861791 
SEED is set to: 861791
SEED=427028 
SEED is set to: 427028
SEED=634716 
SEED is set to: 634716
SEED=715451 
SEED is set to: 715451
SEED=249788 
SEED is set to: 249788
SEED=303593 
SEED is set to: 303593
SEED=550243 
SEED is set to: 550243
timeout: the monitored command dumped core
environment: line 1: 3612253 Segmentation fault      timeout ${TIMEOUT}s "$WORKDIR/a.out" > "$TMP_OUT"
SEED=936296 
SEED is set to: 936296
SEED=227759 
SEED is set to: 227759
timeout: the monitored command dumped core
environment: line 1: 3612379 Segmentation fault      timeout ${TIMEOUT}s "$WORKDIR/a.out" > "$TMP_OUT"
SEED=680982 
SEED is set to: 680982
SEED=983066 
SEED is set to: 983066
SEED=330890 
SEED is set to: 330890
SEED=348251 
SEED is set to: 348251
SEED=348841 
SEED is set to: 348841
timeout: the monitored command dumped core
environment: line 1: 3612512 Segmentation fault      timeout ${TIMEOUT}s "$WORKDIR/a.out" > "$TMP_OUT"
SEED=736391 
SEED is set to: 736391
timeout: the monitored command dumped core
environment: line 1: 3612635 Segmentation fault      timeout ${TIMEOUT}s "$WORKDIR/a.out" > "$TMP_OUT"
SEED=989052 
SEED is set to: 989052
SEED=833435 
SEED is set to: 833435
SEED=3869 
SEED is set to: 3869
SEED=64030 
SEED is set to: 64030
SEED=576524 
SEED is set to: 576524
SEED=699493 
SEED is set to: 699493
SEED=127922 
SEED is set to: 127922
SEED=187685 
SEED is set to: 187685
SEED=511969 
SEED is set to: 511969
SEED=887226 
SEED is set to: 887226
SEED=976429 
SEED is set to: 976429
SEED=325328 
SEED is set to: 325328
SEED=583273 
SEED is set to: 583273
SEED=829492 
SEED is set to: 829492
SEED=930137 
SEED is set to: 930137
SEED=614458 
SEED is set to: 614458
SEED=623323 
SEED is set to: 623323
SEED=752973 
SEED is set to: 752973
SEED=797248 
SEED is set to: 797248
timeout: the monitored command dumped core
environment: line 1: 3613566 Segmentation fault      timeout ${TIMEOUT}s "$WORKDIR/a.out" > "$TMP_OUT"
SEED=985767 
SEED is set to: 985767
SEED=71556 
SEED is set to: 71556
SEED=150014 
SEED is set to: 150014
timeout: the monitored command dumped core
environment: line 1: 3613737 Segmentation fault      timeout ${TIMEOUT}s "$WORKDIR/a.out" > "$TMP_OUT"
SEED=361810 
SEED is set to: 361810
SEED=137998 
SEED is set to: 137998
SEED=202179 
SEED is set to: 202179
SEED=398249 
SEED is set to: 398249
SEED=399046 
SEED is set to: 399046
SEED=498589 
SEED is set to: 498589
SEED=785916 
SEED is set to: 785916
SEED=977635 
SEED is set to: 977635
SEED=484632 
SEED is set to: 484632
SEED=569325 
SEED is set to: 569325
timeout: the monitored command dumped core
environment: line 1: 3614169 Segmentation fault      timeout ${TIMEOUT}s "$WORKDIR/a.out" > "$TMP_OUT"
SEED=961853 
SEED is set to: 961853
SEED=139309 
SEED is set to: 139309
SEED=869600 
SEED is set to: 869600
SEED=969376 
SEED is set to: 969376
SEED=25502 
SEED is set to: 25502
SEED=77243 
SEED is set to: 77243
SEED=127296 
SEED is set to: 127296
timeout: the monitored command dumped core
environment: line 1: 3614419 Segmentation fault      timeout ${TIMEOUT}s "$WORKDIR/a.out" > "$TMP_OUT"
SEED=401998 
SEED is set to: 401998
SEED=776779 
SEED is set to: 776779
timeout: the monitored command dumped core
environment: line 1: 3614604 Segmentation fault      timeout ${TIMEOUT}s "$WORKDIR/a.out" > "$TMP_OUT"
SEED=751262 
SEED is set to: 751262
SEED=81971 
SEED is set to: 81971
SEED=115811 
SEED is set to: 115811
SEED=132717 
SEED is set to: 132717
SEED=312816 
SEED is set to: 312816
timeout: the monitored command dumped core
environment: line 1: 3614900 Floating point exceptiontimeout ${TIMEOUT}s "$WORKDIR/a.out" > "$TMP_OUT"
SEED=593265 
SEED is set to: 593265
SEED=996207 
SEED is set to: 996207
SEED=260629 
SEED is set to: 260629
SEED=414436 
SEED is set to: 414436
SEED=608280 
SEED is set to: 608280
SEED=620627 
SEED is set to: 620627
SEED=994801 
SEED is set to: 994801
SEED=86320 
SEED is set to: 86320
SEED=303514 
SEED is set to: 303514
SEED=876167 
SEED is set to: 876167
SEED=927975 
SEED is set to: 927975
SEED=928682 
SEED is set to: 928682
SEED=492120 
SEED is set to: 492120
SEED=60998 
SEED is set to: 60998
SEED=306365 
SEED is set to: 306365
SEED=378373 
SEED is set to: 378373
timeout: the monitored command dumped core
environment: line 1: 3615644 Segmentation fault      timeout ${TIMEOUT}s "$WORKDIR/a.out" > "$TMP_OUT"
SEED=521418 
SEED is set to: 521418
timeout: the monitored command dumped core
environment: line 1: 3615689 Segmentation fault      timeout ${TIMEOUT}s "$WORKDIR/a.out" > "$TMP_OUT"
SEED=801787 
SEED is set to: 801787
SEED=18123 
SEED is set to: 18123
SEED=58842 
SEED is set to: 58842
SEED=566652 
SEED is set to: 566652
SEED=974811 
SEED is set to: 974811
SEED=32836 
SEED is set to: 32836
SEED=100620 
SEED is set to: 100620
SEED=515282 
SEED is set to: 515282
SEED=557257 
SEED is set to: 557257
SEED=466418 
SEED is set to: 466418
SEED=517238 
SEED is set to: 517238
timeout: the monitored command dumped core
environment: line 1: 3616318 Segmentation fault      timeout ${TIMEOUT}s "$WORKDIR/a.out" > "$TMP_OUT"
SEED=76395 
SEED is set to: 76395
SEED=807960 
SEED is set to: 807960
SEED=851132 
SEED is set to: 851132
SEED=920030 
SEED is set to: 920030
SEED=12436 
SEED is set to: 12436
timeout: the monitored command dumped core
environment: line 1: 3616528 Segmentation fault      timeout ${TIMEOUT}s "$WORKDIR/a.out" > "$TMP_OUT"
SEED=884146 
SEED is set to: 884146
SEED=307584 
SEED is set to: 307584
SEED=632270 
SEED is set to: 632270
SEED=916472 
SEED is set to: 916472
SEED=664113 
SEED is set to: 664113
SEED=688392 
SEED is set to: 688392
SEED=919748 
SEED is set to: 919748
SEED=948018 
SEED is set to: 948018
SEED=964765 
SEED is set to: 964765
SEED=656379 
SEED is set to: 656379
SEED=67070 
SEED is set to: 67070
SEED=334796 
SEED is set to: 334796
SEED=502934 
SEED=502934 
SEED is set to: 502934
SEED is set to: 502934
timeout: the monitored command dumped core
environment: line 1: 3617364 Segmentation fault      timeout ${TIMEOUT}s "$WORKDIR/a.out" > "$TMP_OUT"
SEED=242695 
SEED is set to: 242695
SEED=411725 
SEED is set to: 411725
SEED=105550 
SEED is set to: 105550
SEED=115321 
SEED is set to: 115321
SEED=528324 
SEED is set to: 528324
SEED=581712 
SEED is set to: 581712
SEED=590948 
SEED is set to: 590948
SEED=836285 
SEED is set to: 836285
SEED=948360 
SEED is set to: 948360
timeout: the monitored command dumped core
environment: line 1: 3617745 Segmentation fault      timeout ${TIMEOUT}s "$WORKDIR/a.out" > "$TMP_OUT"
SEED=210082 
SEED is set to: 210082
timeout: the monitored command dumped core
environment: line 1: 3617793 Segmentation fault      timeout ${TIMEOUT}s "$WORKDIR/a.out" > "$TMP_OUT"
SEED=505964 
SEED is set to: 505964
SEED=643122 
SEED is set to: 643122
timeout: the monitored command dumped core
environment: line 1: 3617932 Segmentation fault      timeout ${TIMEOUT}s "$WORKDIR/a.out" > "$TMP_OUT"
SEED=142660 
SEED is set to: 142660
SEED=610352 
SEED is set to: 610352
SEED=647252 
SEED is set to: 647252
SEED=921380 
SEED is set to: 921380
SEED=990096 
SEED is set to: 990096
timeout: the monitored command dumped core
environment: line 1: 3618112 Segmentation fault      timeout ${TIMEOUT}s "$WORKDIR/a.out" > "$TMP_OUT"
SEED=9530 
SEED is set to: 9530
SEED=125103 
SEED is set to: 125103
SEED=414009 
SEED is set to: 414009
SEED=228564 
SEED is set to: 228564
SEED=431774 
SEED is set to: 431774
SEED=515192 
SEED is set to: 515192
SEED=550090 
SEED is set to: 550090
SEED=966378 
SEED is set to: 966378
SEED=786378 
SEED is set to: 786378
SEED=796004 
SEED is set to: 796004
SEED=944600 
SEED is set to: 944600
SEED=948819 
SEED is set to: 948819
SEED=970217 
SEED is set to: 970217
timeout: the monitored command dumped core
environment: line 1: 3618840 Segmentation fault      timeout ${TIMEOUT}s "$WORKDIR/a.out" > "$TMP_OUT"
SEED=797732 
SEED is set to: 797732
SEED=311323 
SEED is set to: 311323
SEED=533774 
SEED is set to: 533774
SEED=766131 
SEED is set to: 766131
SEED=62231 
SEED is set to: 62231
SEED=745490 
SEED is set to: 745490
SEED=79234 
SEED is set to: 79234
SEED=161666 
SEED is set to: 161666
SEED=529217 
SEED is set to: 529217
SEED=779336 
SEED is set to: 779336
SEED=81984 
SEED is set to: 81984
SEED=235676 
SEED is set to: 235676
SEED=410701 
SEED is set to: 410701
timeout: the monitored command dumped core
environment: line 1: 3619547 Segmentation fault      timeout ${TIMEOUT}s "$WORKDIR/a.out" > "$TMP_OUT"
SEED=692272 
SEED is set to: 692272
SEED=370136 
SEED is set to: 370136
SEED=734853 
SEED is set to: 734853
SEED=751841 
SEED is set to: 751841
SEED=146736 
SEED is set to: 146736
SEED=299144 
SEED is set to: 299144
SEED=462712 
SEED is set to: 462712
SEED=520886 
SEED is set to: 520886
SEED=538452 
SEED is set to: 538452
SEED=804270 
SEED is set to: 804270
timeout: the monitored command dumped core
environment: line 1: 3620151 Segmentation fault      timeout ${TIMEOUT}s "$WORKDIR/a.out" > "$TMP_OUT"
SEED=628765 
SEED is set to: 628765
SEED=752045 
SEED is set to: 752045
SEED=890490 
SEED is set to: 890490
SEED=904770 
SEED is set to: 904770
SEED=960345 
SEED is set to: 960345
timeout: the monitored command dumped core
environment: line 1: 3620337 Segmentation fault      timeout ${TIMEOUT}s "$WORKDIR/a.out" > "$TMP_OUT"
timeout: the monitored command dumped core
environment: line 1: 3620388 Floating point exceptiontimeout ${TIMEOUT}s "$WORKDIR/a.out" > "$TMP_OUT"
SEED=238096 
SEED is set to: 238096
SEED=345360 
SEED is set to: 345360
SEED=365800 
SEED is set to: 365800
SEED=482938 
SEED is set to: 482938
SEED=706119 
SEED is set to: 706119
SEED=726012 
SEED is set to: 726012
timeout: the monitored command dumped core
environment: line 1: 3620757 Segmentation fault      timeout ${TIMEOUT}s "$WORKDIR/a.out" > "$TMP_OUT"
SEED=255640 
SEED is set to: 255640
SEED=1349 
SEED is set to: 1349
SEED=479804 
SEED is set to: 479804
SEED=675228 
SEED is set to: 675228
SEED=755396 
SEED is set to: 755396
SEED=799520 
SEED is set to: 799520
SEED=212058 
SEED is set to: 212058
SEED=436212 
SEED is set to: 436212
timeout: the monitored command dumped core
environment: line 1: 3621218 Segmentation fault      timeout ${TIMEOUT}s "$WORKDIR/a.out" > "$TMP_OUT"
SEED=118986 
SEED is set to: 118986
SEED=328320 
SEED is set to: 328320
SEED=346771 
SEED is set to: 346771
SEED=875886 
SEED is set to: 875886
SEED=15046 
SEED is set to: 15046
SEED=236678 
SEED is set to: 236678
SEED=658540 
SEED is set to: 658540
SEED=316789 
SEED is set to: 316789
timeout: the monitored command dumped core
environment: line 1: 3621738 Segmentation fault      timeout ${TIMEOUT}s "$WORKDIR/a.out" > "$TMP_OUT"
SEED=127275 
SEED is set to: 127275
SEED=272977 
SEED is set to: 272977
SEED=359202 
SEED is set to: 359202
SEED=667414 
SEED is set to: 667414
SEED=153757 
SEED is set to: 153757
SEED=229928 
SEED is set to: 229928
timeout: the monitored command dumped core
environment: line 1: 3622092 Segmentation fault      timeout ${TIMEOUT}s "$WORKDIR/a.out" > "$TMP_OUT"
SEED=567262 
SEED is set to: 567262
SEED=720257 
SEED is set to: 720257
SEED=742598 
SEED is set to: 742598
SEED=322894 
SEED is set to: 322894
SEED=501721 
SEED is set to: 501721
SEED=769051 
SEED is set to: 769051
SEED=808673 
SEED is set to: 808673
SEED=33821 
SEED is set to: 33821
SEED=521155 
SEED is set to: 521155
SEED=940458 
SEED is set to: 940458
SEED=123489 
SEED is set to: 123489
SEED=158978 
SEED is set to: 158978
SEED=246606 
SEED is set to: 246606
SEED=597394 
SEED is set to: 597394
SEED=860351 
SEED is set to: 860351
timeout: the monitored command dumped core
environment: line 1: 3622789 Segmentation fault      timeout ${TIMEOUT}s "$WORKDIR/a.out" > "$TMP_OUT"
SEED=378882 
SEED is set to: 378882
SEED=546479 
SEED is set to: 546479
SEED=638428 
SEED is set to: 638428
SEED=894990 
SEED is set to: 894990
SEED=184096 
SEED is set to: 184096
SEED=5609 
SEED is set to: 5609
SEED=56132 
SEED is set to: 56132
SEED=310999 
SEED is set to: 310999
SEED=482896 
SEED is set to: 482896
SEED=695009 
SEED is set to: 695009
SEED=194986 
SEED is set to: 194986
SEED=205775 
SEED is set to: 205775
SEED=476583 
SEED is set to: 476583
SEED=598048 
SEED is set to: 598048
SEED=21717 
SEED is set to: 21717
SEED=392935 
SEED is set to: 392935
SEED=954395 
SEED is set to: 954395
SEED=40190 
SEED is set to: 40190
SEED=47420 
SEED is set to: 47420
SEED=145656 
SEED is set to: 145656
SEED=429498 
SEED is set to: 429498
SEED=628292 
SEED is set to: 628292
SEED=666385 
SEED is set to: 666385
SEED=672785 
SEED is set to: 672785
SEED=458635 
SEED is set to: 458635
SEED=573290 
SEED is set to: 573290
SEED=573309 
SEED is set to: 573309
SEED=909577 
SEED is set to: 909577
SEED=994565 
SEED is set to: 994565
SEED=60199 
SEED is set to: 60199
SEED=367413 
SEED is set to: 367413
SEED=896623 
SEED is set to: 896623
SEED=2020 
SEED is set to: 2020
SEED=49654 
SEED is set to: 49654
timeout: the monitored command dumped core
environment: line 1: 3624200 Segmentation fault      timeout ${TIMEOUT}s "$WORKDIR/a.out" > "$TMP_OUT"
SEED=413375 
SEED is set to: 413375
SEED=803885 
SEED is set to: 803885
SEED=919228 
SEED is set to: 919228
timeout: the monitored command dumped core
environment: line 1: 3624424 Segmentation fault      timeout ${TIMEOUT}s "$WORKDIR/a.out" > "$TMP_OUT"
SEED=459062 
SEED is set to: 459062
SEED=493746 
SEED is set to: 493746
SEED=796949 
SEED is set to: 796949
SEED=69189 
SEED is set to: 69189
SEED=942253 
SEED is set to: 942253
SEED=995774 
SEED is set to: 995774
SEED=8724 
SEED is set to: 8724
SEED=181376 
SEED is set to: 181376
SEED=878355 
SEED is set to: 878355
SEED=358548 
SEED is set to: 358548
SEED=447011 
SEED is set to: 447011
SEED=706129 
SEED is set to: 706129
SEED=849732 
SEED is set to: 849732
timeout: the monitored command dumped core
environment: line 1: 3625055 Segmentation fault      timeout ${TIMEOUT}s "$WORKDIR/a.out" > "$TMP_OUT"
SEED=473982 
SEED is set to: 473982
SEED=532225 
SEED is set to: 532225
timeout: the monitored command dumped core
environment: line 1: 3625221 Segmentation fault      timeout ${TIMEOUT}s "$WORKDIR/a.out" > "$TMP_OUT"
SEED=705132 
SEED is set to: 705132
SEED=972808 
SEED is set to: 972808
SEED=232378 
SEED is set to: 232378
timeout: the monitored command dumped core
environment: line 1: 3625324 Segmentation fault      timeout ${TIMEOUT}s "$WORKDIR/a.out" > "$TMP_OUT"
SEED=404790 
SEED is set to: 404790
timeout: the monitored command dumped core
environment: line 1: 3625399 Segmentation fault      timeout ${TIMEOUT}s "$WORKDIR/a.out" > "$TMP_OUT"
SEED=925419 
SEED is set to: 925419
SEED=448516 
SEED is set to: 448516
SEED=785379 
SEED is set to: 785379
SEED=60907 
SEED is set to: 60907
SEED=67472 
SEED is set to: 67472
SEED=384336 
SEED is set to: 384336
timeout: the monitored command dumped core
environment: line 1: 3625776 Segmentation fault      timeout ${TIMEOUT}s "$WORKDIR/a.out" > "$TMP_OUT"
SEED=828113 
SEED is set to: 828113
SEED=837484 
SEED is set to: 837484
SEED=862233 
SEED is set to: 862233
SEED=904415 
SEED is set to: 904415
SEED=228769 
SEED is set to: 228769
SEED=435504 
SEED is set to: 435504
SEED=608425 
SEED is set to: 608425
timeout: the monitored command dumped core
environment: line 1: 3625895 Segmentation fault      timeout ${TIMEOUT}s "$WORKDIR/a.out" > "$TMP_OUT"
SEED=193141 
SEED is set to: 193141
SEED=238417 
SEED is set to: 238417
SEED=241068 
SEED is set to: 241068
SEED=596849 
SEED is set to: 596849
SEED=627441 
SEED is set to: 627441
SEED=954450 
SEED is set to: 954450
SEED=77670 
SEED is set to: 77670
SEED=497822 
SEED is set to: 497822
SEED=877189 
SEED is set to: 877189
SEED=107783 
SEED is set to: 107783
SEED=438615 
SEED is set to: 438615
SEED=514560 
SEED is set to: 514560
SEED=77877 
SEED is set to: 77877
SEED=263644 
SEED is set to: 263644
SEED=327333 
SEED is set to: 327333
timeout: the monitored command dumped core
environment: line 1: 3626721 Segmentation fault      timeout ${TIMEOUT}s "$WORKDIR/a.out" > "$TMP_OUT"
SEED=769398 
SEED is set to: 769398
SEED=980936 
SEED is set to: 980936
SEED=140460 
SEED is set to: 140460
SEED=672251 
SEED is set to: 672251
SEED=900018 
SEED is set to: 900018
SEED=128263 
SEED is set to: 128263
timeout: the monitored command dumped core
environment: line 1: 3626951 Segmentation fault      timeout ${TIMEOUT}s "$WORKDIR/a.out" > "$TMP_OUT"
SEED=325073 
SEED is set to: 325073
SEED=483758 
SEED is set to: 483758
SEED=554349 
SEED is set to: 554349
SEED=351918 
SEED is set to: 351918
SEED=648326 
SEED is set to: 648326
SEED=648379 
SEED is set to: 648379
SEED=766077 
SEED is set to: 766077
SEED=96848 
SEED is set to: 96848
SEED=323780 
SEED is set to: 323780
SEED=970814 
SEED is set to: 970814
SEED=989169 
SEED is set to: 989169
SEED=236836 
SEED is set to: 236836
SEED=424793 
SEED is set to: 424793
SEED=556559 
SEED is set to: 556559
SEED=830984 
SEED is set to: 830984
munmap_chunk(): invalid pointer
timeout: the monitored command dumped core
environment: line 1: 3627730 Aborted                 timeout ${TIMEOUT}s "$WORKDIR/a.out" > "$TMP_OUT"
SEED=160661 
SEED is set to: 160661
SEED=422310 
SEED is set to: 422310
SEED=442140 
SEED is set to: 442140
SEED=478593 
SEED is set to: 478593
SEED=868314 
SEED is set to: 868314
SEED=49186 
SEED is set to: 49186
SEED=495620 
SEED is set to: 495620
SEED=697309 
SEED is set to: 697309
SEED=883015 
SEED is set to: 883015
SEED=884554 
SEED is set to: 884554
timeout: the monitored command dumped core
environment: line 1: 3628151 Segmentation fault      timeout ${TIMEOUT}s "$WORKDIR/a.out" > "$TMP_OUT"
SEED=400293 
SEED is set to: 400293
SEED=972939 
SEED is set to: 972939
SEED=980846 
SEED is set to: 980846
SEED=19874 
SEED is set to: 19874
SEED=398799 
SEED is set to: 398799
SEED=641804 
SEED is set to: 641804
SEED=655639 
SEED is set to: 655639
timeout: the monitored command dumped core
environment: line 1: 3628461 Segmentation fault      timeout ${TIMEOUT}s "$WORKDIR/a.out" > "$TMP_OUT"
SEED=193991 
SEED is set to: 193991
SEED=363684 
SEED is set to: 363684
SEED=469408 
SEED is set to: 469408
SEED=555214 
SEED is set to: 555214
SEED=725131 
SEED is set to: 725131
timeout: the monitored command dumped core
environment: line 1: 3628664 Segmentation fault      timeout ${TIMEOUT}s "$WORKDIR/a.out" > "$TMP_OUT"
SEED=985108 
SEED is set to: 985108
SEED=514473 
SEED is set to: 514473
SEED=639902 
SEED is set to: 639902
SEED=37608 
SEED is set to: 37608
SEED=211446 
SEED is set to: 211446
SEED=233903 
SEED is set to: 233903
SEED=355014 
SEED is set to: 355014
SEED=531302 
SEED is set to: 531302
SEED=78386 
SEED is set to: 78386
SEED=413778 
SEED is set to: 413778
SEED=516751 
SEED is set to: 516751
SEED=807358 
SEED is set to: 807358
SEED=870173 
SEED is set to: 870173
SEED=906468 
SEED is set to: 906468
SEED=765682 
SEED is set to: 765682
SEED=874362 
SEED is set to: 874362
SEED=259264 
SEED is set to: 259264
SEED=328271 
SEED is set to: 328271
SEED=420593 
SEED is set to: 420593
SEED=538964 
SEED is set to: 538964
SEED=562578 
SEED is set to: 562578
SEED=305424 
SEED is set to: 305424
timeout: the monitored command dumped core
environment: line 1: 3629763 Segmentation fault      timeout ${TIMEOUT}s "$WORKDIR/a.out" > "$TMP_OUT"
SEED=586866 
SEED is set to: 586866
SEED=681779 
SEED is set to: 681779
SEED=931360 
SEED is set to: 931360
SEED=981555 
SEED is set to: 981555
SEED=87930 
SEED is set to: 87930
SEED=338841 
SEED is set to: 338841
SEED=950318 
SEED is set to: 950318
SEED=958482 
SEED is set to: 958482
SEED=100571 
SEED is set to: 100571
SEED=122130 
SEED is set to: 122130
SEED=495774 
SEED is set to: 495774
SEED=553843 
SEED is set to: 553843
SEED=792071 
SEED is set to: 792071
SEED=125035 
SEED is set to: 125035
SEED=183285 
SEED is set to: 183285
SEED=391883 
SEED is set to: 391883
SEED=86177 
SEED is set to: 86177
SEED=205055 
SEED is set to: 205055
timeout: the monitored command dumped core
environment: line 1: 3630578 Segmentation fault      timeout ${TIMEOUT}s "$WORKDIR/a.out" > "$TMP_OUT"
SEED=590451 
SEED is set to: 590451
SEED=109291 
SEED is set to: 109291
SEED=577244 
SEED is set to: 577244
SEED=658695 
SEED is set to: 658695
SEED=851110 
SEED is set to: 851110
SEED=570588 
SEED is set to: 570588
SEED=233044 
SEED is set to: 233044
SEED=386259 
SEED is set to: 386259
SEED=475276 
SEED is set to: 475276
SEED=473387 
SEED is set to: 473387
timeout: the monitored command dumped core
environment: line 1: 3631288 Segmentation fault      timeout ${TIMEOUT}s "$WORKDIR/a.out" > "$TMP_OUT"
SEED=853996 
SEED is set to: 853996
SEED=992343 
SEED is set to: 992343
SEED=64061 
SEED is set to: 64061
SEED=121782 
SEED is set to: 121782
timeout: the monitored command dumped core
environment: line 1: 3631374 Segmentation fault      timeout ${TIMEOUT}s "$WORKDIR/a.out" > "$TMP_OUT"
SEED=233997 
SEED is set to: 233997
timeout: the monitored command dumped core
environment: line 1: 3631355 Segmentation fault      timeout ${TIMEOUT}s "$WORKDIR/a.out" > "$TMP_OUT"
timeout: the monitored command dumped core
environment: line 1: 3631443 Segmentation fault      timeout ${TIMEOUT}s "$WORKDIR/a.out" > "$TMP_OUT"
SEED=136160 
SEED is set to: 136160
SEED=366303 
SEED is set to: 366303
SEED=386204 
SEED is set to: 386204
SEED=622414 
SEED is set to: 622414
timeout: the monitored command dumped core
environment: line 1: 3631704 Segmentation fault      timeout ${TIMEOUT}s "$WORKDIR/a.out" > "$TMP_OUT"
SEED=888929 
SEED is set to: 888929
SEED=328556 
SEED is set to: 328556
SEED=547503 
SEED is set to: 547503
SEED=765232 
SEED is set to: 765232
SEED=767860 
SEED is set to: 767860
SEED=232870 
SEED is set to: 232870
SEED=244240 
SEED is set to: 244240
SEED=483315 
SEED is set to: 483315
SEED=663763 
SEED is set to: 663763
SEED=988319 
SEED is set to: 988319
SEED=164203 
SEED is set to: 164203
SEED=395749 
SEED is set to: 395749
SEED=622379 
SEED is set to: 622379
SEED=832593 
SEED is set to: 832593
SEED=42183 
SEED is set to: 42183
SEED=509157 
SEED is set to: 509157
SEED=671696 
SEED is set to: 671696
SEED=869357 
SEED is set to: 869357
SEED=957101 
SEED is set to: 957101
SEED=297456 
SEED is set to: 297456
SEED=498274 
SEED is set to: 498274
SEED=776036 
SEED is set to: 776036
SEED=889962 
SEED is set to: 889962
SEED=281352 
SEED is set to: 281352
SEED=363928 
SEED is set to: 363928
SEED=390214 
SEED is set to: 390214
timeout: the monitored command dumped core
environment: line 1: 3632863 Segmentation fault      timeout ${TIMEOUT}s "$WORKDIR/a.out" > "$TMP_OUT"
SEED=861699 
SEED is set to: 861699
timeout: the monitored command dumped core
environment: line 1: 3632920 Segmentation fault      timeout ${TIMEOUT}s "$WORKDIR/a.out" > "$TMP_OUT"
SEED=234089 
SEED is set to: 234089
timeout: the monitored command dumped core
environment: line 1: 3632981 Segmentation fault      timeout ${TIMEOUT}s "$WORKDIR/a.out" > "$TMP_OUT"
SEED=704722 
SEED is set to: 704722
SEED=830387 
SEED is set to: 830387
SEED=907593 
SEED is set to: 907593
SEED=326210 
SEED is set to: 326210
SEED=70163 
SEED is set to: 70163
SEED=85606 
SEED is set to: 85606
SEED=123330 
SEED is set to: 123330
SEED=179555 
SEED is set to: 179555
SEED=401488 
SEED is set to: 401488
timeout: the monitored command dumped core
environment: line 1: 3633439 Segmentation fault      timeout ${TIMEOUT}s "$WORKDIR/a.out" > "$TMP_OUT"
SEED=208432 
SEED is set to: 208432
SEED=514144 
SEED is set to: 514144
timeout: the monitored command dumped core
environment: line 1: 3633568 Segmentation fault      timeout ${TIMEOUT}s "$WORKDIR/a.out" > "$TMP_OUT"
SEED=637442 
SEED is set to: 637442
SEED=647550 
SEED is set to: 647550
SEED=751972 
SEED is set to: 751972
SEED=776313 
SEED is set to: 776313
timeout: the monitored command dumped core
environment: line 1: 3633619 Segmentation fault      timeout ${TIMEOUT}s "$WORKDIR/a.out" > "$TMP_OUT"
timeout: the monitored command dumped core
environment: line 1: 3633649 Segmentation fault      timeout ${TIMEOUT}s "$WORKDIR/a.out" > "$TMP_OUT"
timeout: the monitored command dumped core
environment: line 1: 3633652 Segmentation fault      timeout ${TIMEOUT}s "$WORKDIR/a.out" > "$TMP_OUT"
SEED=883895 
SEED is set to: 883895
a.out: malloc.c:2617: sysmalloc: Assertion `(old_top == initial_top (av) && old_size == 0) || ((unsigned long) (old_size) >= MINSIZE && prev_inuse (old_top) && ((unsigned long) old_end & (pagesize - 1)) == 0)' failed.
timeout: the monitored command dumped core
environment: line 1: 3633855 Aborted                 timeout ${TIMEOUT}s "$WORKDIR/a.out" > "$TMP_OUT"
SEED=271919 
SEED is set to: 271919
SEED=394809 
SEED is set to: 394809
timeout: the monitored command dumped core
environment: line 1: 3633923 Segmentation fault      timeout ${TIMEOUT}s "$WORKDIR/a.out" > "$TMP_OUT"
SEED=811629 
SEED is set to: 811629
SEED=4894 
SEED is set to: 4894
*** stack smashing detected ***: terminated
timeout: the monitored command dumped core
environment: line 1: 3634070 Aborted                 timeout ${TIMEOUT}s "$WORKDIR/a.out" > "$TMP_OUT"
SEED=193479 
SEED is set to: 193479
SEED=448827 
SEED is set to: 448827
SEED=571718 
SEED is set to: 571718
SEED=320109 
SEED is set to: 320109
SEED=702891 
SEED is set to: 702891
SEED=714019 
SEED is set to: 714019
SEED=891026 
SEED is set to: 891026
timeout: the monitored command dumped core
environment: line 1: 3634374 Segmentation fault      timeout ${TIMEOUT}s "$WORKDIR/a.out" > "$TMP_OUT"
SEED=262521 
SEED is set to: 262521
SEED=561196 
SEED is set to: 561196
SEED=693922 
SEED is set to: 693922
SEED=205193 
SEED is set to: 205193
SEED=631173 
SEED is set to: 631173
SEED=748244 
SEED is set to: 748244
SEED=984588 
SEED is set to: 984588
SEED=350058 
SEED is set to: 350058
SEED=454963 
SEED is set to: 454963
SEED=116945 
SEED is set to: 116945
SEED=199781 
SEED is set to: 199781
SEED=244367 
SEED is set to: 244367
SEED=321647 
SEED is set to: 321647
SEED=824781 
SEED is set to: 824781
SEED=541202 
SEED is set to: 541202
SEED=602067 
SEED is set to: 602067
SEED=966260 
SEED is set to: 966260
SEED=6458 
SEED is set to: 6458
timeout: the monitored command dumped core
environment: line 1: 3635261 Segmentation fault      timeout ${TIMEOUT}s "$WORKDIR/a.out" > "$TMP_OUT"
timeout: the monitored command dumped core
environment: line 1: 3635350 Segmentation fault      timeout ${TIMEOUT}s "$WORKDIR/a.out" > "$TMP_OUT"
SEED=404273 
SEED is set to: 404273
SEED=827084 
SEED is set to: 827084
SEED=983804 
SEED is set to: 983804
SEED=119421 
SEED is set to: 119421
SEED=490322 
SEED is set to: 490322
SEED=568500 
SEED is set to: 568500
SEED=450148 
SEED is set to: 450148
SEED=494537 
SEED is set to: 494537
SEED=572670 
SEED is set to: 572670
SEED=128210 
SEED is set to: 128210
SEED=389116 
SEED is set to: 389116
SEED=564798 
SEED is set to: 564798
SEED=968011 
SEED is set to: 968011
SEED=984863 
SEED is set to: 984863
SEED=119475 
SEED is set to: 119475
SEED=330355 
SEED is set to: 330355
SEED=521865 
SEED is set to: 521865
SEED=994923 
SEED is set to: 994923
SEED=384746 
SEED is set to: 384746
SEED=425238 
SEED is set to: 425238
SEED=478270 
SEED is set to: 478270
SEED=802478 
SEED is set to: 802478
SEED=700683 
SEED is set to: 700683
SEED=771081 
SEED is set to: 771081
SEED=321187 
SEED is set to: 321187
SEED=616959 
SEED is set to: 616959
SEED=967464 
SEED is set to: 967464
SEED=28364 
SEED is set to: 28364
timeout: the monitored command dumped core
environment: line 1: 3636850 Segmentation fault      timeout ${TIMEOUT}s "$WORKDIR/a.out" > "$TMP_OUT"
SEED=324379 
SEED is set to: 324379
SEED=362298 
SEED is set to: 362298
SEED=420696 
SEED is set to: 420696
SEED=422962 
SEED is set to: 422962
SEED=788181 
SEED is set to: 788181
SEED=8391 
SEED is set to: 8391
free(): invalid pointer
timeout: the monitored command dumped core
environment: line 1: 3637028 Aborted                 timeout ${TIMEOUT}s "$WORKDIR/a.out" > "$TMP_OUT"
timeout: the monitored command dumped core
environment: line 1: 3637018 Segmentation fault      timeout ${TIMEOUT}s "$WORKDIR/a.out" > "$TMP_OUT"
SEED=701876 
SEED is set to: 701876
SEED=915064 
SEED is set to: 915064
SEED=931905 
SEED is set to: 931905
SEED=954895 
SEED is set to: 954895
SEED=464591 
SEED is set to: 464591
SEED=747361 
SEED is set to: 747361
SEED=986236 
SEED is set to: 986236
timeout: the monitored command dumped core
environment: line 1: 3637438 Segmentation fault      timeout ${TIMEOUT}s "$WORKDIR/a.out" > "$TMP_OUT"
SEED=403205 
SEED is set to: 403205
SEED=455971 
SEED is set to: 455971
SEED=501875 
SEED is set to: 501875
timeout: the monitored command dumped core
environment: line 1: 3637553 Segmentation fault      timeout ${TIMEOUT}s "$WORKDIR/a.out" > "$TMP_OUT"
SEED=995322 
SEED is set to: 995322
SEED=85522 
SEED is set to: 85522
SEED=209165 
SEED is set to: 209165
SEED=306463 
SEED is set to: 306463
timeout: the monitored command dumped core
environment: line 1: 3637610 Segmentation fault      timeout ${TIMEOUT}s "$WORKDIR/a.out" > "$TMP_OUT"
SEED=757673 
SEED is set to: 757673
SEED=832927 
SEED is set to: 832927
timeout: the monitored command dumped core
environment: line 1: 3637772 Segmentation fault      timeout ${TIMEOUT}s "$WORKDIR/a.out" > "$TMP_OUT"
SEED=272173 
SEED is set to: 272173
SEED=470341 
SEED is set to: 470341
SEED=885639 
SEED is set to: 885639
SEED=210562 
SEED is set to: 210562
SEED=521407 
SEED is set to: 521407
SEED=565977 
SEED is set to: 565977
SEED=642068 
SEED is set to: 642068
SEED=810709 
SEED is set to: 810709
timeout: the monitored command dumped core
environment: line 1: 3638092 Segmentation fault      timeout ${TIMEOUT}s "$WORKDIR/a.out" > "$TMP_OUT"
SEED=56740 
SEED is set to: 56740
SEED=119248 
SEED is set to: 119248
SEED=386592 
SEED is set to: 386592
SEED=550768 
SEED is set to: 550768
SEED=885864 
SEED is set to: 885864
SEED=352090 
SEED is set to: 352090
SEED=476932 
SEED is set to: 476932
SEED=577415 
SEED is set to: 577415
SEED=774103 
SEED is set to: 774103
timeout: the monitored command dumped core
environment: line 1: 3638492 Segmentation fault      timeout ${TIMEOUT}s "$WORKDIR/a.out" > "$TMP_OUT"
SEED=960779 
SEED is set to: 960779
SEED=964214 
SEED is set to: 964214
SEED=363284 
SEED is set to: 363284
SEED=743573 
SEED is set to: 743573
SEED=375278 
SEED is set to: 375278
SEED=390331 
SEED is set to: 390331
SEED=440076 
SEED is set to: 440076
SEED=311471 
SEED is set to: 311471
SEED=638217 
SEED is set to: 638217
SEED=700384 
SEED is set to: 700384
SEED=926469 
SEED is set to: 926469
SEED=13004 
SEED is set to: 13004
SEED=65110 
SEED is set to: 65110
SEED=314543 
SEED is set to: 314543
SEED=762535 
SEED is set to: 762535
SEED=112525 
SEED is set to: 112525
free(): double free detected in tcache 2
timeout: the monitored command dumped core
environment: line 1: 3639355 Aborted                 timeout ${TIMEOUT}s "$WORKDIR/a.out" > "$TMP_OUT"
SEED=402368 
SEED is set to: 402368
SEED=557626 
SEED is set to: 557626
SEED=653506 
SEED is set to: 653506
SEED=914248 
SEED is set to: 914248
SEED=991614 
SEED is set to: 991614
SEED=734693 
SEED is set to: 734693
SEED=75361 
SEED is set to: 75361
SEED=206141 
SEED is set to: 206141
SEED=283890 
SEED is set to: 283890
SEED=431022 
SEED is set to: 431022
SEED=435697 
SEED is set to: 435697
timeout: the monitored command dumped core
environment: line 1: 3639863 Segmentation fault      timeout ${TIMEOUT}s "$WORKDIR/a.out" > "$TMP_OUT"
timeout: the monitored command dumped core
environment: line 1: 3639860 Segmentation fault      timeout ${TIMEOUT}s "$WORKDIR/a.out" > "$TMP_OUT"
SEED=820896 
SEED is set to: 820896
SEED=20747 
SEED is set to: 20747
SEED=341229 
SEED is set to: 341229
SEED=487646 
SEED is set to: 487646
SEED=757802 
SEED is set to: 757802
SEED=43500 
SEED is set to: 43500
SEED=107156 
SEED is set to: 107156
SEED=365112 
SEED is set to: 365112
SEED=479153 
SEED is set to: 479153
SEED=501040 
SEED is set to: 501040
timeout: the monitored command dumped core
environment: line 1: 3640315 Segmentation fault      timeout ${TIMEOUT}s "$WORKDIR/a.out" > "$TMP_OUT"
SEED=842009 
SEED is set to: 842009
SEED=441899 
SEED is set to: 441899
SEED=746978 
SEED is set to: 746978
SEED=860755 
SEED is set to: 860755
SEED=892461 
SEED is set to: 892461
SEED=919166 
SEED is set to: 919166
SEED=379088 
SEED is set to: 379088
timeout: the monitored command dumped core
environment: line 1: 3640664 Segmentation fault      timeout ${TIMEOUT}s "$WORKDIR/a.out" > "$TMP_OUT"
SEED=716398 
SEED is set to: 716398
SEED=848817 
SEED is set to: 848817
timeout: the monitored command dumped core
environment: line 1: 3640701 Segmentation fault      timeout ${TIMEOUT}s "$WORKDIR/a.out" > "$TMP_OUT"
SEED=376568 
SEED is set to: 376568
SEED=598376 
SEED is set to: 598376
SEED=220630 
SEED is set to: 220630
SEED=347478 
SEED is set to: 347478
SEED=367048 
SEED is set to: 367048
SEED=804571 
SEED is set to: 804571
SEED=974825 
SEED is set to: 974825
SEED=552253 
SEED is set to: 552253
SEED=635931 
SEED is set to: 635931
SEED=732986 
SEED is set to: 732986
SEED=854748 
SEED is set to: 854748
SEED=982839 
SEED is set to: 982839
SEED=48658 
SEED is set to: 48658
timeout: the monitored command dumped core
environment: line 1: 3641308 Floating point exceptiontimeout ${TIMEOUT}s "$WORKDIR/a.out" > "$TMP_OUT"
SEED=276141 
SEED is set to: 276141
timeout: the monitored command dumped core
environment: line 1: 3641259 Segmentation fault      timeout ${TIMEOUT}s "$WORKDIR/a.out" > "$TMP_OUT"
SEED=989616 
SEED is set to: 989616
SEED=126163 
SEED is set to: 126163
free(): invalid next size (normal)
timeout: the monitored command dumped core
environment: line 1: 3641562 Aborted                 timeout ${TIMEOUT}s "$WORKDIR/a.out" > "$TMP_OUT"
SEED=560770 
SEED is set to: 560770
SEED=840423 
SEED is set to: 840423
SEED=936231 
SEED is set to: 936231
SEED=90123 
SEED is set to: 90123
SEED=469267 
SEED is set to: 469267
SEED=613636 
SEED is set to: 613636
SEED=908707 
SEED is set to: 908707
SEED=226155 
SEED is set to: 226155
SEED=586968 
SEED is set to: 586968
timeout: the monitored command dumped core
environment: line 1: 3641946 Segmentation fault      timeout ${TIMEOUT}s "$WORKDIR/a.out" > "$TMP_OUT"
SEED=30781 
SEED is set to: 30781
SEED=297866 
SEED is set to: 297866
SEED=315268 
SEED is set to: 315268
SEED=495876 
SEED is set to: 495876
timeout: the monitored command dumped core
environment: line 1: 3642200 Segmentation fault      timeout ${TIMEOUT}s "$WORKDIR/a.out" > "$TMP_OUT"
SEED=871258 
SEED is set to: 871258
SEED=19410 
SEED is set to: 19410
SEED=206740 
SEED is set to: 206740
timeout: the monitored command dumped core
environment: line 1: 3642230 Segmentation fault      timeout ${TIMEOUT}s "$WORKDIR/a.out" > "$TMP_OUT"
SEED=451960 
SEED is set to: 451960
timeout: the monitored command dumped core
environment: line 1: 3642298 Segmentation fault      timeout ${TIMEOUT}s "$WORKDIR/a.out" > "$TMP_OUT"
SEED=611563 
SEED is set to: 611563
SEED=699818 
SEED is set to: 699818
timeout: the monitored command dumped core
environment: line 1: 3642344 Segmentation fault      timeout ${TIMEOUT}s "$WORKDIR/a.out" > "$TMP_OUT"
SEED=915101 
SEED is set to: 915101
timeout: the monitored command dumped core
environment: line 1: 3642386 Segmentation fault      timeout ${TIMEOUT}s "$WORKDIR/a.out" > "$TMP_OUT"
SEED=413285 
SEED is set to: 413285
SEED=95433 
SEED is set to: 95433
SEED=141414 
SEED is set to: 141414
SEED=150777 
SEED is set to: 150777
SEED=418847 
SEED is set to: 418847
timeout: the monitored command dumped core
environment: line 1: 3642756 Segmentation fault      timeout ${TIMEOUT}s "$WORKDIR/a.out" > "$TMP_OUT"
SEED=726818 
SEED is set to: 726818
SEED=732584 
SEED is set to: 732584
SEED=977914 
SEED is set to: 977914
timeout: the monitored command dumped core
environment: line 1: 3642819 Segmentation fault      timeout ${TIMEOUT}s "$WORKDIR/a.out" > "$TMP_OUT"
timeout: the monitored command dumped core
environment: line 1: 3642851 Segmentation fault      timeout ${TIMEOUT}s "$WORKDIR/a.out" > "$TMP_OUT"
SEED=172604 
SEED is set to: 172604
SEED=535098 
SEED is set to: 535098
SEED=640419 
SEED is set to: 640419
SEED=298270 
SEED is set to: 298270
SEED=404019 
SEED is set to: 404019
timeout: the monitored command dumped core
environment: line 1: 3643078 Segmentation fault      timeout ${TIMEOUT}s "$WORKDIR/a.out" > "$TMP_OUT"
SEED=770505 
SEED is set to: 770505
SEED=961132 
SEED is set to: 961132
SEED=628150 
SEED is set to: 628150
SEED=882578 
SEED is set to: 882578
SEED=105130 
SEED is set to: 105130
SEED=251756 
SEED is set to: 251756
SEED=271305 
SEED is set to: 271305
SEED=294578 
SEED is set to: 294578
timeout: the monitored command dumped core
environment: line 1: 3643479 Segmentation fault      timeout ${TIMEOUT}s "$WORKDIR/a.out" > "$TMP_OUT"
SEED=837643 
SEED is set to: 837643
SEED=99973 
SEED is set to: 99973
timeout: the monitored command dumped core
environment: line 1: 3643639 Segmentation fault      timeout ${TIMEOUT}s "$WORKDIR/a.out" > "$TMP_OUT"
SEED=559551 
SEED is set to: 559551
SEED=900593 
SEED is set to: 900593
SEED=833529 
SEED is set to: 833529
SEED=919112 
SEED is set to: 919112
SEED=182319 
SEED is set to: 182319
SEED=464729 
SEED is set to: 464729
SEED=488869 
SEED is set to: 488869
SEED=517690 
SEED is set to: 517690
SEED=1505 
SEED is set to: 1505
SEED=167220 
SEED is set to: 167220
SEED=180779 
SEED is set to: 180779
SEED=691027 
SEED is set to: 691027
SEED=832128 
SEED is set to: 832128
SEED=559264 
SEED is set to: 559264
SEED=561363 
SEED is set to: 561363
SEED=570347 
SEED is set to: 570347
terminate called after throwing an instance of 'std::bad_alloc'
  what():  std::bad_alloc
SEED=653501 
SEED is set to: 653501
timeout: the monitored command dumped core
environment: line 1: 3644570 Aborted                 timeout ${TIMEOUT}s "$WORKDIR/a.out" > "$TMP_OUT"
timeout: the monitored command dumped core
environment: line 1: 3644553 Segmentation fault      timeout ${TIMEOUT}s "$WORKDIR/a.out" > "$TMP_OUT"
SEED=968018 
SEED is set to: 968018
timeout: the monitored command dumped core
environment: line 1: 3644690 Segmentation fault      timeout ${TIMEOUT}s "$WORKDIR/a.out" > "$TMP_OUT"
SEED=246504 
SEED is set to: 246504
SEED=293113 
SEED is set to: 293113
SEED=46260 
SEED is set to: 46260
SEED=73093 
SEED is set to: 73093
SEED=567135 
SEED is set to: 567135
SEED=806989 
SEED is set to: 806989
SEED=829562 
SEED is set to: 829562
SEED=753919 
SEED is set to: 753919
SEED=874791 
SEED is set to: 874791
SEED=45522 
SEED is set to: 45522
SEED=113393 
SEED is set to: 113393
SEED=136887 
SEED is set to: 136887
SEED=696474 
SEED is set to: 696474
SEED=17925 
SEED is set to: 17925
SEED=45175 
SEED is set to: 45175
SEED=143874 
SEED is set to: 143874
SEED=440299 
SEED is set to: 440299
SEED=991297 
SEED is set to: 991297
SEED=527195 
SEED is set to: 527195
SEED=533337 
SEED is set to: 533337
SEED=680090 
SEED is set to: 680090
SEED=791194 
SEED is set to: 791194
SEED=961978 
SEED is set to: 961978
timeout: the monitored command dumped core
environment: line 1: 3645879 Segmentation fault      timeout ${TIMEOUT}s "$WORKDIR/a.out" > "$TMP_OUT"
SEED=484259 
SEED is set to: 484259
SEED=901879 
SEED is set to: 901879
SEED=167246 
SEED is set to: 167246
SEED=241382 
SEED is set to: 241382
SEED=318498 
SEED is set to: 318498
SEED=633835 
SEED is set to: 633835
SEED=987017 
SEED is set to: 987017
SEED=66049 
SEED is set to: 66049
timeout: the monitored command dumped core
environment: line 1: 3646201 Segmentation fault      timeout ${TIMEOUT}s "$WORKDIR/a.out" > "$TMP_OUT"
SEED=324569 
SEED is set to: 324569
SEED=59920 
SEED is set to: 59920
SEED=529542 
SEED is set to: 529542
SEED=537273 
SEED is set to: 537273
SEED=630044 
SEED is set to: 630044
SEED=729304 
SEED is set to: 729304
SEED=862594 
SEED is set to: 862594
SEED=847980 
SEED is set to: 847980
SEED=966982 
SEED is set to: 966982
SEED=100493 
SEED is set to: 100493
SEED=133709 
SEED is set to: 133709
SEED=183020 
SEED is set to: 183020
SEED=466008 
SEED is set to: 466008
SEED=534590 
SEED is set to: 534590
timeout: the monitored command dumped core
environment: line 1: 3646849 Segmentation fault      timeout ${TIMEOUT}s "$WORKDIR/a.out" > "$TMP_OUT"
timeout: the monitored command dumped core
environment: line 1: 3646862 Segmentation fault      timeout ${TIMEOUT}s "$WORKDIR/a.out" > "$TMP_OUT"
SEED=231922 
SEED is set to: 231922
SEED=483761 
SEED is set to: 483761
SEED=641171 
SEED is set to: 641171
SEED=759424 
SEED is set to: 759424
SEED=966461 
SEED is set to: 966461
SEED=224553 
SEED is set to: 224553
SEED=325737 
SEED is set to: 325737
SEED=867663 
SEED is set to: 867663
SEED=953924 
SEED is set to: 953924
SEED=104083 
SEED is set to: 104083
SEED=518972 
SEED is set to: 518972
SEED=823777 
SEED is set to: 823777
timeout: the monitored command dumped core
environment: line 1: 3647479 Segmentation fault      timeout ${TIMEOUT}s "$WORKDIR/a.out" > "$TMP_OUT"
SEED=313441 
SEED is set to: 313441
SEED=463563 
SEED is set to: 463563
SEED=548003 
SEED is set to: 548003
SEED=691265 
SEED is set to: 691265
SEED=51463 
SEED is set to: 51463
SEED=385084 
SEED is set to: 385084
SEED=517140 
SEED is set to: 517140
SEED=63146 
SEED is set to: 63146
SEED=158310 
SEED is set to: 158310
SEED=637927 
SEED is set to: 637927
SEED=763205 
SEED is set to: 763205
SEED=829195 
SEED is set to: 829195
SEED=886993 
SEED is set to: 886993
timeout: the monitored command dumped core
environment: line 1: 3648065 Segmentation fault      timeout ${TIMEOUT}s "$WORKDIR/a.out" > "$TMP_OUT"
SEED=288087 
SEED is set to: 288087
SEED=696395 
SEED is set to: 696395
SEED=54847 
SEED is set to: 54847
SEED=336666 
SEED is set to: 336666
SEED=599564 
SEED is set to: 599564
timeout: the monitored command dumped core
environment: line 1: 3648416 Segmentation fault      timeout ${TIMEOUT}s "$WORKDIR/a.out" > "$TMP_OUT"
SEED=993614 
SEED is set to: 993614
SEED=161605 
SEED is set to: 161605
SEED=450678 
SEED is set to: 450678
timeout: the monitored command dumped core
environment: line 1: 3648597 Segmentation fault      timeout ${TIMEOUT}s "$WORKDIR/a.out" > "$TMP_OUT"
SEED=899522 
SEED is set to: 899522
SEED=111313 
SEED is set to: 111313
timeout: the monitored command dumped core
environment: line 1: 3648670 Segmentation fault      timeout ${TIMEOUT}s "$WORKDIR/a.out" > "$TMP_OUT"
timeout: the monitored command dumped core
environment: line 1: 3648688 Segmentation fault      timeout ${TIMEOUT}s "$WORKDIR/a.out" > "$TMP_OUT"
SEED=583459 
SEED is set to: 583459
SEED=599744 
SEED is set to: 599744
SEED=615687 
SEED is set to: 615687
SEED=194119 
SEED is set to: 194119
SEED=557895 
SEED is set to: 557895
SEED=49052 
SEED is set to: 49052
SEED=171235 
SEED is set to: 171235
SEED=745010 
SEED is set to: 745010
SEED=31116 
SEED is set to: 31116
SEED=89194 
SEED is set to: 89194
timeout: the monitored command dumped core
environment: line 1: 3649210 Segmentation fault      timeout ${TIMEOUT}s "$WORKDIR/a.out" > "$TMP_OUT"
SEED=633305 
SEED is set to: 633305
SEED=828256 
SEED is set to: 828256
SEED=172770 
SEED is set to: 172770
SEED=724423 
SEED is set to: 724423
timeout: the monitored command dumped core
environment: line 1: 3649516 Segmentation fault      timeout ${TIMEOUT}s "$WORKDIR/a.out" > "$TMP_OUT"
SEED=147091 
SEED is set to: 147091
SEED=191885 
SEED is set to: 191885
SEED=517874 
SEED is set to: 517874
SEED=777785 
SEED is set to: 777785
SEED=813762 
SEED is set to: 813762
SEED=59057 
SEED is set to: 59057
SEED=428357 
SEED is set to: 428357
timeout: the monitored command dumped core
environment: line 1: 3649762 Segmentation fault      timeout ${TIMEOUT}s "$WORKDIR/a.out" > "$TMP_OUT"
SEED=665360 
SEED is set to: 665360
SEED=515402 
SEED is set to: 515402
SEED=901081 
SEED is set to: 901081
SEED=911445 
SEED is set to: 911445
SEED=988839 
SEED is set to: 988839
SEED=32836 
SEED is set to: 32836
SEED=28325 
SEED is set to: 28325
SEED=57187 
SEED is set to: 57187
SEED=310462 
SEED is set to: 310462
SEED=385992 
SEED is set to: 385992
SEED=454452 
SEED is set to: 454452
SEED=649520 
SEED is set to: 649520
timeout: the monitored command dumped core
environment: line 1: 3650384 Segmentation fault      timeout ${TIMEOUT}s "$WORKDIR/a.out" > "$TMP_OUT"
timeout: the monitored command dumped core
environment: line 1: 3650408 Segmentation fault      timeout ${TIMEOUT}s "$WORKDIR/a.out" > "$TMP_OUT"
SEED=243996 
SEED is set to: 243996
SEED=540042 
SEED is set to: 540042
SEED=564265 
SEED is set to: 564265
SEED=279710 
SEED is set to: 279710
SEED=490776 
SEED is set to: 490776
SEED=588195 
SEED is set to: 588195
SEED=129210 
SEED is set to: 129210
SEED=206363 
SEED is set to: 206363
SEED=661299 
SEED is set to: 661299
SEED=825209 
SEED is set to: 825209
SEED=999782 
SEED is set to: 999782
SEED=165298 
SEED is set to: 165298
timeout: the monitored command dumped core
environment: line 1: 3650992 Segmentation fault      timeout ${TIMEOUT}s "$WORKDIR/a.out" > "$TMP_OUT"
SEED=313770 
SEED is set to: 313770
SEED=635787 
SEED is set to: 635787
SEED=691802 
SEED is set to: 691802
SEED=725859 
SEED is set to: 725859
SEED=778891 
SEED is set to: 778891
SEED=931579 
SEED is set to: 931579
timeout: the monitored command dumped core
environment: line 1: 3651344 Segmentation fault      timeout ${TIMEOUT}s "$WORKDIR/a.out" > "$TMP_OUT"
SEED=581700 
SEED is set to: 581700
SEED=103548 
SEED is set to: 103548
SEED=134593 
SEED is set to: 134593
SEED=240676 
SEED is set to: 240676
SEED=411561 
SEED is set to: 411561
SEED=455407 
SEED is set to: 455407
SEED=526829 
SEED is set to: 526829
timeout: the monitored command dumped core
environment: line 1: 3651713 Segmentation fault      timeout ${TIMEOUT}s "$WORKDIR/a.out" > "$TMP_OUT"
SEED=584471 
SEED is set to: 584471
SEED=643632 
SEED is set to: 643632
SEED=944594 
SEED is set to: 944594
SEED=223762 
SEED is set to: 223762
SEED=982151 
SEED is set to: 982151
SEED=281590 
SEED is set to: 281590
timeout: the monitored command dumped core
environment: line 1: 3652170 Segmentation fault      timeout ${TIMEOUT}s "$WORKDIR/a.out" > "$TMP_OUT"
SEED=508465 
SEED is set to: 508465
SEED=607124 
SEED is set to: 607124
SEED=858534 
SEED is set to: 858534
timeout: the monitored command dumped core
environment: line 1: 3652207 Segmentation fault      timeout ${TIMEOUT}s "$WORKDIR/a.out" > "$TMP_OUT"
SEED=164516 
SEED is set to: 164516
SEED=208673 
SEED is set to: 208673
timeout: the monitored command dumped core
environment: line 1: 3652390 Segmentation fault      timeout ${TIMEOUT}s "$WORKDIR/a.out" > "$TMP_OUT"
SEED=732797 
SEED is set to: 732797
SEED=905939 
SEED is set to: 905939
SEED=24850 
SEED is set to: 24850
SEED=372438 
SEED is set to: 372438
SEED=428013 
SEED is set to: 428013
SEED=834297 
SEED is set to: 834297
SEED=919668 
SEED is set to: 919668
SEED=291933 
SEED is set to: 291933
SEED=310420 
SEED is set to: 310420
SEED=534482 
SEED is set to: 534482
SEED=251555 
SEED is set to: 251555
SEED=303629 
SEED is set to: 303629
SEED=760097 
SEED is set to: 760097
SEED=145477 
SEED is set to: 145477
SEED=153784 
SEED is set to: 153784
SEED=615260 
SEED is set to: 615260
SEED=733841 
SEED is set to: 733841
SEED=72140 
SEED is set to: 72140
SEED=182983 
SEED is set to: 182983
SEED=209745 
SEED is set to: 209745
SEED=401441 
SEED is set to: 401441
SEED=782628 
SEED is set to: 782628
SEED=18234 
SEED is set to: 18234
timeout: the monitored command dumped core
environment: line 1: 3653423 Segmentation fault      timeout ${TIMEOUT}s "$WORKDIR/a.out" > "$TMP_OUT"
SEED=99470 
SEED is set to: 99470
SEED=586727 
SEED is set to: 586727
SEED=743797 
SEED is set to: 743797
SEED=790765 
SEED is set to: 790765
SEED=879811 
SEED is set to: 879811
timeout: the monitored command dumped core
environment: line 1: 3653572 Segmentation fault      timeout ${TIMEOUT}s "$WORKDIR/a.out" > "$TMP_OUT"
SEED=461042 
SEED is set to: 461042
SEED=461395 
SEED is set to: 461395
SEED=658879 
SEED is set to: 658879
SEED=671956 
SEED is set to: 671956
SEED=167161 
SEED is set to: 167161
SEED=287249 
SEED is set to: 287249
SEED=372717 
SEED is set to: 372717
SEED=438692 
SEED is set to: 438692
SEED=885070 
SEED is set to: 885070
SEED=113987 
SEED is set to: 113987
SEED=848579 
SEED is set to: 848579
SEED=1166 
SEED is set to: 1166
SEED=146776 
SEED is set to: 146776
SEED=403979 
SEED is set to: 403979
SEED=273614 
SEED is set to: 273614
SEED=753967 
SEED is set to: 753967
SEED=903307 
SEED is set to: 903307
SEED=916870 
SEED is set to: 916870
SEED=234071 
SEED is set to: 234071
SEED=305243 
SEED is set to: 305243
SEED=529940 
SEED is set to: 529940
timeout: the monitored command dumped core
environment: line 1: 3654622 Segmentation fault      timeout ${TIMEOUT}s "$WORKDIR/a.out" > "$TMP_OUT"
SEED=848980 
SEED is set to: 848980
timeout: the monitored command dumped core
environment: line 1: 3654658 Segmentation fault      timeout ${TIMEOUT}s "$WORKDIR/a.out" > "$TMP_OUT"
SEED=98896 
SEED is set to: 98896
timeout: the monitored command dumped core
environment: line 1: 3654797 Segmentation fault      timeout ${TIMEOUT}s "$WORKDIR/a.out" > "$TMP_OUT"
SEED=368704 
SEED is set to: 368704
SEED=654211 
SEED is set to: 654211
SEED=838814 
SEED is set to: 838814
SEED=338804 
SEED is set to: 338804
SEED=520993 
SEED is set to: 520993
SEED=939638 
SEED is set to: 939638
SEED=969279 
SEED is set to: 969279
SEED=4044 
SEED is set to: 4044
SEED=302751 
SEED is set to: 302751
SEED=413810 
SEED is set to: 413810
SEED=652800 
SEED is set to: 652800
SEED=26105 
SEED is set to: 26105
SEED=294264 
SEED is set to: 294264
SEED=535298 
SEED is set to: 535298
SEED=773358 
SEED is set to: 773358
SEED=124606 
SEED is set to: 124606
SEED=396467 
SEED is set to: 396467
SEED=894629 
SEED is set to: 894629
SEED=219808 
SEED is set to: 219808
SEED=353778 
SEED is set to: 353778
timeout: the monitored command dumped core
environment: line 1: 3655760 Segmentation fault      timeout ${TIMEOUT}s "$WORKDIR/a.out" > "$TMP_OUT"
SEED=589084 
SEED is set to: 589084
timeout: the monitored command dumped core
environment: line 1: 3655772 Segmentation fault      timeout ${TIMEOUT}s "$WORKDIR/a.out" > "$TMP_OUT"
SEED=830964 
SEED is set to: 830964
SEED=987859 
SEED is set to: 987859
SEED=993234 
SEED is set to: 993234
SEED=377659 
SEED is set to: 377659
SEED=516173 
SEED is set to: 516173
SEED=971481 
SEED is set to: 971481
SEED=6549 
SEED is set to: 6549
SEED=312101 
SEED is set to: 312101
SEED=354442 
SEED is set to: 354442
SEED=594004 
SEED is set to: 594004
timeout: the monitored command dumped core
environment: line 1: 3656181 Segmentation fault      timeout ${TIMEOUT}s "$WORKDIR/a.out" > "$TMP_OUT"
SEED=817490 
SEED is set to: 817490
timeout: the monitored command dumped core
environment: line 1: 3656238 Segmentation fault      timeout ${TIMEOUT}s "$WORKDIR/a.out" > "$TMP_OUT"
SEED=305077 
SEED is set to: 305077
SEED=376987 
SEED is set to: 376987
SEED=603697 
SEED is set to: 603697
SEED=288664 
SEED is set to: 288664
SEED=339118 
SEED is set to: 339118
SEED=464173 
SEED is set to: 464173
SEED=829709 
SEED is set to: 829709
timeout: the monitored command dumped core
environment: line 1: 3656639 Segmentation fault      timeout ${TIMEOUT}s "$WORKDIR/a.out" > "$TMP_OUT"
SEED=962284 
SEED is set to: 962284
timeout: the monitored command dumped core
environment: line 1: 3656719 Segmentation fault      timeout ${TIMEOUT}s "$WORKDIR/a.out" > "$TMP_OUT"
SEED=651073 
SEED is set to: 651073
SEED=664201 
SEED is set to: 664201
SEED=300362 
SEED is set to: 300362
SEED=91641 
SEED is set to: 91641
SEED=160103 
SEED is set to: 160103
SEED=214139 
SEED is set to: 214139
SEED=295459 
SEED is set to: 295459
SEED=557648 
SEED is set to: 557648
SEED=541649 
SEED is set to: 541649
SEED=589907 
SEED is set to: 589907
SEED=684729 
SEED is set to: 684729
SEED=710518 
SEED is set to: 710518
SEED=957791 
SEED is set to: 957791
SEED=53091 
SEED is set to: 53091
SEED=378639 
SEED is set to: 378639
SEED=74694 
SEED is set to: 74694
SEED=228769 
SEED is set to: 228769
SEED=345662 
SEED is set to: 345662
timeout: the monitored command dumped core
environment: line 1: 3657727 Segmentation fault      timeout ${TIMEOUT}s "$WORKDIR/a.out" > "$TMP_OUT"
SEED=63978 
SEED is set to: 63978
SEED=168817 
SEED is set to: 168817
SEED=635725 
SEED is set to: 635725
SEED=659944 
SEED is set to: 659944
SEED=843989 
SEED is set to: 843989
timeout: the monitored command dumped core
environment: line 1: 3658038 Segmentation fault      timeout ${TIMEOUT}s "$WORKDIR/a.out" > "$TMP_OUT"
SEED=481586 
SEED is set to: 481586
SEED=494889 
SEED is set to: 494889
SEED=779506 
SEED is set to: 779506
SEED=981771 
SEED is set to: 981771
SEED=236376 
SEED is set to: 236376
SEED=303434 
SEED is set to: 303434
SEED=359578 
SEED is set to: 359578
SEED=466720 
SEED is set to: 466720
SEED=493658 
SEED is set to: 493658
SEED=664649 
SEED is set to: 664649
SEED=873730 
SEED is set to: 873730
SEED=282878 
SEED is set to: 282878
SEED=815333 
SEED is set to: 815333
SEED=873207 
SEED is set to: 873207
SEED=991904 
SEED is set to: 991904
SEED=261971 
SEED is set to: 261971
SEED=303151 
SEED is set to: 303151
SEED=667646 
SEED is set to: 667646
SEED=5931 
SEED is set to: 5931
SEED=362713 
SEED is set to: 362713
timeout: the monitored command dumped core
environment: line 1: 3659058 Segmentation fault      timeout ${TIMEOUT}s "$WORKDIR/a.out" > "$TMP_OUT"
SEED=787213 
SEED is set to: 787213
SEED=906241 
SEED is set to: 906241
SEED=104169 
SEED is set to: 104169
SEED=394601 
SEED is set to: 394601
SEED=724855 
SEED is set to: 724855
SEED=843983 
SEED is set to: 843983
SEED=193233 
SEED is set to: 193233
SEED=352900 
SEED is set to: 352900
SEED=460505 
SEED is set to: 460505
SEED=513097 
SEED is set to: 513097
timeout: the monitored command dumped core
environment: line 1: 3659492 Segmentation fault      timeout ${TIMEOUT}s "$WORKDIR/a.out" > "$TMP_OUT"
SEED=353033 
SEED is set to: 353033
SEED=486075 
SEED is set to: 486075
SEED=555181 
SEED is set to: 555181
SEED=304879 
SEED is set to: 304879
SEED=423703 
SEED is set to: 423703
SEED=602383 
SEED is set to: 602383
SEED=56023 
SEED is set to: 56023
SEED=57689 
SEED is set to: 57689
timeout: the monitored command dumped core
environment: line 1: 3659894 Segmentation fault      timeout ${TIMEOUT}s "$WORKDIR/a.out" > "$TMP_OUT"
SEED=427939 
SEED is set to: 427939
SEED=807043 
SEED is set to: 807043
SEED=835858 
SEED is set to: 835858
SEED=587392 
SEED is set to: 587392
SEED=687333 
SEED is set to: 687333
SEED=706146 
SEED is set to: 706146
timeout: the monitored command dumped core
environment: line 1: 3660203 Segmentation fault      timeout ${TIMEOUT}s "$WORKDIR/a.out" > "$TMP_OUT"
SEED=364582 
SEED is set to: 364582
SEED=478086 
SEED is set to: 478086
SEED=482041 
SEED is set to: 482041
SEED=944789 
SEED is set to: 944789
SEED=373777 
SEED is set to: 373777
SEED=411377 
SEED is set to: 411377
SEED=268372 
SEED is set to: 268372
timeout: the monitored command dumped core
environment: line 1: 3660684 Segmentation fault      timeout ${TIMEOUT}s "$WORKDIR/a.out" > "$TMP_OUT"
SEED=573333 
SEED is set to: 573333
SEED=713591 
SEED is set to: 713591
SEED=824987 
SEED is set to: 824987
SEED=894873 
SEED is set to: 894873
SEED=29048 
SEED is set to: 29048
SEED=93627 
SEED is set to: 93627
SEED=167381 
SEED is set to: 167381
SEED=149633 
SEED is set to: 149633
SEED=264199 
SEED is set to: 264199
timeout: the monitored command dumped core
environment: line 1: 3661032 Segmentation fault      timeout ${TIMEOUT}s "$WORKDIR/a.out" > "$TMP_OUT"
timeout: the monitored command dumped core
environment: line 1: 3661066 Segmentation fault      timeout ${TIMEOUT}s "$WORKDIR/a.out" > "$TMP_OUT"
SEED=707561 
SEED is set to: 707561
SEED=304837 
SEED is set to: 304837
SEED=926341 
SEED is set to: 926341
SEED=81609 
SEED is set to: 81609
timeout: the monitored command dumped core
environment: line 1: 3661375 Segmentation fault      timeout ${TIMEOUT}s "$WORKDIR/a.out" > "$TMP_OUT"
SEED=469070 
SEED is set to: 469070
SEED=982611 
SEED is set to: 982611
SEED=991871 
SEED is set to: 991871
SEED=599373 
SEED is set to: 599373
SEED=184328 
SEED is set to: 184328
SEED=317364 
SEED is set to: 317364
timeout: the monitored command dumped core
environment: line 1: 3661736 Segmentation fault      timeout ${TIMEOUT}s "$WORKDIR/a.out" > "$TMP_OUT"
SEED=29851 
SEED is set to: 29851
SEED=430694 
SEED is set to: 430694
SEED=492489 
SEED is set to: 492489
SEED=745255 
SEED is set to: 745255
SEED=771811 
SEED is set to: 771811
SEED=824753 
SEED is set to: 824753
SEED=115471 
SEED is set to: 115471
SEED=124144 
SEED is set to: 124144
SEED=201498 
SEED is set to: 201498
SEED=901393 
SEED is set to: 901393
SEED=184502 
SEED is set to: 184502
SEED=213642 
SEED is set to: 213642
SEED=320828 
SEED is set to: 320828
SEED=475979 
SEED is set to: 475979
timeout: the monitored command dumped core
environment: line 1: 3662478 Segmentation fault      timeout ${TIMEOUT}s "$WORKDIR/a.out" > "$TMP_OUT"
SEED=648359 
SEED is set to: 648359
SEED=742097 
SEED is set to: 742097
SEED=93737 
SEED is set to: 93737
SEED=584540 
SEED is set to: 584540
SEED=594798 
SEED is set to: 594798
SEED=127118 
SEED is set to: 127118
SEED=706222 
SEED is set to: 706222
SEED=975009 
SEED is set to: 975009
SEED=995988 
SEED is set to: 995988
SEED=32618 
SEED is set to: 32618
SEED=306493 
SEED is set to: 306493
SEED=566864 
SEED is set to: 566864
SEED=624304 
SEED is set to: 624304
SEED=677348 
SEED is set to: 677348
SEED=243849 
SEED is set to: 243849
SEED=323375 
SEED is set to: 323375
SEED=415221 
SEED is set to: 415221
SEED=757123 
SEED is set to: 757123
timeout: the monitored command dumped core
environment: line 1: 3663396 Segmentation fault      timeout ${TIMEOUT}s "$WORKDIR/a.out" > "$TMP_OUT"
SEED=739019 
SEED is set to: 739019
SEED=24576 
SEED is set to: 24576
SEED=80522 
SEED is set to: 80522
timeout: the monitored command dumped core
environment: line 1: 3663632 Floating point exceptiontimeout ${TIMEOUT}s "$WORKDIR/a.out" > "$TMP_OUT"
SEED=241831 
SEED is set to: 241831
SEED=442258 
SEED is set to: 442258
SEED=625045 
SEED is set to: 625045
SEED=730526 
SEED is set to: 730526
SEED=114548 
SEED is set to: 114548
SEED=440168 
SEED is set to: 440168
SEED=561943 
SEED is set to: 561943
SEED=589731 
SEED is set to: 589731
SEED=310895 
SEED is set to: 310895
SEED=86764 
SEED is set to: 86764
SEED=172057 
SEED is set to: 172057
SEED=379919 
SEED is set to: 379919
SEED=449245 
SEED is set to: 449245
SEED=888530 
SEED is set to: 888530
SEED=169393 
SEED is set to: 169393
SEED=221109 
SEED is set to: 221109
SEED=298377 
SEED is set to: 298377
timeout: the monitored command dumped core
environment: line 1: 3664574 Segmentation fault      timeout ${TIMEOUT}s "$WORKDIR/a.out" > "$TMP_OUT"
SEED=879901 
SEED is set to: 879901
SEED=82108 
SEED is set to: 82108
SEED=514300 
SEED is set to: 514300
SEED=735875 
SEED is set to: 735875
SEED=760255 
SEED is set to: 760255
SEED=971476 
SEED is set to: 971476
timeout: the monitored command dumped core
environment: line 1: 3664817 Segmentation fault      timeout ${TIMEOUT}s "$WORKDIR/a.out" > "$TMP_OUT"
SEED=278983 
SEED is set to: 278983
SEED=444504 
SEED is set to: 444504
SEED=595087 
SEED is set to: 595087
SEED=636904 
SEED is set to: 636904
SEED=793066 
SEED is set to: 793066
SEED=537715 
SEED is set to: 537715
SEED=633953 
SEED is set to: 633953
SEED=831168 
SEED is set to: 831168
timeout: the monitored command dumped core
environment: line 1: 3665229 Segmentation fault      timeout ${TIMEOUT}s "$WORKDIR/a.out" > "$TMP_OUT"
SEED=94071 
SEED is set to: 94071
SEED=173864 
SEED is set to: 173864
SEED=831972 
SEED is set to: 831972
SEED=885724 
SEED is set to: 885724
SEED=185567 
SEED is set to: 185567
SEED=671935 
SEED is set to: 671935
SEED=760709 
SEED is set to: 760709
SEED=786459 
SEED is set to: 786459
SEED=304574 
SEED is set to: 304574
SEED=482560 
SEED is set to: 482560
SEED=623822 
SEED is set to: 623822
SEED=212054 
SEED is set to: 212054
SEED=537774 
SEED is set to: 537774
timeout: the monitored command dumped core
environment: line 1: 3665930 Segmentation fault      timeout ${TIMEOUT}s "$WORKDIR/a.out" > "$TMP_OUT"
SEED=960483 
SEED is set to: 960483
SEED=106601 
SEED is set to: 106601
SEED=388213 
SEED is set to: 388213
SEED=634634 
SEED is set to: 634634
SEED=220329 
SEED is set to: 220329
SEED=350812 
SEED is set to: 350812
SEED=450837 
SEED is set to: 450837
timeout: the monitored command dumped core
environment: line 1: 3666318 Segmentation fault      timeout ${TIMEOUT}s "$WORKDIR/a.out" > "$TMP_OUT"
SEED=790093 
SEED is set to: 790093
timeout: the monitored command dumped core
environment: line 1: 3666385 Segmentation fault      timeout ${TIMEOUT}s "$WORKDIR/a.out" > "$TMP_OUT"
SEED=216931 
SEED is set to: 216931
SEED=388258 
SEED is set to: 388258
SEED=723618 
SEED is set to: 723618
SEED=876506 
SEED is set to: 876506
SEED=970311 
SEED is set to: 970311
SEED=986796 
SEED is set to: 986796
SEED=787574 
SEED is set to: 787574
SEED=789451 
SEED is set to: 789451
SEED=891838 
SEED is set to: 891838
SEED=421579 
SEED is set to: 421579
SEED=541238 
SEED is set to: 541238
timeout: the monitored command dumped core
environment: line 1: 3666863 Segmentation fault      timeout ${TIMEOUT}s "$WORKDIR/a.out" > "$TMP_OUT"
SEED=196311 
SEED is set to: 196311
SEED=231338 
SEED is set to: 231338
SEED=289354 
SEED is set to: 289354
SEED=303386 
SEED is set to: 303386
timeout: the monitored command dumped core
environment: line 1: 3666978 Segmentation fault      timeout ${TIMEOUT}s "$WORKDIR/a.out" > "$TMP_OUT"
timeout: the monitored command dumped core
environment: line 1: 3666992 Segmentation fault      timeout ${TIMEOUT}s "$WORKDIR/a.out" > "$TMP_OUT"
timeout: the monitored command dumped core
environment: line 1: 3666985 Segmentation fault      timeout ${TIMEOUT}s "$WORKDIR/a.out" > "$TMP_OUT"
SEED=59890 
SEED is set to: 59890
SEED=499435 
SEED is set to: 499435
SEED=939176 
SEED is set to: 939176
SEED=213853 
SEED is set to: 213853
SEED=346987 
SEED is set to: 346987
SEED=502058 
SEED is set to: 502058
SEED=751292 
SEED is set to: 751292
SEED=162356 
SEED is set to: 162356
SEED=688285 
SEED is set to: 688285
SEED=868241 
SEED is set to: 868241
SEED=942992 
SEED is set to: 942992
SEED=6129 
SEED is set to: 6129
timeout: the monitored command dumped core
environment: line 1: 3667737 Segmentation fault      timeout ${TIMEOUT}s "$WORKDIR/a.out" > "$TMP_OUT"
SEED=445894 
SEED is set to: 445894
SEED=66180 
SEED is set to: 66180
double free or corruption (out)
timeout: the monitored command dumped core
environment: line 1: 3667897 Aborted                 timeout ${TIMEOUT}s "$WORKDIR/a.out" > "$TMP_OUT"
SEED=242260 
SEED is set to: 242260
SEED=574724 
SEED is set to: 574724
SEED=592648 
SEED is set to: 592648
timeout: the monitored command dumped core
environment: line 1: 3668010 Segmentation fault      timeout ${TIMEOUT}s "$WORKDIR/a.out" > "$TMP_OUT"
SEED=17742 
SEED is set to: 17742
SEED=134136 
SEED is set to: 134136
timeout: the monitored command dumped core
environment: line 1: 3668146 Segmentation fault      timeout ${TIMEOUT}s "$WORKDIR/a.out" > "$TMP_OUT"
SEED=490041 
SEED is set to: 490041
SEED=954177 
SEED is set to: 954177
SEED=131205 
SEED is set to: 131205
timeout: the monitored command dumped core
environment: line 1: 3668311 Segmentation fault      timeout ${TIMEOUT}s "$WORKDIR/a.out" > "$TMP_OUT"
SEED=508164 
SEED is set to: 508164
SEED=523090 
SEED is set to: 523090
SEED=733078 
SEED is set to: 733078
SEED=36405 
SEED is set to: 36405
SEED=438977 
SEED is set to: 438977
SEED=956281 
SEED is set to: 956281
SEED=117278 
SEED is set to: 117278
SEED=385917 
SEED is set to: 385917
timeout: the monitored command dumped core
environment: line 1: 3668753 Segmentation fault      timeout ${TIMEOUT}s "$WORKDIR/a.out" > "$TMP_OUT"
SEED=876750 
SEED is set to: 876750
SEED=164787 
SEED is set to: 164787
SEED=261334 
SEED is set to: 261334
SEED=341231 
SEED is set to: 341231
SEED=550149 
SEED is set to: 550149
SEED=265640 
SEED is set to: 265640
SEED=306692 
SEED is set to: 306692
SEED=453991 
SEED is set to: 453991
SEED=583236 
SEED is set to: 583236
SEED=888176 
SEED is set to: 888176
SEED=975839 
SEED is set to: 975839
SEED=979046 
SEED is set to: 979046
SEED=536445 
SEED is set to: 536445
SEED=108363 
SEED is set to: 108363
SEED=213385 
SEED is set to: 213385
SEED=247739 
SEED is set to: 247739
SEED=429835 
SEED is set to: 429835
SEED=530109 
SEED is set to: 530109
SEED=632836 
SEED is set to: 632836
timeout: the monitored command dumped core
environment: line 1: 3669561 Segmentation fault      timeout ${TIMEOUT}s "$WORKDIR/a.out" > "$TMP_OUT"
SEED=354202 
SEED is set to: 354202
SEED=477018 
SEED is set to: 477018
SEED=843990 
SEED is set to: 843990
SEED=935230 
SEED is set to: 935230
SEED=13195 
SEED is set to: 13195
SEED=41980 
SEED is set to: 41980
SEED=477166 
SEED is set to: 477166
SEED=931277 
SEED is set to: 931277
SEED=961553 
SEED is set to: 961553
SEED=521064 
SEED is set to: 521064
SEED=244070 
SEED is set to: 244070
SEED=468358 
SEED is set to: 468358
SEED=502937 
SEED is set to: 502937
SEED=711928 
SEED is set to: 711928
SEED=765003 
SEED is set to: 765003
SEED=130788 
SEED is set to: 130788
SEED=189733 
SEED is set to: 189733
timeout: the monitored command dumped core
environment: line 1: 3670498 Segmentation fault      timeout ${TIMEOUT}s "$WORKDIR/a.out" > "$TMP_OUT"
SEED=770897 
SEED is set to: 770897
SEED=943622 
SEED is set to: 943622
SEED=90025 
SEED is set to: 90025
SEED=367997 
SEED is set to: 367997
SEED=160035 
SEED is set to: 160035
SEED=379726 
SEED is set to: 379726
SEED=406014 
SEED is set to: 406014
SEED=768401 
SEED is set to: 768401
SEED=798920 
SEED is set to: 798920
SEED=136467 
SEED is set to: 136467
SEED=461972 
SEED is set to: 461972
SEED=471303 
SEED is set to: 471303
timeout: the monitored command dumped core
environment: line 1: 3671026 Segmentation fault      timeout ${TIMEOUT}s "$WORKDIR/a.out" > "$TMP_OUT"
SEED=845214 
SEED is set to: 845214
SEED=900175 
SEED is set to: 900175
SEED=152727 
SEED is set to: 152727
SEED=409648 
SEED is set to: 409648
SEED=843672 
SEED is set to: 843672
SEED=939141 
SEED is set to: 939141
SEED=267974 
SEED is set to: 267974
SEED=344176 
SEED is set to: 344176
SEED=655127 
SEED is set to: 655127
SEED=706001 
SEED is set to: 706001
SEED=821310 
SEED is set to: 821310
SEED=940570 
SEED is set to: 940570
timeout: the monitored command dumped core
environment: line 1: 3671571 Segmentation fault      timeout ${TIMEOUT}s "$WORKDIR/a.out" > "$TMP_OUT"
SEED=584901 
SEED is set to: 584901
SEED=644763 
SEED is set to: 644763
SEED=760565 
SEED is set to: 760565
SEED=342569 
SEED is set to: 342569
SEED=371687 
SEED is set to: 371687
SEED=623946 
SEED is set to: 623946
SEED=87158 
SEED is set to: 87158
SEED=233531 
SEED is set to: 233531
SEED=654709 
SEED is set to: 654709
SEED=758154 
SEED is set to: 758154
SEED=901985 
SEED is set to: 901985
SEED=944434 
SEED is set to: 944434
SEED=523018 
SEED is set to: 523018
SEED=598932 
SEED is set to: 598932
SEED=811784 
SEED is set to: 811784
SEED=221320 
SEED is set to: 221320
SEED=234721 
SEED is set to: 234721
SEED=276903 
SEED is set to: 276903
SEED=333573 
SEED is set to: 333573
timeout: the monitored command dumped core
environment: line 1: 3672377 Segmentation fault      timeout ${TIMEOUT}s "$WORKDIR/a.out" > "$TMP_OUT"
timeout: the monitored command dumped core
environment: line 1: 3672402 Segmentation fault      timeout ${TIMEOUT}s "$WORKDIR/a.out" > "$TMP_OUT"
timeout: the monitored command dumped core
environment: line 1: 3672395 Segmentation fault      timeout ${TIMEOUT}s "$WORKDIR/a.out" > "$TMP_OUT"
SEED=164353 
SEED is set to: 164353
SEED=452309 
SEED is set to: 452309
SEED=764129 
SEED is set to: 764129
timeout: the monitored command dumped core
environment: line 1: 3672582 Segmentation fault      timeout ${TIMEOUT}s "$WORKDIR/a.out" > "$TMP_OUT"
SEED=941982 
SEED is set to: 941982
SEED=53716 
SEED is set to: 53716
SEED=178123 
SEED is set to: 178123
SEED=467063 
SEED is set to: 467063
SEED=673096 
SEED is set to: 673096
SEED=823736 
SEED is set to: 823736
SEED=153488 
SEED is set to: 153488
SEED=170288 
SEED is set to: 170288
SEED=959735 
SEED is set to: 959735
SEED=3505 
SEED is set to: 3505
timeout: the monitored command dumped core
environment: line 1: 3673111 Segmentation fault      timeout ${TIMEOUT}s "$WORKDIR/a.out" > "$TMP_OUT"
SEED=424348 
SEED is set to: 424348
SEED=745255 
SEED is set to: 745255
timeout: the monitored command dumped core
environment: line 1: 3673168 Segmentation fault      timeout ${TIMEOUT}s "$WORKDIR/a.out" > "$TMP_OUT"
SEED=896222 
SEED is set to: 896222
timeout: the monitored command dumped core
environment: line 1: 3673208 Segmentation fault      timeout ${TIMEOUT}s "$WORKDIR/a.out" > "$TMP_OUT"
SEED=109197 
SEED is set to: 109197
SEED=125905 
SEED is set to: 125905
SEED=631313 
SEED is set to: 631313
SEED=15533 
SEED is set to: 15533
SEED=408672 
SEED is set to: 408672
SEED=581863 
SEED is set to: 581863
SEED=688437 
SEED is set to: 688437
SEED=824666 
SEED is set to: 824666
timeout: the monitored command dumped core
environment: line 1: 3673618 Segmentation fault      timeout ${TIMEOUT}s "$WORKDIR/a.out" > "$TMP_OUT"
SEED=420597 
SEED is set to: 420597
SEED=741541 
SEED is set to: 741541
SEED=962067 
SEED is set to: 962067
SEED=169395 
SEED is set to: 169395
SEED=194931 
SEED is set to: 194931
SEED=572785 
SEED is set to: 572785
timeout: the monitored command dumped core
environment: line 1: 3673880 Segmentation fault      timeout ${TIMEOUT}s "$WORKDIR/a.out" > "$TMP_OUT"
SEED=782994 
SEED is set to: 782994
SEED=949888 
SEED is set to: 949888
SEED=203748 
SEED is set to: 203748
SEED=490533 
SEED is set to: 490533
SEED=842200 
SEED is set to: 842200
SEED=927750 
SEED is set to: 927750
SEED=150142 
SEED is set to: 150142
SEED=359129 
SEED is set to: 359129
SEED=580431 
SEED is set to: 580431
SEED=166538 
SEED is set to: 166538
SEED=465398 
SEED is set to: 465398
SEED=810060 
SEED is set to: 810060
SEED=53778 
SEED is set to: 53778
SEED=90619 
SEED is set to: 90619
SEED=199980 
SEED is set to: 199980
timeout: the monitored command dumped core
environment: line 1: 3674590 Segmentation fault      timeout ${TIMEOUT}s "$WORKDIR/a.out" > "$TMP_OUT"
SEED=666452 
SEED is set to: 666452
SEED=30318 
SEED is set to: 30318
SEED=239113 
SEED is set to: 239113
SEED=698033 
SEED is set to: 698033
SEED=50622 
SEED is set to: 50622
SEED=90599 
SEED is set to: 90599
SEED=100935 
SEED is set to: 100935
SEED=650066 
SEED is set to: 650066
SEED=973567 
SEED is set to: 973567
SEED=138167 
SEED is set to: 138167
SEED=345814 
SEED is set to: 345814
SEED=62823 
SEED is set to: 62823
SEED=430207 
SEED is set to: 430207
SEED=458575 
SEED is set to: 458575
SEED=649471 
SEED is set to: 649471
SEED=633061 
SEED is set to: 633061
SEED=770796 
SEED is set to: 770796
SEED=843967 
SEED is set to: 843967
SEED=64653 
SEED is set to: 64653
SEED=93272 
SEED is set to: 93272
SEED=120743 
SEED is set to: 120743
timeout: the monitored command dumped core
environment: line 1: 3675672 Segmentation fault      timeout ${TIMEOUT}s "$WORKDIR/a.out" > "$TMP_OUT"
timeout: the monitored command dumped core
environment: line 1: 3675708 Segmentation fault      timeout ${TIMEOUT}s "$WORKDIR/a.out" > "$TMP_OUT"
SEED=787243 
SEED is set to: 787243
SEED=262729 
SEED is set to: 262729
SEED=350433 
SEED is set to: 350433
SEED=352842 
SEED is set to: 352842
SEED=416763 
SEED is set to: 416763
timeout: the monitored command dumped core
environment: line 1: 3675847 Segmentation fault      timeout ${TIMEOUT}s "$WORKDIR/a.out" > "$TMP_OUT"
SEED=738987 
SEED is set to: 738987
SEED=981432 
SEED is set to: 981432
SEED=508673 
SEED is set to: 508673
SEED=752763 
SEED is set to: 752763
SEED=893497 
SEED is set to: 893497
SEED=964917 
SEED is set to: 964917
SEED=992413 
SEED is set to: 992413
double free or corruption (out)
timeout: the monitored command dumped core
environment: line 1: 3676149 Segmentation fault      timeout ${TIMEOUT}s "$WORKDIR/a.out" > "$TMP_OUT"
timeout: the monitored command dumped core
environment: line 1: 3676233 Aborted                 timeout ${TIMEOUT}s "$WORKDIR/a.out" > "$TMP_OUT"
SEED=305930 
SEED is set to: 305930
SEED=432219 
SEED is set to: 432219
SEED=201084 
SEED is set to: 201084
SEED=509175 
SEED is set to: 509175
SEED=582850 
SEED is set to: 582850
SEED=903732 
SEED is set to: 903732
timeout: the monitored command dumped core
environment: line 1: 3676552 Segmentation fault      timeout ${TIMEOUT}s "$WORKDIR/a.out" > "$TMP_OUT"
SEED=443520 
SEED is set to: 443520
SEED=679956 
SEED is set to: 679956
SEED=907950 
SEED is set to: 907950
SEED=275970 
SEED is set to: 275970
SEED=459013 
SEED is set to: 459013
SEED=62032 
SEED is set to: 62032
SEED=138840 
SEED is set to: 138840
SEED=202150 
SEED is set to: 202150
SEED=368235 
SEED is set to: 368235
SEED=451051 
SEED is set to: 451051
timeout: the monitored command dumped core
environment: line 1: 3677137 Segmentation fault      timeout ${TIMEOUT}s "$WORKDIR/a.out" > "$TMP_OUT"
SEED=387503 
SEED is set to: 387503
SEED=473727 
SEED is set to: 473727
SEED=485288 
SEED is set to: 485288
SEED=502374 
SEED is set to: 502374
SEED=604056 
SEED is set to: 604056
SEED=616678 
SEED is set to: 616678
timeout: the monitored command dumped core
environment: line 1: 3677213 Segmentation fault      timeout ${TIMEOUT}s "$WORKDIR/a.out" > "$TMP_OUT"
SEED=203886 
SEED is set to: 203886
SEED=756538 
SEED is set to: 756538
SEED=871756 
SEED is set to: 871756
SEED=951414 
SEED is set to: 951414
SEED=985094 
SEED is set to: 985094
SEED=72863 
SEED is set to: 72863
SEED=147018 
SEED is set to: 147018
timeout: the monitored command dumped core
environment: line 1: 3677567 Segmentation fault      timeout ${TIMEOUT}s "$WORKDIR/a.out" > "$TMP_OUT"
SEED=159403 
SEED is set to: 159403
SEED=411199 
SEED is set to: 411199
SEED=660665 
SEED is set to: 660665
SEED=675669 
SEED is set to: 675669
SEED=733960 
SEED is set to: 733960
SEED=744381 
SEED is set to: 744381
SEED=32746 
SEED is set to: 32746
SEED=754784 
SEED is set to: 754784
SEED=214302 
SEED is set to: 214302
SEED=239859 
SEED is set to: 239859
SEED=329156 
SEED is set to: 329156
SEED=337304 
SEED is set to: 337304
SEED=450761 
SEED is set to: 450761
timeout: the monitored command dumped core
environment: line 1: 3678217 Segmentation fault      timeout ${TIMEOUT}s "$WORKDIR/a.out" > "$TMP_OUT"
SEED=533484 
SEED is set to: 533484
SEED=612845 
SEED is set to: 612845
SEED=103786 
SEED is set to: 103786
SEED=182675 
SEED is set to: 182675
timeout: the monitored command dumped core
environment: line 1: 3678602 Segmentation fault      timeout ${TIMEOUT}s "$WORKDIR/a.out" > "$TMP_OUT"
SEED=820609 
SEED is set to: 820609
SEED=78436 
SEED is set to: 78436
SEED=358683 
SEED is set to: 358683
SEED=397658 
SEED is set to: 397658
SEED=970836 
SEED is set to: 970836
SEED=382615 
SEED is set to: 382615
SEED=618581 
SEED is set to: 618581
SEED=702904 
SEED is set to: 702904
SEED=725337 
SEED is set to: 725337
SEED=799200 
SEED is set to: 799200
SEED=863811 
SEED is set to: 863811
SEED=928307 
SEED is set to: 928307
timeout: the monitored command dumped core
environment: line 1: 3679097 Segmentation fault      timeout ${TIMEOUT}s "$WORKDIR/a.out" > "$TMP_OUT"
timeout: the monitored command dumped core
environment: line 1: 3679108 Segmentation fault      timeout ${TIMEOUT}s "$WORKDIR/a.out" > "$TMP_OUT"
SEED=857605 
SEED is set to: 857605
SEED=929293 
SEED is set to: 929293
SEED=68143 
SEED is set to: 68143
SEED=217865 
SEED is set to: 217865
SEED=293666 
SEED is set to: 293666
SEED=452042 
SEED is set to: 452042
SEED=623682 
SEED is set to: 623682
SEED=384718 
SEED is set to: 384718
SEED=725295 
SEED is set to: 725295
timeout: the monitored command dumped core
environment: line 1: 3679633 Segmentation fault      timeout ${TIMEOUT}s "$WORKDIR/a.out" > "$TMP_OUT"
SEED=984418 
SEED is set to: 984418
SEED=264134 
SEED is set to: 264134
SEED=387267 
SEED is set to: 387267
SEED=701482 
SEED is set to: 701482
SEED=89493 
SEED is set to: 89493
SEED=107297 
SEED is set to: 107297
SEED=323084 
SEED is set to: 323084
SEED=724397 
SEED is set to: 724397
SEED=203433 
SEED is set to: 203433
SEED=323162 
SEED is set to: 323162
SEED=632036 
SEED is set to: 632036
timeout: the monitored command dumped core
environment: line 1: 3680142 Segmentation fault      timeout ${TIMEOUT}s "$WORKDIR/a.out" > "$TMP_OUT"
SEED=684865 
SEED is set to: 684865
SEED=716422 
SEED is set to: 716422
SEED=729438 
SEED is set to: 729438
SEED=871252 
SEED is set to: 871252
SEED=103125 
SEED is set to: 103125
SEED=172883 
SEED is set to: 172883
SEED=226965 
SEED is set to: 226965
SEED=274821 
SEED is set to: 274821
SEED=926566 
SEED is set to: 926566
SEED=498070 
SEED is set to: 498070
SEED=726501 
SEED is set to: 726501
timeout: the monitored command dumped core
environment: line 1: 3680747 Segmentation fault      timeout ${TIMEOUT}s "$WORKDIR/a.out" > "$TMP_OUT"
SEED=274755 
SEED is set to: 274755
SEED=735110 
SEED is set to: 735110
SEED=766589 
SEED is set to: 766589
SEED=779558 
SEED is set to: 779558
timeout: the monitored command dumped core
environment: line 1: 3680934 Segmentation fault      timeout ${TIMEOUT}s "$WORKDIR/a.out" > "$TMP_OUT"
timeout: the monitored command dumped core
environment: line 1: 3680910 Segmentation fault      timeout ${TIMEOUT}s "$WORKDIR/a.out" > "$TMP_OUT"
SEED=312601 
SEED is set to: 312601
SEED=400265 
SEED is set to: 400265
SEED=801193 
SEED is set to: 801193
SEED=940781 
SEED is set to: 940781
SEED=196049 
SEED is set to: 196049
SEED=346203 
SEED is set to: 346203
SEED=416602 
SEED is set to: 416602
SEED=435654 
SEED is set to: 435654
timeout: the monitored command dumped core
environment: line 1: 3681211 Segmentation fault      timeout ${TIMEOUT}s "$WORKDIR/a.out" > "$TMP_OUT"
timeout: the monitored command dumped core
environment: line 1: 3681281 Segmentation fault      timeout ${TIMEOUT}s "$WORKDIR/a.out" > "$TMP_OUT"
SEED=83025 
SEED is set to: 83025
timeout: the monitored command dumped core
environment: line 1: 3681374 Segmentation fault      timeout ${TIMEOUT}s "$WORKDIR/a.out" > "$TMP_OUT"
SEED=481295 
SEED is set to: 481295
SEED=623624 
SEED is set to: 623624
SEED=3213 
SEED is set to: 3213
SEED=123365 
SEED is set to: 123365
SEED=168675 
SEED is set to: 168675
timeout: the monitored command dumped core
environment: line 1: 3681593 Segmentation fault      timeout ${TIMEOUT}s "$WORKDIR/a.out" > "$TMP_OUT"
SEED=847782 
SEED is set to: 847782
SEED=912336 
SEED is set to: 912336
SEED=914864 
SEED is set to: 914864
timeout: the monitored command dumped core
environment: line 1: 3681721 Segmentation fault      timeout ${TIMEOUT}s "$WORKDIR/a.out" > "$TMP_OUT"
SEED=47365 
SEED is set to: 47365
SEED=751351 
SEED is set to: 751351
SEED=762505 
SEED is set to: 762505
SEED=967617 
SEED is set to: 967617
SEED=197283 
SEED is set to: 197283
SEED=335614 
SEED is set to: 335614
SEED=409657 
SEED is set to: 409657
SEED=81190 
SEED is set to: 81190
SEED=203526 
SEED is set to: 203526
SEED=400230 
SEED is set to: 400230
SEED=538754 
SEED is set to: 538754
timeout: the monitored command dumped core
environment: line 1: 3682197 Segmentation fault      timeout ${TIMEOUT}s "$WORKDIR/a.out" > "$TMP_OUT"
SEED=63546 
SEED is set to: 63546
SEED=98769 
SEED is set to: 98769
SEED=291981 
SEED is set to: 291981
SEED=727578 
SEED is set to: 727578
timeout: the monitored command dumped core
environment: line 1: 3682461 Segmentation fault      timeout ${TIMEOUT}s "$WORKDIR/a.out" > "$TMP_OUT"
SEED=281246 
SEED is set to: 281246
SEED=420054 
SEED is set to: 420054
SEED=816206 
SEED is set to: 816206
free(): invalid size
SEED=86667 
SEED is set to: 86667
timeout: the monitored command dumped core
environment: line 1: 3682667 Aborted                 timeout ${TIMEOUT}s "$WORKDIR/a.out" > "$TMP_OUT"
SEED=182089 
SEED is set to: 182089
SEED=338383 
SEED is set to: 338383
SEED=673903 
SEED is set to: 673903
SEED=189904 
SEED is set to: 189904
SEED=396693 
SEED is set to: 396693
SEED=634985 
SEED is set to: 634985
SEED=956959 
SEED is set to: 956959
SEED=311935 
SEED is set to: 311935
SEED=613525 
SEED is set to: 613525
SEED=657453 
SEED is set to: 657453
SEED=665276 
SEED is set to: 665276
SEED=243846 
SEED is set to: 243846
SEED=432127 
SEED is set to: 432127
SEED=731741 
SEED is set to: 731741
timeout: the monitored command dumped core
environment: line 1: 3683388 Floating point exceptiontimeout ${TIMEOUT}s "$WORKDIR/a.out" > "$TMP_OUT"
SEED=241739 
SEED is set to: 241739
SEED=364209 
SEED is set to: 364209
SEED=35291 
SEED is set to: 35291
SEED=87688 
SEED is set to: 87688
SEED=252900 
SEED is set to: 252900
timeout: the monitored command dumped core
environment: line 1: 3683598 Segmentation fault      timeout ${TIMEOUT}s "$WORKDIR/a.out" > "$TMP_OUT"
SEED=492860 
SEED is set to: 492860
SEED=523390 
SEED is set to: 523390
timeout: the monitored command dumped core
environment: line 1: 3683606 Segmentation fault      timeout ${TIMEOUT}s "$WORKDIR/a.out" > "$TMP_OUT"
SEED=833022 
SEED is set to: 833022
SEED=951259 
SEED is set to: 951259
SEED=637916 
SEED is set to: 637916
SEED=720474 
SEED is set to: 720474
SEED=865644 
SEED is set to: 865644
SEED=131638 
SEED is set to: 131638
SEED=387598 
SEED is set to: 387598
timeout: the monitored command dumped core
environment: line 1: 3683872 Segmentation fault      timeout ${TIMEOUT}s "$WORKDIR/a.out" > "$TMP_OUT"
SEED=747899 
SEED is set to: 747899
SEED=830775 
SEED is set to: 830775
SEED=327145 
SEED is set to: 327145
SEED=542444 
SEED is set to: 542444
SEED=676184 
SEED is set to: 676184
SEED=686250 
SEED is set to: 686250
timeout: the monitored command dumped core
environment: line 1: 3684322 Segmentation fault      timeout ${TIMEOUT}s "$WORKDIR/a.out" > "$TMP_OUT"
SEED=363829 
SEED is set to: 363829
SEED=650856 
SEED is set to: 650856
SEED=695844 
SEED is set to: 695844
timeout: the monitored command dumped core
environment: line 1: 3684483 Segmentation fault      timeout ${TIMEOUT}s "$WORKDIR/a.out" > "$TMP_OUT"
SEED=932615 
SEED is set to: 932615
timeout: the monitored command dumped core
environment: line 1: 3684492 Segmentation fault      timeout ${TIMEOUT}s "$WORKDIR/a.out" > "$TMP_OUT"
SEED=86655 
SEED is set to: 86655
SEED=198194 
SEED is set to: 198194
timeout: the monitored command dumped core
environment: line 1: 3684596 Segmentation fault      timeout ${TIMEOUT}s "$WORKDIR/a.out" > "$TMP_OUT"
SEED=775884 
SEED is set to: 775884
SEED=874321 
SEED is set to: 874321
SEED=547929 
SEED is set to: 547929
SEED=737418 
SEED is set to: 737418
SEED=912599 
SEED is set to: 912599
SEED=169054 
SEED is set to: 169054
SEED=481731 
SEED is set to: 481731
SEED=677081 
SEED is set to: 677081
SEED=798385 
SEED is set to: 798385
SEED=866540 
SEED is set to: 866540
SEED=68125 
SEED is set to: 68125
timeout: the monitored command dumped core
environment: line 1: 3685215 Segmentation fault      timeout ${TIMEOUT}s "$WORKDIR/a.out" > "$TMP_OUT"
SEED=299285 
SEED is set to: 299285
SEED=782327 
SEED is set to: 782327
SEED=8405 
SEED is set to: 8405
SEED=289920 
SEED is set to: 289920
SEED=702164 
SEED is set to: 702164
timeout: the monitored command dumped core
environment: line 1: 3685575 Segmentation fault      timeout ${TIMEOUT}s "$WORKDIR/a.out" > "$TMP_OUT"
SEED=354595 
SEED is set to: 354595
SEED=408942 
SEED is set to: 408942
SEED=459986 
SEED is set to: 459986
SEED=707235 
SEED is set to: 707235
SEED=36930 
SEED is set to: 36930
SEED=477599 
SEED is set to: 477599
SEED=577052 
SEED is set to: 577052
SEED=974765 
SEED is set to: 974765
SEED=981218 
SEED is set to: 981218
SEED=90468 
SEED is set to: 90468
SEED=554716 
SEED is set to: 554716
SEED=77430 
SEED is set to: 77430
SEED=107429 
SEED is set to: 107429
SEED=155121 
SEED is set to: 155121
SEED=172050 
SEED is set to: 172050
SEED=302319 
SEED is set to: 302319
SEED=758998 
SEED is set to: 758998
SEED=810225 
SEED is set to: 810225
SEED=820778 
SEED is set to: 820778
SEED=445277 
SEED is set to: 445277
SEED=520540 
SEED is set to: 520540
SEED=593645 
SEED is set to: 593645
SEED=768370 
SEED is set to: 768370
SEED=259522 
SEED is set to: 259522
SEED=407609 
SEED is set to: 407609
SEED=945257 
SEED is set to: 945257
SEED=76119 
SEED is set to: 76119
SEED=167359 
SEED is set to: 167359
SEED=609049 
SEED is set to: 609049
SEED=718095 
SEED is set to: 718095
SEED=134097 
SEED is set to: 134097
SEED=320917 
SEED is set to: 320917
SEED=524105 
SEED is set to: 524105
SEED=532805 
SEED is set to: 532805
SEED=732205 
SEED is set to: 732205
SEED=120598 
SEED is set to: 120598
SEED=364295 
SEED is set to: 364295
SEED=154606 
SEED is set to: 154606
SEED=164853 
SEED is set to: 164853
SEED=658402 
SEED is set to: 658402
SEED=773857 
SEED is set to: 773857
SEED=879117 
SEED is set to: 879117
SEED=58752 
SEED is set to: 58752
SEED=394245 
SEED is set to: 394245
SEED=782933 
SEED is set to: 782933
SEED=941644 
SEED is set to: 941644
SEED=80993 
SEED is set to: 80993
timeout: the monitored command dumped core
environment: line 1: 3687778 Segmentation fault      timeout ${TIMEOUT}s "$WORKDIR/a.out" > "$TMP_OUT"
SEED=257850 
SEED is set to: 257850
SEED=560613 
SEED is set to: 560613
SEED=597161 
SEED is set to: 597161
SEED=715158 
SEED is set to: 715158
SEED=976401 
SEED is set to: 976401
SEED=144176 
SEED is set to: 144176
timeout: the monitored command dumped core
environment: line 1: 3688014 Segmentation fault      timeout ${TIMEOUT}s "$WORKDIR/a.out" > "$TMP_OUT"
SEED=486243 
SEED is set to: 486243
SEED=752786 
SEED is set to: 752786
SEED=882619 
SEED is set to: 882619
SEED=105541 
SEED is set to: 105541
SEED=241144 
SEED is set to: 241144
SEED=667008 
SEED is set to: 667008
SEED=762918 
SEED is set to: 762918
SEED=485966 
SEED is set to: 485966
SEED=503797 
SEED is set to: 503797
SEED=617321 
SEED is set to: 617321
SEED=708183 
SEED is set to: 708183
timeout: the monitored command dumped core
environment: line 1: 3688552 Segmentation fault      timeout ${TIMEOUT}s "$WORKDIR/a.out" > "$TMP_OUT"
SEED=89051 
SEED is set to: 89051
SEED=346131 
SEED is set to: 346131
a.out: malloc.c:2617: sysmalloc: Assertion `(old_top == initial_top (av) && old_size == 0) || ((unsigned long) (old_size) >= MINSIZE && prev_inuse (old_top) && ((unsigned long) old_end & (pagesize - 1)) == 0)' failed.
timeout: the monitored command dumped core
environment: line 1: 3688703 Aborted                 timeout ${TIMEOUT}s "$WORKDIR/a.out" > "$TMP_OUT"
SEED=607757 
SEED is set to: 607757
SEED=927659 
SEED is set to: 927659
timeout: the monitored command dumped core
environment: line 1: 3688746 Segmentation fault      timeout ${TIMEOUT}s "$WORKDIR/a.out" > "$TMP_OUT"
SEED=236395 
SEED is set to: 236395
SEED=322787 
SEED is set to: 322787
SEED=402616 
SEED is set to: 402616
SEED=873664 
SEED is set to: 873664
SEED=990234 
SEED is set to: 990234
SEED=494634 
SEED is set to: 494634
SEED=783066 
SEED is set to: 783066
SEED=795651 
SEED is set to: 795651
SEED=53419 
SEED is set to: 53419
SEED=490218 
SEED is set to: 490218
SEED=933669 
SEED is set to: 933669
SEED=283691 
SEED is set to: 283691
SEED=585702 
SEED is set to: 585702
SEED=667077 
SEED is set to: 667077
SEED=312895 
SEED is set to: 312895
SEED=500340 
SEED is set to: 500340
SEED=776924 
SEED is set to: 776924
SEED=783276 
SEED is set to: 783276
SEED=905170 
SEED is set to: 905170
SEED=934332 
SEED is set to: 934332
SEED=111917 
SEED is set to: 111917
SEED=670288 
SEED is set to: 670288
SEED=816928 
SEED is set to: 816928
SEED=834627 
SEED is set to: 834627
SEED=263896 
SEED is set to: 263896
SEED=280545 
SEED is set to: 280545
SEED=458859 
SEED is set to: 458859
SEED=179506 
SEED is set to: 179506
SEED=661122 
SEED is set to: 661122
SEED=902272 
SEED is set to: 902272
SEED=971199 
SEED is set to: 971199
SEED=239194 
SEED is set to: 239194
timeout: the monitored command dumped core
environment: line 1: 3690337 Segmentation fault      timeout ${TIMEOUT}s "$WORKDIR/a.out" > "$TMP_OUT"
timeout: the monitored command dumped core
environment: line 1: 3690353 Segmentation fault      timeout ${TIMEOUT}s "$WORKDIR/a.out" > "$TMP_OUT"
SEED=622781 
SEED is set to: 622781
SEED=707706 
SEED is set to: 707706
SEED=800916 
SEED is set to: 800916
timeout: the monitored command dumped core
environment: line 1: 3690484 Segmentation fault      timeout ${TIMEOUT}s "$WORKDIR/a.out" > "$TMP_OUT"
timeout: the monitored command dumped core
environment: line 1: 3690448 Segmentation fault      timeout ${TIMEOUT}s "$WORKDIR/a.out" > "$TMP_OUT"
timeout: the monitored command dumped core
environment: line 1: 3690490 Segmentation fault      timeout ${TIMEOUT}s "$WORKDIR/a.out" > "$TMP_OUT"
SEED=493454 
SEED is set to: 493454
SEED=53440 
SEED is set to: 53440
SEED=117774 
SEED is set to: 117774
SEED=294925 
SEED is set to: 294925
SEED=440629 
SEED is set to: 440629
SEED=608603 
SEED is set to: 608603
SEED=716688 
SEED is set to: 716688
timeout: the monitored command dumped core
environment: line 1: 3690769 Segmentation fault      timeout ${TIMEOUT}s "$WORKDIR/a.out" > "$TMP_OUT"
SEED=698429 
SEED is set to: 698429
SEED=805113 
SEED is set to: 805113
SEED=136665 
SEED is set to: 136665
timeout: the monitored command dumped core
environment: line 1: 3691097 Segmentation fault      timeout ${TIMEOUT}s "$WORKDIR/a.out" > "$TMP_OUT"
SEED=476467 
SEED is set to: 476467
SEED=519804 
SEED is set to: 519804
SEED=832708 
SEED is set to: 832708
SEED=149791 
SEED is set to: 149791
SEED=410124 
SEED is set to: 410124
SEED=553063 
SEED is set to: 553063
SEED=995764 
SEED is set to: 995764
SEED=278974 
SEED is set to: 278974
SEED=492793 
SEED is set to: 492793
SEED=684645 
SEED is set to: 684645
SEED=36973 
SEED is set to: 36973
SEED=116187 
SEED is set to: 116187
SEED=728851 
SEED is set to: 728851
SEED=944335 
SEED is set to: 944335
SEED=220318 
SEED is set to: 220318
SEED=266814 
SEED is set to: 266814
SEED=569217 
SEED is set to: 569217
SEED=770662 
SEED is set to: 770662
SEED=781998 
SEED is set to: 781998
timeout: the monitored command dumped core
environment: line 1: 3692015 Segmentation fault      timeout ${TIMEOUT}s "$WORKDIR/a.out" > "$TMP_OUT"
SEED=900025 
SEED is set to: 900025
SEED=21740 
SEED is set to: 21740
SEED=651740 
SEED is set to: 651740
SEED=742869 
SEED is set to: 742869
SEED=260089 
SEED is set to: 260089
SEED=353040 
SEED is set to: 353040
SEED=393065 
SEED is set to: 393065
SEED=518984 
SEED is set to: 518984
SEED=548418 
SEED is set to: 548418
timeout: the monitored command dumped core
environment: line 1: 3692322 Segmentation fault      timeout ${TIMEOUT}s "$WORKDIR/a.out" > "$TMP_OUT"
SEED=172984 
SEED is set to: 172984
SEED=540008 
SEED is set to: 540008
SEED=633469 
SEED is set to: 633469
SEED=899404 
SEED is set to: 899404
SEED=134053 
SEED is set to: 134053
SEED=540992 
SEED is set to: 540992
SEED=962037 
SEED is set to: 962037
SEED=99299 
SEED is set to: 99299
SEED=225989 
SEED is set to: 225989
SEED=343278 
SEED is set to: 343278
SEED=381590 
SEED is set to: 381590
SEED=781534 
SEED is set to: 781534
SEED=844595 
SEED is set to: 844595
SEED=143401 
SEED is set to: 143401
SEED=418585 
SEED is set to: 418585
timeout: the monitored command dumped core
environment: line 1: 3693065 Segmentation fault      timeout ${TIMEOUT}s "$WORKDIR/a.out" > "$TMP_OUT"
SEED=627557 
SEED is set to: 627557
SEED=744522 
SEED is set to: 744522
SEED=747029 
SEED is set to: 747029
SEED=526059 
SEED is set to: 526059
SEED=552582 
SEED is set to: 552582
SEED=46417 
SEED is set to: 46417
SEED=66097 
SEED is set to: 66097
SEED=221380 
SEED is set to: 221380
SEED=582246 
SEED is set to: 582246
SEED=846110 
SEED is set to: 846110
timeout: the monitored command dumped core
environment: line 1: 3693524 Segmentation fault      timeout ${TIMEOUT}s "$WORKDIR/a.out" > "$TMP_OUT"
SEED=259387 
SEED is set to: 259387
SEED=373527 
SEED is set to: 373527
SEED=618770 
SEED is set to: 618770
SEED=712749 
SEED is set to: 712749
SEED=324981 
SEED is set to: 324981
SEED=455634 
SEED is set to: 455634
SEED=504462 
SEED is set to: 504462
SEED=596743 
SEED is set to: 596743
SEED=779382 
SEED is set to: 779382
SEED=794385 
SEED is set to: 794385
SEED=813537 
SEED is set to: 813537
SEED=964620 
SEED is set to: 964620
SEED=75955 
SEED is set to: 75955
SEED=251173 
SEED is set to: 251173
timeout: the monitored command dumped core
environment: line 1: 3694158 Segmentation fault      timeout ${TIMEOUT}s "$WORKDIR/a.out" > "$TMP_OUT"
timeout: the monitored command dumped core
environment: line 1: 3694222 Segmentation fault      timeout ${TIMEOUT}s "$WORKDIR/a.out" > "$TMP_OUT"
SEED=647860 
SEED is set to: 647860
SEED=240291 
SEED is set to: 240291
SEED=350599 
SEED is set to: 350599
SEED=430059 
SEED is set to: 430059
timeout: the monitored command dumped core
environment: line 1: 3694387 Segmentation fault      timeout ${TIMEOUT}s "$WORKDIR/a.out" > "$TMP_OUT"
SEED=934108 
SEED is set to: 934108
SEED=510499 
SEED is set to: 510499
SEED=780427 
SEED is set to: 780427
SEED=5401 
SEED is set to: 5401
timeout: the monitored command dumped core
environment: line 1: 3694660 Segmentation fault      timeout ${TIMEOUT}s "$WORKDIR/a.out" > "$TMP_OUT"
SEED=146138 
SEED is set to: 146138
SEED=933557 
SEED is set to: 933557
SEED=82038 
SEED is set to: 82038
SEED=293190 
SEED is set to: 293190
SEED=410304 
SEED is set to: 410304
SEED=478958 
SEED is set to: 478958
SEED=662822 
SEED is set to: 662822
timeout: the monitored command dumped core
environment: line 1: 3694990 Segmentation fault      timeout ${TIMEOUT}s "$WORKDIR/a.out" > "$TMP_OUT"
SEED=304818 
SEED is set to: 304818
SEED=389931 
SEED is set to: 389931
SEED=431362 
SEED is set to: 431362
SEED=810544 
SEED is set to: 810544
timeout: the monitored command dumped core
environment: line 1: 3695213 Segmentation fault      timeout ${TIMEOUT}s "$WORKDIR/a.out" > "$TMP_OUT"
SEED=173901 
SEED is set to: 173901
SEED=294599 
SEED is set to: 294599
SEED=370939 
SEED is set to: 370939
SEED=629963 
SEED is set to: 629963
SEED=897868 
SEED is set to: 897868
SEED=435551 
SEED is set to: 435551
SEED=572046 
SEED is set to: 572046
SEED=717637 
SEED is set to: 717637
SEED=879038 
SEED is set to: 879038
SEED=969828 
SEED is set to: 969828
SEED=122745 
SEED is set to: 122745
SEED=382087 
SEED is set to: 382087
SEED=424592 
SEED is set to: 424592
SEED=171980 
SEED is set to: 171980
SEED=394752 
SEED is set to: 394752
SEED=636040 
SEED is set to: 636040
SEED=151468 
SEED is set to: 151468
SEED=214880 
SEED is set to: 214880
SEED=300816 
SEED is set to: 300816
SEED=342949 
SEED is set to: 342949
timeout: the monitored command dumped core
environment: line 1: 3696035 Segmentation fault      timeout ${TIMEOUT}s "$WORKDIR/a.out" > "$TMP_OUT"
timeout: the monitored command dumped core
environment: line 1: 3696039 Segmentation fault      timeout ${TIMEOUT}s "$WORKDIR/a.out" > "$TMP_OUT"
timeout: the monitored command dumped core
environment: line 1: 3696050 Segmentation fault      timeout ${TIMEOUT}s "$WORKDIR/a.out" > "$TMP_OUT"
SEED=744843 
SEED is set to: 744843
SEED=904591 
SEED is set to: 904591
SEED=154488 
SEED is set to: 154488
SEED=270923 
SEED is set to: 270923
SEED=646023 
SEED is set to: 646023
SEED=875794 
SEED is set to: 875794
SEED=296041 
SEED is set to: 296041
SEED=421246 
SEED is set to: 421246
SEED=531334 
SEED is set to: 531334
SEED=630165 
SEED is set to: 630165
SEED=754313 
SEED is set to: 754313
timeout: the monitored command dumped core
environment: line 1: 3696503 Segmentation fault      timeout ${TIMEOUT}s "$WORKDIR/a.out" > "$TMP_OUT"
SEED=151831 
SEED is set to: 151831
SEED=213677 
SEED is set to: 213677
timeout: the monitored command dumped core
environment: line 1: 3696693 Segmentation fault      timeout ${TIMEOUT}s "$WORKDIR/a.out" > "$TMP_OUT"
SEED=857512 
SEED is set to: 857512
SEED=170294 
SEED is set to: 170294
SEED=317030 
SEED is set to: 317030
SEED=350997 
SEED is set to: 350997
timeout: the monitored command dumped core
environment: line 1: 3696890 Segmentation fault      timeout ${TIMEOUT}s "$WORKDIR/a.out" > "$TMP_OUT"
SEED=754098 
SEED is set to: 754098
SEED=293541 
SEED is set to: 293541
SEED=310379 
SEED is set to: 310379
timeout: the monitored command dumped core
environment: line 1: 3697018 Segmentation fault      timeout ${TIMEOUT}s "$WORKDIR/a.out" > "$TMP_OUT"
SEED=787689 
SEED is set to: 787689
SEED=932631 
SEED is set to: 932631
SEED=47968 
SEED is set to: 47968
SEED=734279 
SEED is set to: 734279
SEED=880947 
SEED is set to: 880947
SEED=924540 
SEED is set to: 924540
SEED=304033 
SEED is set to: 304033
SEED=384287 
SEED is set to: 384287
SEED=690238 
SEED is set to: 690238
SEED=112097 
SEED is set to: 112097
SEED=496568 
SEED is set to: 496568
SEED=803226 
SEED is set to: 803226
SEED=965939 
SEED is set to: 965939
SEED=295231 
SEED is set to: 295231
timeout: the monitored command dumped core
environment: line 1: 3697697 Segmentation fault      timeout ${TIMEOUT}s "$WORKDIR/a.out" > "$TMP_OUT"
SEED=436478 
SEED is set to: 436478
SEED=751971 
SEED is set to: 751971
timeout: the monitored command dumped core
environment: line 1: 3697870 Segmentation fault      timeout ${TIMEOUT}s "$WORKDIR/a.out" > "$TMP_OUT"
SEED=135346 
SEED is set to: 135346
SEED=575025 
SEED is set to: 575025
SEED=614421 
SEED is set to: 614421
SEED=790254 
SEED is set to: 790254
SEED=832058 
SEED is set to: 832058
SEED=931248 
SEED is set to: 931248
timeout: the monitored command dumped core
environment: line 1: 3698034 Segmentation fault      timeout ${TIMEOUT}s "$WORKDIR/a.out" > "$TMP_OUT"
timeout: the monitored command dumped core
environment: line 1: 3698083 Segmentation fault      timeout ${TIMEOUT}s "$WORKDIR/a.out" > "$TMP_OUT"
timeout: the monitored command dumped core
environment: line 1: 3698043 Segmentation fault      timeout ${TIMEOUT}s "$WORKDIR/a.out" > "$TMP_OUT"
SEED=670422 
SEED is set to: 670422
SEED=784621 
SEED is set to: 784621
SEED=111281 
SEED is set to: 111281
SEED=252461 
SEED is set to: 252461
SEED=357192 
SEED is set to: 357192
SEED=502006 
SEED is set to: 502006
SEED=641563 
SEED is set to: 641563
timeout: the monitored command dumped core
environment: line 1: 3698395 Segmentation fault      timeout ${TIMEOUT}s "$WORKDIR/a.out" > "$TMP_OUT"
SEED=166312 
SEED is set to: 166312
SEED=527420 
SEED is set to: 527420
SEED=942400 
SEED is set to: 942400
SEED=208505 
SEED is set to: 208505
timeout: the monitored command dumped core
environment: line 1: 3698626 Segmentation fault      timeout ${TIMEOUT}s "$WORKDIR/a.out" > "$TMP_OUT"
SEED=580716 
SEED is set to: 580716
SEED=941579 
SEED is set to: 941579
SEED=442892 
SEED is set to: 442892
SEED=471662 
SEED is set to: 471662
SEED=567847 
SEED is set to: 567847
SEED=607777 
SEED is set to: 607777
timeout: the monitored command dumped core
environment: line 1: 3698920 Segmentation fault      timeout ${TIMEOUT}s "$WORKDIR/a.out" > "$TMP_OUT"
SEED=966332 
SEED is set to: 966332
SEED=312317 
SEED is set to: 312317
SEED=766747 
SEED is set to: 766747
SEED=970918 
SEED is set to: 970918
SEED=987731 
SEED is set to: 987731
SEED=120045 
SEED is set to: 120045
timeout: the monitored command dumped core
environment: line 1: 3699234 Segmentation fault      timeout ${TIMEOUT}s "$WORKDIR/a.out" > "$TMP_OUT"
SEED=574077 
SEED is set to: 574077
SEED=37867 
SEED is set to: 37867
SEED=462392 
SEED is set to: 462392
SEED=494748 
SEED is set to: 494748
SEED=862671 
SEED is set to: 862671
SEED=48761 
SEED is set to: 48761
timeout: the monitored command dumped core
environment: line 1: 3699646 Segmentation fault      timeout ${TIMEOUT}s "$WORKDIR/a.out" > "$TMP_OUT"
SEED=530521 
SEED is set to: 530521
timeout: the monitored command dumped core
environment: line 1: 3699707 Segmentation fault      timeout ${TIMEOUT}s "$WORKDIR/a.out" > "$TMP_OUT"
SEED=850976 
SEED is set to: 850976
SEED=974781 
SEED is set to: 974781
SEED=248023 
SEED is set to: 248023
SEED=479362 
SEED is set to: 479362
SEED=579526 
SEED is set to: 579526
SEED=190182 
SEED is set to: 190182
SEED=299798 
SEED is set to: 299798
SEED=450409 
SEED is set to: 450409
SEED=914016 
SEED is set to: 914016
SEED=638666 
SEED is set to: 638666
SEED=794987 
SEED is set to: 794987
SEED=823101 
SEED is set to: 823101
SEED=843537 
SEED is set to: 843537
SEED=211867 
SEED is set to: 211867
SEED=794000 
SEED is set to: 794000
SEED=146313 
SEED is set to: 146313
SEED=159526 
SEED is set to: 159526
SEED=303166 
SEED is set to: 303166
SEED=344639 
SEED is set to: 344639
SEED=704301 
SEED is set to: 704301
SEED=714940 
SEED is set to: 714940
SEED=427361 
SEED is set to: 427361
SEED=485417 
SEED is set to: 485417
SEED=857804 
SEED is set to: 857804
SEED=903530 
SEED is set to: 903530
SEED=72780 
SEED is set to: 72780
SEED=586011 
SEED is set to: 586011
SEED=857136 
SEED is set to: 857136
SEED=890168 
SEED is set to: 890168
SEED=99488 
SEED is set to: 99488
SEED=274783 
SEED is set to: 274783
SEED=341169 
SEED is set to: 341169
timeout: the monitored command dumped core
environment: line 1: 3701168 Segmentation fault      timeout ${TIMEOUT}s "$WORKDIR/a.out" > "$TMP_OUT"
SEED=921541 
SEED is set to: 921541
SEED=190812 
SEED is set to: 190812
SEED=398498 
SEED is set to: 398498
SEED=514449 
SEED is set to: 514449
SEED=737034 
SEED is set to: 737034
SEED=843020 
SEED is set to: 843020
SEED=967222 
SEED is set to: 967222
SEED=186581 
SEED is set to: 186581
SEED=832669 
SEED is set to: 832669
SEED=869775 
SEED is set to: 869775
SEED=58056 
SEED is set to: 58056
SEED=138120 
SEED is set to: 138120
SEED=536544 
SEED is set to: 536544
SEED=548289 
SEED is set to: 548289
SEED=672998 
SEED is set to: 672998
SEED=90258 
SEED is set to: 90258
SEED=299112 
SEED is set to: 299112
SEED=4437 
SEED is set to: 4437
SEED=157460 
SEED is set to: 157460
SEED=272354 
SEED is set to: 272354
SEED=535636 
SEED is set to: 535636
SEED=575700 
SEED is set to: 575700
SEED=5299 
SEED is set to: 5299
*** stack smashing detected ***: terminated
timeout: the monitored command dumped core
environment: line 1: 3702200 Aborted                 timeout ${TIMEOUT}s "$WORKDIR/a.out" > "$TMP_OUT"
SEED=661023 
SEED is set to: 661023
SEED=918464 
SEED is set to: 918464
SEED=33087 
SEED is set to: 33087
timeout: the monitored command dumped core
environment: line 1: 3702306 Segmentation fault      timeout ${TIMEOUT}s "$WORKDIR/a.out" > "$TMP_OUT"
SEED=196068 
SEED is set to: 196068
timeout: the monitored command dumped core
environment: line 1: 3702359 Segmentation fault      timeout ${TIMEOUT}s "$WORKDIR/a.out" > "$TMP_OUT"
SEED=687514 
SEED is set to: 687514
SEED=714142 
SEED is set to: 714142
SEED=719249 
SEED is set to: 719249
SEED=923948 
SEED is set to: 923948
timeout: the monitored command dumped core
environment: line 1: 3702531 Segmentation fault      timeout ${TIMEOUT}s "$WORKDIR/a.out" > "$TMP_OUT"
SEED=182304 
SEED is set to: 182304
SEED=476145 
SEED is set to: 476145
SEED=974043 
SEED is set to: 974043
SEED=284392 
SEED is set to: 284392
SEED=293976 
SEED is set to: 293976
SEED=563699 
SEED is set to: 563699
SEED=678036 
SEED is set to: 678036
timeout: the monitored command dumped core
environment: line 1: 3702872 Segmentation fault      timeout ${TIMEOUT}s "$WORKDIR/a.out" > "$TMP_OUT"
SEED=109009 
SEED is set to: 109009
SEED=293768 
SEED is set to: 293768
SEED=419328 
SEED is set to: 419328
SEED=753653 
SEED is set to: 753653
SEED=786054 
SEED is set to: 786054
SEED=848622 
SEED is set to: 848622
SEED=971658 
SEED is set to: 971658
SEED=463375 
SEED is set to: 463375
SEED=902907 
SEED is set to: 902907
SEED=942816 
SEED is set to: 942816
SEED=101522 
SEED is set to: 101522
SEED=125670 
SEED is set to: 125670
timeout: the monitored command dumped core
environment: line 1: 3703343 Segmentation fault      timeout ${TIMEOUT}s "$WORKDIR/a.out" > "$TMP_OUT"
SEED=342134 
SEED is set to: 342134
SEED=369123 
SEED is set to: 369123
SEED=379023 
SEED is set to: 379023
timeout: the monitored command dumped core
environment: line 1: 3703453 Segmentation fault      timeout ${TIMEOUT}s "$WORKDIR/a.out" > "$TMP_OUT"
timeout: the monitored command dumped core
environment: line 1: 3703446 Segmentation fault      timeout ${TIMEOUT}s "$WORKDIR/a.out" > "$TMP_OUT"
SEED=335250 
SEED is set to: 335250
SEED=401256 
SEED is set to: 401256
SEED=501619 
SEED is set to: 501619
SEED=767972 
SEED is set to: 767972
SEED=886276 
SEED is set to: 886276
SEED=298840 
SEED is set to: 298840
SEED=837274 
SEED is set to: 837274
SEED=889451 
SEED is set to: 889451
SEED=968823 
SEED is set to: 968823
SEED=53470 
SEED is set to: 53470
timeout: the monitored command dumped core
environment: line 1: 3703933 Segmentation fault      timeout ${TIMEOUT}s "$WORKDIR/a.out" > "$TMP_OUT"
SEED=252050 
SEED is set to: 252050
timeout: the monitored command dumped core
environment: line 1: 3704029 Floating point exceptiontimeout ${TIMEOUT}s "$WORKDIR/a.out" > "$TMP_OUT"
SEED=745931 
SEED is set to: 745931
SEED=161818 
SEED is set to: 161818
SEED=276711 
SEED is set to: 276711
SEED=325234 
SEED is set to: 325234
SEED=788548 
SEED is set to: 788548
SEED=792268 
SEED is set to: 792268
timeout: the monitored command dumped core
environment: line 1: 3704277 Segmentation fault      timeout ${TIMEOUT}s "$WORKDIR/a.out" > "$TMP_OUT"
SEED=203103 
SEED is set to: 203103
SEED=320074 
SEED is set to: 320074
SEED=507972 
SEED is set to: 507972
SEED=657109 
SEED is set to: 657109
SEED=512952 
SEED is set to: 512952
SEED=883435 
SEED is set to: 883435
SEED=952315 
SEED is set to: 952315
SEED=230207 
SEED is set to: 230207
SEED=932320 
SEED is set to: 932320
SEED=317879 
SEED is set to: 317879
SEED=384199 
SEED is set to: 384199
SEED=640704 
SEED is set to: 640704
SEED=669824 
SEED is set to: 669824
SEED=284603 
SEED is set to: 284603
SEED=378284 
SEED is set to: 378284
SEED=869738 
SEED is set to: 869738
SEED=230462 
SEED is set to: 230462
SEED=800163 
SEED is set to: 800163
SEED=905473 
SEED is set to: 905473
SEED=932204 
SEED is set to: 932204
timeout: the monitored command dumped core
environment: line 1: 3705414 Segmentation fault      timeout ${TIMEOUT}s "$WORKDIR/a.out" > "$TMP_OUT"
SEED=211158 
SEED is set to: 211158
timeout: the monitored command dumped core
environment: line 1: 3705405 Segmentation fault      timeout ${TIMEOUT}s "$WORKDIR/a.out" > "$TMP_OUT"
SEED=412653 
SEED is set to: 412653
timeout: the monitored command dumped core
environment: line 1: 3705475 Segmentation fault      timeout ${TIMEOUT}s "$WORKDIR/a.out" > "$TMP_OUT"
SEED=208855 
SEED is set to: 208855
SEED=392888 
SEED is set to: 392888
SEED=513860 
SEED is set to: 513860
SEED=884511 
SEED is set to: 884511
SEED=4235 
SEED is set to: 4235
SEED=275217 
SEED is set to: 275217
SEED=631802 
SEED is set to: 631802
SEED=4718 
SEED is set to: 4718
SEED=492823 
SEED is set to: 492823
SEED=634279 
SEED is set to: 634279
SEED=742207 
SEED is set to: 742207
SEED=396474 
SEED is set to: 396474
SEED=487829 
SEED is set to: 487829
SEED=730501 
SEED is set to: 730501
SEED=126113 
SEED is set to: 126113
SEED=145309 
SEED is set to: 145309
SEED=180166 
SEED is set to: 180166
timeout: the monitored command dumped core
environment: line 1: 3706324 Segmentation fault      timeout ${TIMEOUT}s "$WORKDIR/a.out" > "$TMP_OUT"
SEED=703124 
SEED is set to: 703124
SEED=906980 
SEED is set to: 906980
SEED=940325 
SEED is set to: 940325
SEED=76387 
SEED is set to: 76387
SEED=694209 
SEED is set to: 694209
SEED=751732 
SEED is set to: 751732
SEED=9672 
SEED is set to: 9672
SEED=922710 
SEED is set to: 922710
SEED=170799 
SEED is set to: 170799
SEED=265919 
SEED is set to: 265919
SEED=607613 
SEED is set to: 607613
SEED=620970 
SEED is set to: 620970
SEED=912101 
SEED is set to: 912101
SEED=47800 
SEED is set to: 47800
SEED=218430 
SEED is set to: 218430
SEED=258042 
SEED is set to: 258042
SEED=602115 
SEED is set to: 602115
SEED=758116 
SEED is set to: 758116
SEED=17426 
SEED is set to: 17426
SEED=522528 
SEED is set to: 522528
SEED=604518 
SEED is set to: 604518
SEED=761119 
SEED is set to: 761119
SEED=890697 
SEED is set to: 890697
SEED=894277 
SEED is set to: 894277
SEED=326460 
SEED is set to: 326460
SEED=362898 
SEED is set to: 362898
timeout: the monitored command dumped core
environment: line 1: 3707717 Segmentation fault      timeout ${TIMEOUT}s "$WORKDIR/a.out" > "$TMP_OUT"
SEED=21316 
SEED is set to: 21316
SEED=92404 
SEED is set to: 92404
SEED=312333 
SEED is set to: 312333
SEED=557250 
SEED is set to: 557250
SEED=609208 
SEED is set to: 609208
SEED=844509 
SEED is set to: 844509
SEED=965587 
SEED is set to: 965587
SEED=412136 
SEED is set to: 412136
SEED=542456 
SEED is set to: 542456
SEED=873686 
SEED is set to: 873686
SEED=888241 
SEED is set to: 888241
SEED=164053 
SEED is set to: 164053
SEED=634628 
SEED is set to: 634628
SEED=777016 
SEED is set to: 777016
SEED=943016 
SEED is set to: 943016
SEED=409373 
SEED is set to: 409373
SEED=432364 
SEED is set to: 432364
SEED=647584 
SEED is set to: 647584
SEED=954596 
SEED is set to: 954596
SEED=977489 
SEED is set to: 977489
SEED=993264 
SEED is set to: 993264
SEED=177340 
SEED is set to: 177340
SEED=839620 
SEED is set to: 839620
SEED=862337 
SEED is set to: 862337
SEED=933739 
SEED is set to: 933739
SEED=258186 
SEED is set to: 258186
SEED=560847 
SEED is set to: 560847
SEED=572967 
SEED is set to: 572967
SEED=864584 
SEED is set to: 864584
SEED=161863 
SEED is set to: 161863
SEED=315904 
SEED is set to: 315904
SEED=527095 
SEED is set to: 527095
SEED=749736 
SEED is set to: 749736
timeout: the monitored command dumped core
environment: line 1: 3709266 Segmentation fault      timeout ${TIMEOUT}s "$WORKDIR/a.out" > "$TMP_OUT"
SEED=999648 
SEED is set to: 999648
SEED=133982 
SEED is set to: 133982
SEED=385722 
SEED is set to: 385722
SEED=735922 
SEED is set to: 735922
SEED=305273 
SEED is set to: 305273
SEED=439363 
SEED is set to: 439363
SEED=887173 
SEED is set to: 887173
SEED=968722 
SEED is set to: 968722
SEED=311245 
SEED is set to: 311245
SEED=31304 
SEED is set to: 31304
SEED=91974 
SEED is set to: 91974
SEED=462687 
SEED is set to: 462687
SEED=878109 
SEED is set to: 878109
SEED=967807 
SEED is set to: 967807
timeout: the monitored command dumped core
environment: line 1: 3710185 Segmentation fault      timeout ${TIMEOUT}s "$WORKDIR/a.out" > "$TMP_OUT"
SEED=117853 
SEED is set to: 117853
SEED=533594 
SEED is set to: 533594
SEED=859557 
SEED is set to: 859557
SEED=954261 
SEED is set to: 954261
SEED=408168 
SEED is set to: 408168
SEED=518749 
SEED is set to: 518749
timeout: the monitored command dumped core
environment: line 1: 3710432 Segmentation fault      timeout ${TIMEOUT}s "$WORKDIR/a.out" > "$TMP_OUT"
SEED=457969 
SEED is set to: 457969
SEED=825803 
SEED is set to: 825803
SEED=876993 
SEED is set to: 876993
SEED=45081 
SEED is set to: 45081
timeout: the monitored command dumped core
environment: line 1: 3710708 Segmentation fault      timeout ${TIMEOUT}s "$WORKDIR/a.out" > "$TMP_OUT"
SEED=238601 
SEED is set to: 238601
SEED=641 
SEED is set to: 641
SEED=463245 
SEED is set to: 463245
SEED=554657 
SEED is set to: 554657
SEED=852611 
SEED is set to: 852611
timeout: the monitored command dumped core
environment: line 1: 3711042 Segmentation fault      timeout ${TIMEOUT}s "$WORKDIR/a.out" > "$TMP_OUT"
SEED=230441 
SEED is set to: 230441
SEED=424925 
SEED is set to: 424925
SEED=45048 
SEED is set to: 45048
SEED=110625 
SEED is set to: 110625
SEED=321467 
SEED is set to: 321467
timeout: the monitored command dumped core
environment: line 1: 3711336 Segmentation fault      timeout ${TIMEOUT}s "$WORKDIR/a.out" > "$TMP_OUT"
SEED=762117 
SEED is set to: 762117
SEED=496715 
SEED is set to: 496715
SEED=757541 
SEED is set to: 757541
SEED=920287 
SEED is set to: 920287
SEED=31142 
SEED is set to: 31142
SEED=466827 
SEED is set to: 466827
SEED=872173 
SEED is set to: 872173
SEED=90338 
SEED is set to: 90338
timeout: the monitored command dumped core
environment: line 1: 3711776 Segmentation fault      timeout ${TIMEOUT}s "$WORKDIR/a.out" > "$TMP_OUT"
SEED=311108 
SEED is set to: 311108
SEED=326097 
SEED is set to: 326097
SEED=622703 
SEED is set to: 622703
SEED=163442 
SEED is set to: 163442
timeout: the monitored command dumped core
environment: line 1: 3712033 Segmentation fault      timeout ${TIMEOUT}s "$WORKDIR/a.out" > "$TMP_OUT"
SEED=650317 
SEED is set to: 650317
SEED=764860 
SEED is set to: 764860
SEED=771367 
SEED is set to: 771367
SEED=832481 
SEED is set to: 832481
SEED=833654 
SEED is set to: 833654
timeout: the monitored command dumped core
environment: line 1: 3712082 Segmentation fault      timeout ${TIMEOUT}s "$WORKDIR/a.out" > "$TMP_OUT"
SEED=11567 
SEED is set to: 11567
SEED=201792 
SEED is set to: 201792
SEED=427705 
SEED is set to: 427705
SEED=800476 
SEED is set to: 800476
timeout: the monitored command dumped core
environment: line 1: 3712438 Segmentation fault      timeout ${TIMEOUT}s "$WORKDIR/a.out" > "$TMP_OUT"
SEED=442642 
SEED is set to: 442642
timeout: the monitored command dumped core
environment: line 1: 3712589 Segmentation fault      timeout ${TIMEOUT}s "$WORKDIR/a.out" > "$TMP_OUT"
SEED=767525 
SEED is set to: 767525
SEED=822021 
SEED is set to: 822021
SEED=831559 
SEED is set to: 831559
SEED=152177 
SEED is set to: 152177
SEED=335733 
SEED is set to: 335733
SEED=545326 
SEED is set to: 545326
timeout: the monitored command dumped core
environment: line 1: 3712789 Segmentation fault      timeout ${TIMEOUT}s "$WORKDIR/a.out" > "$TMP_OUT"
timeout: the monitored command dumped core
environment: line 1: 3712802 Segmentation fault      timeout ${TIMEOUT}s "$WORKDIR/a.out" > "$TMP_OUT"
SEED=189635 
SEED is set to: 189635
SEED=281578 
SEED is set to: 281578
SEED=477193 
SEED is set to: 477193
SEED=678472 
SEED is set to: 678472
SEED=123901 
SEED is set to: 123901
SEED=482175 
SEED is set to: 482175
SEED=570230 
SEED is set to: 570230
SEED=809523 
SEED is set to: 809523
SEED=106683 
SEED is set to: 106683
SEED=420545 
SEED is set to: 420545
SEED=514868 
SEED is set to: 514868
SEED=923799 
SEED is set to: 923799
SEED=339778 
SEED is set to: 339778
SEED=471942 
SEED is set to: 471942
SEED=524956 
SEED is set to: 524956
SEED=536045 
SEED is set to: 536045
SEED=834542 
SEED is set to: 834542
timeout: the monitored command dumped core
environment: line 1: 3713579 Segmentation fault      timeout ${TIMEOUT}s "$WORKDIR/a.out" > "$TMP_OUT"
SEED=499170 
SEED is set to: 499170
SEED=54460 
SEED is set to: 54460
SEED=104079 
SEED is set to: 104079
SEED=196824 
SEED is set to: 196824
SEED=230996 
SEED is set to: 230996
timeout: the monitored command dumped core
environment: line 1: 3713797 Segmentation fault      timeout ${TIMEOUT}s "$WORKDIR/a.out" > "$TMP_OUT"
SEED=393380 
SEED is set to: 393380
timeout: the monitored command dumped core
environment: line 1: 3713960 Segmentation fault      timeout ${TIMEOUT}s "$WORKDIR/a.out" > "$TMP_OUT"
SEED=203319 
SEED is set to: 203319
SEED=292404 
SEED is set to: 292404
SEED=425272 
SEED is set to: 425272
SEED=523440 
SEED is set to: 523440
SEED=632003 
SEED is set to: 632003
timeout: the monitored command dumped core
environment: line 1: 3714164 Segmentation fault      timeout ${TIMEOUT}s "$WORKDIR/a.out" > "$TMP_OUT"
SEED=11873 
SEED is set to: 11873
SEED=82930 
SEED is set to: 82930
SEED=417699 
SEED is set to: 417699
SEED=551227 
SEED is set to: 551227
SEED=643283 
SEED is set to: 643283
SEED=866008 
SEED is set to: 866008
SEED=237222 
SEED is set to: 237222
SEED=312120 
SEED is set to: 312120
SEED=547715 
SEED is set to: 547715
SEED=630731 
SEED is set to: 630731
SEED=779345 
SEED is set to: 779345
SEED=789050 
SEED is set to: 789050
timeout: the monitored command dumped core
environment: line 1: 3714598 Segmentation fault      timeout ${TIMEOUT}s "$WORKDIR/a.out" > "$TMP_OUT"
timeout: the monitored command dumped core
environment: line 1: 3714551 Segmentation fault      timeout ${TIMEOUT}s "$WORKDIR/a.out" > "$TMP_OUT"
timeout: the monitored command dumped core
environment: line 1: 3714559 Segmentation fault      timeout ${TIMEOUT}s "$WORKDIR/a.out" > "$TMP_OUT"
SEED=330538 
SEED is set to: 330538
timeout: the monitored command dumped core
environment: line 1: 3714704 Segmentation fault      timeout ${TIMEOUT}s "$WORKDIR/a.out" > "$TMP_OUT"
SEED=788728 
SEED is set to: 788728
SEED=901990 
SEED is set to: 901990
SEED=240587 
SEED is set to: 240587
SEED=643413 
SEED is set to: 643413
SEED=98536 
SEED is set to: 98536
SEED=186126 
SEED is set to: 186126
SEED=426323 
SEED is set to: 426323
SEED=426334 
SEED is set to: 426334
SEED=574863 
SEED is set to: 574863
timeout: the monitored command dumped core
environment: line 1: 3715125 Segmentation fault      timeout ${TIMEOUT}s "$WORKDIR/a.out" > "$TMP_OUT"
SEED=41549 
SEED is set to: 41549
SEED=686661 
SEED is set to: 686661
SEED=830708 
SEED is set to: 830708
SEED=884610 
SEED is set to: 884610
timeout: the monitored command dumped core
environment: line 1: 3715317 Floating point exceptiontimeout ${TIMEOUT}s "$WORKDIR/a.out" > "$TMP_OUT"
SEED=489332 
SEED is set to: 489332
timeout: the monitored command dumped core
environment: line 1: 3715379 Segmentation fault      timeout ${TIMEOUT}s "$WORKDIR/a.out" > "$TMP_OUT"
SEED=700708 
SEED is set to: 700708
SEED=943088 
SEED is set to: 943088
SEED=102084 
SEED is set to: 102084
SEED=182493 
SEED is set to: 182493
SEED=289809 
SEED is set to: 289809
timeout: the monitored command dumped core
environment: line 1: 3715573 Segmentation fault      timeout ${TIMEOUT}s "$WORKDIR/a.out" > "$TMP_OUT"
SEED=79978 
SEED is set to: 79978
SEED=168532 
SEED is set to: 168532
SEED=298380 
SEED is set to: 298380
timeout: the monitored command dumped core
environment: line 1: 3715745 Segmentation fault      timeout ${TIMEOUT}s "$WORKDIR/a.out" > "$TMP_OUT"
SEED=735032 
SEED is set to: 735032
SEED=14102 
SEED is set to: 14102
SEED=111475 
SEED is set to: 111475
SEED=292540 
SEED is set to: 292540
SEED=382441 
SEED is set to: 382441
timeout: the monitored command dumped core
environment: line 1: 3715957 Floating point exceptiontimeout ${TIMEOUT}s "$WORKDIR/a.out" > "$TMP_OUT"
SEED=719455 
SEED is set to: 719455
SEED=771825 
SEED is set to: 771825
SEED=970353 
SEED is set to: 970353
SEED=384969 
SEED is set to: 384969
SEED=568872 
SEED is set to: 568872
SEED=573616 
SEED is set to: 573616
timeout: the monitored command dumped core
environment: line 1: 3716134 Segmentation fault      timeout ${TIMEOUT}s "$WORKDIR/a.out" > "$TMP_OUT"
SEED=900504 
SEED is set to: 900504
timeout: the monitored command dumped core
environment: line 1: 3716147 Segmentation fault      timeout ${TIMEOUT}s "$WORKDIR/a.out" > "$TMP_OUT"
SEED=123771 
SEED is set to: 123771
SEED=464621 
SEED is set to: 464621
SEED=40578 
SEED is set to: 40578
SEED=126872 
SEED is set to: 126872
SEED=155767 
SEED is set to: 155767
SEED=205155 
SEED is set to: 205155
SEED=341780 
SEED is set to: 341780
SEED=372834 
SEED is set to: 372834
SEED=455333 
SEED is set to: 455333
SEED=466024 
SEED is set to: 466024
SEED=528125 
SEED is set to: 528125
SEED=714943 
SEED is set to: 714943
SEED=762943 
SEED is set to: 762943
timeout: the monitored command dumped core
environment: line 1: 3716764 Segmentation fault      timeout ${TIMEOUT}s "$WORKDIR/a.out" > "$TMP_OUT"
SEED=815949 
SEED is set to: 815949
SEED=93007 
SEED is set to: 93007
SEED=111451 
SEED is set to: 111451
SEED=297769 
SEED is set to: 297769
SEED=406539 
SEED is set to: 406539
timeout: the monitored command dumped core
environment: line 1: 3717140 Segmentation fault      timeout ${TIMEOUT}s "$WORKDIR/a.out" > "$TMP_OUT"
SEED=847801 
SEED is set to: 847801
SEED=409112 
SEED is set to: 409112
SEED=533500 
SEED is set to: 533500
SEED=565772 
SEED is set to: 565772
SEED=693429 
SEED is set to: 693429
SEED=822899 
SEED is set to: 822899
SEED=855836 
SEED is set to: 855836
SEED=17144 
SEED is set to: 17144
SEED=82448 
SEED is set to: 82448
SEED=107452 
SEED is set to: 107452
SEED=386288 
SEED is set to: 386288
SEED=501246 
SEED is set to: 501246
timeout: the monitored command dumped core
environment: line 1: 3717742 Segmentation fault      timeout ${TIMEOUT}s "$WORKDIR/a.out" > "$TMP_OUT"
SEED=484 
SEED is set to: 484
SEED=99815 
SEED is set to: 99815
SEED=415400 
SEED is set to: 415400
SEED=508834 
SEED is set to: 508834
SEED=526134 
SEED is set to: 526134
SEED=23928 
SEED is set to: 23928
timeout: the monitored command dumped core
environment: line 1: 3718016 Segmentation fault      timeout ${TIMEOUT}s "$WORKDIR/a.out" > "$TMP_OUT"
SEED=402591 
SEED is set to: 402591
SEED=412300 
SEED is set to: 412300
SEED=602949 
SEED is set to: 602949
timeout: the monitored command dumped core
environment: line 1: 3718086 Segmentation fault      timeout ${TIMEOUT}s "$WORKDIR/a.out" > "$TMP_OUT"
timeout: the monitored command dumped core
environment: line 1: 3718131 Segmentation fault      timeout ${TIMEOUT}s "$WORKDIR/a.out" > "$TMP_OUT"
SEED=993547 
SEED is set to: 993547
SEED=60685 
SEED is set to: 60685
SEED=710835 
SEED is set to: 710835
SEED=773901 
SEED is set to: 773901
SEED=922308 
SEED is set to: 922308
SEED=212246 
SEED is set to: 212246
SEED=451787 
SEED is set to: 451787
SEED=606784 
SEED is set to: 606784
SEED=86945 
SEED is set to: 86945
SEED=273680 
SEED is set to: 273680
SEED=273975 
SEED is set to: 273975
SEED=405992 
SEED is set to: 405992
timeout: the monitored command dumped core
environment: line 1: 3718646 Segmentation fault      timeout ${TIMEOUT}s "$WORKDIR/a.out" > "$TMP_OUT"
SEED=566373 
SEED is set to: 566373
SEED=790332 
SEED is set to: 790332
timeout: the monitored command dumped core
environment: line 1: 3718794 Segmentation fault      timeout ${TIMEOUT}s "$WORKDIR/a.out" > "$TMP_OUT"
SEED=105652 
SEED is set to: 105652
SEED=858786 
SEED is set to: 858786
SEED=930334 
SEED is set to: 930334
SEED=34096 
SEED is set to: 34096
SEED=72946 
SEED is set to: 72946
SEED=484611 
SEED is set to: 484611
SEED=84825 
SEED is set to: 84825
SEED=94269 
SEED is set to: 94269
SEED=181688 
SEED is set to: 181688
SEED=524212 
SEED is set to: 524212
SEED=735519 
SEED is set to: 735519
SEED=341454 
SEED is set to: 341454
SEED=681856 
SEED is set to: 681856
SEED=902359 
SEED is set to: 902359
SEED=788787 
SEED is set to: 788787
SEED=864731 
SEED is set to: 864731
SEED=263069 
SEED is set to: 263069
SEED=303208 
SEED is set to: 303208
SEED=417037 
SEED is set to: 417037
SEED=786583 
SEED is set to: 786583
SEED=839245 
SEED is set to: 839245
SEED=198619 
SEED is set to: 198619
SEED=350939 
SEED is set to: 350939
SEED=459378 
SEED is set to: 459378
timeout: the monitored command dumped core
environment: line 1: 3720057 Segmentation fault      timeout ${TIMEOUT}s "$WORKDIR/a.out" > "$TMP_OUT"
SEED=881706 
SEED is set to: 881706
SEED=949350 
SEED is set to: 949350
SEED=479106 
SEED is set to: 479106
SEED=753596 
SEED is set to: 753596
SEED=815078 
SEED is set to: 815078
SEED=509265 
SEED is set to: 509265
timeout: the monitored command dumped core
environment: line 1: 3720389 Segmentation fault      timeout ${TIMEOUT}s "$WORKDIR/a.out" > "$TMP_OUT"
SEED=194274 
SEED is set to: 194274
SEED=756153 
SEED is set to: 756153
SEED=245544 
SEED is set to: 245544
SEED=415549 
SEED is set to: 415549
SEED=825143 
SEED is set to: 825143
SEED=973959 
SEED is set to: 973959
timeout: the monitored command dumped core
environment: line 1: 3720808 Segmentation fault      timeout ${TIMEOUT}s "$WORKDIR/a.out" > "$TMP_OUT"
SEED=525547 
SEED is set to: 525547
SEED=929546 
SEED is set to: 929546
SEED=929971 
SEED is set to: 929971
timeout: the monitored command dumped core
environment: line 1: 3720963 Segmentation fault      timeout ${TIMEOUT}s "$WORKDIR/a.out" > "$TMP_OUT"
SEED=206644 
SEED is set to: 206644
timeout: the monitored command dumped core
environment: line 1: 3721032 Segmentation fault      timeout ${TIMEOUT}s "$WORKDIR/a.out" > "$TMP_OUT"
SEED=17326 
SEED is set to: 17326
SEED=315069 
SEED is set to: 315069
SEED=364159 
SEED is set to: 364159
SEED=705730 
SEED is set to: 705730
SEED=783386 
SEED is set to: 783386
SEED=94067 
SEED is set to: 94067
SEED=702205 
SEED is set to: 702205
SEED=871092 
SEED is set to: 871092
SEED=447894 
SEED is set to: 447894
SEED=524693 
SEED is set to: 524693
SEED=737670 
SEED is set to: 737670
SEED=23575 
SEED is set to: 23575
SEED=564406 
SEED is set to: 564406
SEED=682518 
SEED is set to: 682518
SEED=719202 
SEED is set to: 719202
timeout: the monitored command dumped core
environment: line 1: 3721802 Segmentation fault      timeout ${TIMEOUT}s "$WORKDIR/a.out" > "$TMP_OUT"
SEED=487288 
SEED is set to: 487288
SEED=502972 
SEED is set to: 502972
timeout: the monitored command dumped core
environment: line 1: 3722015 Segmentation fault      timeout ${TIMEOUT}s "$WORKDIR/a.out" > "$TMP_OUT"
SEED=40228 
SEED is set to: 40228
SEED=154819 
SEED is set to: 154819
SEED=196637 
SEED is set to: 196637
SEED=315849 
SEED is set to: 315849
SEED=920368 
SEED is set to: 920368
SEED=570830 
SEED is set to: 570830
SEED=791132 
SEED is set to: 791132
SEED=946059 
SEED is set to: 946059
SEED=411804 
SEED is set to: 411804
SEED=743966 
SEED is set to: 743966
SEED=773829 
SEED is set to: 773829
SEED=824401 
SEED is set to: 824401
SEED=42006 
SEED is set to: 42006
SEED=300126 
SEED is set to: 300126
SEED=315706 
SEED is set to: 315706
SEED=31730 
SEED is set to: 31730
SEED=306774 
SEED is set to: 306774
SEED=369113 
SEED is set to: 369113
SEED=429915 
SEED is set to: 429915
timeout: the monitored command dumped core
environment: line 1: 3722930 Segmentation fault      timeout ${TIMEOUT}s "$WORKDIR/a.out" > "$TMP_OUT"
SEED=647763 
SEED is set to: 647763
SEED=85008 
SEED is set to: 85008
SEED=598982 
SEED is set to: 598982
SEED=675210 
SEED is set to: 675210
SEED=733610 
SEED is set to: 733610
SEED=42392 
SEED is set to: 42392
SEED=615634 
SEED is set to: 615634
timeout: the monitored command dumped core
environment: line 1: 3723285 Segmentation fault      timeout ${TIMEOUT}s "$WORKDIR/a.out" > "$TMP_OUT"
SEED=959755 
SEED is set to: 959755
SEED=136833 
SEED is set to: 136833
SEED=752295 
SEED is set to: 752295
SEED=968073 
SEED is set to: 968073
SEED=194987 
SEED is set to: 194987
SEED=482283 
SEED is set to: 482283
SEED=647987 
SEED is set to: 647987
SEED=698563 
SEED is set to: 698563
SEED=808969 
SEED is set to: 808969
timeout: the monitored command dumped core
environment: line 1: 3723692 Segmentation fault      timeout ${TIMEOUT}s "$WORKDIR/a.out" > "$TMP_OUT"
SEED=110768 
SEED is set to: 110768
SEED=841897 
SEED is set to: 841897
SEED=921588 
SEED is set to: 921588
timeout: the monitored command dumped core
environment: line 1: 3723857 Segmentation fault      timeout ${TIMEOUT}s "$WORKDIR/a.out" > "$TMP_OUT"
SEED=339555 
SEED is set to: 339555
SEED=771925 
SEED is set to: 771925
SEED=880040 
SEED is set to: 880040
SEED=337553 
SEED is set to: 337553
SEED=987289 
SEED is set to: 987289
SEED=992454 
SEED is set to: 992454
SEED=997690 
SEED is set to: 997690
SEED=24578 
SEED is set to: 24578
SEED=66514 
SEED is set to: 66514
SEED=974288 
SEED is set to: 974288
SEED=302586 
SEED is set to: 302586
SEED=482943 
SEED is set to: 482943
SEED=489583 
SEED is set to: 489583
SEED=604150 
SEED is set to: 604150
SEED=711784 
SEED is set to: 711784
SEED=904836 
SEED is set to: 904836
SEED=473709 
SEED is set to: 473709
SEED=692497 
SEED is set to: 692497
SEED=450200 
SEED is set to: 450200
SEED=628739 
SEED is set to: 628739
SEED=74589 
SEED is set to: 74589
SEED=160387 
SEED is set to: 160387
timeout: the monitored command dumped core
environment: line 1: 3725095 Segmentation fault      timeout ${TIMEOUT}s "$WORKDIR/a.out" > "$TMP_OUT"
SEED=606335 
SEED is set to: 606335
SEED=195694 
SEED is set to: 195694
SEED=270741 
SEED is set to: 270741
SEED=519958 
SEED is set to: 519958
SEED=531377 
SEED is set to: 531377
SEED=707169 
SEED is set to: 707169
SEED=30547 
SEED is set to: 30547
SEED=600714 
SEED is set to: 600714
SEED=679306 
SEED is set to: 679306
SEED=805556 
SEED is set to: 805556
SEED=949854 
SEED is set to: 949854
SEED=164783 
SEED is set to: 164783
SEED=353081 
SEED is set to: 353081
SEED=221803 
SEED is set to: 221803
SEED=894384 
SEED is set to: 894384
SEED=262698 
SEED is set to: 262698
SEED=450950 
SEED is set to: 450950
SEED=711156 
SEED is set to: 711156
SEED=967690 
SEED is set to: 967690
SEED=329850 
SEED is set to: 329850
SEED=505249 
SEED is set to: 505249
SEED=93226 
SEED is set to: 93226
SEED=860936 
SEED is set to: 860936
SEED=950959 
SEED is set to: 950959
SEED=173204 
SEED is set to: 173204
SEED=221850 
SEED is set to: 221850
SEED=92358 
SEED is set to: 92358
SEED=251541 
SEED is set to: 251541
SEED=273515 
SEED is set to: 273515
SEED=493478 
SEED is set to: 493478
SEED=519221 
SEED is set to: 519221
SEED=636501 
SEED is set to: 636501
SEED=309237 
SEED is set to: 309237
SEED=588716 
SEED is set to: 588716
SEED=669269 
SEED is set to: 669269
SEED=855156 
SEED is set to: 855156
SEED=690399 
SEED is set to: 690399
SEED=46762 
SEED is set to: 46762
SEED=68849 
SEED is set to: 68849
SEED=143190 
SEED is set to: 143190
SEED=328216 
SEED is set to: 328216
SEED=667797 
SEED is set to: 667797
SEED=216517 
SEED is set to: 216517
SEED=617889 
SEED is set to: 617889
SEED=749628 
SEED is set to: 749628
SEED=771953 
SEED is set to: 771953
SEED=783674 
SEED is set to: 783674
SEED=557546 
SEED is set to: 557546
SEED=992430 
SEED is set to: 992430
SEED=63059 
SEED is set to: 63059
SEED=114599 
SEED is set to: 114599
SEED=288163 
SEED is set to: 288163
SEED=417977 
SEED is set to: 417977
timeout: the monitored command dumped core
environment: line 1: 3727835 Segmentation fault      timeout ${TIMEOUT}s "$WORKDIR/a.out" > "$TMP_OUT"
SEED=806203 
SEED is set to: 806203
SEED=422468 
SEED is set to: 422468
SEED=640958 
SEED is set to: 640958
SEED=777766 
SEED is set to: 777766
timeout: the monitored command dumped core
environment: line 1: 3728059 Segmentation fault      timeout ${TIMEOUT}s "$WORKDIR/a.out" > "$TMP_OUT"
SEED=19453 
SEED is set to: 19453
SEED=326498 
SEED is set to: 326498
SEED=825531 
SEED is set to: 825531
SEED=986208 
SEED is set to: 986208
SEED=195285 
SEED is set to: 195285
timeout: the monitored command dumped core
environment: line 1: 3728296 Segmentation fault      timeout ${TIMEOUT}s "$WORKDIR/a.out" > "$TMP_OUT"
SEED=457443 
SEED is set to: 457443
SEED=554751 
SEED is set to: 554751
SEED=33899 
SEED is set to: 33899
SEED=39595 
SEED is set to: 39595
SEED=138788 
SEED is set to: 138788
timeout: the monitored command dumped core
environment: line 1: 3728491 Segmentation fault      timeout ${TIMEOUT}s "$WORKDIR/a.out" > "$TMP_OUT"
SEED=980425 
SEED is set to: 980425
SEED=225577 
SEED is set to: 225577
SEED=390459 
SEED is set to: 390459
SEED=543147 
SEED is set to: 543147
SEED=610302 
SEED is set to: 610302
SEED=748169 
SEED is set to: 748169
SEED=633666 
SEED is set to: 633666
SEED=643849 
SEED is set to: 643849
SEED=32819 
SEED is set to: 32819
SEED=89051 
SEED is set to: 89051
SEED=151859 
SEED is set to: 151859
timeout: the monitored command dumped core
environment: line 1: 3730140 Segmentation fault      timeout ${TIMEOUT}s "$WORKDIR/a.out" > "$TMP_OUT"
SEED=297201 
SEED is set to: 297201
SEED=325187 
SEED is set to: 325187
SEED=793877 
SEED is set to: 793877
SEED=202888 
SEED is set to: 202888
SEED=665761 
SEED is set to: 665761
SEED=696278 
SEED is set to: 696278
SEED=750297 
SEED is set to: 750297
SEED=806653 
SEED is set to: 806653
SEED=880661 
SEED is set to: 880661
SEED=967622 
SEED is set to: 967622
timeout: the monitored command dumped core
environment: line 1: 3730646 Segmentation fault      timeout ${TIMEOUT}s "$WORKDIR/a.out" > "$TMP_OUT"
timeout: the monitored command dumped core
environment: line 1: 3730737 Segmentation fault      timeout ${TIMEOUT}s "$WORKDIR/a.out" > "$TMP_OUT"
SEED=190527 
SEED is set to: 190527
SEED=507419 
SEED is set to: 507419
timeout: the monitored command dumped core
environment: line 1: 3730892 Segmentation fault      timeout ${TIMEOUT}s "$WORKDIR/a.out" > "$TMP_OUT"
SEED=203774 
SEED is set to: 203774
timeout: the monitored command dumped core
environment: line 1: 3730981 Segmentation fault      timeout ${TIMEOUT}s "$WORKDIR/a.out" > "$TMP_OUT"
SEED=657343 
SEED is set to: 657343
SEED=907080 
SEED is set to: 907080
SEED=10040 
SEED is set to: 10040
SEED=137711 
SEED is set to: 137711
SEED=225259 
SEED is set to: 225259
SEED=325434 
SEED is set to: 325434
SEED=194030 
SEED is set to: 194030
SEED=369074 
SEED is set to: 369074
SEED=397524 
SEED is set to: 397524
SEED=515339 
SEED is set to: 515339
SEED=555628 
SEED is set to: 555628
SEED=781696 
SEED is set to: 781696
SEED=918946 
SEED is set to: 918946
SEED=7492 
SEED is set to: 7492
SEED=86589 
SEED is set to: 86589
SEED=106162 
SEED is set to: 106162
SEED=490527 
SEED is set to: 490527
SEED=746376 
SEED is set to: 746376
SEED=43457 
SEED is set to: 43457
SEED=108310 
SEED is set to: 108310
timeout: the monitored command dumped core
environment: line 1: 3732181 Segmentation fault      timeout ${TIMEOUT}s "$WORKDIR/a.out" > "$TMP_OUT"
SEED=508283 
SEED is set to: 508283
SEED=816192 
SEED is set to: 816192
SEED=132544 
SEED is set to: 132544
SEED=197702 
SEED is set to: 197702
SEED=444213 
SEED is set to: 444213
SEED=994729 
SEED is set to: 994729
SEED=214529 
SEED is set to: 214529
SEED=375568 
SEED is set to: 375568
SEED=670963 
SEED is set to: 670963
SEED=850812 
SEED is set to: 850812
SEED=60223 
SEED is set to: 60223
SEED=384854 
SEED is set to: 384854
SEED=640695 
SEED is set to: 640695
SEED=815178 
SEED is set to: 815178
SEED=31900 
SEED is set to: 31900
SEED=200899 
SEED is set to: 200899
timeout: the monitored command dumped core
environment: line 1: 3732851 Segmentation fault      timeout ${TIMEOUT}s "$WORKDIR/a.out" > "$TMP_OUT"
SEED=736197 
SEED is set to: 736197
SEED=808673 
SEED is set to: 808673
SEED=836335 
SEED is set to: 836335
SEED=13620 
SEED is set to: 13620
SEED=489075 
SEED is set to: 489075
SEED=716645 
SEED is set to: 716645
munmap_chunk(): invalid pointer
SEED=777293 
SEED is set to: 777293
timeout: the monitored command dumped core
environment: line 1: 3733203 Aborted                 timeout ${TIMEOUT}s "$WORKDIR/a.out" > "$TMP_OUT"
SEED=840409 
SEED is set to: 840409
SEED=220222 
SEED is set to: 220222
SEED=801105 
SEED is set to: 801105
SEED=158645 
SEED is set to: 158645
SEED=377246 
SEED is set to: 377246
SEED=432397 
SEED is set to: 432397
SEED=439193 
SEED is set to: 439193
SEED=794324 
SEED is set to: 794324
SEED=97822 
SEED is set to: 97822
SEED=326602 
SEED is set to: 326602
SEED=30294 
SEED is set to: 30294
SEED=69699 
SEED is set to: 69699
SEED=81823 
SEED is set to: 81823
SEED=426370 
SEED is set to: 426370
SEED=474578 
SEED is set to: 474578
timeout: the monitored command dumped core
environment: line 1: 3733906 Segmentation fault      timeout ${TIMEOUT}s "$WORKDIR/a.out" > "$TMP_OUT"
SEED=353469 
SEED is set to: 353469
SEED=616840 
SEED is set to: 616840
SEED=817271 
SEED is set to: 817271
SEED=66827 
SEED is set to: 66827
SEED=110785 
SEED is set to: 110785
timeout: the monitored command dumped core
environment: line 1: 3734175 Segmentation fault      timeout ${TIMEOUT}s "$WORKDIR/a.out" > "$TMP_OUT"
SEED=434956 
SEED is set to: 434956
SEED=709521 
SEED is set to: 709521
SEED=721731 
SEED is set to: 721731
SEED=833203 
SEED is set to: 833203
SEED=168099 
SEED is set to: 168099
SEED=666662 
SEED is set to: 666662
SEED=806293 
SEED is set to: 806293
SEED=822186 
SEED is set to: 822186
SEED=832590 
SEED is set to: 832590
SEED=53161 
SEED is set to: 53161
SEED=314961 
SEED is set to: 314961
SEED=160358 
SEED is set to: 160358
SEED=205368 
SEED is set to: 205368
SEED=397775 
SEED is set to: 397775
SEED=742438 
SEED is set to: 742438
SEED=883180 
SEED is set to: 883180
SEED=33055 
SEED is set to: 33055
timeout: the monitored command dumped core
environment: line 1: 3734953 Segmentation fault      timeout ${TIMEOUT}s "$WORKDIR/a.out" > "$TMP_OUT"
SEED=589764 
SEED is set to: 589764
SEED=634519 
SEED is set to: 634519
SEED=786722 
SEED is set to: 786722
SEED=897232 
SEED is set to: 897232
SEED=26385 
SEED is set to: 26385
timeout: the monitored command dumped core
environment: line 1: 3735303 Segmentation fault      timeout ${TIMEOUT}s "$WORKDIR/a.out" > "$TMP_OUT"
SEED=629395 
SEED is set to: 629395
SEED=238828 
SEED is set to: 238828
SEED=557292 
SEED is set to: 557292
SEED=838244 
SEED is set to: 838244
SEED=839736 
SEED is set to: 839736
SEED=972686 
SEED is set to: 972686
SEED=993751 
SEED is set to: 993751
SEED=258485 
SEED is set to: 258485
SEED=768996 
SEED is set to: 768996
SEED=979124 
SEED is set to: 979124
SEED=390898 
SEED is set to: 390898
SEED=430109 
SEED is set to: 430109
timeout: the monitored command dumped core
environment: line 1: 3735969 Segmentation fault      timeout ${TIMEOUT}s "$WORKDIR/a.out" > "$TMP_OUT"
SEED=24000 
SEED is set to: 24000
SEED=265542 
SEED is set to: 265542
SEED=689225 
SEED is set to: 689225
SEED=712233 
SEED is set to: 712233
SEED=727159 
SEED is set to: 727159
SEED=148593 
SEED is set to: 148593
SEED=247577 
SEED is set to: 247577
SEED=569855 
SEED is set to: 569855
SEED=638040 
SEED is set to: 638040
SEED=61036 
SEED is set to: 61036
SEED=191085 
SEED is set to: 191085
SEED=278432 
SEED is set to: 278432
SEED=572108 
SEED is set to: 572108
SEED=307533 
SEED is set to: 307533
SEED=354005 
SEED is set to: 354005
SEED=911524 
SEED is set to: 911524
SEED=940829 
SEED is set to: 940829
SEED=972960 
SEED is set to: 972960
SEED=59544 
SEED is set to: 59544
SEED=88085 
SEED is set to: 88085
SEED=627416 
SEED is set to: 627416
SEED=715274 
SEED is set to: 715274
SEED=755813 
SEED is set to: 755813
timeout: the monitored command dumped core
environment: line 1: 3736938 Segmentation fault      timeout ${TIMEOUT}s "$WORKDIR/a.out" > "$TMP_OUT"
SEED=501491 
SEED is set to: 501491
timeout: the monitored command dumped core
environment: line 1: 3737100 Segmentation fault      timeout ${TIMEOUT}s "$WORKDIR/a.out" > "$TMP_OUT"
SEED=148097 
SEED is set to: 148097
SEED=330570 
SEED is set to: 330570
SEED=541573 
SEED is set to: 541573
SEED=606546 
SEED is set to: 606546
SEED=680962 
SEED is set to: 680962
SEED=685524 
SEED is set to: 685524
timeout: the monitored command dumped core
environment: line 1: 3737213 Segmentation fault      timeout ${TIMEOUT}s "$WORKDIR/a.out" > "$TMP_OUT"
SEED=258437 
SEED is set to: 258437
SEED=789888 
SEED is set to: 789888
SEED=955922 
SEED is set to: 955922
SEED=90027 
SEED is set to: 90027
SEED=100055 
SEED is set to: 100055
SEED=472780 
SEED is set to: 472780
SEED=719590 
SEED is set to: 719590
SEED=723902 
SEED is set to: 723902
SEED=300556 
SEED is set to: 300556
SEED=306876 
SEED is set to: 306876
SEED=460953 
SEED is set to: 460953
SEED=563102 
SEED is set to: 563102
SEED=610635 
SEED is set to: 610635
SEED=670930 
SEED is set to: 670930
SEED=166000 
SEED is set to: 166000
SEED=65753 
SEED is set to: 65753
SEED=76382 
SEED is set to: 76382
SEED=90533 
SEED is set to: 90533
SEED=648218 
SEED is set to: 648218
SEED=768502 
SEED is set to: 768502
SEED=914632 
SEED is set to: 914632
timeout: the monitored command dumped core
environment: line 1: 3738302 Segmentation fault      timeout ${TIMEOUT}s "$WORKDIR/a.out" > "$TMP_OUT"
SEED=284335 
SEED is set to: 284335
SEED=647654 
SEED is set to: 647654
SEED=738582 
SEED is set to: 738582
SEED=776791 
SEED is set to: 776791
SEED=217900 
SEED is set to: 217900
SEED=434172 
SEED is set to: 434172
SEED=613663 
SEED is set to: 613663
SEED=346065 
SEED is set to: 346065
SEED=356684 
SEED is set to: 356684
SEED=643799 
SEED is set to: 643799
SEED=903249 
SEED is set to: 903249
timeout: the monitored command dumped core
environment: line 1: 3738794 Segmentation fault      timeout ${TIMEOUT}s "$WORKDIR/a.out" > "$TMP_OUT"
SEED=82625 
SEED is set to: 82625
SEED=463467 
SEED is set to: 463467
SEED=599347 
SEED is set to: 599347
SEED=897582 
SEED is set to: 897582
SEED=314959 
SEED is set to: 314959
SEED=118239 
SEED is set to: 118239
SEED=154433 
SEED is set to: 154433
SEED=395357 
SEED is set to: 395357
SEED=678856 
SEED is set to: 678856
SEED=763044 
SEED is set to: 763044
SEED=774633 
SEED is set to: 774633
SEED=922591 
SEED is set to: 922591
timeout: the monitored command dumped core
environment: line 1: 3739426 Segmentation fault      timeout ${TIMEOUT}s "$WORKDIR/a.out" > "$TMP_OUT"
SEED=586956 
SEED is set to: 586956
SEED=697259 
SEED is set to: 697259
SEED=283118 
SEED is set to: 283118
SEED=434346 
SEED is set to: 434346
SEED=472226 
SEED is set to: 472226
timeout: the monitored command dumped core
environment: line 1: 3739667 Segmentation fault      timeout ${TIMEOUT}s "$WORKDIR/a.out" > "$TMP_OUT"
SEED=870045 
SEED is set to: 870045
SEED=31316 
SEED is set to: 31316
SEED=568816 
SEED is set to: 568816
SEED=743390 
SEED is set to: 743390
SEED=979625 
SEED is set to: 979625
SEED=238424 
SEED is set to: 238424
SEED=247611 
SEED is set to: 247611
SEED=283963 
SEED is set to: 283963
SEED=465742 
SEED is set to: 465742
SEED=525999 
SEED is set to: 525999
SEED=302324 
SEED is set to: 302324
SEED=317060 
SEED is set to: 317060
SEED=545710 
SEED is set to: 545710
SEED=657703 
SEED is set to: 657703
SEED=971112 
SEED is set to: 971112
SEED=983626 
SEED is set to: 983626
timeout: the monitored command dumped core
environment: line 1: 3740334 Segmentation fault      timeout ${TIMEOUT}s "$WORKDIR/a.out" > "$TMP_OUT"
SEED=66380 
SEED is set to: 66380
SEED=268470 
SEED is set to: 268470
SEED=390199 
SEED is set to: 390199
timeout: the monitored command dumped core
environment: line 1: 3740530 Segmentation fault      timeout ${TIMEOUT}s "$WORKDIR/a.out" > "$TMP_OUT"
SEED=423549 
SEED is set to: 423549
SEED=473890 
SEED is set to: 473890
SEED=114990 
SEED is set to: 114990
SEED=152693 
SEED is set to: 152693
SEED=514036 
SEED is set to: 514036
SEED=549598 
SEED is set to: 549598
SEED=828051 
SEED is set to: 828051
timeout: the monitored command dumped core
environment: line 1: 3740820 Segmentation fault      timeout ${TIMEOUT}s "$WORKDIR/a.out" > "$TMP_OUT"
SEED=902684 
SEED is set to: 902684
SEED=963592 
SEED is set to: 963592
SEED=102595 
SEED is set to: 102595
SEED=393582 
SEED is set to: 393582
SEED=631702 
SEED is set to: 631702
SEED=877703 
SEED is set to: 877703
timeout: the monitored command dumped core
environment: line 1: 3741047 Segmentation fault      timeout ${TIMEOUT}s "$WORKDIR/a.out" > "$TMP_OUT"
SEED=556882 
SEED is set to: 556882
SEED=339693 
SEED is set to: 339693
SEED=521670 
SEED is set to: 521670
SEED=684111 
SEED is set to: 684111
timeout: the monitored command dumped core
environment: line 1: 3741296 Segmentation fault      timeout ${TIMEOUT}s "$WORKDIR/a.out" > "$TMP_OUT"
SEED=174636 
SEED is set to: 174636
timeout: the monitored command dumped core
environment: line 1: 3741421 Segmentation fault      timeout ${TIMEOUT}s "$WORKDIR/a.out" > "$TMP_OUT"
SEED=633843 
SEED is set to: 633843
SEED=698470 
SEED is set to: 698470
SEED=140443 
SEED is set to: 140443
SEED=267807 
SEED is set to: 267807
SEED=642718 
SEED is set to: 642718
SEED=82455 
SEED is set to: 82455
SEED=281541 
SEED is set to: 281541
SEED=301837 
SEED is set to: 301837
SEED=663184 
SEED is set to: 663184
SEED=41565 
SEED is set to: 41565
SEED=246127 
SEED is set to: 246127
SEED=672780 
SEED is set to: 672780
SEED=685259 
SEED is set to: 685259
SEED=150714 
SEED is set to: 150714
SEED=301404 
SEED is set to: 301404
SEED=411768 
SEED is set to: 411768
SEED=504859 
SEED is set to: 504859
SEED=732427 
SEED is set to: 732427
SEED=104926 
SEED is set to: 104926
SEED=107167 
SEED is set to: 107167
SEED=983074 
SEED is set to: 983074
SEED=13385 
SEED is set to: 13385
SEED=125389 
SEED is set to: 125389
SEED=608385 
SEED is set to: 608385
SEED=811331 
SEED is set to: 811331
SEED=149672 
SEED is set to: 149672
SEED=295618 
SEED is set to: 295618
SEED=516631 
SEED is set to: 516631
SEED=764774 
SEED is set to: 764774
SEED=951893 
SEED is set to: 951893
SEED=136974 
SEED is set to: 136974
SEED=396293 
SEED is set to: 396293
SEED=507223 
SEED is set to: 507223
SEED=628832 
SEED is set to: 628832
SEED=843857 
SEED is set to: 843857
SEED=250616 
SEED is set to: 250616
SEED=568699 
SEED is set to: 568699
SEED=793185 
SEED is set to: 793185
SEED=909041 
SEED is set to: 909041
SEED=86401 
SEED is set to: 86401
SEED=114294 
SEED is set to: 114294
SEED=132688 
SEED is set to: 132688
SEED=508187 
SEED is set to: 508187
SEED=726166 
SEED is set to: 726166
SEED=276876 
SEED is set to: 276876
SEED=371528 
SEED is set to: 371528
SEED=517125 
SEED is set to: 517125
SEED=480735 
SEED is set to: 480735
SEED=693364 
SEED is set to: 693364
SEED=854059 
SEED is set to: 854059
SEED=964424 
SEED is set to: 964424
SEED=151625 
SEED is set to: 151625
SEED=784276 
SEED is set to: 784276
SEED=905043 
SEED is set to: 905043
SEED=2484 
SEED is set to: 2484
SEED=85067 
SEED is set to: 85067
SEED=619329 
SEED is set to: 619329
SEED=632578 
SEED is set to: 632578
SEED=47042 
SEED is set to: 47042
SEED=281346 
SEED is set to: 281346
SEED=286467 
SEED is set to: 286467
SEED=679121 
SEED is set to: 679121
SEED=50359 
SEED is set to: 50359
SEED=232084 
SEED is set to: 232084
SEED=461741 
SEED is set to: 461741
timeout: the monitored command dumped core
environment: line 1: 3744475 Segmentation fault      timeout ${TIMEOUT}s "$WORKDIR/a.out" > "$TMP_OUT"
SEED=568102 
SEED is set to: 568102
SEED=576597 
SEED is set to: 576597
SEED=604121 
SEED is set to: 604121
SEED=740455 
SEED is set to: 740455
SEED=813160 
SEED is set to: 813160
SEED=966428 
SEED is set to: 966428
SEED=138669 
SEED is set to: 138669
SEED=225158 
SEED is set to: 225158
SEED=880452 
SEED is set to: 880452
SEED=896206 
SEED is set to: 896206
SEED=428920 
SEED is set to: 428920
SEED=680148 
SEED is set to: 680148
SEED=691656 
SEED is set to: 691656
SEED=980427 
SEED is set to: 980427
SEED=231535 
SEED is set to: 231535
SEED=501432 
SEED is set to: 501432
SEED=726107 
SEED is set to: 726107
SEED=913302 
SEED is set to: 913302
SEED=299742 
SEED is set to: 299742
SEED=473176 
SEED is set to: 473176
SEED=578234 
SEED is set to: 578234
SEED=858836 
SEED is set to: 858836
SEED=74824 
SEED is set to: 74824
SEED=343370 
SEED is set to: 343370
timeout: the monitored command dumped core
environment: line 1: 3745515 Segmentation fault      timeout ${TIMEOUT}s "$WORKDIR/a.out" > "$TMP_OUT"
timeout: the monitored command dumped core
environment: line 1: 3745549 Segmentation fault      timeout ${TIMEOUT}s "$WORKDIR/a.out" > "$TMP_OUT"
SEED=667543 
SEED is set to: 667543
SEED=863491 
SEED is set to: 863491
SEED=896421 
SEED is set to: 896421
SEED=284676 
SEED is set to: 284676
SEED=506680 
SEED is set to: 506680
SEED=303455 
SEED is set to: 303455
SEED=553320 
SEED is set to: 553320
SEED=560773 
SEED is set to: 560773
SEED=707013 
SEED is set to: 707013
timeout: the monitored command dumped core
environment: line 1: 3745947 Segmentation fault      timeout ${TIMEOUT}s "$WORKDIR/a.out" > "$TMP_OUT"
SEED=866975 
SEED is set to: 866975
timeout: the monitored command dumped core
environment: line 1: 3745916 Segmentation fault      timeout ${TIMEOUT}s "$WORKDIR/a.out" > "$TMP_OUT"
SEED=378284 
SEED is set to: 378284
SEED=789118 
SEED is set to: 789118
SEED=54652 
SEED is set to: 54652
SEED=341496 
SEED is set to: 341496
SEED=459139 
SEED is set to: 459139
SEED=55265 
SEED is set to: 55265
SEED=336220 
SEED is set to: 336220
SEED=390709 
SEED is set to: 390709
SEED=497719 
SEED is set to: 497719
SEED=584474 
SEED is set to: 584474
SEED=849645 
SEED is set to: 849645
SEED=269479 
SEED is set to: 269479
SEED=372006 
SEED is set to: 372006
timeout: the monitored command dumped core
environment: line 1: 3746631 Segmentation fault      timeout ${TIMEOUT}s "$WORKDIR/a.out" > "$TMP_OUT"
SEED=715698 
SEED is set to: 715698
SEED=915340 
SEED is set to: 915340
SEED=936521 
SEED is set to: 936521
SEED=116034 
SEED is set to: 116034
SEED=238041 
SEED is set to: 238041
SEED=346236 
SEED is set to: 346236
SEED=146199 
SEED is set to: 146199
SEED=325117 
SEED is set to: 325117
SEED=619286 
SEED is set to: 619286
SEED=718562 
SEED is set to: 718562
SEED=751329 
SEED is set to: 751329
SEED=763142 
SEED is set to: 763142
SEED=611893 
SEED is set to: 611893
SEED=749505 
SEED is set to: 749505
SEED=911445 
SEED is set to: 911445
SEED=23869 
SEED is set to: 23869
SEED=416795 
SEED is set to: 416795
SEED=794837 
SEED is set to: 794837
SEED=173778 
SEED is set to: 173778
SEED=330357 
SEED is set to: 330357
timeout: the monitored command dumped core
environment: line 1: 3747613 Segmentation fault      timeout ${TIMEOUT}s "$WORKDIR/a.out" > "$TMP_OUT"
SEED=528758 
SEED is set to: 528758
SEED=699505 
SEED is set to: 699505
SEED=941551 
SEED is set to: 941551
timeout: the monitored command dumped core
environment: line 1: 3747894 Segmentation fault      timeout ${TIMEOUT}s "$WORKDIR/a.out" > "$TMP_OUT"
SEED=261835 
SEED is set to: 261835
SEED=551088 
SEED is set to: 551088
SEED=569642 
SEED is set to: 569642
SEED=578614 
SEED is set to: 578614
timeout: the monitored command dumped core
environment: line 1: 3747957 Segmentation fault      timeout ${TIMEOUT}s "$WORKDIR/a.out" > "$TMP_OUT"
SEED=107450 
SEED is set to: 107450
SEED=341787 
SEED is set to: 341787
SEED=464430 
SEED is set to: 464430
double free or corruption (out)
timeout: the monitored command dumped core
environment: line 1: 3748174 Aborted                 timeout ${TIMEOUT}s "$WORKDIR/a.out" > "$TMP_OUT"
SEED=940361 
SEED is set to: 940361
SEED=182184 
SEED is set to: 182184
SEED=205969 
SEED is set to: 205969
SEED=281611 
SEED is set to: 281611
timeout: the monitored command dumped core
environment: line 1: 3748231 Segmentation fault      timeout ${TIMEOUT}s "$WORKDIR/a.out" > "$TMP_OUT"
timeout: the monitored command dumped core
environment: line 1: 3748249 Segmentation fault      timeout ${TIMEOUT}s "$WORKDIR/a.out" > "$TMP_OUT"
timeout: the monitored command dumped core
environment: line 1: 3748254 Segmentation fault      timeout ${TIMEOUT}s "$WORKDIR/a.out" > "$TMP_OUT"
timeout: the monitored command dumped core
environment: line 1: 3748259 Segmentation fault      timeout ${TIMEOUT}s "$WORKDIR/a.out" > "$TMP_OUT"
SEED=644485 
SEED is set to: 644485
SEED=819415 
SEED is set to: 819415
SEED=820445 
SEED is set to: 820445
timeout: the monitored command dumped core
environment: line 1: 3748436 Segmentation fault      timeout ${TIMEOUT}s "$WORKDIR/a.out" > "$TMP_OUT"
SEED=172753 
SEED is set to: 172753
SEED=661264 
SEED is set to: 661264
SEED=779417 
SEED is set to: 779417
SEED=996161 
SEED is set to: 996161
SEED=70637 
SEED is set to: 70637
SEED=155478 
SEED is set to: 155478
SEED=442544 
SEED is set to: 442544
timeout: the monitored command dumped core
environment: line 1: 3748781 Segmentation fault      timeout ${TIMEOUT}s "$WORKDIR/a.out" > "$TMP_OUT"
SEED=838626 
SEED is set to: 838626
SEED=297922 
SEED is set to: 297922
SEED=349943 
SEED is set to: 349943
SEED=403036 
SEED is set to: 403036
timeout: the monitored command dumped core
environment: line 1: 3748929 Segmentation fault      timeout ${TIMEOUT}s "$WORKDIR/a.out" > "$TMP_OUT"
timeout: the monitored command dumped core
environment: line 1: 3748892 Segmentation fault      timeout ${TIMEOUT}s "$WORKDIR/a.out" > "$TMP_OUT"
SEED=922187 
SEED is set to: 922187
SEED=29964 
SEED is set to: 29964
SEED=63950 
SEED is set to: 63950
SEED=109958 
SEED is set to: 109958
SEED=471797 
SEED is set to: 471797
SEED=563963 
SEED is set to: 563963
SEED=754439 
SEED is set to: 754439
SEED=480518 
SEED is set to: 480518
SEED=918285 
SEED is set to: 918285
SEED=13845 
SEED is set to: 13845
SEED=178577 
SEED is set to: 178577
SEED=404933 
SEED is set to: 404933
SEED=2807 
SEED is set to: 2807
SEED=96860 
SEED is set to: 96860
SEED=382763 
SEED is set to: 382763
SEED=439181 
SEED is set to: 439181
timeout: the monitored command dumped core
environment: line 1: 3749870 Segmentation fault      timeout ${TIMEOUT}s "$WORKDIR/a.out" > "$TMP_OUT"
SEED=557777 
SEED is set to: 557777
SEED=505029 
SEED is set to: 505029
SEED=528611 
SEED is set to: 528611
SEED=678548 
SEED is set to: 678548
SEED=871500 
SEED is set to: 871500
SEED=942529 
SEED is set to: 942529
SEED=943750 
SEED is set to: 943750
SEED=79729 
SEED is set to: 79729
timeout: the monitored command dumped core
environment: line 1: 3750195 Segmentation fault      timeout ${TIMEOUT}s "$WORKDIR/a.out" > "$TMP_OUT"
SEED=81112 
SEED is set to: 81112
SEED=499148 
SEED is set to: 499148
SEED=683339 
SEED is set to: 683339
SEED=838530 
SEED is set to: 838530
SEED=267572 
SEED is set to: 267572
SEED=411784 
SEED is set to: 411784
SEED=564350 
SEED is set to: 564350
SEED=911855 
SEED is set to: 911855
SEED=925035 
SEED is set to: 925035
SEED=524234 
SEED is set to: 524234
timeout: the monitored command dumped core
environment: line 1: 3750857 Segmentation fault      timeout ${TIMEOUT}s "$WORKDIR/a.out" > "$TMP_OUT"
SEED=953542 
SEED is set to: 953542
SEED=86865 
SEED is set to: 86865
SEED=256862 
SEED is set to: 256862
SEED=475202 
SEED is set to: 475202
SEED=503585 
SEED is set to: 503585
timeout: the monitored command dumped core
environment: line 1: 3751047 Segmentation fault      timeout ${TIMEOUT}s "$WORKDIR/a.out" > "$TMP_OUT"
SEED=603261 
SEED is set to: 603261
SEED=993626 
SEED is set to: 993626
SEED=284309 
SEED is set to: 284309
SEED=398644 
SEED is set to: 398644
SEED=620978 
SEED is set to: 620978
SEED=243587 
SEED is set to: 243587
SEED=315921 
SEED is set to: 315921
SEED=334860 
SEED is set to: 334860
SEED=641082 
SEED is set to: 641082
timeout: the monitored command dumped core
environment: line 1: 3751571 Segmentation fault      timeout ${TIMEOUT}s "$WORKDIR/a.out" > "$TMP_OUT"
SEED=108307 
SEED is set to: 108307
SEED=420193 
SEED is set to: 420193
SEED=681414 
SEED is set to: 681414
SEED=754151 
SEED is set to: 754151
SEED=757702 
SEED is set to: 757702
SEED=146387 
SEED is set to: 146387
SEED=276363 
SEED is set to: 276363
SEED=678742 
SEED is set to: 678742
SEED=774802 
SEED is set to: 774802
SEED=111968 
SEED is set to: 111968
SEED=127457 
SEED is set to: 127457
SEED=149741 
SEED is set to: 149741
SEED=888399 
SEED is set to: 888399
SEED=914791 
SEED is set to: 914791
SEED=346430 
SEED is set to: 346430
SEED=585761 
SEED is set to: 585761
SEED=616349 
SEED is set to: 616349
SEED=797027 
SEED is set to: 797027
SEED=414052 
SEED is set to: 414052
SEED=430156 
SEED is set to: 430156
SEED=519142 
SEED is set to: 519142
SEED=635901 
SEED is set to: 635901
SEED=644387 
SEED is set to: 644387
SEED=415890 
SEED is set to: 415890
SEED=988938 
SEED is set to: 988938
SEED=171639 
SEED is set to: 171639
SEED=362668 
SEED is set to: 362668
SEED=256528 
SEED is set to: 256528
SEED=336658 
SEED is set to: 336658
SEED=340888 
SEED is set to: 340888
SEED=474428 
SEED is set to: 474428
timeout: the monitored command dumped core
environment: line 1: 3753093 Segmentation fault      timeout ${TIMEOUT}s "$WORKDIR/a.out" > "$TMP_OUT"
SEED=174578 
SEED is set to: 174578
SEED=879294 
SEED is set to: 879294
SEED=18460 
SEED is set to: 18460
SEED=240012 
SEED is set to: 240012
SEED=767058 
SEED is set to: 767058
SEED=846541 
SEED is set to: 846541
SEED=882581 
SEED is set to: 882581
SEED=277437 
SEED is set to: 277437
SEED=348142 
SEED is set to: 348142
SEED=482176 
SEED is set to: 482176
SEED=583713 
SEED is set to: 583713
SEED=614112 
SEED is set to: 614112
SEED=709583 
SEED is set to: 709583
SEED=238671 
SEED is set to: 238671
SEED=324135 
SEED is set to: 324135
SEED=440607 
SEED is set to: 440607
timeout: the monitored command dumped core
environment: line 1: 3754007 Segmentation fault      timeout ${TIMEOUT}s "$WORKDIR/a.out" > "$TMP_OUT"
SEED=812190 
SEED is set to: 812190
SEED=936819 
SEED is set to: 936819
SEED=979674 
SEED is set to: 979674
SEED=29772 
SEED is set to: 29772
timeout: the monitored command dumped core
environment: line 1: 3754100 Segmentation fault      timeout ${TIMEOUT}s "$WORKDIR/a.out" > "$TMP_OUT"
timeout: the monitored command dumped core
environment: line 1: 3754088 Segmentation fault      timeout ${TIMEOUT}s "$WORKDIR/a.out" > "$TMP_OUT"
SEED=313503 
SEED is set to: 313503
SEED=800027 
SEED is set to: 800027
SEED=199131 
SEED is set to: 199131
SEED=440559 
SEED is set to: 440559
SEED=634428 
SEED is set to: 634428
SEED=725794 
SEED is set to: 725794
SEED=751902 
SEED is set to: 751902
SEED=920245 
SEED is set to: 920245
SEED=992896 
SEED is set to: 992896
timeout: the monitored command dumped core
environment: line 1: 3754594 Segmentation fault      timeout ${TIMEOUT}s "$WORKDIR/a.out" > "$TMP_OUT"
SEED=548896 
SEED is set to: 548896
SEED=853488 
SEED is set to: 853488
SEED=26440 
SEED is set to: 26440
SEED=189817 
SEED is set to: 189817
SEED=243331 
SEED is set to: 243331
SEED=303565 
SEED is set to: 303565
SEED=315153 
SEED is set to: 315153
SEED=579093 
SEED is set to: 579093
SEED=647067 
SEED is set to: 647067
SEED=715040 
SEED is set to: 715040
SEED=781706 
SEED is set to: 781706
SEED=960082 
SEED is set to: 960082
timeout: the monitored command dumped core
environment: line 1: 3755109 Segmentation fault      timeout ${TIMEOUT}s "$WORKDIR/a.out" > "$TMP_OUT"
timeout: the monitored command dumped core
environment: line 1: 3755121 Segmentation fault      timeout ${TIMEOUT}s "$WORKDIR/a.out" > "$TMP_OUT"
SEED=567067 
SEED is set to: 567067
SEED=24309 
SEED is set to: 24309
SEED=196223 
SEED is set to: 196223
SEED=233260 
SEED is set to: 233260
SEED=633620 
SEED is set to: 633620
SEED=774540 
SEED is set to: 774540
SEED=280859 
SEED is set to: 280859
SEED=493381 
SEED is set to: 493381
timeout: the monitored command dumped core
environment: line 1: 3755525 Segmentation fault      timeout ${TIMEOUT}s "$WORKDIR/a.out" > "$TMP_OUT"
SEED=898940 
SEED is set to: 898940
SEED=979294 
SEED is set to: 979294
SEED=176230 
SEED is set to: 176230
SEED=208065 
SEED is set to: 208065
timeout: the monitored command dumped core
environment: line 1: 3755569 Segmentation fault      timeout ${TIMEOUT}s "$WORKDIR/a.out" > "$TMP_OUT"
SEED=271405 
SEED is set to: 271405
SEED=630605 
SEED is set to: 630605
SEED=110139 
SEED is set to: 110139
SEED=438728 
SEED is set to: 438728
SEED=511411 
SEED is set to: 511411
SEED=552442 
SEED is set to: 552442
SEED=602413 
SEED is set to: 602413
SEED=966172 
SEED is set to: 966172
SEED=982017 
SEED is set to: 982017
SEED=34768 
SEED is set to: 34768
SEED=281921 
SEED is set to: 281921
timeout: the monitored command dumped core
environment: line 1: 3756183 Segmentation fault      timeout ${TIMEOUT}s "$WORKDIR/a.out" > "$TMP_OUT"
SEED=509090 
SEED is set to: 509090
SEED=544227 
SEED is set to: 544227
SEED=964424 
SEED is set to: 964424
SEED=485293 
SEED is set to: 485293
SEED=630546 
SEED is set to: 630546
SEED=667173 
SEED is set to: 667173
SEED=743943 
SEED is set to: 743943
timeout: the monitored command dumped core
environment: line 1: 3756450 Segmentation fault      timeout ${TIMEOUT}s "$WORKDIR/a.out" > "$TMP_OUT"
timeout: the monitored command dumped core
environment: line 1: 3756487 Segmentation fault      timeout ${TIMEOUT}s "$WORKDIR/a.out" > "$TMP_OUT"
SEED=904030 
SEED is set to: 904030
SEED=936737 
SEED is set to: 936737
SEED=680989 
SEED is set to: 680989
SEED=93670 
SEED is set to: 93670
SEED=181579 
SEED is set to: 181579
SEED=215204 
SEED is set to: 215204
SEED=222797 
SEED is set to: 222797
SEED=235080 
SEED is set to: 235080
SEED=357638 
SEED is set to: 357638
SEED=262646 
SEED is set to: 262646
SEED=589359 
SEED is set to: 589359
SEED=707117 
SEED is set to: 707117
SEED=761687 
SEED is set to: 761687
SEED=226384 
SEED is set to: 226384
SEED=562049 
SEED is set to: 562049
SEED=876015 
SEED is set to: 876015
SEED=945326 
SEED is set to: 945326
SEED=7155 
SEED is set to: 7155
timeout: the monitored command dumped core
environment: line 1: 3757395 Segmentation fault      timeout ${TIMEOUT}s "$WORKDIR/a.out" > "$TMP_OUT"
SEED=287940 
SEED is set to: 287940
SEED=34585 
SEED is set to: 34585
SEED=88973 
SEED is set to: 88973
SEED=275364 
SEED is set to: 275364
SEED=337771 
SEED is set to: 337771
SEED=392810 
SEED is set to: 392810
SEED=745516 
SEED is set to: 745516
SEED=639845 
SEED is set to: 639845
SEED=673604 
SEED is set to: 673604
SEED=743299 
SEED is set to: 743299
SEED=807094 
SEED is set to: 807094
SEED=820836 
SEED is set to: 820836
SEED=207876 
SEED is set to: 207876
SEED=962529 
SEED is set to: 962529
SEED=969806 
SEED is set to: 969806
SEED=216697 
SEED is set to: 216697
timeout: the monitored command dumped core
environment: line 1: 3758147 Segmentation fault      timeout ${TIMEOUT}s "$WORKDIR/a.out" > "$TMP_OUT"
SEED=391209 
SEED is set to: 391209
SEED=536490 
SEED is set to: 536490
SEED=649593 
SEED is set to: 649593
SEED=407487 
SEED is set to: 407487
SEED=523649 
SEED is set to: 523649
SEED=679277 
SEED is set to: 679277
SEED=722668 
SEED is set to: 722668
SEED=819947 
SEED is set to: 819947
timeout: the monitored command dumped core
environment: line 1: 3758448 Segmentation fault      timeout ${TIMEOUT}s "$WORKDIR/a.out" > "$TMP_OUT"
SEED=3211 
SEED is set to: 3211
SEED=877176 
SEED is set to: 877176
SEED=953990 
SEED is set to: 953990
SEED=965345 
SEED is set to: 965345
SEED=152545 
SEED is set to: 152545
timeout: the monitored command dumped core
environment: line 1: 3758666 Segmentation fault      timeout ${TIMEOUT}s "$WORKDIR/a.out" > "$TMP_OUT"
SEED=313035 
SEED is set to: 313035
SEED=360925 
SEED is set to: 360925
SEED=952956 
SEED is set to: 952956
SEED=281778 
SEED is set to: 281778
SEED=448046 
SEED is set to: 448046
SEED=652078 
SEED is set to: 652078
SEED=684294 
SEED is set to: 684294
SEED=794326 
SEED is set to: 794326
SEED=578078 
SEED is set to: 578078
SEED=726337 
SEED is set to: 726337
SEED=811780 
SEED is set to: 811780
SEED=918780 
SEED is set to: 918780
SEED=834377 
SEED is set to: 834377
SEED=99824 
SEED is set to: 99824
SEED=171453 
SEED is set to: 171453
SEED=330547 
SEED is set to: 330547
SEED=445064 
SEED is set to: 445064
SEED=378769 
SEED is set to: 378769
SEED=388935 
SEED is set to: 388935
SEED=515494 
SEED is set to: 515494
SEED=660150 
SEED is set to: 660150
SEED=521471 
SEED is set to: 521471
SEED=837384 
SEED is set to: 837384
SEED=952304 
SEED is set to: 952304
SEED=255344 
SEED is set to: 255344
SEED=282448 
SEED is set to: 282448
SEED=319804 
SEED is set to: 319804
timeout: the monitored command dumped core
environment: line 1: 3760158 Segmentation fault      timeout ${TIMEOUT}s "$WORKDIR/a.out" > "$TMP_OUT"
SEED=879708 
SEED is set to: 879708
SEED=24972 
SEED is set to: 24972
SEED=407797 
SEED is set to: 407797
SEED=626091 
SEED is set to: 626091
SEED=700126 
SEED is set to: 700126
SEED=7717 
SEED is set to: 7717
SEED=666930 
SEED is set to: 666930
timeout: the monitored command dumped core
environment: line 1: 3760564 Segmentation fault      timeout ${TIMEOUT}s "$WORKDIR/a.out" > "$TMP_OUT"
SEED=84879 
SEED is set to: 84879
SEED=163075 
SEED is set to: 163075
malloc(): corrupted top size
timeout: the monitored command dumped core
environment: line 1: 3760619 Aborted                 timeout ${TIMEOUT}s "$WORKDIR/a.out" > "$TMP_OUT"
SEED=370215 
SEED is set to: 370215
timeout: the monitored command dumped core
environment: line 1: 3760612 Segmentation fault      timeout ${TIMEOUT}s "$WORKDIR/a.out" > "$TMP_OUT"
SEED=557276 
SEED is set to: 557276
SEED=932975 
SEED is set to: 932975
SEED=954786 
SEED is set to: 954786
SEED=530332 
SEED is set to: 530332
SEED=775162 
SEED is set to: 775162
SEED=827400 
SEED is set to: 827400
SEED=833261 
SEED is set to: 833261
SEED=948376 
SEED is set to: 948376
timeout: the monitored command dumped core
environment: line 1: 3761022 Segmentation fault      timeout ${TIMEOUT}s "$WORKDIR/a.out" > "$TMP_OUT"
SEED=314697 
SEED is set to: 314697
SEED=321888 
SEED is set to: 321888
SEED=114792 
SEED is set to: 114792
SEED=301020 
SEED is set to: 301020
SEED=336126 
SEED is set to: 336126
SEED=593735 
SEED is set to: 593735
SEED=743805 
SEED is set to: 743805
SEED=97225 
SEED is set to: 97225
SEED=391022 
SEED is set to: 391022
timeout: the monitored command dumped core
environment: line 1: 3761418 Segmentation fault      timeout ${TIMEOUT}s "$WORKDIR/a.out" > "$TMP_OUT"
SEED=338940 
SEED is set to: 338940
SEED=473500 
SEED is set to: 473500
SEED=798000 
SEED is set to: 798000
SEED=217214 
SEED is set to: 217214
SEED=717347 
SEED is set to: 717347
SEED=750051 
SEED is set to: 750051
SEED=851464 
SEED is set to: 851464
SEED=881277 
SEED is set to: 881277
SEED=111662 
SEED is set to: 111662
SEED=632312 
SEED is set to: 632312
SEED=266674 
SEED is set to: 266674
SEED=325947 
SEED is set to: 325947
SEED=799210 
SEED is set to: 799210
SEED=811835 
SEED is set to: 811835
SEED=831363 
SEED is set to: 831363
SEED=404953 
SEED is set to: 404953
SEED=785920 
SEED is set to: 785920
SEED=808738 
SEED is set to: 808738
SEED=818490 
SEED is set to: 818490
SEED=334065 
SEED is set to: 334065
SEED=477835 
SEED is set to: 477835
SEED=244639 
SEED is set to: 244639
SEED=298422 
SEED is set to: 298422
SEED=306765 
SEED is set to: 306765
SEED=414307 
SEED is set to: 414307
SEED=824853 
SEED is set to: 824853
SEED=993631 
SEED is set to: 993631
SEED=133499 
SEED is set to: 133499
SEED=767044 
SEED is set to: 767044
SEED=854883 
SEED is set to: 854883
SEED=872632 
SEED is set to: 872632
timeout: the monitored command dumped core
environment: line 1: 3763013 Floating point exceptiontimeout ${TIMEOUT}s "$WORKDIR/a.out" > "$TMP_OUT"
SEED=177644 
SEED is set to: 177644
SEED=173081 
SEED is set to: 173081
SEED=263791 
SEED is set to: 263791
SEED=533172 
SEED is set to: 533172
SEED=561876 
SEED is set to: 561876
SEED=805193 
SEED is set to: 805193
SEED=844926 
SEED is set to: 844926
SEED=313305 
SEED is set to: 313305
SEED=673706 
SEED is set to: 673706
SEED=943590 
SEED is set to: 943590
SEED=39385 
SEED is set to: 39385
SEED=245824 
SEED is set to: 245824
SEED=280110 
SEED is set to: 280110
SEED=335943 
SEED is set to: 335943
SEED=835791 
SEED is set to: 835791
SEED=57899 
SEED is set to: 57899
SEED=350014 
SEED is set to: 350014
SEED=618917 
SEED is set to: 618917
SEED=705676 
SEED is set to: 705676
SEED=956342 
SEED is set to: 956342
timeout: the monitored command dumped core
environment: line 1: 3763911 Segmentation fault      timeout ${TIMEOUT}s "$WORKDIR/a.out" > "$TMP_OUT"
SEED=228001 
SEED is set to: 228001
SEED=296459 
SEED is set to: 296459
SEED=409955 
SEED is set to: 409955
SEED=897924 
SEED is set to: 897924
SEED=344530 
SEED is set to: 344530
SEED=638418 
SEED is set to: 638418
SEED=835905 
SEED is set to: 835905
SEED=848411 
SEED is set to: 848411
SEED=912603 
SEED is set to: 912603
SEED=984133 
SEED is set to: 984133
SEED=225025 
SEED is set to: 225025
SEED=862667 
SEED is set to: 862667
SEED=911599 
SEED is set to: 911599
SEED=416908 
SEED is set to: 416908
SEED=658688 
SEED is set to: 658688
SEED=659134 
SEED is set to: 659134
SEED=668245 
SEED is set to: 668245
SEED=845602 
SEED is set to: 845602
timeout: the monitored command dumped core
environment: line 1: 3764680 Segmentation fault      timeout ${TIMEOUT}s "$WORKDIR/a.out" > "$TMP_OUT"
SEED=197868 
SEED is set to: 197868
SEED=729942 
SEED is set to: 729942
SEED=79089 
SEED is set to: 79089
SEED=192068 
SEED is set to: 192068
timeout: the monitored command dumped core
environment: line 1: 3764966 Segmentation fault      timeout ${TIMEOUT}s "$WORKDIR/a.out" > "$TMP_OUT"
SEED=679289 
SEED is set to: 679289
SEED=812215 
SEED is set to: 812215
SEED=218089 
SEED is set to: 218089
SEED=286206 
SEED is set to: 286206
SEED=486044 
SEED is set to: 486044
SEED=896921 
SEED is set to: 896921
SEED=97008 
SEED is set to: 97008
SEED=161481 
SEED is set to: 161481
timeout: the monitored command dumped core
environment: line 1: 3765330 Segmentation fault      timeout ${TIMEOUT}s "$WORKDIR/a.out" > "$TMP_OUT"
SEED=511498 
SEED is set to: 511498
SEED=540776 
SEED is set to: 540776
SEED=981522 
SEED is set to: 981522
SEED=17975 
SEED is set to: 17975
SEED=309816 
SEED is set to: 309816
SEED=506006 
SEED is set to: 506006
SEED=788438 
SEED is set to: 788438
SEED=895726 
SEED is set to: 895726
SEED=94543 
SEED is set to: 94543
SEED=429103 
SEED is set to: 429103
SEED=889121 
SEED is set to: 889121
SEED=601689 
SEED is set to: 601689
SEED=616836 
SEED is set to: 616836
SEED=21198 
SEED is set to: 21198
SEED=175035 
SEED is set to: 175035
SEED=485765 
SEED is set to: 485765
SEED=644563 
SEED is set to: 644563
SEED=830060 
SEED is set to: 830060
timeout: the monitored command dumped core
environment: line 1: 3766160 Segmentation fault      timeout ${TIMEOUT}s "$WORKDIR/a.out" > "$TMP_OUT"
SEED=873949 
SEED is set to: 873949
SEED=755666 
SEED is set to: 755666
SEED=757737 
SEED is set to: 757737
SEED=52418 
SEED is set to: 52418
SEED=214792 
SEED is set to: 214792
SEED=231337 
SEED is set to: 231337
timeout: the monitored command dumped core
environment: line 1: 3766469 Segmentation fault      timeout ${TIMEOUT}s "$WORKDIR/a.out" > "$TMP_OUT"
SEED=498600 
SEED is set to: 498600
SEED=706355 
SEED is set to: 706355
SEED=86800 
SEED is set to: 86800
SEED=443044 
SEED is set to: 443044
timeout: the monitored command dumped core
environment: line 1: 3766711 Segmentation fault      timeout ${TIMEOUT}s "$WORKDIR/a.out" > "$TMP_OUT"
SEED=675808 
SEED is set to: 675808
SEED=3301 
SEED is set to: 3301
SEED=139117 
SEED is set to: 139117
SEED=686553 
SEED is set to: 686553
SEED=984569 
SEED is set to: 984569
SEED=42862 
SEED is set to: 42862
timeout: the monitored command dumped core
environment: line 1: 3766941 Segmentation fault      timeout ${TIMEOUT}s "$WORKDIR/a.out" > "$TMP_OUT"
SEED=164689 
SEED is set to: 164689
SEED=446890 
SEED is set to: 446890
SEED=325497 
SEED is set to: 325497
SEED=385808 
SEED is set to: 385808
SEED=482569 
SEED is set to: 482569
SEED=503072 
SEED is set to: 503072
SEED=536964 
SEED is set to: 536964
SEED=694237 
SEED is set to: 694237
SEED=777218 
SEED is set to: 777218
SEED=862875 
SEED is set to: 862875
SEED=234499 
SEED is set to: 234499
SEED=184662 
SEED is set to: 184662
SEED=323687 
SEED is set to: 323687
SEED=414237 
SEED is set to: 414237
SEED=801947 
SEED is set to: 801947
SEED=408289 
SEED is set to: 408289
SEED=441618 
SEED is set to: 441618
SEED=630626 
SEED is set to: 630626
SEED=872435 
SEED is set to: 872435
SEED=6751 
SEED is set to: 6751
timeout: the monitored command dumped core
environment: line 1: 3768128 Segmentation fault      timeout ${TIMEOUT}s "$WORKDIR/a.out" > "$TMP_OUT"
SEED=273265 
SEED is set to: 273265
SEED=839563 
SEED is set to: 839563
SEED=886967 
SEED is set to: 886967
SEED=85279 
SEED is set to: 85279
timeout: the monitored command dumped core
environment: line 1: 3768331 Segmentation fault      timeout ${TIMEOUT}s "$WORKDIR/a.out" > "$TMP_OUT"
SEED=320519 
SEED is set to: 320519
SEED=625025 
SEED is set to: 625025
SEED=924773 
SEED is set to: 924773
SEED=355436 
SEED is set to: 355436
SEED=603420 
SEED is set to: 603420
SEED=657508 
SEED is set to: 657508
SEED=265874 
SEED is set to: 265874
SEED=344521 
SEED is set to: 344521
SEED=657670 
SEED is set to: 657670
SEED=681083 
SEED is set to: 681083
SEED=926313 
SEED is set to: 926313
SEED=274685 
SEED is set to: 274685
SEED=670759 
SEED is set to: 670759
SEED=47420 
SEED is set to: 47420
SEED=126643 
SEED is set to: 126643
timeout: the monitored command dumped core
environment: line 1: 3769054 Segmentation fault      timeout ${TIMEOUT}s "$WORKDIR/a.out" > "$TMP_OUT"
SEED=436337 
SEED is set to: 436337
SEED=638251 
SEED is set to: 638251
SEED=696245 
SEED is set to: 696245
timeout: the monitored command dumped core
environment: line 1: 3769175 Segmentation fault      timeout ${TIMEOUT}s "$WORKDIR/a.out" > "$TMP_OUT"
SEED=514485 
SEED is set to: 514485
timeout: the monitored command dumped core
environment: line 1: 3769349 Segmentation fault      timeout ${TIMEOUT}s "$WORKDIR/a.out" > "$TMP_OUT"
SEED=902383 
SEED is set to: 902383
SEED=6820 
SEED is set to: 6820
timeout: the monitored command dumped core
environment: line 1: 3769412 Segmentation fault      timeout ${TIMEOUT}s "$WORKDIR/a.out" > "$TMP_OUT"
SEED=34899 
SEED is set to: 34899
SEED=662802 
SEED is set to: 662802
SEED=670544 
SEED is set to: 670544
SEED=939341 
SEED is set to: 939341
SEED=377377 
SEED is set to: 377377
SEED=519643 
SEED is set to: 519643
SEED=593004 
SEED is set to: 593004
SEED=644860 
SEED is set to: 644860
SEED=143799 
SEED is set to: 143799
SEED=284748 
SEED is set to: 284748
SEED=768411 
SEED is set to: 768411
SEED=884212 
SEED is set to: 884212
SEED=185523 
SEED is set to: 185523
SEED=233938 
SEED is set to: 233938
SEED=508522 
SEED is set to: 508522
timeout: the monitored command dumped core
environment: line 1: 3770131 Segmentation fault      timeout ${TIMEOUT}s "$WORKDIR/a.out" > "$TMP_OUT"
timeout: the monitored command dumped core
environment: line 1: 3770116 Segmentation fault      timeout ${TIMEOUT}s "$WORKDIR/a.out" > "$TMP_OUT"
SEED=694156 
SEED is set to: 694156
SEED=971880 
SEED is set to: 971880
SEED=292589 
SEED is set to: 292589
SEED=693097 
SEED is set to: 693097
SEED=742900 
SEED is set to: 742900
SEED=313181 
SEED is set to: 313181
SEED=520251 
SEED is set to: 520251
SEED=850518 
SEED is set to: 850518
SEED=131585 
SEED is set to: 131585
SEED=237386 
SEED is set to: 237386
SEED=292464 
SEED is set to: 292464
SEED=335806 
SEED is set to: 335806
timeout: the monitored command dumped core
environment: line 1: 3770623 Segmentation fault      timeout ${TIMEOUT}s "$WORKDIR/a.out" > "$TMP_OUT"
SEED=623559 
SEED is set to: 623559
SEED=802326 
SEED is set to: 802326
SEED=182224 
SEED is set to: 182224
SEED=266777 
SEED is set to: 266777
SEED=870564 
SEED is set to: 870564
SEED=876933 
SEED is set to: 876933
SEED=125714 
SEED is set to: 125714
SEED=608808 
SEED is set to: 608808
SEED=696169 
SEED is set to: 696169
SEED=841528 
SEED is set to: 841528
SEED=901485 
SEED is set to: 901485
SEED=431476 
SEED is set to: 431476
SEED=561646 
SEED is set to: 561646
SEED=262830 
SEED is set to: 262830
SEED=454892 
SEED is set to: 454892
SEED=760183 
SEED is set to: 760183
SEED=855096 
SEED is set to: 855096
SEED=889185 
SEED is set to: 889185
SEED=231735 
SEED is set to: 231735
SEED=538164 
SEED is set to: 538164
SEED=865864 
SEED is set to: 865864
SEED=336888 
SEED is set to: 336888
SEED=373885 
SEED is set to: 373885
SEED=510405 
SEED is set to: 510405
SEED=853198 
SEED is set to: 853198
SEED=933461 
SEED is set to: 933461
SEED=9711 
SEED is set to: 9711
SEED=783430 
SEED is set to: 783430
SEED=790870 
SEED is set to: 790870
SEED=84814 
SEED is set to: 84814
SEED=220766 
SEED is set to: 220766
SEED=378858 
SEED is set to: 378858
SEED=449417 
SEED is set to: 449417
SEED=942704 
SEED is set to: 942704
SEED=277474 
SEED is set to: 277474
SEED=445325 
SEED is set to: 445325
timeout: the monitored command dumped core
environment: line 1: 3772343 Segmentation fault      timeout ${TIMEOUT}s "$WORKDIR/a.out" > "$TMP_OUT"
SEED=945610 
SEED is set to: 945610
SEED=240812 
SEED is set to: 240812
SEED=509360 
SEED is set to: 509360
SEED=963843 
SEED is set to: 963843
SEED=30598 
SEED is set to: 30598
SEED=315098 
SEED is set to: 315098
SEED=761296 
SEED is set to: 761296
timeout: the monitored command dumped core
environment: line 1: 3772806 Segmentation fault      timeout ${TIMEOUT}s "$WORKDIR/a.out" > "$TMP_OUT"
SEED=167323 
SEED is set to: 167323
timeout: the monitored command dumped core
environment: line 1: 3772860 Segmentation fault      timeout ${TIMEOUT}s "$WORKDIR/a.out" > "$TMP_OUT"
SEED=509229 
SEED is set to: 509229
SEED=555632 
SEED is set to: 555632
SEED=841325 
SEED is set to: 841325
a.out: malloc.c:2617: sysmalloc: Assertion `(old_top == initial_top (av) && old_size == 0) || ((unsigned long) (old_size) >= MINSIZE && prev_inuse (old_top) && ((unsigned long) old_end & (pagesize - 1)) == 0)' failed.
SEED=906839 
SEED is set to: 906839
timeout: the monitored command dumped core
environment: line 1: 3773008 Aborted                 timeout ${TIMEOUT}s "$WORKDIR/a.out" > "$TMP_OUT"
SEED=168607 
SEED is set to: 168607
SEED=655170 
SEED is set to: 655170
SEED=686939 
SEED is set to: 686939
SEED=777825 
SEED is set to: 777825
SEED=491864 
SEED is set to: 491864
SEED=624526 
SEED is set to: 624526
SEED=46508 
SEED is set to: 46508
SEED=64623 
SEED is set to: 64623
SEED=166953 
SEED is set to: 166953
SEED=206176 
SEED is set to: 206176
SEED=253622 
SEED is set to: 253622
SEED=320648 
SEED is set to: 320648
timeout: the monitored command dumped core
environment: line 1: 3773385 Segmentation fault      timeout ${TIMEOUT}s "$WORKDIR/a.out" > "$TMP_OUT"
SEED=90983 
SEED is set to: 90983
SEED=399360 
SEED is set to: 399360
SEED=439897 
SEED is set to: 439897
SEED=658821 
SEED is set to: 658821
SEED=844730 
SEED is set to: 844730
SEED=694550 
SEED is set to: 694550
SEED=738203 
SEED is set to: 738203
SEED=765418 
SEED is set to: 765418
SEED=770737 
SEED is set to: 770737
timeout: the monitored command dumped core
environment: line 1: 3773861 Segmentation fault      timeout ${TIMEOUT}s "$WORKDIR/a.out" > "$TMP_OUT"
SEED=55799 
SEED is set to: 55799
SEED=83084 
SEED is set to: 83084
SEED=251725 
SEED is set to: 251725
SEED=313278 
SEED is set to: 313278
SEED=450025 
SEED is set to: 450025
SEED=536729 
SEED is set to: 536729
SEED=521797 
SEED is set to: 521797
SEED=674983 
SEED is set to: 674983
SEED=722128 
SEED is set to: 722128
SEED=955430 
SEED is set to: 955430
SEED=10544 
SEED is set to: 10544
SEED=70031 
SEED is set to: 70031
SEED=33998 
SEED is set to: 33998
timeout: the monitored command dumped core
environment: line 1: 3774694 Segmentation fault      timeout ${TIMEOUT}s "$WORKDIR/a.out" > "$TMP_OUT"
SEED=387967 
SEED is set to: 387967
SEED=104050 
SEED is set to: 104050
SEED=244058 
SEED is set to: 244058
SEED=509194 
SEED is set to: 509194
SEED=832301 
SEED is set to: 832301
SEED=58329 
SEED is set to: 58329
SEED=115362 
SEED is set to: 115362
SEED=671674 
SEED is set to: 671674
SEED=823822 
SEED is set to: 823822
timeout: the monitored command dumped core
environment: line 1: 3775189 Segmentation fault      timeout ${TIMEOUT}s "$WORKDIR/a.out" > "$TMP_OUT"
SEED=216578 
SEED is set to: 216578
SEED=815030 
SEED is set to: 815030
SEED=457505 
SEED is set to: 457505
SEED=459654 
SEED is set to: 459654
SEED=472212 
SEED is set to: 472212
SEED=486663 
SEED is set to: 486663
SEED=138555 
SEED is set to: 138555
SEED=174627 
SEED is set to: 174627
SEED=712631 
SEED is set to: 712631
SEED=986207 
SEED is set to: 986207
SEED=197838 
SEED is set to: 197838
SEED=383084 
SEED is set to: 383084
SEED=384188 
SEED is set to: 384188
SEED=585103 
SEED is set to: 585103
SEED=38245 
SEED is set to: 38245
SEED=57870 
SEED is set to: 57870
SEED=272970 
SEED is set to: 272970
timeout: the monitored command dumped core
environment: line 1: 3775988 Segmentation fault      timeout ${TIMEOUT}s "$WORKDIR/a.out" > "$TMP_OUT"
SEED=980435 
SEED is set to: 980435
SEED=151816 
SEED is set to: 151816
SEED=389494 
SEED is set to: 389494
SEED=678980 
SEED is set to: 678980
SEED=691695 
SEED is set to: 691695
SEED=916147 
SEED is set to: 916147
SEED=272308 
SEED is set to: 272308
SEED=280830 
SEED is set to: 280830
SEED=489290 
SEED is set to: 489290
SEED=821172 
SEED is set to: 821172
timeout: the monitored command dumped core
environment: line 1: 3776542 Segmentation fault      timeout ${TIMEOUT}s "$WORKDIR/a.out" > "$TMP_OUT"
SEED=239784 
SEED is set to: 239784
SEED=682581 
SEED is set to: 682581
SEED=869028 
SEED is set to: 869028
SEED=905538 
SEED is set to: 905538
SEED=70935 
SEED is set to: 70935
SEED=230354 
SEED is set to: 230354
SEED=546813 
SEED is set to: 546813
SEED=182670 
SEED is set to: 182670
SEED=647281 
SEED is set to: 647281
SEED=739840 
SEED is set to: 739840
SEED=880050 
SEED is set to: 880050
SEED=920392 
SEED is set to: 920392
timeout: the monitored command dumped core
environment: line 1: 3777028 Segmentation fault      timeout ${TIMEOUT}s "$WORKDIR/a.out" > "$TMP_OUT"
timeout: the monitored command dumped core
environment: line 1: 3777075 Segmentation fault      timeout ${TIMEOUT}s "$WORKDIR/a.out" > "$TMP_OUT"
SEED=442674 
SEED is set to: 442674
SEED=656280 
SEED is set to: 656280
SEED=393608 
SEED is set to: 393608
SEED=506748 
SEED is set to: 506748
timeout: the monitored command dumped core
environment: line 1: 3777283 Segmentation fault      timeout ${TIMEOUT}s "$WORKDIR/a.out" > "$TMP_OUT"
SEED=733701 
SEED is set to: 733701
SEED=815138 
SEED is set to: 815138
timeout: the monitored command dumped core
environment: line 1: 3777317 Segmentation fault      timeout ${TIMEOUT}s "$WORKDIR/a.out" > "$TMP_OUT"
SEED=368753 
SEED is set to: 368753
SEED=799675 
SEED is set to: 799675
SEED=84704 
SEED is set to: 84704
SEED=204996 
SEED is set to: 204996
SEED=210047 
SEED is set to: 210047
SEED=230872 
SEED is set to: 230872
SEED=364772 
SEED is set to: 364772
SEED=700585 
SEED is set to: 700585
SEED=797617 
SEED is set to: 797617
SEED=297325 
SEED is set to: 297325
SEED=657743 
SEED is set to: 657743
SEED=719406 
SEED is set to: 719406
SEED=781094 
SEED is set to: 781094
timeout: the monitored command dumped core
environment: line 1: 3777965 Segmentation fault      timeout ${TIMEOUT}s "$WORKDIR/a.out" > "$TMP_OUT"
timeout: the monitored command dumped core
environment: line 1: 3778004 Segmentation fault      timeout ${TIMEOUT}s "$WORKDIR/a.out" > "$TMP_OUT"
SEED=145014 
SEED is set to: 145014
SEED=329513 
SEED is set to: 329513
SEED=763128 
SEED is set to: 763128
SEED=811234 
SEED is set to: 811234
SEED=307256 
SEED is set to: 307256
timeout: the monitored command dumped core
environment: line 1: 3778285 Segmentation fault      timeout ${TIMEOUT}s "$WORKDIR/a.out" > "$TMP_OUT"
SEED=398027 
SEED is set to: 398027
SEED=430086 
SEED is set to: 430086
SEED=644266 
SEED is set to: 644266
timeout: the monitored command dumped core
environment: line 1: 3778316 Segmentation fault      timeout ${TIMEOUT}s "$WORKDIR/a.out" > "$TMP_OUT"
timeout: the monitored command dumped core
environment: line 1: 3778370 Segmentation fault      timeout ${TIMEOUT}s "$WORKDIR/a.out" > "$TMP_OUT"
SEED=927764 
SEED is set to: 927764
SEED=99243 
SEED is set to: 99243
SEED=226827 
SEED is set to: 226827
SEED=914006 
SEED is set to: 914006
SEED=958102 
SEED is set to: 958102
SEED=236515 
SEED is set to: 236515
SEED=451722 
SEED is set to: 451722
SEED=500475 
SEED is set to: 500475
SEED=644234 
SEED is set to: 644234
SEED=738222 
SEED is set to: 738222
timeout: the monitored command dumped core
environment: line 1: 3778695 Segmentation fault      timeout ${TIMEOUT}s "$WORKDIR/a.out" > "$TMP_OUT"
SEED=463280 
SEED is set to: 463280
SEED=151332 
SEED is set to: 151332
SEED=188690 
SEED is set to: 188690
SEED=218981 
SEED is set to: 218981
SEED=356132 
SEED is set to: 356132
SEED=435114 
SEED is set to: 435114
SEED=3990 
SEED is set to: 3990
SEED=284007 
SEED is set to: 284007
SEED=694914 
SEED is set to: 694914
SEED=747014 
SEED is set to: 747014
SEED=794655 
SEED is set to: 794655
SEED=868209 
SEED is set to: 868209
timeout: the monitored command dumped core
environment: line 1: 3779335 Segmentation fault      timeout ${TIMEOUT}s "$WORKDIR/a.out" > "$TMP_OUT"
SEED=149543 
SEED is set to: 149543
SEED=493250 
SEED is set to: 493250
SEED=772898 
SEED is set to: 772898
SEED=785262 
SEED is set to: 785262
timeout: the monitored command dumped core
environment: line 1: 3779554 Segmentation fault      timeout ${TIMEOUT}s "$WORKDIR/a.out" > "$TMP_OUT"
SEED=330766 
SEED is set to: 330766
SEED=432300 
SEED is set to: 432300
SEED=530186 
SEED is set to: 530186
SEED=592471 
SEED is set to: 592471
SEED=795328 
SEED is set to: 795328
timeout: the monitored command dumped core
environment: line 1: 3779754 Segmentation fault      timeout ${TIMEOUT}s "$WORKDIR/a.out" > "$TMP_OUT"
SEED=460776 
SEED is set to: 460776
SEED=959418 
SEED is set to: 959418
SEED=26772 
SEED is set to: 26772
SEED=171974 
SEED is set to: 171974
SEED=185635 
SEED is set to: 185635
timeout: the monitored command dumped core
environment: line 1: 3779966 Segmentation fault      timeout ${TIMEOUT}s "$WORKDIR/a.out" > "$TMP_OUT"
SEED=494490 
SEED is set to: 494490
timeout: the monitored command dumped core
environment: line 1: 3779978 Segmentation fault      timeout ${TIMEOUT}s "$WORKDIR/a.out" > "$TMP_OUT"
SEED=509838 
SEED is set to: 509838
SEED=818344 
SEED is set to: 818344
SEED=846665 
SEED is set to: 846665
timeout: the monitored command dumped core
environment: line 1: 3780192 Segmentation fault      timeout ${TIMEOUT}s "$WORKDIR/a.out" > "$TMP_OUT"
SEED=927282 
SEED is set to: 927282
SEED=294778 
SEED is set to: 294778
SEED=718872 
SEED is set to: 718872
SEED=89149 
SEED is set to: 89149
SEED=271597 
SEED is set to: 271597
SEED=497950 
SEED is set to: 497950
timeout: the monitored command dumped core
environment: line 1: 3780483 Segmentation fault      timeout ${TIMEOUT}s "$WORKDIR/a.out" > "$TMP_OUT"
SEED=667635 
SEED is set to: 667635
SEED=196565 
SEED is set to: 196565
SEED=461686 
SEED is set to: 461686
SEED=573275 
SEED is set to: 573275
SEED=575001 
SEED is set to: 575001
SEED=826886 
SEED is set to: 826886
SEED=858334 
SEED is set to: 858334
SEED=20002 
SEED is set to: 20002
SEED=706363 
SEED is set to: 706363
SEED=886938 
SEED is set to: 886938
SEED=233130 
SEED is set to: 233130
SEED=344538 
SEED is set to: 344538
munmap_chunk(): invalid pointer
SEED=383921 
SEED is set to: 383921
timeout: the monitored command dumped core
environment: line 1: 3781068 Aborted                 timeout ${TIMEOUT}s "$WORKDIR/a.out" > "$TMP_OUT"
SEED=772373 
SEED is set to: 772373
SEED=859278 
SEED is set to: 859278
SEED=955262 
SEED is set to: 955262
timeout: the monitored command dumped core
environment: line 1: 3781171 Segmentation fault      timeout ${TIMEOUT}s "$WORKDIR/a.out" > "$TMP_OUT"
SEED=683163 
SEED is set to: 683163
SEED=981467 
SEED is set to: 981467
SEED=321492 
SEED is set to: 321492
SEED=353673 
SEED is set to: 353673
SEED=500264 
SEED is set to: 500264
SEED=514136 
SEED is set to: 514136
timeout: the monitored command dumped core
environment: line 1: 3781452 Segmentation fault      timeout ${TIMEOUT}s "$WORKDIR/a.out" > "$TMP_OUT"
SEED=141735 
SEED is set to: 141735
SEED=667191 
SEED is set to: 667191
SEED=934506 
SEED is set to: 934506
SEED=55483 
SEED is set to: 55483
SEED=79544 
SEED is set to: 79544
SEED=140308 
SEED is set to: 140308
SEED=378870 
SEED is set to: 378870
SEED=463348 
SEED is set to: 463348
timeout: the monitored command dumped core
environment: line 1: 3781811 Segmentation fault      timeout ${TIMEOUT}s "$WORKDIR/a.out" > "$TMP_OUT"
SEED=572196 
SEED is set to: 572196
SEED=818408 
SEED is set to: 818408
