SEED=213302 
SEED is set to: 213302
SEED=432694 
SEED is set to: 432694
SEED=508290 
SEED is set to: 508290
SEED=642949 
SEED is set to: 642949
SEED=695318 
SEED is set to: 695318
SEED=782039 
SEED is set to: 782039
SEED=798891 
SEED is set to: 798891
SEED=522651 
SEED is set to: 522651
SEED=801806 
SEED is set to: 801806
SEED=972437 
SEED is set to: 972437
SEED=286543 
SEED is set to: 286543
SEED=346477 
SEED is set to: 346477
SEED=546293 
SEED is set to: 546293
SEED=636887 
SEED is set to: 636887
SEED=70971 
SEED is set to: 70971
SEED=363862 
SEED is set to: 363862
SEED=384804 
SEED is set to: 384804
SEED=819819 
SEED is set to: 819819
SEED=943064 
SEED is set to: 943064
SEED=994105 
SEED is set to: 994105
SEED=320875 
SEED is set to: 320875
SEED=666792 
SEED is set to: 666792
SEED=950550 
SEED is set to: 950550
SEED=56501 
SEED is set to: 56501
SEED=349018 
SEED is set to: 349018
SEED=372273 
SEED is set to: 372273
SEED=395711 
SEED is set to: 395711
SEED=552305 
SEED is set to: 552305
SEED=732259 
SEED is set to: 732259
SEED=735717 
SEED is set to: 735717
SEED=368555 
SEED is set to: 368555
SEED=733432 
SEED is set to: 733432
SEED=864390 
SEED is set to: 864390
SEED=401191 
SEED is set to: 401191
SEED=416093 
SEED is set to: 416093
SEED=299174 
SEED is set to: 299174
SEED=354304 
SEED is set to: 354304
SEED=593112 
SEED is set to: 593112
SEED=2835 
SEED is set to: 2835
SEED=102259 
SEED is set to: 102259
SEED=810534 
SEED is set to: 810534
SEED=985284 
SEED is set to: 985284
SEED=139369 
SEED is set to: 139369
SEED=156098 
SEED is set to: 156098
SEED=591963 
SEED is set to: 591963
SEED=915275 
SEED is set to: 915275
SEED=342665 
SEED is set to: 342665
SEED=344928 
SEED is set to: 344928
SEED=386923 
SEED is set to: 386923
SEED=82867 
SEED is set to: 82867
SEED=228214 
SEED is set to: 228214
SEED=463704 
SEED is set to: 463704
SEED=689454 
SEED is set to: 689454
SEED=95040 
SEED is set to: 95040
SEED=636928 
SEED is set to: 636928
SEED=855334 
SEED is set to: 855334
SEED=22630 
SEED is set to: 22630
SEED=529304 
SEED is set to: 529304
SEED=823640 
SEED is set to: 823640
SEED=964106 
SEED is set to: 964106
SEED=306100 
SEED is set to: 306100
SEED=396991 
SEED is set to: 396991
*** stack smashing detected ***: terminated
SEED=463561 
SEED is set to: 463561
SEED=897419 
SEED is set to: 897419
SEED=142864 
SEED is set to: 142864
SEED=312001 
SEED is set to: 312001
SEED=339052 
SEED is set to: 339052
SEED=769154 
SEED is set to: 769154
SEED=852061 
SEED is set to: 852061
SEED=477050 
SEED is set to: 477050
SEED=649618 
SEED is set to: 649618
SEED=755765 
SEED is set to: 755765
SEED=9611 
SEED is set to: 9611
SEED=93011 
SEED is set to: 93011
SEED=309420 
SEED is set to: 309420
SEED=825156 
SEED is set to: 825156
SEED=868929 
SEED is set to: 868929
SEED=996699 
SEED is set to: 996699
SEED=281040 
SEED is set to: 281040
SEED=418583 
SEED is set to: 418583
SEED=469850 
SEED is set to: 469850
SEED=959713 
SEED is set to: 959713
SEED=205192 
SEED is set to: 205192
SEED=485973 
SEED is set to: 485973
SEED=769905 
SEED is set to: 769905
SEED=774907 
SEED is set to: 774907
SEED=246412 
SEED is set to: 246412
SEED=761630 
SEED is set to: 761630
SEED=762904 
SEED is set to: 762904
SEED=945462 
SEED is set to: 945462
SEED=176399 
SEED is set to: 176399
SEED=195715 
SEED is set to: 195715
SEED=479626 
SEED is set to: 479626
SEED=87752 
SEED is set to: 87752
SEED=104045 
SEED is set to: 104045
SEED=106192 
SEED is set to: 106192
SEED=568923 
SEED is set to: 568923
SEED=613868 
SEED is set to: 613868
SEED=686513 
SEED is set to: 686513
SEED=71240 
SEED is set to: 71240
SEED=687046 
SEED is set to: 687046
double free or corruption (out)
SEED=958564 
SEED is set to: 958564
SEED=783372 
SEED is set to: 783372
SEED=7999 
SEED is set to: 7999
SEED=291323 
SEED is set to: 291323
SEED=761743 
SEED is set to: 761743
SEED=408760 
SEED is set to: 408760
SEED=423621 
SEED is set to: 423621
SEED=471305 
SEED is set to: 471305
SEED=852556 
SEED is set to: 852556
malloc(): corrupted top size
SEED=985822 
SEED is set to: 985822
SEED=16131 
SEED is set to: 16131
SEED=18360 
SEED is set to: 18360
SEED=85285 
SEED is set to: 85285
SEED=114747 
SEED is set to: 114747
SEED=329492 
SEED is set to: 329492
SEED=335929 
SEED is set to: 335929
SEED=533665 
SEED is set to: 533665
SEED=615492 
SEED is set to: 615492
SEED=615750 
SEED is set to: 615750
SEED=750094 
SEED is set to: 750094
SEED=888555 
SEED is set to: 888555
SEED=118359 
SEED is set to: 118359
SEED=179946 
SEED is set to: 179946
SEED=218598 
SEED is set to: 218598
SEED=297240 
SEED is set to: 297240
SEED=961168 
SEED is set to: 961168
SEED=110003 
SEED is set to: 110003
SEED=708746 
SEED is set to: 708746
SEED=716538 
SEED is set to: 716538
SEED=718701 
SEED is set to: 718701
SEED=457923 
SEED is set to: 457923
SEED=671209 
SEED is set to: 671209
SEED=127331 
SEED is set to: 127331
SEED=372940 
SEED is set to: 372940
SEED=418841 
SEED is set to: 418841
SEED=537986 
SEED is set to: 537986
SEED=920152 
SEED is set to: 920152
SEED=962705 
SEED is set to: 962705
SEED=13636 
SEED is set to: 13636
SEED=83349 
SEED is set to: 83349
SEED=774900 
SEED is set to: 774900
SEED=86692 
SEED is set to: 86692
SEED=97408 
SEED is set to: 97408
SEED=298399 
SEED is set to: 298399
SEED=430112 
SEED is set to: 430112
SEED=916539 
SEED is set to: 916539
SEED=219124 
SEED is set to: 219124
SEED=675804 
SEED is set to: 675804
SEED=840025 
SEED is set to: 840025
SEED=841443 
SEED is set to: 841443
SEED=883925 
SEED is set to: 883925
SEED=18109 
SEED is set to: 18109
SEED=169486 
SEED is set to: 169486
SEED=430440 
SEED is set to: 430440
SEED=703956 
SEED is set to: 703956
SEED=329301 
SEED is set to: 329301
SEED=522423 
SEED is set to: 522423
SEED=996667 
SEED is set to: 996667
SEED=32310 
SEED is set to: 32310
SEED=129676 
SEED is set to: 129676
SEED=563331 
SEED is set to: 563331
SEED=712411 
SEED is set to: 712411
SEED=199948 
SEED is set to: 199948
SEED=380198 
SEED is set to: 380198
SEED=576677 
SEED is set to: 576677
SEED=648404 
SEED is set to: 648404
SEED=953424 
SEED is set to: 953424
SEED=737208 
SEED is set to: 737208
SEED=865156 
SEED is set to: 865156
SEED=6714 
SEED is set to: 6714
SEED=706771 
SEED is set to: 706771
SEED=749876 
SEED is set to: 749876
SEED=150452 
SEED is set to: 150452
SEED=413246 
SEED is set to: 413246
SEED=669302 
SEED is set to: 669302
SEED=694860 
SEED is set to: 694860
SEED=990272 
SEED is set to: 990272
SEED=322375 
SEED is set to: 322375
SEED=498520 
SEED is set to: 498520
SEED=682776 
SEED is set to: 682776
SEED=832986 
SEED is set to: 832986
SEED=34518 
SEED is set to: 34518
SEED=116624 
SEED is set to: 116624
SEED=946034 
SEED is set to: 946034
SEED=181856 
SEED is set to: 181856
SEED=235593 
SEED is set to: 235593
SEED=547805 
SEED is set to: 547805
SEED=633577 
SEED is set to: 633577
SEED=955820 
SEED is set to: 955820
SEED=631820 
SEED is set to: 631820
SEED=828507 
SEED is set to: 828507
SEED=981410 
SEED is set to: 981410
SEED=440704 
SEED is set to: 440704
SEED=530834 
SEED is set to: 530834
SEED=573372 
SEED is set to: 573372
SEED=50670 
SEED is set to: 50670
SEED=107003 
SEED is set to: 107003
SEED=536721 
SEED is set to: 536721
SEED=555399 
SEED is set to: 555399
SEED=146661 
SEED is set to: 146661
SEED=752413 
SEED is set to: 752413
SEED=791742 
SEED is set to: 791742
SEED=67900 
SEED is set to: 67900
SEED=177983 
SEED is set to: 177983
SEED=232706 
SEED is set to: 232706
SEED=657246 
SEED is set to: 657246
SEED=936940 
SEED is set to: 936940
SEED=554409 
SEED is set to: 554409
SEED=740289 
SEED is set to: 740289
SEED=744542 
SEED is set to: 744542
SEED=778350 
SEED is set to: 778350
SEED=69818 
SEED is set to: 69818
SEED=424333 
SEED is set to: 424333
SEED=656680 
SEED is set to: 656680
SEED=139124 
SEED is set to: 139124
SEED=341313 
SEED is set to: 341313
SEED=509411 
SEED is set to: 509411
SEED=830785 
SEED is set to: 830785
SEED=136391 
SEED is set to: 136391
SEED=343977 
SEED is set to: 343977
SEED=720584 
SEED is set to: 720584
SEED=775743 
SEED is set to: 775743
SEED=984697 
SEED is set to: 984697
SEED=840894 
SEED is set to: 840894
SEED=878226 
SEED is set to: 878226
SEED=999511 
SEED is set to: 999511
SEED=237180 
SEED is set to: 237180
SEED=337588 
SEED is set to: 337588
SEED=868512 
SEED is set to: 868512
SEED=979654 
SEED is set to: 979654
SEED=433540 
SEED is set to: 433540
SEED=442359 
SEED is set to: 442359
SEED=832209 
SEED is set to: 832209
SEED=861876 
SEED is set to: 861876
free(): double free detected in tcache 2
SEED=78439 
SEED is set to: 78439
SEED=152790 
SEED is set to: 152790
SEED=313321 
SEED is set to: 313321
SEED=842683 
SEED is set to: 842683
SEED=858033 
SEED is set to: 858033
SEED=127100 
SEED is set to: 127100
SEED=392316 
SEED is set to: 392316
SEED=814337 
SEED is set to: 814337
SEED=164692 
SEED is set to: 164692
SEED=664162 
SEED is set to: 664162
SEED=685482 
SEED is set to: 685482
free(): double free detected in tcache 2
SEED=916196 
SEED is set to: 916196
SEED=945005 
SEED is set to: 945005
SEED=477871 
SEED is set to: 477871
SEED=801648 
SEED is set to: 801648
SEED=182612 
SEED is set to: 182612
SEED=352372 
SEED is set to: 352372
SEED=636181 
SEED is set to: 636181
SEED=14793 
SEED is set to: 14793
SEED=560991 
SEED is set to: 560991
SEED=818404 
SEED is set to: 818404
SEED=109128 
SEED is set to: 109128
free(): double free detected in tcache 2
SEED=182748 
SEED is set to: 182748
SEED=413794 
SEED is set to: 413794
SEED=967818 
SEED is set to: 967818
SEED=83179 
SEED is set to: 83179
SEED=408373 
SEED is set to: 408373
SEED=600828 
SEED is set to: 600828
SEED=371279 
SEED is set to: 371279
SEED=819186 
SEED is set to: 819186
SEED=937672 
SEED is set to: 937672
SEED=339531 
SEED is set to: 339531
SEED=615440 
SEED is set to: 615440
SEED=840208 
SEED is set to: 840208
SEED=978897 
SEED is set to: 978897
SEED=717204 
SEED is set to: 717204
SEED=847857 
SEED is set to: 847857
SEED=226761 
SEED is set to: 226761
SEED=514235 
SEED is set to: 514235
SEED=204136 
SEED is set to: 204136
SEED=264516 
SEED is set to: 264516
SEED=357123 
SEED is set to: 357123
SEED=425798 
SEED is set to: 425798
SEED=442255 
SEED is set to: 442255
SEED=701580 
SEED is set to: 701580
SEED=924940 
SEED is set to: 924940
SEED=508737 
SEED is set to: 508737
SEED=757024 
SEED is set to: 757024
SEED=775516 
SEED is set to: 775516
SEED=925896 
SEED is set to: 925896
SEED=980283 
SEED is set to: 980283
SEED=385967 
SEED is set to: 385967
SEED=939130 
SEED is set to: 939130
SEED=215798 
SEED is set to: 215798
SEED=566277 
SEED is set to: 566277
SEED=69980 
SEED is set to: 69980
SEED=262842 
SEED is set to: 262842
SEED=772794 
SEED is set to: 772794
SEED=774021 
SEED is set to: 774021
SEED=14136 
SEED is set to: 14136
SEED=338808 
SEED is set to: 338808
SEED=590452 
SEED is set to: 590452
SEED=817823 
SEED is set to: 817823
SEED=371134 
SEED is set to: 371134
SEED=693765 
SEED is set to: 693765
SEED=925485 
SEED is set to: 925485
SEED=267287 
SEED is set to: 267287
SEED=385639 
SEED is set to: 385639
SEED=867561 
SEED is set to: 867561
SEED=241482 
SEED is set to: 241482
SEED=629108 
SEED is set to: 629108
SEED=742663 
SEED is set to: 742663
SEED=228484 
SEED is set to: 228484
SEED=840460 
SEED is set to: 840460
SEED=865855 
SEED is set to: 865855
SEED=131695 
SEED is set to: 131695
SEED=219295 
SEED is set to: 219295
SEED=387605 
SEED is set to: 387605
SEED=95923 
SEED is set to: 95923
malloc(): corrupted top size
SEED=183031 
SEED is set to: 183031
SEED=315822 
SEED is set to: 315822
SEED=320275 
SEED is set to: 320275
SEED=390777 
SEED is set to: 390777
SEED=639246 
SEED is set to: 639246
SEED=900708 
SEED is set to: 900708
SEED=996396 
SEED is set to: 996396
SEED=521974 
SEED is set to: 521974
SEED=529261 
SEED is set to: 529261
SEED=717423 
SEED is set to: 717423
SEED=111228 
SEED is set to: 111228
SEED=321741 
SEED is set to: 321741
SEED=806203 
SEED is set to: 806203
SEED=190467 
SEED is set to: 190467
SEED=199131 
SEED is set to: 199131
SEED=998502 
SEED is set to: 998502
SEED=438700 
SEED is set to: 438700
SEED=828095 
SEED is set to: 828095
SEED=235501 
SEED is set to: 235501
SEED=434482 
SEED is set to: 434482
SEED=973075 
SEED is set to: 973075
SEED=256031 
SEED is set to: 256031
SEED=589835 
SEED is set to: 589835
SEED=194357 
SEED is set to: 194357
SEED=265119 
SEED is set to: 265119
SEED=708840 
SEED is set to: 708840
SEED=831959 
SEED is set to: 831959
SEED=972930 
SEED is set to: 972930
SEED=983248 
SEED is set to: 983248
SEED=652902 
SEED is set to: 652902
SEED=748201 
SEED is set to: 748201
SEED=425461 
SEED is set to: 425461
SEED=464199 
SEED is set to: 464199
SEED=498151 
SEED is set to: 498151
SEED=921955 
SEED is set to: 921955
SEED=243544 
SEED is set to: 243544
SEED=270449 
SEED is set to: 270449
SEED=360490 
SEED is set to: 360490
SEED=438125 
SEED is set to: 438125
SEED=700765 
SEED is set to: 700765
SEED=356035 
SEED is set to: 356035
SEED=742859 
SEED is set to: 742859
SEED=918962 
SEED is set to: 918962
SEED=31894 
SEED is set to: 31894
SEED=110987 
SEED is set to: 110987
SEED=165673 
SEED is set to: 165673
SEED=325589 
SEED is set to: 325589
SEED=890520 
SEED is set to: 890520
SEED=122431 
SEED is set to: 122431
SEED=273377 
SEED is set to: 273377
SEED=361115 
SEED is set to: 361115
SEED=679638 
SEED is set to: 679638
SEED=701781 
SEED is set to: 701781
SEED=759806 
SEED is set to: 759806
SEED=930000 
SEED is set to: 930000
SEED=688587 
SEED is set to: 688587
SEED=781247 
SEED is set to: 781247
SEED=14405 
SEED is set to: 14405
SEED=59267 
SEED is set to: 59267
SEED=225006 
SEED is set to: 225006
SEED=360557 
SEED is set to: 360557
PRESENT_64_80_v3_3829780.out: malloc.c:2617: sysmalloc: Assertion `(old_top == initial_top (av) && old_size == 0) || ((unsigned long) (old_size) >= MINSIZE && prev_inuse (old_top) && ((unsigned long) old_end & (pagesize - 1)) == 0)' failed.
SEED=530173 
SEED is set to: 530173
SEED=653366 
SEED is set to: 653366
SEED=239947 
SEED is set to: 239947
SEED=396226 
SEED is set to: 396226
SEED=807090 
SEED is set to: 807090
SEED=876117 
SEED is set to: 876117
SEED=13176 
SEED is set to: 13176
SEED=44710 
SEED is set to: 44710
SEED=55150 
SEED is set to: 55150
SEED=32548 
SEED is set to: 32548
SEED=76461 
SEED is set to: 76461
SEED=233861 
SEED is set to: 233861
SEED=713303 
SEED is set to: 713303
SEED=835085 
SEED is set to: 835085
SEED=28893 
SEED is set to: 28893
SEED=150973 
SEED is set to: 150973
SEED=427138 
SEED is set to: 427138
SEED=910086 
SEED is set to: 910086
SEED=338253 
SEED is set to: 338253
SEED=475748 
SEED is set to: 475748
SEED=690777 
SEED is set to: 690777
SEED=999046 
SEED is set to: 999046
SEED=501902 
SEED is set to: 501902
SEED=510875 
SEED is set to: 510875
SEED=193871 
SEED is set to: 193871
SEED=272247 
SEED is set to: 272247
SEED=413002 
SEED is set to: 413002
SEED=751598 
SEED is set to: 751598
SEED=791286 
SEED is set to: 791286
SEED=345624 
SEED is set to: 345624
SEED=387901 
SEED is set to: 387901
SEED=824439 
SEED is set to: 824439
SEED=840881 
SEED is set to: 840881
SEED=82272 
SEED is set to: 82272
SEED=325343 
SEED is set to: 325343
SEED=434540 
SEED is set to: 434540
SEED=651908 
SEED is set to: 651908
SEED=992381 
SEED is set to: 992381
SEED=261631 
SEED is set to: 261631
SEED=609786 
SEED is set to: 609786
SEED=657635 
SEED is set to: 657635
SEED=130255 
SEED is set to: 130255
SEED=191707 
SEED is set to: 191707
SEED=772224 
SEED is set to: 772224
SEED=921602 
SEED is set to: 921602
SEED=7280 
SEED is set to: 7280
SEED=203156 
SEED is set to: 203156
SEED=353869 
SEED is set to: 353869
SEED=743734 
SEED is set to: 743734
SEED=926297 
SEED is set to: 926297
SEED=321252 
SEED is set to: 321252
SEED=433480 
SEED is set to: 433480
SEED=481412 
SEED is set to: 481412
SEED=750587 
SEED is set to: 750587
SEED=797128 
SEED is set to: 797128
SEED=36830 
SEED is set to: 36830
SEED=689924 
SEED is set to: 689924
SEED=938072 
SEED=938078 
SEED is set to: 938072
SEED is set to: 938078
SEED=310216 
SEED is set to: 310216
SEED=604656 
SEED is set to: 604656
SEED=701283 
SEED is set to: 701283
SEED=794995 
SEED is set to: 794995
SEED=195179 
SEED is set to: 195179
SEED=352472 
SEED is set to: 352472
SEED=510017 
SEED is set to: 510017
SEED=919602 
SEED is set to: 919602
SEED=163182 
SEED is set to: 163182
SEED=638415 
SEED is set to: 638415
SEED=929182 
SEED is set to: 929182
SEED=280437 
SEED is set to: 280437
SEED=949305 
SEED is set to: 949305
SEED=392409 
SEED is set to: 392409
SEED=428191 
SEED is set to: 428191
SEED=602261 
SEED is set to: 602261
SEED=393917 
SEED is set to: 393917
SEED=877702 
SEED is set to: 877702
SEED=969136 
SEED is set to: 969136
SEED=645341 
SEED is set to: 645341
SEED=902277 
SEED is set to: 902277
SEED=222734 
SEED is set to: 222734
SEED=475558 
SEED is set to: 475558
SEED=580330 
SEED is set to: 580330
SEED=732461 
SEED is set to: 732461
SEED=946170 
SEED is set to: 946170
SEED=361178 
SEED is set to: 361178
SEED=560112 
SEED is set to: 560112
SEED=599933 
SEED is set to: 599933
SEED=726657 
SEED is set to: 726657
SEED=891986 
SEED is set to: 891986
SEED=86383 
SEED is set to: 86383
SEED=317955 
SEED is set to: 317955
SEED=54992 
SEED is set to: 54992
SEED=342295 
SEED is set to: 342295
SEED=457396 
SEED is set to: 457396
SEED=510085 
SEED is set to: 510085
SEED=888862 
SEED is set to: 888862
SEED=594864 
SEED is set to: 594864
SEED=631990 
SEED is set to: 631990
SEED=791737 
SEED is set to: 791737
SEED=889504 
SEED is set to: 889504
SEED=973306 
SEED is set to: 973306
SEED=723527 
SEED is set to: 723527
SEED=119520 
SEED is set to: 119520
SEED=146890 
SEED is set to: 146890
SEED=522857 
SEED is set to: 522857
SEED=596004 
SEED is set to: 596004
SEED=671933 
SEED is set to: 671933
SEED=344260 
SEED is set to: 344260
SEED=556859 
SEED is set to: 556859
SEED=832449 
SEED is set to: 832449
SEED=924501 
SEED is set to: 924501
SEED=348553 
SEED is set to: 348553
SEED=660018 
SEED is set to: 660018
SEED=685799 
SEED is set to: 685799
SEED=983438 
SEED is set to: 983438
SEED=255522 
SEED is set to: 255522
SEED=475164 
SEED is set to: 475164
SEED=702083 
SEED is set to: 702083
SEED=121528 
SEED is set to: 121528
SEED=166062 
SEED is set to: 166062
SEED=246473 
SEED is set to: 246473
SEED=566220 
SEED is set to: 566220
SEED=636255 
SEED is set to: 636255
SEED=204373 
SEED is set to: 204373
SEED=635700 
SEED is set to: 635700
SEED=657729 
SEED is set to: 657729
SEED=800812 
SEED is set to: 800812
SEED=17022 
SEED is set to: 17022
SEED=32609 
SEED is set to: 32609
SEED=539489 
SEED is set to: 539489
SEED=651170 
SEED is set to: 651170
SEED=556660 
SEED is set to: 556660
SEED=675286 
SEED is set to: 675286
SEED=682251 
SEED is set to: 682251
SEED=969282 
SEED is set to: 969282
SEED=281473 
SEED is set to: 281473
SEED=399883 
SEED is set to: 399883
SEED=424636 
SEED is set to: 424636
SEED=189125 
SEED is set to: 189125
SEED=201654 
SEED is set to: 201654
SEED=429843 
SEED is set to: 429843
SEED=520259 
SEED is set to: 520259
SEED=747544 
SEED is set to: 747544
SEED=837269 
SEED is set to: 837269
SEED=842202 
SEED is set to: 842202
SEED=113940 
SEED is set to: 113940
SEED=24851 
SEED is set to: 24851
SEED=82126 
SEED is set to: 82126
SEED=231721 
SEED is set to: 231721
SEED=245059 
SEED is set to: 245059
SEED=368046 
SEED is set to: 368046
SEED=670318 
SEED is set to: 670318
SEED=790034 
SEED is set to: 790034
SEED=435636 
SEED is set to: 435636
SEED=622308 
SEED is set to: 622308
SEED=860305 
SEED is set to: 860305
SEED=893598 
SEED is set to: 893598
SEED=928065 
SEED is set to: 928065
SEED=979157 
SEED is set to: 979157
SEED=99508 
SEED is set to: 99508
SEED=329456 
SEED is set to: 329456
SEED=436546 
SEED is set to: 436546
SEED=505504 
SEED is set to: 505504
SEED=535527 
SEED is set to: 535527
SEED=614768 
SEED is set to: 614768
SEED=822194 
SEED is set to: 822194
SEED=685798 
SEED is set to: 685798
SEED=719367 
SEED is set to: 719367
SEED=867875 
SEED is set to: 867875
SEED=34976 
SEED is set to: 34976
SEED=105879 
SEED is set to: 105879
SEED=157739 
SEED is set to: 157739
SEED=451988 
SEED is set to: 451988
SEED=627593 
SEED is set to: 627593
SEED=674158 
SEED is set to: 674158
SEED=833224 
SEED is set to: 833224
SEED=945790 
SEED is set to: 945790
SEED=805879 
SEED is set to: 805879
SEED=5817 
SEED is set to: 5817
SEED=481381 
SEED is set to: 481381
SEED=217745 
SEED is set to: 217745
SEED=225350 
SEED is set to: 225350
SEED=383810 
SEED is set to: 383810
SEED=504019 
SEED is set to: 504019
SEED=649967 
SEED is set to: 649967
SEED=358875 
SEED is set to: 358875
SEED=857246 
SEED is set to: 857246
SEED=865788 
SEED is set to: 865788
SEED=965583 
SEED is set to: 965583
SEED=41879 
SEED is set to: 41879
SEED=92582 
SEED is set to: 92582
SEED=209056 
SEED is set to: 209056
SEED=436903 
SEED is set to: 436903
SEED=611680 
SEED is set to: 611680
SEED=446312 
SEED is set to: 446312
SEED=516227 
SEED is set to: 516227
SEED=593821 
SEED is set to: 593821
SEED=849715 
SEED is set to: 849715
double free or corruption (out)
SEED=876839 
SEED is set to: 876839
SEED=7498 
SEED is set to: 7498
SEED=84962 
SEED is set to: 84962
SEED=839003 
SEED is set to: 839003
SEED=652375 
SEED is set to: 652375
SEED=792787 
SEED is set to: 792787
SEED=100594 
SEED is set to: 100594
SEED=924619 
SEED is set to: 924619
SEED=31186 
SEED is set to: 31186
SEED=149247 
SEED is set to: 149247
SEED=228098 
SEED is set to: 228098
SEED=422243 
SEED is set to: 422243
SEED=474962 
SEED is set to: 474962
SEED=484899 
SEED is set to: 484899
SEED=569391 
SEED is set to: 569391
SEED=876730 
SEED is set to: 876730
SEED=83370 
SEED is set to: 83370
SEED=453770 
SEED is set to: 453770
SEED=456871 
SEED is set to: 456871
SEED=459320 
SEED is set to: 459320
SEED=906736 
SEED is set to: 906736
SEED=139894 
SEED is set to: 139894
SEED=440947 
SEED is set to: 440947
SEED=548275 
SEED is set to: 548275
SEED=119451 
SEED is set to: 119451
SEED=142122 
SEED is set to: 142122
SEED=147406 
SEED is set to: 147406
SEED=891967 
SEED is set to: 891967
SEED=154680 
SEED is set to: 154680
SEED=363629 
SEED is set to: 363629
SEED=493442 
SEED is set to: 493442
SEED=605007 
SEED is set to: 605007
SEED=874527 
SEED is set to: 874527
SEED=531818 
SEED is set to: 531818
SEED=809827 
SEED is set to: 809827
SEED=444592 
SEED is set to: 444592
SEED=796180 
SEED is set to: 796180
SEED=280086 
SEED is set to: 280086
SEED=362521 
SEED is set to: 362521
SEED=650997 
SEED is set to: 650997
SEED=912264 
SEED is set to: 912264
SEED=503343 
SEED is set to: 503343
SEED=812473 
SEED is set to: 812473
SEED=738135 
SEED is set to: 738135
SEED=332133 
SEED is set to: 332133
SEED=844304 
SEED is set to: 844304
SEED=849972 
SEED is set to: 849972
SEED=198408 
SEED is set to: 198408
SEED=581848 
SEED is set to: 581848
SEED=44494 
SEED is set to: 44494
SEED=78497 
SEED is set to: 78497
SEED=95839 
SEED is set to: 95839
SEED=373837 
SEED is set to: 373837
SEED=507398 
SEED is set to: 507398
SEED=21047 
SEED is set to: 21047
SEED=344640 
SEED is set to: 344640
SEED=850474 
SEED is set to: 850474
SEED=863559 
SEED is set to: 863559
SEED=1455 
SEED is set to: 1455
SEED=176015 
SEED is set to: 176015
SEED=500689 
SEED is set to: 500689
SEED=803107 
SEED is set to: 803107
SEED=104941 
SEED is set to: 104941
SEED=605799 
SEED is set to: 605799
SEED=788362 
SEED is set to: 788362
SEED=943368 
SEED is set to: 943368
SEED=87029 
SEED is set to: 87029
SEED=124100 
SEED is set to: 124100
SEED=713324 
SEED is set to: 713324
SEED=75412 
SEED is set to: 75412
SEED=183569 
SEED is set to: 183569
SEED=656443 
SEED is set to: 656443
SEED=666162 
SEED is set to: 666162
SEED=688299 
SEED is set to: 688299
SEED=945059 
SEED is set to: 945059
SEED=390419 
SEED is set to: 390419
SEED=499000 
SEED is set to: 499000
SEED=855237 
SEED is set to: 855237
SEED=193665 
SEED is set to: 193665
SEED=536860 
SEED is set to: 536860
SEED=590903 
SEED is set to: 590903
SEED=720718 
SEED is set to: 720718
SEED=910200 
SEED is set to: 910200
SEED=202935 
SEED is set to: 202935
SEED=425430 
SEED is set to: 425430
SEED=818248 
SEED is set to: 818248
SEED=296539 
SEED is set to: 296539
SEED=353171 
SEED is set to: 353171
SEED=395372 
SEED is set to: 395372
SEED=409512 
SEED is set to: 409512
SEED=572585 
SEED is set to: 572585
SEED=797320 
SEED is set to: 797320
SEED=260462 
SEED is set to: 260462
SEED=287812 
SEED is set to: 287812
SEED=595315 
SEED is set to: 595315
SEED=984851 
SEED is set to: 984851
SEED=995235 
SEED is set to: 995235
SEED=555938 
SEED is set to: 555938
SEED=726697 
SEED is set to: 726697
SEED=867564 
SEED is set to: 867564
SEED=63505 
SEED is set to: 63505
SEED=437855 
SEED is set to: 437855
SEED=536685 
SEED is set to: 536685
SEED=369072 
SEED is set to: 369072
SEED=401503 
SEED is set to: 401503
SEED=462279 
SEED is set to: 462279
SEED=813330 
SEED is set to: 813330
SEED=862683 
SEED is set to: 862683
SEED=14682 
SEED is set to: 14682
SEED=429427 
SEED is set to: 429427
SEED=678149 
SEED is set to: 678149
SEED=730459 
SEED is set to: 730459
SEED=436537 
SEED is set to: 436537
SEED=439266 
SEED is set to: 439266
SEED=718377 
SEED is set to: 718377
SEED=836324 
SEED is set to: 836324
SEED=137222 
SEED is set to: 137222
SEED=144617 
SEED is set to: 144617
SEED=898797 
SEED is set to: 898797
SEED=978922 
SEED is set to: 978922
SEED=72223 
SEED is set to: 72223
SEED=311376 
SEED is set to: 311376
SEED=316067 
SEED is set to: 316067
SEED=437065 
SEED is set to: 437065
SEED=615474 
SEED is set to: 615474
SEED=688782 
SEED is set to: 688782
SEED=358948 
SEED is set to: 358948
SEED=532331 
SEED is set to: 532331
SEED=686276 
SEED is set to: 686276
SEED=943090 
SEED is set to: 943090
SEED=441948 
SEED is set to: 441948
SEED=722683 
SEED is set to: 722683
SEED=960185 
SEED is set to: 960185
SEED=283227 
SEED is set to: 283227
SEED=636683 
SEED is set to: 636683
SEED=677748 
SEED is set to: 677748
SEED=217271 
SEED is set to: 217271
SEED=847423 
SEED is set to: 847423
SEED=225501 
SEED is set to: 225501
SEED=482698 
SEED is set to: 482698
SEED=135461 
SEED is set to: 135461
SEED=858455 
SEED is set to: 858455
SEED=25263 
SEED is set to: 25263
SEED=576180 
SEED is set to: 576180
SEED=689287 
SEED is set to: 689287
SEED=951219 
SEED is set to: 951219
SEED=890522 
SEED is set to: 890522
SEED=75421 
SEED is set to: 75421
SEED=156310 
SEED is set to: 156310
SEED=167292 
SEED is set to: 167292
SEED=272104 
SEED is set to: 272104
SEED=490861 
SEED is set to: 490861
SEED=96475 
SEED is set to: 96475
SEED=690490 
SEED is set to: 690490
SEED=753374 
SEED is set to: 753374
SEED=71570 
SEED is set to: 71570
SEED=837201 
SEED is set to: 837201
SEED=178089 
SEED is set to: 178089
SEED=619227 
SEED is set to: 619227
SEED=659702 
SEED is set to: 659702
SEED=984635 
SEED is set to: 984635
SEED=337512 
SEED is set to: 337512
SEED=469207 
SEED is set to: 469207
SEED=604252 
SEED is set to: 604252
SEED=612904 
SEED is set to: 612904
SEED=74652 
SEED is set to: 74652
SEED=652216 
SEED is set to: 652216
SEED=665371 
SEED is set to: 665371
SEED=949191 
SEED is set to: 949191
SEED=151423 
SEED is set to: 151423
SEED=38167 
SEED is set to: 38167
SEED=64511 
SEED is set to: 64511
SEED=124016 
SEED is set to: 124016
SEED=312049 
SEED is set to: 312049
SEED=536242 
SEED is set to: 536242
SEED=651303 
SEED is set to: 651303
SEED=28791 
SEED is set to: 28791
SEED=439111 
SEED is set to: 439111
SEED=723102 
SEED is set to: 723102
SEED=191341 
SEED is set to: 191341
SEED=225950 
SEED is set to: 225950
SEED=703220 
SEED is set to: 703220
SEED=865135 
SEED is set to: 865135
SEED=990201 
SEED is set to: 990201
SEED=104172 
SEED is set to: 104172
SEED=136809 
SEED is set to: 136809
SEED=614290 
SEED is set to: 614290
SEED=629937 
SEED is set to: 629937
SEED=318147 
SEED is set to: 318147
SEED=639061 
SEED is set to: 639061
SEED=713212 
SEED is set to: 713212
SEED=751377 
SEED is set to: 751377
SEED=378014 
SEED is set to: 378014
SEED=382078 
SEED is set to: 382078
SEED=619938 
SEED is set to: 619938
SEED=10101 
SEED is set to: 10101
SEED=329620 
SEED is set to: 329620
SEED=600183 
SEED is set to: 600183
SEED=615977 
SEED is set to: 615977
SEED=873154 
SEED is set to: 873154
SEED=109416 
SEED is set to: 109416
SEED=374702 
SEED is set to: 374702
SEED=409308 
SEED is set to: 409308
SEED=611394 
SEED is set to: 611394
SEED=343416 
SEED is set to: 343416
SEED=823002 
SEED is set to: 823002
SEED=878629 
SEED is set to: 878629
SEED=884030 
SEED is set to: 884030
SEED=220762 
SEED is set to: 220762
SEED=546883 
SEED is set to: 546883
SEED=645951 
SEED is set to: 645951
SEED=451914 
SEED is set to: 451914
SEED=546820 
SEED is set to: 546820
SEED=801197 
SEED is set to: 801197
SEED=118984 
SEED is set to: 118984
SEED=341505 
SEED is set to: 341505
SEED=463808 
SEED is set to: 463808
SEED=148574 
SEED is set to: 148574
SEED=275752 
SEED is set to: 275752
SEED=470762 
SEED is set to: 470762
SEED=519851 
SEED is set to: 519851
SEED=626742 
SEED is set to: 626742
SEED=950409 
SEED is set to: 950409
SEED=603506 
SEED is set to: 603506
SEED=97025 
SEED is set to: 97025
SEED=205993 
SEED is set to: 205993
SEED=237470 
SEED is set to: 237470
SEED=55275 
SEED is set to: 55275
SEED=408122 
SEED is set to: 408122
SEED=816360 
SEED is set to: 816360
SEED=455309 
SEED is set to: 455309
SEED=151256 
SEED is set to: 151256
SEED=151363 
SEED is set to: 151363
SEED=158407 
SEED is set to: 158407
SEED=158763 
SEED is set to: 158763
SEED=862659 
SEED is set to: 862659
SEED=45822 
SEED is set to: 45822
SEED=719532 
SEED is set to: 719532
SEED=828813 
SEED is set to: 828813
SEED=70132 
SEED is set to: 70132
SEED=71001 
SEED is set to: 71001
SEED=879850 
SEED is set to: 879850
SEED=989713 
SEED is set to: 989713
SEED=178052 
SEED is set to: 178052
SEED=352636 
SEED is set to: 352636
SEED=602054 
SEED is set to: 602054
SEED=399129 
SEED is set to: 399129
SEED=479812 
SEED is set to: 479812
SEED=693218 
SEED is set to: 693218
SEED=278947 
SEED is set to: 278947
SEED=545576 
SEED is set to: 545576
SEED=872338 
SEED is set to: 872338
SEED=913153 
SEED is set to: 913153
SEED=922774 
SEED is set to: 922774
SEED=173608 
SEED is set to: 173608
SEED=213988 
SEED is set to: 213988
SEED=891596 
SEED is set to: 891596
SEED=8363 
SEED is set to: 8363
SEED=524366 
SEED is set to: 524366
SEED=737869 
SEED is set to: 737869
SEED=898776 
SEED is set to: 898776
SEED=41222 
SEED is set to: 41222
SEED=518178 
SEED is set to: 518178
SEED=386447 
SEED is set to: 386447
SEED=604028 
SEED is set to: 604028
SEED=630723 
SEED is set to: 630723
SEED=723675 
SEED is set to: 723675
SEED=805409 
SEED is set to: 805409
SEED=595873 
SEED is set to: 595873
SEED=891598 
SEED is set to: 891598
SEED=42598 
SEED is set to: 42598
SEED=180607 
SEED is set to: 180607
SEED=229574 
SEED is set to: 229574
SEED=293511 
SEED is set to: 293511
SEED=314463 
SEED is set to: 314463
SEED=407158 
SEED is set to: 407158
SEED=689262 
SEED is set to: 689262
SEED=757833 
SEED is set to: 757833
munmap_chunk(): invalid pointer
SEED=781400 
SEED is set to: 781400
SEED=787554 
SEED is set to: 787554
SEED=893301 
SEED is set to: 893301
SEED=904055 
SEED is set to: 904055
SEED=677504 
SEED is set to: 677504
SEED=978653 
SEED is set to: 978653
SEED=192443 
SEED is set to: 192443
SEED=363196 
SEED is set to: 363196
SEED=680078 
SEED is set to: 680078
SEED=238959 
SEED is set to: 238959
SEED=790937 
SEED is set to: 790937
SEED=929499 
SEED is set to: 929499
SEED=937058 
SEED is set to: 937058
SEED=52576 
SEED is set to: 52576
SEED=888377 
SEED is set to: 888377
SEED=943185 
SEED is set to: 943185
SEED=943387 
SEED is set to: 943387
SEED=274733 
SEED is set to: 274733
SEED=559368 
SEED is set to: 559368
SEED=692267 
SEED is set to: 692267
SEED=369752 
SEED is set to: 369752
SEED=420296 
SEED is set to: 420296
SEED=470195 
SEED is set to: 470195
SEED=813352 
SEED is set to: 813352
SEED=925570 
SEED is set to: 925570
SEED=236018 
SEED is set to: 236018
SEED=506405 
SEED is set to: 506405
SEED=812810 
SEED is set to: 812810
SEED=194944 
SEED is set to: 194944
SEED=297406 
SEED is set to: 297406
SEED=167153 
SEED is set to: 167153
SEED=247434 
SEED is set to: 247434
SEED=726837 
SEED is set to: 726837
SEED=781023 
SEED is set to: 781023
SEED=736819 
SEED is set to: 736819
SEED=911211 
SEED is set to: 911211
SEED=952030 
SEED is set to: 952030
SEED=43639 
SEED is set to: 43639
SEED=609099 
SEED is set to: 609099
SEED=97039 
SEED is set to: 97039
SEED=166499 
SEED is set to: 166499
SEED=491238 
SEED is set to: 491238
SEED=366095 
SEED is set to: 366095
SEED=884274 
SEED is set to: 884274
SEED=913769 
SEED is set to: 913769
SEED=92105 
SEED is set to: 92105
SEED=155588 
SEED is set to: 155588
SEED=683268 
SEED is set to: 683268
SEED=813867 
SEED is set to: 813867
SEED=69491 
SEED is set to: 69491
SEED=591071 
SEED is set to: 591071
SEED=89250 
SEED is set to: 89250
SEED=206435 
SEED is set to: 206435
SEED=247809 
SEED is set to: 247809
SEED=728037 
SEED is set to: 728037
SEED=745683 
SEED is set to: 745683
SEED=919303 
SEED is set to: 919303
SEED=373978 
SEED is set to: 373978
SEED=640953 
SEED is set to: 640953
SEED=709548 
SEED is set to: 709548
SEED=922722 
SEED is set to: 922722
SEED=59681 
SEED is set to: 59681
SEED=267541 
SEED is set to: 267541
SEED=419772 
SEED is set to: 419772
SEED=873366 
SEED is set to: 873366
SEED=39901 
SEED is set to: 39901
SEED=125008 
SEED is set to: 125008
SEED=141160 
SEED is set to: 141160
SEED=188994 
SEED is set to: 188994
SEED=724726 
SEED is set to: 724726
SEED=215695 
SEED is set to: 215695
SEED=307785 
SEED is set to: 307785
SEED=382379 
SEED is set to: 382379
SEED=400487 
SEED is set to: 400487
SEED=556504 
SEED is set to: 556504
SEED=598177 
SEED is set to: 598177
SEED=790156 
SEED is set to: 790156
SEED=889662 
SEED is set to: 889662
SEED=896791 
SEED is set to: 896791
SEED=269719 
SEED is set to: 269719
SEED=271732 
SEED is set to: 271732
SEED=407161 
SEED is set to: 407161
SEED=239192 
SEED is set to: 239192
SEED=287696 
SEED is set to: 287696
SEED=409920 
SEED is set to: 409920
SEED=544048 
SEED is set to: 544048
SEED=961368 
SEED is set to: 961368
SEED=53406 
SEED is set to: 53406
SEED=679770 
SEED is set to: 679770
SEED=777958 
SEED is set to: 777958
SEED=984502 
SEED is set to: 984502
SEED=18117 
SEED is set to: 18117
SEED=209625 
SEED is set to: 209625
SEED=466968 
SEED is set to: 466968
double free or corruption (out)
SEED=502572 
SEED is set to: 502572
SEED=808499 
SEED is set to: 808499
SEED=239854 
SEED is set to: 239854
SEED=628112 
SEED is set to: 628112
SEED=643986 
SEED is set to: 643986
SEED=850645 
SEED is set to: 850645
SEED=342259 
SEED is set to: 342259
SEED=763216 
SEED is set to: 763216
SEED=770218 
SEED is set to: 770218
SEED=848349 
SEED is set to: 848349
SEED=77557 
SEED is set to: 77557
SEED=410708 
SEED is set to: 410708
SEED=985254 
SEED is set to: 985254
SEED=156683 
SEED is set to: 156683
SEED=258775 
SEED is set to: 258775
SEED=838839 
SEED is set to: 838839
SEED=404670 
SEED is set to: 404670
SEED=643283 
SEED is set to: 643283
SEED=649756 
SEED is set to: 649756
SEED=811001 
SEED is set to: 811001
SEED=993825 
SEED is set to: 993825
SEED=427827 
SEED is set to: 427827
SEED=1931 
SEED is set to: 1931
SEED=120186 
SEED is set to: 120186
SEED=148133 
SEED is set to: 148133
SEED=942822 
SEED is set to: 942822
SEED=160246 
SEED is set to: 160246
SEED=597769 
SEED is set to: 597769
SEED=887925 
SEED is set to: 887925
SEED=290629 
SEED is set to: 290629
SEED=437031 
SEED is set to: 437031
SEED=658864 
SEED is set to: 658864
SEED=848826 
SEED is set to: 848826
SEED=91313 
SEED is set to: 91313
SEED=115520 
SEED is set to: 115520
SEED=722192 
SEED is set to: 722192
SEED=908839 
SEED is set to: 908839
SEED=401520 
SEED is set to: 401520
SEED=514283 
SEED is set to: 514283
SEED=632460 
SEED is set to: 632460
munmap_chunk(): invalid pointer
SEED=717160 
SEED is set to: 717160
SEED=410365 
SEED is set to: 410365
SEED=865348 
SEED is set to: 865348
SEED=946190 
SEED is set to: 946190
SEED=778430 
SEED is set to: 778430
SEED=849095 
SEED is set to: 849095
SEED=538459 
SEED is set to: 538459
SEED=904965 
SEED is set to: 904965
SEED=927760 
SEED is set to: 927760
SEED=269373 
SEED is set to: 269373
SEED=389390 
SEED is set to: 389390
SEED=473549 
SEED is set to: 473549
SEED=758746 
SEED is set to: 758746
SEED=694434 
SEED is set to: 694434
SEED=824233 
SEED is set to: 824233
SEED=849495 
SEED is set to: 849495
SEED=880899 
SEED is set to: 880899
SEED=109185 
SEED is set to: 109185
SEED=384483 
SEED is set to: 384483
SEED=794036 
SEED is set to: 794036
SEED=80929 
SEED is set to: 80929
SEED=314492 
SEED is set to: 314492
SEED=358558 
SEED is set to: 358558
SEED=429563 
SEED is set to: 429563
SEED=456989 
SEED is set to: 456989
SEED=278068 
SEED is set to: 278068
SEED=314524 
SEED is set to: 314524
SEED=516991 
SEED is set to: 516991
SEED=591555 
SEED is set to: 591555
SEED=725269 
SEED is set to: 725269
SEED=233003 
SEED is set to: 233003
SEED=104330 
SEED is set to: 104330
SEED=124731 
SEED is set to: 124731
SEED=445851 
SEED is set to: 445851
SEED=446795 
SEED is set to: 446795
SEED=451173 
SEED is set to: 451173
SEED=861492 
SEED is set to: 861492
SEED=919651 
SEED is set to: 919651
SEED=58889 
SEED is set to: 58889
SEED=77804 
SEED is set to: 77804
SEED=172720 
SEED is set to: 172720
SEED=809897 
SEED is set to: 809897
SEED=466875 
SEED is set to: 466875
SEED=734529 
SEED is set to: 734529
SEED=97348 
SEED is set to: 97348
SEED=182276 
SEED is set to: 182276
SEED=354716 
SEED is set to: 354716
SEED=996516 
SEED is set to: 996516
SEED=159110 
SEED is set to: 159110
SEED=177722 
SEED is set to: 177722
SEED=22656 
SEED is set to: 22656
SEED=74025 
SEED is set to: 74025
SEED=500363 
SEED is set to: 500363
SEED=604792 
SEED is set to: 604792
SEED=635892 
SEED is set to: 635892
SEED=852432 
SEED is set to: 852432
SEED=909641 
SEED is set to: 909641
SEED=963853 
SEED is set to: 963853
SEED=393485 
SEED is set to: 393485
SEED=686216 
SEED is set to: 686216
SEED=978281 
SEED is set to: 978281
SEED=983879 
SEED is set to: 983879
SEED=465008 
SEED is set to: 465008
SEED=786930 
SEED is set to: 786930
SEED=850636 
SEED is set to: 850636
SEED=61765 
SEED is set to: 61765
SEED=634805 
SEED is set to: 634805
SEED=815986 
SEED is set to: 815986
SEED=102387 
SEED is set to: 102387
SEED=488451 
SEED is set to: 488451
SEED=508071 
SEED is set to: 508071
SEED=887528 
SEED is set to: 887528
SEED=294970 
SEED is set to: 294970
SEED=353914 
SEED is set to: 353914
SEED=263986 
SEED is set to: 263986
SEED=385192 
SEED is set to: 385192
SEED=710600 
SEED is set to: 710600
SEED=773716 
SEED is set to: 773716
SEED=931847 
SEED is set to: 931847
SEED=443083 
SEED is set to: 443083
SEED=594892 
SEED is set to: 594892
SEED=745122 
SEED is set to: 745122
SEED=811755 
SEED is set to: 811755
SEED=216582 
SEED is set to: 216582
SEED=279485 
SEED is set to: 279485
SEED=462678 
SEED is set to: 462678
SEED=242404 
SEED is set to: 242404
SEED=307055 
SEED is set to: 307055
SEED=587114 
SEED is set to: 587114
SEED=939924 
SEED is set to: 939924
SEED=154870 
SEED is set to: 154870
SEED=242185 
SEED is set to: 242185
SEED=821797 
SEED is set to: 821797
SEED=995747 
SEED is set to: 995747
SEED=226856 
SEED is set to: 226856
SEED=858537 
SEED is set to: 858537
SEED=355611 
SEED is set to: 355611
SEED=670889 
SEED is set to: 670889
SEED=955978 
SEED is set to: 955978
SEED=212804 
SEED is set to: 212804
SEED=275969 
SEED is set to: 275969
SEED=404676 
SEED is set to: 404676
SEED=141028 
SEED is set to: 141028
SEED=634995 
SEED is set to: 634995
SEED=700051 
SEED is set to: 700051
SEED=749734 
SEED is set to: 749734
SEED=839634 
SEED is set to: 839634
SEED=238798 
SEED is set to: 238798
SEED=346427 
SEED is set to: 346427
SEED=727549 
SEED is set to: 727549
SEED=176816 
SEED is set to: 176816
SEED=202245 
SEED is set to: 202245
SEED=382744 
SEED is set to: 382744
SEED=783467 
SEED is set to: 783467
SEED=873289 
SEED is set to: 873289
SEED=174300 
SEED is set to: 174300
SEED=910978 
SEED is set to: 910978
SEED=139194 
SEED is set to: 139194
SEED=155441 
SEED is set to: 155441
SEED=323928 
SEED is set to: 323928
SEED=461880 
SEED is set to: 461880
SEED=85968 
SEED is set to: 85968
SEED=651573 
SEED is set to: 651573
SEED=796109 
SEED is set to: 796109
SEED=8620 
SEED is set to: 8620
SEED=177653 
SEED is set to: 177653
SEED=199904 
SEED is set to: 199904
SEED=987586 
SEED is set to: 987586
SEED=157124 
SEED is set to: 157124
SEED=301938 
SEED is set to: 301938
SEED=346220 
SEED is set to: 346220
SEED=498693 
SEED is set to: 498693
SEED=657095 
SEED is set to: 657095
SEED=732436 
SEED is set to: 732436
SEED=484785 
SEED is set to: 484785
SEED=743397 
SEED is set to: 743397
SEED=830731 
SEED is set to: 830731
SEED=876386 
SEED is set to: 876386
SEED=950012 
SEED is set to: 950012
SEED=230538 
SEED is set to: 230538
SEED=302483 
SEED is set to: 302483
SEED=874806 
SEED is set to: 874806
SEED=171852 
SEED is set to: 171852
SEED=225533 
SEED is set to: 225533
SEED=429713 
SEED is set to: 429713
SEED=452087 
SEED is set to: 452087
SEED=677795 
SEED is set to: 677795
SEED=782867 
SEED is set to: 782867
SEED=193686 
SEED is set to: 193686
SEED=243084 
SEED is set to: 243084
SEED=609377 
SEED is set to: 609377
SEED=828670 
SEED is set to: 828670
SEED=890967 
SEED is set to: 890967
SEED=414843 
SEED is set to: 414843
SEED=781512 
SEED is set to: 781512
SEED=877134 
SEED is set to: 877134
SEED=272410 
SEED is set to: 272410
SEED=450777 
SEED is set to: 450777
SEED=58442 
SEED is set to: 58442
SEED=552236 
SEED is set to: 552236
SEED=655243 
SEED is set to: 655243
SEED=784165 
SEED is set to: 784165
SEED=241792 
SEED is set to: 241792
SEED=794539 
SEED is set to: 794539
SEED=835484 
SEED is set to: 835484
SEED=133959 
SEED is set to: 133959
SEED=368530 
SEED is set to: 368530
SEED=412541 
SEED is set to: 412541
SEED=895463 
SEED is set to: 895463
SEED=182824 
SEED is set to: 182824
SEED=509620 
SEED is set to: 509620
SEED=620108 
SEED is set to: 620108
SEED=751782 
SEED is set to: 751782
SEED=910582 
SEED is set to: 910582
SEED=942354 
SEED is set to: 942354
SEED=396555 
SEED is set to: 396555
SEED=480593 
SEED is set to: 480593
SEED=911469 
SEED is set to: 911469
SEED=122978 
SEED is set to: 122978
SEED=355783 
SEED is set to: 355783
SEED=368209 
SEED is set to: 368209
SEED=674685 
SEED is set to: 674685
SEED=815355 
SEED is set to: 815355
SEED=741266 
SEED is set to: 741266
SEED=870688 
SEED is set to: 870688
SEED=976324 
SEED is set to: 976324
SEED=222071 
SEED is set to: 222071
SEED=538670 
SEED is set to: 538670
SEED=7360 
SEED is set to: 7360
SEED=380733 
SEED is set to: 380733
SEED=664008 
SEED is set to: 664008
SEED=811961 
SEED is set to: 811961
SEED=942333 
SEED is set to: 942333
SEED=971978 
SEED is set to: 971978
SEED=740517 
SEED is set to: 740517
SEED=763652 
SEED is set to: 763652
SEED=769046 
SEED is set to: 769046
SEED=241101 
SEED is set to: 241101
SEED=295521 
SEED is set to: 295521
SEED=554942 
SEED is set to: 554942
SEED=911273 
SEED is set to: 911273
SEED=318336 
SEED is set to: 318336
SEED=446715 
SEED is set to: 446715
SEED=572915 
SEED is set to: 572915
SEED=734706 
SEED is set to: 734706
SEED=942428 
SEED is set to: 942428
SEED=175783 
SEED is set to: 175783
SEED=703650 
SEED is set to: 703650
SEED=824382 
SEED is set to: 824382
SEED=904100 
SEED is set to: 904100
SEED=948254 
SEED is set to: 948254
SEED=522393 
SEED is set to: 522393
SEED=937127 
SEED is set to: 937127
SEED=512813 
SEED is set to: 512813
SEED=602771 
SEED is set to: 602771
SEED=746700 
SEED is set to: 746700
SEED=347776 
SEED is set to: 347776
SEED=369890 
SEED is set to: 369890
SEED=872201 
SEED is set to: 872201
SEED=910825 
SEED is set to: 910825
SEED=96848 
SEED is set to: 96848
SEED=110343 
SEED is set to: 110343
SEED=161761 
SEED is set to: 161761
SEED=818486 
SEED is set to: 818486
SEED=990058 
SEED is set to: 990058
SEED=561417 
SEED is set to: 561417
SEED=614633 
SEED is set to: 614633
SEED=616268 
SEED is set to: 616268
SEED=993769 
SEED is set to: 993769
SEED=324531 
SEED is set to: 324531
SEED=352347 
SEED is set to: 352347
SEED=637483 
SEED is set to: 637483
SEED=106701 
SEED is set to: 106701
SEED=119815 
SEED is set to: 119815
SEED=170224 
SEED is set to: 170224
SEED=634859 
SEED is set to: 634859
SEED=755194 
SEED is set to: 755194
SEED=479687 
SEED is set to: 479687
SEED=527656 
SEED is set to: 527656
SEED=670359 
SEED is set to: 670359
SEED=710830 
SEED is set to: 710830
SEED=178384 
SEED is set to: 178384
SEED=340559 
SEED is set to: 340559
SEED=611351 
SEED is set to: 611351
SEED=827392 
SEED is set to: 827392
SEED=603174 
SEED is set to: 603174
SEED=686877 
SEED is set to: 686877
SEED=224533 
SEED is set to: 224533
SEED=455810 
SEED is set to: 455810
SEED=97014 
SEED is set to: 97014
SEED=309567 
SEED is set to: 309567
SEED=578018 
SEED is set to: 578018
SEED=732521 
SEED is set to: 732521
SEED=839676 
SEED is set to: 839676
SEED=986858 
SEED is set to: 986858
SEED=481427 
SEED is set to: 481427
SEED=499569 
SEED is set to: 499569
SEED=528985 
SEED is set to: 528985
SEED=952502 
SEED is set to: 952502
SEED=68639 
SEED is set to: 68639
SEED=310649 
SEED is set to: 310649
SEED=815095 
SEED is set to: 815095
SEED=933582 
SEED is set to: 933582
SEED=139318 
SEED is set to: 139318
SEED=539054 
SEED is set to: 539054
SEED=620771 
SEED is set to: 620771
SEED=882203 
SEED is set to: 882203
SEED=477163 
SEED is set to: 477163
SEED=532164 
SEED is set to: 532164
SEED=557957 
SEED is set to: 557957
SEED=760870 
SEED is set to: 760870
SEED=794260 
SEED is set to: 794260
SEED=950844 
SEED is set to: 950844
SEED=971991 
SEED is set to: 971991
SEED=351613 
SEED is set to: 351613
SEED=143793 
SEED is set to: 143793
SEED=274510 
SEED is set to: 274510
SEED=285334 
SEED is set to: 285334
SEED=453864 
SEED is set to: 453864
SEED=953018 
SEED is set to: 953018
SEED=548827 
SEED is set to: 548827
SEED=862706 
SEED is set to: 862706
SEED=297756 
SEED is set to: 297756
SEED=463725 
SEED is set to: 463725
SEED=887604 
SEED is set to: 887604
SEED=950185 
SEED is set to: 950185
SEED=113472 
SEED is set to: 113472
SEED=220015 
SEED is set to: 220015
SEED=824204 
SEED is set to: 824204
SEED=82463 
SEED is set to: 82463
SEED=413746 
SEED is set to: 413746
SEED=461394 
SEED is set to: 461394
SEED=478218 
SEED is set to: 478218
SEED=21406 
SEED is set to: 21406
SEED=569414 
SEED is set to: 569414
SEED=858581 
SEED is set to: 858581
SEED=26286 
SEED is set to: 26286
SEED=105016 
SEED is set to: 105016
SEED=166846 
SEED is set to: 166846
SEED=405059 
SEED is set to: 405059
SEED=538215 
SEED is set to: 538215
SEED=858870 
SEED is set to: 858870
SEED=904507 
SEED is set to: 904507
SEED=103287 
SEED is set to: 103287
SEED=384230 
SEED is set to: 384230
SEED=518822 
SEED is set to: 518822
SEED=955997 
SEED is set to: 955997
SEED=116736 
SEED is set to: 116736
SEED=545943 
SEED is set to: 545943
SEED=568589 
SEED is set to: 568589
SEED=203319 
SEED is set to: 203319
SEED=406607 
SEED is set to: 406607
SEED=686761 
SEED is set to: 686761
SEED=988782 
SEED is set to: 988782
SEED=600924 
SEED is set to: 600924
SEED=305374 
SEED is set to: 305374
SEED=541183 
SEED is set to: 541183
SEED=706109 
SEED is set to: 706109
SEED=801643 
SEED is set to: 801643
SEED=286408 
SEED is set to: 286408
SEED=564575 
SEED is set to: 564575
SEED=732868 
SEED is set to: 732868
SEED=936916 
SEED is set to: 936916
SEED=332034 
SEED is set to: 332034
SEED=398919 
SEED is set to: 398919
SEED=242684 
SEED is set to: 242684
SEED=602040 
SEED is set to: 602040
SEED=660481 
SEED is set to: 660481
SEED=834055 
SEED is set to: 834055
SEED=289153 
SEED is set to: 289153
SEED=664089 
SEED is set to: 664089
SEED=850403 
SEED is set to: 850403
SEED=25160 
SEED is set to: 25160
SEED=52126 
SEED is set to: 52126
SEED=253026 
SEED is set to: 253026
SEED=299422 
SEED is set to: 299422
SEED=329793 
SEED is set to: 329793
SEED=24362 
SEED is set to: 24362
SEED=251851 
SEED is set to: 251851
SEED=637718 
SEED is set to: 637718
SEED=650533 
SEED is set to: 650533
SEED=685481 
SEED is set to: 685481
SEED=717697 
SEED is set to: 717697
SEED=772419 
SEED is set to: 772419
SEED=639001 
SEED is set to: 639001
SEED=199374 
SEED is set to: 199374
SEED=234031 
SEED is set to: 234031
SEED=352999 
SEED is set to: 352999
malloc(): corrupted top size
SEED=353659 
SEED is set to: 353659
SEED=489502 
SEED is set to: 489502
SEED=150232 
SEED is set to: 150232
SEED=225927 
SEED is set to: 225927
SEED=841985 
SEED is set to: 841985
SEED=843607 
SEED is set to: 843607
SEED=901344 
SEED is set to: 901344
SEED=963661 
SEED is set to: 963661
SEED=87849 
SEED is set to: 87849
SEED=583882 
SEED is set to: 583882
SEED=626772 
SEED is set to: 626772
SEED=42821 
SEED is set to: 42821
SEED=257853 
SEED is set to: 257853
SEED=439880 
SEED is set to: 439880
SEED=507843 
SEED is set to: 507843
SEED=220627 
SEED is set to: 220627
SEED=422003 
SEED is set to: 422003
SEED=722377 
SEED is set to: 722377
SEED=873939 
SEED is set to: 873939
SEED=495778 
SEED is set to: 495778
SEED=23102 
SEED is set to: 23102
SEED=279905 
SEED is set to: 279905
SEED=582860 
SEED is set to: 582860
SEED=31455 
SEED is set to: 31455
SEED=634590 
SEED is set to: 634590
SEED=705456 
SEED is set to: 705456
SEED=113098 
SEED is set to: 113098
SEED=181034 
SEED is set to: 181034
SEED=477094 
SEED is set to: 477094
SEED=192787 
SEED is set to: 192787
SEED=289515 
SEED is set to: 289515
SEED=573459 
SEED is set to: 573459
SEED=579483 
SEED is set to: 579483
SEED=589293 
SEED is set to: 589293
SEED=741777 
SEED is set to: 741777
SEED=195518 
SEED is set to: 195518
SEED=932547 
SEED is set to: 932547
SEED=934395 
SEED is set to: 934395
SEED=952541 
SEED is set to: 952541
SEED=52088 
SEED is set to: 52088
SEED=132386 
SEED is set to: 132386
SEED=725625 
SEED is set to: 725625
SEED=751996 
SEED is set to: 751996
SEED=385483 
SEED is set to: 385483
SEED=622773 
SEED is set to: 622773
SEED=44993 
SEED is set to: 44993
SEED=225630 
SEED is set to: 225630
SEED=473690 
SEED is set to: 473690
SEED=982674 
SEED is set to: 982674
SEED=1502 
SEED is set to: 1502
SEED=456185 
SEED is set to: 456185
SEED=495663 
SEED is set to: 495663
SEED=560229 
SEED is set to: 560229
SEED=916709 
SEED is set to: 916709
SEED=368311 
SEED is set to: 368311
SEED=641393 
SEED is set to: 641393
SEED=228626 
SEED is set to: 228626
SEED=439041 
SEED is set to: 439041
SEED=539057 
SEED is set to: 539057
SEED=99712 
SEED is set to: 99712
SEED=336773 
SEED is set to: 336773
SEED=454020 
SEED is set to: 454020
SEED=979384 
SEED is set to: 979384
SEED=155181 
SEED is set to: 155181
SEED=436728 
SEED is set to: 436728
SEED=440655 
SEED is set to: 440655
SEED=559616 
SEED is set to: 559616
SEED=877728 
SEED is set to: 877728
SEED=371431 
SEED is set to: 371431
SEED=855703 
SEED is set to: 855703
SEED=991161 
SEED is set to: 991161
SEED=37890 
SEED is set to: 37890
SEED=46132 
SEED is set to: 46132
SEED=293454 
SEED is set to: 293454
SEED=370763 
SEED is set to: 370763
SEED=22517 
SEED is set to: 22517
SEED=283757 
SEED is set to: 283757
SEED=335737 
SEED is set to: 335737
SEED=654558 
SEED is set to: 654558
SEED=837048 
SEED is set to: 837048
SEED=878771 
SEED is set to: 878771
SEED=481271 
SEED is set to: 481271
SEED=863777 
SEED is set to: 863777
SEED=873260 
SEED is set to: 873260
SEED=873878 
SEED is set to: 873878
SEED=368351 
SEED is set to: 368351
SEED=403972 
SEED is set to: 403972
SEED=219365 
SEED is set to: 219365
SEED=348422 
SEED is set to: 348422
SEED=566744 
SEED is set to: 566744
SEED=899204 
SEED is set to: 899204
SEED=115015 
SEED is set to: 115015
SEED=151603 
SEED is set to: 151603
SEED=255093 
SEED is set to: 255093
SEED=754011 
SEED is set to: 754011
SEED=253314 
SEED is set to: 253314
SEED=319066 
SEED is set to: 319066
SEED=585809 
SEED is set to: 585809
SEED=756673 
SEED is set to: 756673
SEED=807019 
SEED is set to: 807019
SEED=892438 
SEED is set to: 892438
SEED=963746 
SEED is set to: 963746
SEED=821481 
SEED is set to: 821481
SEED=904425 
SEED is set to: 904425
SEED=71019 
SEED is set to: 71019
SEED=157488 
SEED is set to: 157488
SEED=348550 
SEED is set to: 348550
SEED=479687 
SEED is set to: 479687
SEED=553714 
SEED is set to: 553714
SEED=349481 
SEED is set to: 349481
SEED=393794 
SEED is set to: 393794
SEED=495049 
SEED is set to: 495049
SEED=527128 
SEED is set to: 527128
SEED=650289 
SEED is set to: 650289
SEED=14209 
SEED is set to: 14209
SEED=836778 
SEED is set to: 836778
SEED=985371 
SEED is set to: 985371
SEED=104372 
SEED is set to: 104372
SEED=719246 
SEED is set to: 719246
SEED=803459 
SEED is set to: 803459
SEED=355458 
SEED is set to: 355458
SEED=398917 
SEED is set to: 398917
SEED=27734 
SEED is set to: 27734
SEED=350524 
SEED is set to: 350524
SEED=544255 
SEED is set to: 544255
SEED=874287 
SEED is set to: 874287
SEED=939381 
SEED is set to: 939381
SEED=66031 
SEED is set to: 66031
SEED=403310 
SEED is set to: 403310
SEED=884544 
SEED is set to: 884544
SEED=197591 
SEED is set to: 197591
SEED=489594 
SEED is set to: 489594
SEED=95987 
SEED is set to: 95987
SEED=360176 
SEED is set to: 360176
SEED=782333 
SEED is set to: 782333
SEED=941286 
SEED is set to: 941286
SEED=83612 
SEED is set to: 83612
SEED=776838 
SEED is set to: 776838
SEED=777816 
SEED is set to: 777816
SEED=989978 
SEED is set to: 989978
SEED=449034 
SEED is set to: 449034
SEED=496060 
SEED is set to: 496060
SEED=106441 
SEED is set to: 106441
SEED=546236 
SEED is set to: 546236
SEED=704069 
SEED is set to: 704069
SEED=437774 
SEED is set to: 437774
SEED=734706 
SEED is set to: 734706
SEED=235529 
SEED is set to: 235529
SEED=423254 
SEED is set to: 423254
SEED=958337 
SEED is set to: 958337
SEED=7592 
SEED is set to: 7592
SEED=353482 
SEED is set to: 353482
SEED=593410 
SEED is set to: 593410
SEED=781450 
SEED is set to: 781450
SEED=884394 
SEED is set to: 884394
SEED=589334 
SEED is set to: 589334
SEED=658587 
SEED is set to: 658587
SEED=24619 
SEED is set to: 24619
SEED=137327 
SEED is set to: 137327
SEED=489788 
SEED is set to: 489788
SEED=505056 
SEED is set to: 505056
SEED=951870 
SEED is set to: 951870
SEED=98737 
SEED is set to: 98737
SEED=601626 
SEED is set to: 601626
SEED=742481 
SEED is set to: 742481
SEED=855435 
SEED is set to: 855435
SEED=97807 
SEED is set to: 97807
SEED=340384 
SEED is set to: 340384
SEED=474373 
SEED is set to: 474373
SEED=611775 
SEED is set to: 611775
SEED=725930 
SEED is set to: 725930
SEED=492141 
SEED is set to: 492141
SEED=578621 
SEED is set to: 578621
SEED=793234 
SEED is set to: 793234
SEED=820569 
SEED is set to: 820569
munmap_chunk(): invalid pointer
SEED=851929 
SEED is set to: 851929
SEED=246942 
SEED is set to: 246942
SEED=313083 
SEED is set to: 313083
SEED=313236 
SEED is set to: 313236
SEED=251013 
SEED is set to: 251013
SEED=255068 
SEED is set to: 255068
SEED=278273 
SEED is set to: 278273
SEED=369563 
SEED is set to: 369563
SEED=933701 
SEED is set to: 933701
SEED=13140 
SEED is set to: 13140
SEED=647761 
SEED is set to: 647761
SEED=949638 
SEED is set to: 949638
SEED=277841 
SEED is set to: 277841
SEED=458512 
SEED is set to: 458512
SEED=998835 
SEED is set to: 998835
SEED=97963 
SEED is set to: 97963
SEED=401532 
SEED is set to: 401532
SEED=510671 
SEED is set to: 510671
SEED=581632 
SEED is set to: 581632
SEED=174212 
SEED is set to: 174212
SEED=275204 
SEED is set to: 275204
SEED=173226 
SEED is set to: 173226
SEED=594034 
SEED is set to: 594034
SEED=608704 
SEED is set to: 608704
SEED=25952 
SEED is set to: 25952
SEED=328225 
SEED is set to: 328225
SEED=368958 
SEED is set to: 368958
SEED=562987 
SEED is set to: 562987
SEED=591114 
SEED is set to: 591114
SEED=700504 
SEED is set to: 700504
SEED=981213 
SEED is set to: 981213
SEED=18086 
SEED is set to: 18086
SEED=577441 
SEED is set to: 577441
SEED=934670 
SEED is set to: 934670
SEED=230248 
SEED is set to: 230248
SEED=310158 
SEED is set to: 310158
SEED=417742 
SEED is set to: 417742
SEED=441068 
SEED is set to: 441068
SEED=685770 
SEED is set to: 685770
SEED=244243 
SEED is set to: 244243
SEED=683 
SEED is set to: 683
SEED=56614 
SEED is set to: 56614
SEED=66970 
SEED is set to: 66970
SEED=773958 
SEED is set to: 773958
SEED=503973 
SEED is set to: 503973
SEED=573512 
SEED is set to: 573512
SEED=795865 
SEED is set to: 795865
SEED=291132 
SEED is set to: 291132
SEED=517331 
SEED is set to: 517331
SEED=964621 
SEED is set to: 964621
SEED=278349 
SEED is set to: 278349
SEED=634199 
SEED is set to: 634199
SEED=945094 
SEED is set to: 945094
SEED=148263 
SEED is set to: 148263
SEED=154060 
SEED is set to: 154060
SEED=181047 
SEED is set to: 181047
SEED=438213 
SEED is set to: 438213
SEED=831130 
SEED is set to: 831130
SEED=891061 
SEED is set to: 891061
SEED=7249 
SEED is set to: 7249
SEED=848345 
SEED is set to: 848345
SEED=54267 
SEED is set to: 54267
SEED=253858 
SEED is set to: 253858
SEED=556168 
SEED is set to: 556168
SEED=33672 
SEED is set to: 33672
SEED=255233 
SEED is set to: 255233
SEED=297785 
SEED is set to: 297785
SEED=747453 
SEED is set to: 747453
SEED=748828 
SEED is set to: 748828
SEED=48514 
SEED is set to: 48514
SEED=168183 
SEED is set to: 168183
SEED=196836 
SEED is set to: 196836
SEED=633048 
SEED is set to: 633048
SEED=733965 
SEED is set to: 733965
SEED=133175 
SEED is set to: 133175
SEED=262629 
SEED is set to: 262629
SEED=420279 
SEED is set to: 420279
SEED=703397 
SEED is set to: 703397
SEED=976238 
SEED is set to: 976238
SEED=16880 
SEED is set to: 16880
SEED=693671 
SEED is set to: 693671
SEED=920598 
SEED is set to: 920598
SEED=991713 
SEED is set to: 991713
SEED=109580 
SEED is set to: 109580
SEED=550033 
SEED is set to: 550033
SEED=725954 
SEED is set to: 725954
SEED=371056 
SEED is set to: 371056
SEED=516901 
SEED is set to: 516901
SEED=603805 
SEED is set to: 603805
SEED=815416 
SEED is set to: 815416
SEED=238833 
SEED is set to: 238833
SEED=308022 
SEED is set to: 308022
SEED=988354 
SEED is set to: 988354
SEED=82770 
SEED is set to: 82770
SEED=112739 
SEED is set to: 112739
SEED=433925 
SEED is set to: 433925
SEED=380601 
SEED is set to: 380601
SEED=505831 
SEED is set to: 505831
SEED=509922 
SEED is set to: 509922
SEED=540890 
SEED is set to: 540890
SEED=733267 
SEED is set to: 733267
SEED=882812 
SEED is set to: 882812
SEED=118765 
SEED is set to: 118765
SEED=730225 
SEED is set to: 730225
SEED=968649 
SEED is set to: 968649
SEED=317864 
SEED is set to: 317864
SEED=419874 
SEED is set to: 419874
SEED=756520 
SEED is set to: 756520
SEED=842178 
SEED is set to: 842178
SEED=11592 
SEED is set to: 11592
SEED=367751 
SEED is set to: 367751
SEED=595600 
SEED is set to: 595600
SEED=954678 
SEED is set to: 954678
SEED=103080 
SEED is set to: 103080
SEED=254811 
SEED is set to: 254811
*** stack smashing detected ***: terminated
SEED=330289 
SEED is set to: 330289
SEED=236527 
SEED is set to: 236527
SEED=241471 
SEED is set to: 241471
SEED=258150 
SEED is set to: 258150
SEED=396184 
SEED is set to: 396184
SEED=529089 
SEED is set to: 529089
SEED=661277 
SEED is set to: 661277
SEED=145851 
SEED is set to: 145851
SEED=468643 
SEED is set to: 468643
SEED=638721 
SEED is set to: 638721
SEED=819468 
SEED is set to: 819468
SEED=891496 
SEED is set to: 891496
SEED=55362 
SEED is set to: 55362
SEED=163758 
SEED is set to: 163758
SEED=734641 
SEED is set to: 734641
SEED=469984 
SEED is set to: 469984
SEED=544887 
SEED is set to: 544887
SEED=577392 
SEED is set to: 577392
SEED=733659 
SEED is set to: 733659
SEED=734776 
SEED is set to: 734776
SEED=306120 
SEED is set to: 306120
SEED=59815 
SEED is set to: 59815
SEED=125181 
SEED is set to: 125181
SEED=353283 
SEED is set to: 353283
SEED=403505 
SEED is set to: 403505
SEED=782482 
SEED is set to: 782482
SEED=796404 
SEED is set to: 796404
SEED=594972 
SEED is set to: 594972
SEED=678416 
SEED is set to: 678416
SEED=738057 
SEED is set to: 738057
SEED=855942 
SEED is set to: 855942
SEED=228436 
SEED is set to: 228436
SEED=584709 
SEED is set to: 584709
SEED=688596 
SEED is set to: 688596
SEED=766616 
SEED is set to: 766616
SEED=37924 
SEED is set to: 37924
SEED=113512 
SEED is set to: 113512
SEED=162442 
SEED is set to: 162442
SEED=495398 
SEED is set to: 495398
SEED=5001 
SEED is set to: 5001
SEED=113359 
SEED is set to: 113359
SEED=194130 
SEED is set to: 194130
SEED=277662 
SEED is set to: 277662
SEED=587270 
SEED is set to: 587270
SEED=811555 
SEED is set to: 811555
SEED=248357 
SEED is set to: 248357
SEED=368564 
SEED is set to: 368564
SEED=709429 
SEED is set to: 709429
SEED=745904 
SEED is set to: 745904
SEED=859181 
SEED is set to: 859181
SEED=945530 
SEED is set to: 945530
SEED=666107 
SEED is set to: 666107
SEED=242255 
SEED is set to: 242255
SEED=388864 
SEED is set to: 388864
SEED=398773 
SEED is set to: 398773
SEED=660177 
SEED is set to: 660177
SEED=809499 
SEED is set to: 809499
SEED=953563 
SEED is set to: 953563
SEED=92891 
SEED is set to: 92891
SEED=628511 
SEED is set to: 628511
SEED=798364 
SEED is set to: 798364
SEED=894324 
SEED is set to: 894324
SEED=183740 
SEED is set to: 183740
SEED=385998 
SEED is set to: 385998
SEED=502731 
SEED is set to: 502731
SEED=201324 
SEED is set to: 201324
SEED=772763 
SEED is set to: 772763
SEED=206908 
SEED is set to: 206908
SEED=778821 
SEED is set to: 778821
SEED=956986 
SEED is set to: 956986
SEED=325288 
SEED is set to: 325288
SEED=359058 
SEED is set to: 359058
SEED=605744 
SEED is set to: 605744
SEED=742273 
SEED is set to: 742273
SEED=266949 
SEED is set to: 266949
SEED=434093 
SEED is set to: 434093
SEED=867028 
SEED is set to: 867028
SEED=912917 
SEED is set to: 912917
SEED=964686 
SEED is set to: 964686
SEED=433452 
SEED is set to: 433452
SEED=304758 
SEED is set to: 304758
SEED=356667 
SEED is set to: 356667
SEED=903947 
SEED is set to: 903947
SEED=765081 
SEED is set to: 765081
SEED=824245 
SEED is set to: 824245
SEED=885668 
SEED is set to: 885668
SEED=197618 
SEED is set to: 197618
SEED=303739 
SEED is set to: 303739
SEED=398189 
SEED is set to: 398189
SEED=53171 
SEED is set to: 53171
SEED=232648 
SEED is set to: 232648
SEED=261532 
SEED is set to: 261532
SEED=627104 
SEED is set to: 627104
SEED=661690 
SEED is set to: 661690
SEED=976086 
SEED is set to: 976086
SEED=213401 
SEED is set to: 213401
SEED=644372 
SEED is set to: 644372
SEED=838338 
SEED is set to: 838338
SEED=185081 
SEED is set to: 185081
SEED=223105 
SEED is set to: 223105
SEED=461557 
SEED is set to: 461557
SEED=72595 
SEED is set to: 72595
SEED=220998 
SEED is set to: 220998
SEED=228646 
SEED is set to: 228646
SEED=298885 
SEED is set to: 298885
SEED=892029 
SEED is set to: 892029
SEED=164741 
SEED is set to: 164741
SEED=729388 
SEED is set to: 729388
SEED=890602 
SEED is set to: 890602
SEED=914482 
SEED is set to: 914482
SEED=616866 
SEED is set to: 616866
SEED=687893 
SEED is set to: 687893
SEED=867806 
SEED is set to: 867806
SEED=144602 
SEED is set to: 144602
SEED=239814 
SEED is set to: 239814
SEED=352452 
SEED is set to: 352452
SEED=446040 
SEED is set to: 446040
SEED=72378 
SEED is set to: 72378
SEED=452435 
SEED is set to: 452435
SEED=605197 
SEED is set to: 605197
SEED=740411 
SEED is set to: 740411
SEED=837553 
SEED is set to: 837553
SEED=907596 
SEED is set to: 907596
SEED=119814 
SEED is set to: 119814
SEED=416043 
SEED is set to: 416043
SEED=759810 
SEED is set to: 759810
SEED=108623 
SEED is set to: 108623
SEED=193729 
SEED is set to: 193729
SEED=225402 
SEED is set to: 225402
SEED=512821 
SEED is set to: 512821
SEED=583145 
SEED is set to: 583145
SEED=910886 
SEED is set to: 910886
SEED=460654 
SEED is set to: 460654
SEED=582907 
SEED is set to: 582907
SEED=669032 
SEED is set to: 669032
SEED=135535 
SEED is set to: 135535
SEED=312816 
SEED is set to: 312816
SEED=965314 
SEED is set to: 965314
SEED=68858 
SEED is set to: 68858
SEED=76818 
SEED is set to: 76818
SEED=487534 
SEED is set to: 487534
SEED=917564 
SEED is set to: 917564
SEED=659652 
SEED is set to: 659652
SEED=896141 
SEED is set to: 896141
SEED=917578 
SEED is set to: 917578
SEED=882717 
SEED is set to: 882717
SEED=11103 
SEED is set to: 11103
SEED=475615 
SEED is set to: 475615
SEED=793651 
SEED is set to: 793651
SEED=859361 
SEED is set to: 859361
SEED=292156 
SEED is set to: 292156
SEED=458058 
SEED is set to: 458058
SEED=507183 
SEED is set to: 507183
SEED=915659 
SEED is set to: 915659
SEED=270313 
SEED is set to: 270313
SEED=527700 
SEED is set to: 527700
SEED=753262 
SEED is set to: 753262
SEED=345484 
SEED is set to: 345484
SEED=444974 
SEED is set to: 444974
SEED=469058 
SEED is set to: 469058
SEED=571311 
SEED is set to: 571311
SEED=987761 
SEED is set to: 987761
SEED=352957 
SEED is set to: 352957
SEED=779352 
SEED is set to: 779352
SEED=19319 
SEED is set to: 19319
SEED=825707 
SEED is set to: 825707
SEED=882653 
SEED is set to: 882653
SEED=653976 
SEED is set to: 653976
SEED=705134 
SEED is set to: 705134
free(): invalid pointer
SEED=323426 
SEED is set to: 323426
SEED=497769 
SEED is set to: 497769
SEED=752978 
SEED is set to: 752978
SEED=550628 
SEED is set to: 550628
SEED=712450 
SEED is set to: 712450
SEED=55837 
SEED is set to: 55837
SEED=900853 
SEED is set to: 900853
SEED=249246 
SEED is set to: 249246
SEED=279070 
SEED is set to: 279070
SEED=250722 
SEED is set to: 250722
SEED=399392 
SEED is set to: 399392
SEED=656796 
SEED is set to: 656796
SEED=899576 
SEED is set to: 899576
SEED=37314 
SEED is set to: 37314
SEED=590045 
SEED is set to: 590045
SEED=37650 
SEED is set to: 37650
SEED=237791 
SEED is set to: 237791
SEED=398656 
SEED is set to: 398656
SEED=566399 
SEED is set to: 566399
SEED=661193 
SEED is set to: 661193
SEED=720212 
SEED is set to: 720212
SEED=482170 
SEED is set to: 482170
SEED=691831 
SEED is set to: 691831
SEED=706805 
SEED is set to: 706805
SEED=895497 
SEED is set to: 895497
SEED=933997 
SEED is set to: 933997
SEED=66742 
SEED is set to: 66742
SEED=221689 
SEED is set to: 221689
SEED=225098 
SEED is set to: 225098
SEED=981447 
SEED is set to: 981447
SEED=335631 
SEED is set to: 335631
SEED=527907 
SEED is set to: 527907
SEED=554730 
SEED is set to: 554730
SEED=715403 
SEED is set to: 715403
SEED=875607 
SEED is set to: 875607
SEED=423998 
SEED is set to: 423998
SEED=939041 
SEED is set to: 939041
SEED=953520 
SEED is set to: 953520
SEED=1469 
SEED is set to: 1469
SEED=118209 
SEED is set to: 118209
SEED=150108 
SEED is set to: 150108
SEED=265524 
SEED is set to: 265524
SEED=998619 
SEED is set to: 998619
SEED=458278 
SEED is set to: 458278
SEED=597305 
SEED is set to: 597305
SEED=660928 
SEED is set to: 660928
SEED=696142 
SEED is set to: 696142
SEED=755034 
SEED is set to: 755034
SEED=975161 
SEED is set to: 975161
SEED=860891 
SEED is set to: 860891
SEED=240752 
SEED is set to: 240752
SEED=431536 
SEED is set to: 431536
SEED=543260 
SEED is set to: 543260
SEED=302089 
SEED is set to: 302089
SEED=420421 
SEED is set to: 420421
SEED=430262 
SEED is set to: 430262
SEED=685776 
SEED is set to: 685776
SEED=205769 
SEED is set to: 205769
SEED=686846 
SEED is set to: 686846
SEED=735359 
SEED is set to: 735359
SEED=865422 
SEED is set to: 865422
SEED=320657 
SEED is set to: 320657
SEED=540625 
SEED is set to: 540625
SEED=768242 
SEED is set to: 768242
SEED=20317 
SEED is set to: 20317
SEED=175574 
SEED is set to: 175574
SEED=202256 
SEED is set to: 202256
SEED=218589 
SEED is set to: 218589
SEED=524133 
SEED is set to: 524133
SEED=957095 
SEED is set to: 957095
SEED=137240 
SEED is set to: 137240
SEED=560449 
SEED is set to: 560449
SEED=564551 
SEED is set to: 564551
SEED=585809 
SEED is set to: 585809
SEED=727318 
SEED is set to: 727318
SEED=859895 
SEED is set to: 859895
SEED=937210 
SEED is set to: 937210
*** stack smashing detected ***: terminated
SEED=478668 
SEED is set to: 478668
free(): double free detected in tcache 2
SEED=755596 
SEED is set to: 755596
SEED=45481 
SEED is set to: 45481
SEED=129932 
SEED is set to: 129932
SEED=217300 
SEED is set to: 217300
SEED=381051 
SEED is set to: 381051
SEED=344953 
SEED is set to: 344953
SEED=354143 
SEED is set to: 354143
SEED=487423 
SEED is set to: 487423
SEED=583924 
SEED is set to: 583924
SEED=629584 
SEED is set to: 629584
SEED=785976 
SEED is set to: 785976
SEED=496994 
SEED is set to: 496994
SEED=750049 
SEED is set to: 750049
SEED=853885 
SEED is set to: 853885
SEED=41724 
SEED is set to: 41724
SEED=88727 
SEED is set to: 88727
SEED=370575 
SEED is set to: 370575
SEED=738032 
SEED is set to: 738032
SEED=248310 
SEED is set to: 248310
SEED=335560 
SEED is set to: 335560
SEED=541826 
SEED is set to: 541826
SEED=569823 
SEED is set to: 569823
SEED=968084 
SEED is set to: 968084
SEED=352878 
SEED is set to: 352878
SEED=785226 
SEED is set to: 785226
SEED=889377 
SEED is set to: 889377
SEED=272116 
SEED is set to: 272116
malloc(): corrupted top size
SEED=437328 
SEED is set to: 437328
SEED=439693 
SEED is set to: 439693
SEED=700840 
SEED is set to: 700840
SEED=51972 
SEED is set to: 51972
SEED=84655 
SEED is set to: 84655
SEED=391456 
SEED is set to: 391456
SEED=894619 
SEED is set to: 894619
SEED=39633 
SEED is set to: 39633
SEED=73734 
SEED is set to: 73734
SEED=803144 
SEED is set to: 803144
SEED=86564 
SEED is set to: 86564
SEED=405383 
SEED is set to: 405383
SEED=513164 
SEED is set to: 513164
SEED=618513 
SEED is set to: 618513
SEED=660649 
SEED is set to: 660649
SEED=856640 
SEED is set to: 856640
SEED=289958 
SEED is set to: 289958
SEED=448211 
SEED is set to: 448211
SEED=488721 
SEED is set to: 488721
SEED=982195 
SEED is set to: 982195
SEED=217194 
SEED is set to: 217194
SEED=246976 
SEED is set to: 246976
SEED=280260 
SEED is set to: 280260
SEED=641159 
SEED is set to: 641159
SEED=981694 
SEED is set to: 981694
SEED=307652 
SEED is set to: 307652
SEED=406595 
SEED is set to: 406595
SEED=447815 
SEED is set to: 447815
SEED=544811 
SEED is set to: 544811
SEED=587696 
SEED is set to: 587696
SEED=772360 
SEED is set to: 772360
SEED=964147 
SEED is set to: 964147
SEED=534145 
SEED is set to: 534145
SEED=654966 
SEED is set to: 654966
SEED=917710 
SEED is set to: 917710
SEED=1896 
SEED is set to: 1896
SEED=312131 
SEED is set to: 312131
SEED=336309 
SEED is set to: 336309
SEED=383413 
SEED is set to: 383413
SEED=458380 
SEED is set to: 458380
SEED=587195 
SEED is set to: 587195
SEED=862618 
SEED is set to: 862618
SEED=955220 
SEED is set to: 955220
SEED=8405 
SEED is set to: 8405
SEED=350437 
SEED is set to: 350437
SEED=484808 
SEED is set to: 484808
SEED=59734 
SEED is set to: 59734
SEED=61443 
SEED is set to: 61443
SEED=355386 
SEED is set to: 355386
SEED=565640 
SEED is set to: 565640
SEED=739709 
SEED is set to: 739709
SEED=431026 
SEED is set to: 431026
SEED=620955 
SEED is set to: 620955
SEED=756009 
SEED is set to: 756009
SEED=904703 
SEED is set to: 904703
SEED=26378 
SEED is set to: 26378
SEED=457136 
SEED is set to: 457136
SEED=987090 
SEED is set to: 987090
SEED=270679 
SEED is set to: 270679
SEED=420367 
SEED is set to: 420367
SEED=563617 
SEED is set to: 563617
SEED=49225 
SEED is set to: 49225
SEED=88146 
SEED is set to: 88146
SEED=622389 
SEED is set to: 622389
SEED=665438 
SEED is set to: 665438
SEED=93017 
SEED is set to: 93017
SEED=263625 
SEED is set to: 263625
SEED=400505 
SEED is set to: 400505
SEED=525978 
SEED is set to: 525978
SEED=182965 
SEED is set to: 182965
SEED=363213 
SEED is set to: 363213
SEED=650643 
SEED is set to: 650643
SEED=738273 
SEED is set to: 738273
SEED=998768 
SEED is set to: 998768
SEED=586595 
SEED is set to: 586595
SEED=834066 
SEED is set to: 834066
SEED=964626 
SEED is set to: 964626
SEED=286796 
SEED is set to: 286796
SEED=333766 
SEED is set to: 333766
SEED=487801 
SEED is set to: 487801
SEED=36746 
SEED is set to: 36746
SEED=424566 
SEED is set to: 424566
SEED=535967 
SEED is set to: 535967
SEED=644240 
SEED is set to: 644240
SEED=736043 
SEED is set to: 736043
SEED=963954 
SEED is set to: 963954
SEED=67820 
SEED is set to: 67820
SEED=348299 
SEED is set to: 348299
SEED=707877 
SEED is set to: 707877
SEED=908648 
SEED is set to: 908648
SEED=981197 
SEED is set to: 981197
SEED=53211 
SEED is set to: 53211
SEED=673927 
SEED is set to: 673927
SEED=171324 
SEED is set to: 171324
SEED=279186 
SEED is set to: 279186
SEED=291516 
SEED is set to: 291516
SEED=966098 
SEED is set to: 966098
SEED=140679 
SEED is set to: 140679
SEED=675416 
SEED is set to: 675416
SEED=836327 
SEED is set to: 836327
SEED=499637 
SEED is set to: 499637
SEED=858898 
SEED is set to: 858898
SEED=962996 
SEED is set to: 962996
SEED=118069 
SEED is set to: 118069
SEED=479366 
SEED is set to: 479366
SEED=702196 
SEED is set to: 702196
SEED=931769 
SEED is set to: 931769
SEED=249261 
SEED is set to: 249261
SEED=282306 
SEED is set to: 282306
SEED=340982 
SEED is set to: 340982
SEED=642690 
SEED is set to: 642690
SEED=781506 
SEED is set to: 781506
SEED=844126 
SEED is set to: 844126
SEED=153372 
SEED is set to: 153372
SEED=787031 
SEED is set to: 787031
SEED=910115 
SEED is set to: 910115
SEED=959689 
SEED is set to: 959689
SEED=26432 
SEED is set to: 26432
SEED=32803 
SEED is set to: 32803
SEED=111478 
SEED is set to: 111478
SEED=251372 
SEED is set to: 251372
SEED=294408 
SEED is set to: 294408
SEED=466869 
SEED is set to: 466869
SEED=566533 
SEED is set to: 566533
SEED=624331 
SEED is set to: 624331
SEED=552743 
SEED is set to: 552743
SEED=723458 
SEED is set to: 723458
SEED=747466 
SEED is set to: 747466
SEED=15401 
SEED is set to: 15401
SEED=51584 
SEED is set to: 51584
SEED=476706 
SEED is set to: 476706
SEED=119609 
SEED is set to: 119609
SEED=425640 
SEED is set to: 425640
SEED=543994 
SEED is set to: 543994
SEED=601468 
SEED is set to: 601468
SEED=606303 
SEED is set to: 606303
SEED=382242 
SEED is set to: 382242
SEED=418232 
SEED is set to: 418232
SEED=622148 
SEED is set to: 622148
SEED=15182 
SEED is set to: 15182
SEED=580105 
SEED is set to: 580105
SEED=950879 
SEED is set to: 950879
SEED=17700 
SEED is set to: 17700
SEED=226290 
SEED is set to: 226290
SEED=409400 
SEED is set to: 409400
SEED=395369 
SEED is set to: 395369
SEED=544202 
SEED is set to: 544202
SEED=793760 
SEED is set to: 793760
SEED=823970 
SEED is set to: 823970
SEED=896741 
SEED is set to: 896741
SEED=965971 
SEED is set to: 965971
SEED=803561 
SEED is set to: 803561
SEED=333203 
SEED is set to: 333203
SEED=334860 
SEED is set to: 334860
SEED=363892 
SEED is set to: 363892
SEED=643695 
SEED is set to: 643695
SEED=737993 
SEED is set to: 737993
SEED=761292 
SEED is set to: 761292
SEED=799367 
SEED is set to: 799367
SEED=930180 
SEED is set to: 930180
SEED=14738 
SEED is set to: 14738
SEED=47242 
SEED is set to: 47242
SEED=660034 
SEED is set to: 660034
SEED=738885 
SEED is set to: 738885
SEED=312850 
SEED is set to: 312850
SEED=560512 
SEED is set to: 560512
SEED=602458 
SEED is set to: 602458
SEED=766347 
SEED is set to: 766347
SEED=418 
SEED is set to: 418
SEED=374932 
SEED is set to: 374932
SEED=669629 
SEED is set to: 669629
SEED=89097 
SEED is set to: 89097
SEED=181981 
SEED is set to: 181981
SEED=281487 
SEED is set to: 281487
SEED=297951 
SEED is set to: 297951
*** stack smashing detected ***: terminated
SEED=618240 
SEED is set to: 618240
SEED=651551 
SEED is set to: 651551
SEED=71794 
SEED is set to: 71794
malloc(): corrupted top size
SEED=401742 
SEED is set to: 401742
SEED=538455 
SEED is set to: 538455
SEED=129448 
SEED is set to: 129448
SEED=156020 
SEED is set to: 156020
SEED=251551 
SEED is set to: 251551
SEED=331629 
SEED is set to: 331629
SEED=691198 
SEED is set to: 691198
SEED=234921 
SEED is set to: 234921
SEED=778831 
SEED is set to: 778831
SEED=796229 
SEED is set to: 796229
SEED=819893 
SEED is set to: 819893
SEED=890429 
SEED is set to: 890429
SEED=250746 
SEED is set to: 250746
SEED=757657 
SEED is set to: 757657
SEED=258903 
SEED is set to: 258903
SEED=351098 
SEED is set to: 351098
SEED=483920 
SEED is set to: 483920
SEED=722317 
SEED is set to: 722317
SEED=234802 
SEED is set to: 234802
SEED=249967 
SEED is set to: 249967
SEED=494068 
SEED is set to: 494068
SEED=594442 
SEED is set to: 594442
SEED=834126 
SEED is set to: 834126
SEED=95035 
SEED is set to: 95035
SEED=199037 
SEED is set to: 199037
SEED=749033 
SEED is set to: 749033
SEED=841409 
SEED is set to: 841409
SEED=903338 
SEED is set to: 903338
SEED=50576 
SEED is set to: 50576
SEED=58605 
SEED is set to: 58605
SEED=423323 
SEED is set to: 423323
SEED=895313 
SEED is set to: 895313
SEED=171931 
SEED is set to: 171931
SEED=303055 
SEED is set to: 303055
SEED=321635 
SEED is set to: 321635
SEED=815166 
SEED is set to: 815166
SEED=816287 
SEED is set to: 816287
SEED=865212 
SEED is set to: 865212
SEED=160900 
SEED is set to: 160900
SEED=607449 
SEED is set to: 607449
SEED=637430 
SEED is set to: 637430
SEED=687338 
SEED is set to: 687338
SEED=708747 
SEED is set to: 708747
SEED=788357 
SEED is set to: 788357
SEED=953324 
SEED is set to: 953324
SEED=818051 
SEED is set to: 818051
SEED=370061 
SEED is set to: 370061
SEED=410755 
SEED is set to: 410755
SEED=57307 
SEED is set to: 57307
SEED=872791 
SEED is set to: 872791
SEED=30630 
SEED is set to: 30630
SEED=38597 
SEED is set to: 38597
SEED=53096 
SEED is set to: 53096
SEED=272144 
SEED is set to: 272144
SEED=576229 
SEED is set to: 576229
SEED=81761 
SEED is set to: 81761
SEED=519122 
SEED is set to: 519122
SEED=546404 
SEED is set to: 546404
SEED=841168 
SEED is set to: 841168
SEED=372530 
SEED is set to: 372530
SEED=489739 
SEED is set to: 489739
SEED=599833 
SEED is set to: 599833
SEED=346466 
SEED is set to: 346466
SEED=547766 
SEED is set to: 547766
SEED=946824 
SEED is set to: 946824
SEED=363060 
SEED is set to: 363060
SEED=482761 
SEED is set to: 482761
malloc(): corrupted top size
SEED=892714 
SEED is set to: 892714
SEED=935371 
SEED is set to: 935371
SEED=97583 
SEED is set to: 97583
SEED=537508 
SEED is set to: 537508
SEED=656543 
SEED is set to: 656543
SEED=56197 
SEED is set to: 56197
SEED=553669 
SEED is set to: 553669
SEED=67683 
SEED is set to: 67683
SEED=83372 
SEED is set to: 83372
SEED=151197 
SEED is set to: 151197
SEED=796483 
SEED is set to: 796483
SEED=168546 
SEED is set to: 168546
SEED=511864 
SEED is set to: 511864
SEED=536966 
SEED is set to: 536966
SEED=877387 
SEED is set to: 877387
SEED=710664 
SEED is set to: 710664
SEED=729119 
SEED is set to: 729119
SEED=878559 
SEED is set to: 878559
SEED=78774 
SEED is set to: 78774
SEED=224548 
SEED is set to: 224548
SEED=249105 
SEED is set to: 249105
SEED=353902 
SEED is set to: 353902
SEED=469566 
SEED is set to: 469566
SEED=547730 
SEED is set to: 547730
SEED=825740 
SEED is set to: 825740
SEED=906590 
SEED is set to: 906590
SEED=192996 
SEED is set to: 192996
SEED=791876 
SEED is set to: 791876
SEED=847954 
SEED is set to: 847954
SEED=121946 
SEED is set to: 121946
SEED=166528 
SEED is set to: 166528
SEED=616941 
SEED is set to: 616941
SEED=245041 
SEED is set to: 245041
SEED=324204 
SEED is set to: 324204
SEED=429969 
SEED is set to: 429969
SEED=533197 
SEED is set to: 533197
SEED=700529 
SEED is set to: 700529
SEED=956650 
SEED is set to: 956650
SEED=269451 
SEED is set to: 269451
SEED=547899 
SEED is set to: 547899
SEED=835762 
SEED is set to: 835762
SEED=105304 
SEED is set to: 105304
SEED=238087 
SEED is set to: 238087
SEED=869918 
SEED is set to: 869918
SEED=898272 
SEED is set to: 898272
SEED=24693 
SEED is set to: 24693
SEED=662374 
SEED is set to: 662374
SEED=721067 
SEED is set to: 721067
SEED=856291 
SEED is set to: 856291
SEED=62608 
SEED is set to: 62608
SEED=239925 
SEED is set to: 239925
SEED=373546 
SEED is set to: 373546
SEED=935394 
SEED is set to: 935394
SEED=446146 
SEED is set to: 446146
SEED=565822 
SEED is set to: 565822
SEED=644266 
SEED is set to: 644266
SEED=840877 
SEED is set to: 840877
SEED=41277 
SEED is set to: 41277
SEED=463746 
SEED is set to: 463746
SEED=714804 
SEED is set to: 714804
SEED=870438 
SEED is set to: 870438
SEED=912670 
SEED is set to: 912670
SEED=409830 
SEED is set to: 409830
SEED=916222 
SEED is set to: 916222
SEED=992108 
SEED is set to: 992108
SEED=211671 
SEED is set to: 211671
SEED=218369 
SEED is set to: 218369
SEED=900239 
SEED is set to: 900239
SEED=999999 
SEED is set to: 999999
SEED=297914 
SEED is set to: 297914
SEED=635987 
SEED is set to: 635987
SEED=646560 
SEED is set to: 646560
SEED=410084 
SEED is set to: 410084
SEED=119121 
SEED is set to: 119121
SEED=126337 
SEED is set to: 126337
SEED=147888 
SEED is set to: 147888
SEED=790950 
SEED is set to: 790950
SEED=795633 
SEED is set to: 795633
SEED=235388 
SEED is set to: 235388
SEED=352665 
SEED is set to: 352665
SEED=514948 
SEED is set to: 514948
SEED=650123 
SEED is set to: 650123
SEED=710282 
SEED is set to: 710282
SEED=410191 
SEED is set to: 410191
SEED=828452 
SEED is set to: 828452
SEED=979705 
SEED is set to: 979705
SEED=101761 
SEED is set to: 101761
SEED=243302 
SEED is set to: 243302
SEED=722956 
SEED is set to: 722956
SEED=753059 
SEED is set to: 753059
SEED=939016 
SEED is set to: 939016
SEED=248954 
SEED is set to: 248954
SEED=317573 
SEED is set to: 317573
SEED=715106 
SEED is set to: 715106
SEED=749015 
SEED is set to: 749015
SEED=980989 
SEED is set to: 980989
SEED=276111 
SEED is set to: 276111
SEED=397771 
SEED is set to: 397771
SEED=587394 
SEED is set to: 587394
SEED=902817 
SEED is set to: 902817
SEED=159043 
SEED is set to: 159043
SEED=288154 
SEED is set to: 288154
SEED=485340 
SEED is set to: 485340
SEED=485860 
SEED is set to: 485860
SEED=846312 
SEED is set to: 846312
SEED=902314 
SEED is set to: 902314
SEED=166239 
SEED is set to: 166239
free(): invalid next size (normal)
SEED=472016 
SEED is set to: 472016
SEED=771893 
SEED is set to: 771893
SEED=815357 
SEED is set to: 815357
SEED=979069 
SEED is set to: 979069
SEED=396724 
SEED is set to: 396724
SEED=538738 
SEED is set to: 538738
SEED=14603 
SEED is set to: 14603
SEED=211526 
SEED is set to: 211526
SEED=481744 
SEED is set to: 481744
SEED=569158 
SEED is set to: 569158
SEED=721750 
SEED is set to: 721750
SEED=939169 
SEED is set to: 939169
SEED=396613 
SEED is set to: 396613
SEED=701323 
SEED is set to: 701323
SEED=879082 
SEED is set to: 879082
SEED=232246 
SEED is set to: 232246
SEED=285036 
SEED is set to: 285036
SEED=441874 
SEED is set to: 441874
SEED=123213 
SEED is set to: 123213
SEED=370084 
SEED is set to: 370084
SEED=562002 
SEED is set to: 562002
SEED=724599 
SEED is set to: 724599
SEED=598063 
SEED is set to: 598063
SEED=745222 
SEED is set to: 745222
SEED=825116 
SEED is set to: 825116
SEED=907228 
SEED is set to: 907228
SEED=31841 
SEED is set to: 31841
SEED=113466 
SEED is set to: 113466
SEED=180495 
SEED is set to: 180495
SEED=387108 
SEED is set to: 387108
SEED=449087 
SEED is set to: 449087
SEED=458407 
SEED is set to: 458407
SEED=597269 
SEED is set to: 597269
SEED=789876 
SEED is set to: 789876
SEED=984585 
SEED is set to: 984585
SEED=205173 
SEED is set to: 205173
SEED=939722 
SEED is set to: 939722
SEED=66951 
SEED is set to: 66951
SEED=194701 
SEED is set to: 194701
SEED=436360 
SEED is set to: 436360
SEED=451705 
SEED is set to: 451705
SEED=466338 
SEED is set to: 466338
SEED=535613 
SEED is set to: 535613
SEED=637370 
SEED is set to: 637370
SEED=647422 
SEED is set to: 647422
SEED=675020 
SEED is set to: 675020
SEED=759143 
SEED is set to: 759143
malloc(): corrupted top size
SEED=129455 
SEED is set to: 129455
SEED=400454 
SEED is set to: 400454
SEED=812238 
SEED is set to: 812238
SEED=75356 
SEED is set to: 75356
SEED=91909 
SEED is set to: 91909
SEED=113886 
SEED is set to: 113886
SEED=226725 
SEED is set to: 226725
SEED=327692 
SEED is set to: 327692
SEED=777775 
SEED is set to: 777775
SEED=96018 
SEED is set to: 96018
SEED=250299 
SEED is set to: 250299
SEED=343817 
SEED is set to: 343817
SEED=630267 
SEED is set to: 630267
SEED=818199 
SEED is set to: 818199
SEED=59306 
SEED is set to: 59306
SEED=349594 
SEED is set to: 349594
SEED=479572 
SEED is set to: 479572
SEED=812574 
SEED is set to: 812574
SEED=125067 
SEED is set to: 125067
SEED=441336 
SEED is set to: 441336
SEED=463114 
SEED is set to: 463114
SEED=467861 
SEED is set to: 467861
SEED=800367 
SEED is set to: 800367
SEED=840716 
SEED is set to: 840716
SEED=246379 
SEED is set to: 246379
SEED=537445 
SEED is set to: 537445
SEED=707342 
SEED is set to: 707342
SEED=910937 
SEED is set to: 910937
SEED=29824 
SEED is set to: 29824
SEED=39617 
SEED is set to: 39617
SEED=349101 
SEED is set to: 349101
double free or corruption (out)
SEED=682558 
SEED is set to: 682558
SEED=95258 
SEED is set to: 95258
SEED=126530 
SEED is set to: 126530
SEED=329738 
SEED is set to: 329738
SEED=397416 
SEED is set to: 397416
SEED=498629 
SEED is set to: 498629
SEED=903026 
SEED is set to: 903026
SEED=912953 
SEED is set to: 912953
SEED=417780 
SEED is set to: 417780
SEED=592695 
SEED is set to: 592695
SEED=664751 
SEED is set to: 664751
SEED=99445 
SEED is set to: 99445
SEED=146168 
SEED is set to: 146168
SEED=563940 
SEED is set to: 563940
SEED=985108 
SEED is set to: 985108
SEED=986835 
SEED is set to: 986835
SEED=209887 
SEED is set to: 209887
SEED=351963 
SEED is set to: 351963
SEED=658904 
SEED is set to: 658904
SEED=666560 
SEED is set to: 666560
SEED=928300 
SEED is set to: 928300
SEED=592806 
SEED is set to: 592806
SEED=650639 
SEED is set to: 650639
SEED=117932 
SEED is set to: 117932
SEED=124038 
SEED is set to: 124038
SEED=133309 
SEED is set to: 133309
SEED=284795 
SEED is set to: 284795
SEED=869453 
SEED is set to: 869453
SEED=317166 
SEED is set to: 317166
SEED=388524 
SEED is set to: 388524
SEED=396403 
SEED is set to: 396403
SEED=429436 
SEED is set to: 429436
SEED=804075 
SEED is set to: 804075
SEED=831416 
SEED is set to: 831416
SEED=910354 
SEED is set to: 910354
SEED=925411 
SEED is set to: 925411
SEED=98739 
SEED is set to: 98739
SEED=283650 
SEED is set to: 283650
SEED=554407 
SEED is set to: 554407
SEED=142046 
SEED is set to: 142046
SEED=561245 
SEED is set to: 561245
SEED=927742 
SEED is set to: 927742
SEED=974495 
SEED is set to: 974495
SEED=6977 
SEED is set to: 6977
SEED=47046 
SEED is set to: 47046
SEED=454689 
SEED is set to: 454689
SEED=560071 
SEED is set to: 560071
SEED=727034 
SEED is set to: 727034
SEED=813023 
SEED is set to: 813023
SEED=816579 
SEED is set to: 816579
SEED=901687 
SEED is set to: 901687
SEED=902441 
SEED is set to: 902441
SEED=736474 
SEED is set to: 736474
SEED=788451 
SEED is set to: 788451
SEED=837827 
SEED is set to: 837827
SEED=939883 
SEED is set to: 939883
SEED=963855 
SEED is set to: 963855
SEED=985952 
SEED is set to: 985952
SEED=180768 
SEED is set to: 180768
SEED=634583 
SEED is set to: 634583
SEED=238954 
SEED is set to: 238954
SEED=339223 
SEED is set to: 339223
SEED=339444 
SEED is set to: 339444
SEED=352748 
SEED is set to: 352748
SEED=498804 
SEED is set to: 498804
SEED=518871 
SEED is set to: 518871
SEED=659658 
SEED is set to: 659658
SEED=991632 
SEED is set to: 991632
SEED=394583 
SEED is set to: 394583
SEED=594391 
SEED is set to: 594391
SEED=487518 
SEED is set to: 487518
SEED=627401 
SEED is set to: 627401
SEED=693030 
SEED is set to: 693030
SEED=733722 
SEED is set to: 733722
SEED=984550 
SEED is set to: 984550
SEED=295437 
SEED is set to: 295437
SEED=442734 
SEED is set to: 442734
SEED=693124 
SEED is set to: 693124
SEED=59541 
SEED is set to: 59541
SEED=149720 
SEED is set to: 149720
SEED=288976 
SEED is set to: 288976
SEED=484118 
SEED is set to: 484118
SEED=864939 
SEED is set to: 864939
SEED=927384 
SEED is set to: 927384
SEED=979531 
SEED is set to: 979531
SEED=472648 
SEED is set to: 472648
SEED=588346 
SEED is set to: 588346
SEED=825732 
SEED is set to: 825732
SEED=895227 
SEED is set to: 895227
SEED=968576 
SEED is set to: 968576
SEED=210443 
SEED is set to: 210443
SEED=438107 
SEED is set to: 438107
SEED=536664 
SEED is set to: 536664
SEED=26763 
SEED is set to: 26763
SEED=54417 
SEED is set to: 54417
SEED=132092 
SEED is set to: 132092
SEED=375979 
SEED is set to: 375979
SEED=477268 
SEED is set to: 477268
free(): invalid pointer
SEED=233677 
SEED is set to: 233677
SEED=456925 
SEED is set to: 456925
SEED=514745 
SEED is set to: 514745
SEED=537062 
SEED is set to: 537062
SEED=900809 
SEED is set to: 900809
SEED=925664 
SEED is set to: 925664
SEED=598051 
SEED is set to: 598051
SEED=631805 
SEED is set to: 631805
SEED=713072 
SEED is set to: 713072
SEED=993351 
SEED is set to: 993351
SEED=13401 
SEED is set to: 13401
SEED=86182 
SEED is set to: 86182
SEED=255336 
SEED is set to: 255336
SEED=558567 
SEED is set to: 558567
SEED=930541 
SEED is set to: 930541
SEED=511148 
SEED is set to: 511148
SEED=665433 
SEED is set to: 665433
SEED=671798 
SEED is set to: 671798
SEED=799517 
SEED is set to: 799517
SEED=901218 
SEED is set to: 901218
SEED=903807 
SEED is set to: 903807
SEED=216165 
SEED is set to: 216165
SEED=14426 
SEED is set to: 14426
SEED=119076 
SEED is set to: 119076
SEED=126841 
SEED is set to: 126841
SEED=224611 
SEED is set to: 224611
SEED=320414 
SEED is set to: 320414
SEED=401732 
SEED is set to: 401732
SEED=679697 
SEED is set to: 679697
SEED=426339 
SEED is set to: 426339
SEED=616324 
SEED is set to: 616324
SEED=772277 
SEED is set to: 772277
SEED=819198 
SEED is set to: 819198
SEED=938726 
SEED is set to: 938726
SEED=977848 
SEED is set to: 977848
SEED=809837 
SEED is set to: 809837
SEED=108945 
SEED is set to: 108945
SEED=118509 
SEED is set to: 118509
SEED=403717 
SEED is set to: 403717
SEED=357047 
SEED is set to: 357047
malloc(): corrupted top size
SEED=887359 
SEED is set to: 887359
SEED=85372 
SEED is set to: 85372
SEED=204863 
SEED is set to: 204863
SEED=939792 
SEED is set to: 939792
SEED=25216 
SEED is set to: 25216
SEED=196041 
SEED is set to: 196041
SEED=379874 
SEED is set to: 379874
SEED=610509 
SEED is set to: 610509
free(): double free detected in tcache 2
SEED=182446 
SEED is set to: 182446
SEED=376422 
SEED is set to: 376422
SEED=489509 
SEED is set to: 489509
SEED=134831 
SEED is set to: 134831
SEED=715451 
SEED is set to: 715451
SEED=845664 
SEED is set to: 845664
SEED=13649 
SEED is set to: 13649
SEED=202487 
SEED is set to: 202487
SEED=416172 
SEED is set to: 416172
SEED=752532 
SEED is set to: 752532
SEED=773583 
SEED is set to: 773583
SEED=877542 
SEED is set to: 877542
SEED=157755 
SEED is set to: 157755
SEED=172103 
SEED is set to: 172103
SEED=307857 
SEED is set to: 307857
SEED=676059 
SEED is set to: 676059
SEED=743358 
SEED is set to: 743358
SEED=137526 
SEED is set to: 137526
SEED=684562 
SEED is set to: 684562
SEED=72466 
SEED is set to: 72466
SEED=178208 
SEED is set to: 178208
SEED=207379 
SEED is set to: 207379
SEED=622522 
SEED is set to: 622522
SEED=546004 
SEED is set to: 546004
SEED=634410 
SEED is set to: 634410
SEED=693382 
SEED is set to: 693382
SEED=836869 
SEED is set to: 836869
SEED=738370 
SEED is set to: 738370
SEED=968971 
SEED is set to: 968971
SEED=265157 
SEED is set to: 265157
*** stack smashing detected ***: terminated
SEED=302523 
SEED is set to: 302523
SEED=153907 
SEED is set to: 153907
SEED=327965 
SEED is set to: 327965
SEED=490892 
SEED is set to: 490892
SEED=591933 
SEED=591933 
SEED is set to: 591933
SEED is set to: 591933
SEED=925214 
SEED is set to: 925214
SEED=750292 
SEED is set to: 750292
SEED=886138 
SEED is set to: 886138
SEED=970812 
SEED is set to: 970812
SEED=118283 
SEED is set to: 118283
SEED=240101 
SEED is set to: 240101
SEED=255741 
SEED is set to: 255741
SEED=307681 
SEED is set to: 307681
SEED=907119 
SEED is set to: 907119
SEED=385551 
SEED is set to: 385551
SEED=469884 
SEED is set to: 469884
SEED=580342 
SEED is set to: 580342
SEED=717078 
SEED is set to: 717078
SEED=365421 
SEED is set to: 365421
SEED=761947 
SEED is set to: 761947
SEED=963182 
SEED is set to: 963182
SEED=998803 
SEED is set to: 998803
SEED=57447 
SEED is set to: 57447
SEED=202272 
SEED is set to: 202272
SEED=675974 
SEED is set to: 675974
SEED=821234 
SEED is set to: 821234
SEED=965142 
SEED is set to: 965142
SEED=171365 
SEED is set to: 171365
SEED=488105 
SEED is set to: 488105
SEED=625113 
SEED is set to: 625113
SEED=861764 
SEED is set to: 861764
SEED=957721 
SEED is set to: 957721
SEED=110367 
SEED is set to: 110367
SEED=327405 
SEED is set to: 327405
SEED=369660 
SEED is set to: 369660
SEED=627386 
SEED is set to: 627386
SEED=154176 
SEED is set to: 154176
SEED=429677 
SEED is set to: 429677
SEED=562859 
SEED is set to: 562859
SEED=641064 
SEED is set to: 641064
SEED=285021 
SEED is set to: 285021
SEED=498931 
SEED is set to: 498931
SEED=717684 
SEED is set to: 717684
SEED=852630 
SEED is set to: 852630
SEED=946 
SEED is set to: 946
SEED=90477 
SEED is set to: 90477
SEED=713417 
SEED is set to: 713417
SEED=942234 
SEED is set to: 942234
SEED=30364 
SEED is set to: 30364
SEED=361442 
SEED is set to: 361442
SEED=737987 
SEED is set to: 737987
SEED=195260 
SEED is set to: 195260
SEED=272031 
SEED is set to: 272031
SEED=351674 
SEED is set to: 351674
SEED=817090 
SEED is set to: 817090
SEED=73105 
SEED is set to: 73105
SEED=118471 
SEED is set to: 118471
SEED=525350 
SEED is set to: 525350
SEED=635593 
SEED is set to: 635593
SEED=660995 
SEED is set to: 660995
SEED=775999 
SEED is set to: 775999
SEED=297624 
SEED is set to: 297624
SEED=851278 
SEED is set to: 851278
SEED=880419 
SEED is set to: 880419
SEED=189758 
SEED is set to: 189758
SEED=197414 
SEED is set to: 197414
SEED=220474 
SEED is set to: 220474
SEED=630993 
SEED is set to: 630993
SEED=896763 
SEED is set to: 896763
SEED=943290 
SEED is set to: 943290
SEED=273559 
SEED is set to: 273559
SEED=413694 
SEED is set to: 413694
SEED=576699 
SEED is set to: 576699
SEED=611723 
SEED is set to: 611723
SEED=615240 
SEED is set to: 615240
SEED=721973 
SEED is set to: 721973
SEED=771898 
SEED is set to: 771898
SEED=808252 
SEED is set to: 808252
SEED=150986 
SEED is set to: 150986
SEED=582718 
SEED is set to: 582718
SEED=78414 
SEED is set to: 78414
SEED=97235 
SEED is set to: 97235
SEED=316534 
SEED is set to: 316534
SEED=674644 
SEED is set to: 674644
SEED=33972 
SEED is set to: 33972
SEED=134848 
SEED is set to: 134848
SEED=931401 
SEED is set to: 931401
SEED=293562 
SEED is set to: 293562
SEED=309468 
SEED is set to: 309468
SEED=330875 
SEED is set to: 330875
SEED=343512 
SEED is set to: 343512
SEED=978155 
SEED is set to: 978155
double free or corruption (out)
SEED=522633 
SEED is set to: 522633
SEED=699471 
SEED is set to: 699471
SEED=32386 
SEED is set to: 32386
SEED=35300 
SEED is set to: 35300
SEED=452038 
SEED is set to: 452038
SEED=259434 
SEED is set to: 259434
SEED=661459 
SEED is set to: 661459
SEED=64292 
SEED is set to: 64292
SEED=248897 
SEED is set to: 248897
SEED=752602 
SEED is set to: 752602
SEED=880288 
SEED is set to: 880288
SEED=522738 
SEED is set to: 522738
SEED=983867 
SEED is set to: 983867
SEED=299127 
SEED is set to: 299127
SEED=770725 
SEED is set to: 770725
SEED=943328 
SEED is set to: 943328
SEED=299523 
SEED is set to: 299523
SEED=704094 
SEED is set to: 704094
SEED=971047 
SEED is set to: 971047
SEED=35809 
SEED is set to: 35809
SEED=71029 
SEED is set to: 71029
SEED=122688 
SEED is set to: 122688
SEED=378019 
SEED is set to: 378019
SEED=52408 
SEED is set to: 52408
SEED=185410 
SEED is set to: 185410
SEED=286734 
SEED is set to: 286734
SEED=932699 
SEED is set to: 932699
SEED=350080 
SEED is set to: 350080
SEED=409764 
SEED is set to: 409764
SEED=699288 
SEED is set to: 699288
SEED=42939 
SEED is set to: 42939
SEED=297543 
SEED is set to: 297543
SEED=816869 
SEED is set to: 816869
munmap_chunk(): invalid pointer
SEED=310779 
SEED is set to: 310779
SEED=477615 
SEED is set to: 477615
SEED=638816 
SEED is set to: 638816
SEED=663095 
SEED is set to: 663095
SEED=412778 
SEED is set to: 412778
SEED=623765 
SEED is set to: 623765
SEED=165256 
SEED is set to: 165256
SEED=220249 
SEED is set to: 220249
SEED=563681 
SEED is set to: 563681
SEED=585095 
SEED is set to: 585095
SEED=698365 
SEED is set to: 698365
SEED=77505 
SEED is set to: 77505
SEED=377089 
SEED is set to: 377089
SEED=656954 
SEED is set to: 656954
SEED=701648 
SEED is set to: 701648
SEED=802063 
SEED is set to: 802063
SEED=84442 
SEED is set to: 84442
SEED=360697 
SEED is set to: 360697
SEED=569027 
SEED is set to: 569027
SEED=798837 
SEED is set to: 798837
SEED=249201 
SEED is set to: 249201
SEED=382069 
SEED is set to: 382069
SEED=540700 
SEED is set to: 540700
SEED=679951 
SEED is set to: 679951
SEED=704847 
SEED is set to: 704847
SEED=763559 
SEED is set to: 763559
SEED=65105 
SEED is set to: 65105
SEED=71924 
SEED is set to: 71924
SEED=264267 
SEED is set to: 264267
SEED=384395 
SEED is set to: 384395
SEED=443872 
SEED is set to: 443872
SEED=494552 
SEED is set to: 494552
SEED=511118 
SEED is set to: 511118
SEED=708677 
SEED is set to: 708677
SEED=724509 
SEED is set to: 724509
SEED=864757 
SEED is set to: 864757
SEED=870962 
SEED is set to: 870962
SEED=633289 
SEED is set to: 633289
SEED=797727 
SEED is set to: 797727
SEED=292426 
SEED is set to: 292426
SEED=299370 
SEED is set to: 299370
SEED=732415 
SEED is set to: 732415
SEED=382907 
SEED is set to: 382907
SEED=465815 
SEED is set to: 465815
SEED=523704 
SEED is set to: 523704
SEED=706043 
SEED is set to: 706043
SEED=809829 
SEED is set to: 809829
SEED=87530 
SEED is set to: 87530
SEED=385966 
SEED is set to: 385966
SEED=241776 
SEED is set to: 241776
SEED=468236 
SEED is set to: 468236
SEED=514860 
SEED is set to: 514860
SEED=620472 
SEED is set to: 620472
SEED=633260 
SEED is set to: 633260
SEED=207865 
SEED is set to: 207865
SEED=651544 
SEED is set to: 651544
SEED=977509 
SEED is set to: 977509
SEED=65346 
SEED is set to: 65346
SEED=136282 
SEED is set to: 136282
SEED=293979 
SEED is set to: 293979
SEED=347549 
SEED is set to: 347549
SEED=584492 
SEED is set to: 584492
SEED=84396 
SEED is set to: 84396
SEED=332934 
SEED is set to: 332934
SEED=661568 
SEED is set to: 661568
SEED=795190 
SEED is set to: 795190
SEED=823876 
SEED is set to: 823876
SEED=617228 
SEED is set to: 617228
SEED=747891 
SEED is set to: 747891
SEED=39592 
SEED is set to: 39592
SEED=406813 
SEED is set to: 406813
SEED=439093 
SEED is set to: 439093
SEED=45422 
SEED is set to: 45422
SEED=203565 
SEED is set to: 203565
SEED=484902 
SEED is set to: 484902
SEED=992707 
SEED is set to: 992707
SEED=773842 
SEED is set to: 773842
SEED=795138 
SEED is set to: 795138
SEED=205698 
SEED is set to: 205698
SEED=111613 
SEED is set to: 111613
SEED=424638 
SEED is set to: 424638
SEED=487628 
SEED is set to: 487628
SEED=535322 
SEED is set to: 535322
*** stack smashing detected ***: terminated
SEED=640483 
SEED is set to: 640483
SEED=838693 
SEED is set to: 838693
SEED=17684 
SEED is set to: 17684
SEED=144092 
SEED is set to: 144092
SEED=587356 
SEED is set to: 587356
SEED=148133 
SEED is set to: 148133
SEED=251991 
SEED is set to: 251991
SEED=479821 
SEED is set to: 479821
SEED=756831 
SEED is set to: 756831
SEED=953606 
SEED is set to: 953606
SEED=265980 
SEED is set to: 265980
SEED=640385 
SEED is set to: 640385
SEED=702860 
SEED is set to: 702860
SEED=174516 
SEED is set to: 174516
SEED=401514 
SEED is set to: 401514
SEED=889086 
SEED is set to: 889086
SEED=889709 
SEED is set to: 889709
SEED=250651 
SEED is set to: 250651
SEED=343583 
SEED is set to: 343583
SEED=828013 
SEED is set to: 828013
SEED=916722 
SEED is set to: 916722
SEED=820266 
SEED is set to: 820266
SEED=573262 
SEED is set to: 573262
SEED=737423 
SEED is set to: 737423
SEED=835033 
SEED is set to: 835033
SEED=389098 
SEED is set to: 389098
SEED=330501 
SEED is set to: 330501
SEED=542596 
SEED is set to: 542596
SEED=546107 
SEED is set to: 546107
SEED=562063 
SEED is set to: 562063
SEED=6656 
SEED is set to: 6656
SEED=644142 
SEED is set to: 644142
SEED=644829 
SEED is set to: 644829
SEED=837933 
SEED is set to: 837933
SEED=858302 
SEED is set to: 858302
SEED=35201 
SEED is set to: 35201
SEED=80759 
SEED is set to: 80759
SEED=385785 
SEED is set to: 385785
SEED=32661 
SEED is set to: 32661
SEED=249776 
SEED is set to: 249776
SEED=276995 
SEED is set to: 276995
SEED=356183 
SEED is set to: 356183
SEED=457810 
SEED is set to: 457810
SEED=876326 
SEED is set to: 876326
SEED=940072 
SEED is set to: 940072
SEED=1729 
SEED is set to: 1729
SEED=633801 
SEED is set to: 633801
SEED=194344 
SEED is set to: 194344
SEED=238710 
SEED is set to: 238710
SEED=415452 
SEED is set to: 415452
SEED=493130 
SEED is set to: 493130
SEED=43598 
SEED is set to: 43598
SEED=986355 
SEED is set to: 986355
SEED=219056 
SEED is set to: 219056
SEED=266928 
SEED is set to: 266928
SEED=701683 
SEED is set to: 701683
SEED=743363 
SEED is set to: 743363
SEED=654549 
SEED is set to: 654549
SEED=676363 
SEED is set to: 676363
SEED=857600 
SEED is set to: 857600
SEED=907791 
SEED is set to: 907791
SEED=925194 
SEED is set to: 925194
SEED=22 
SEED=22 
SEED is set to: 22
SEED is set to: 22
SEED=39429 
SEED is set to: 39429
SEED=538397 
SEED is set to: 538397
SEED=628070 
SEED is set to: 628070
SEED=197208 
SEED is set to: 197208
SEED=197248 
SEED is set to: 197248
double free or corruption (out)
SEED=484473 
SEED is set to: 484473
SEED=570828 
SEED is set to: 570828
SEED=24393 
SEED is set to: 24393
SEED=143856 
SEED is set to: 143856
SEED=308086 
SEED is set to: 308086
SEED=387454 
SEED is set to: 387454
SEED=671102 
SEED is set to: 671102
SEED=831340 
SEED is set to: 831340
SEED=146575 
SEED is set to: 146575
SEED=269143 
SEED is set to: 269143
SEED=895523 
SEED is set to: 895523
SEED=975103 
SEED is set to: 975103
SEED=94667 
SEED is set to: 94667
SEED=254475 
SEED is set to: 254475
SEED=759478 
SEED is set to: 759478
SEED=27891 
SEED is set to: 27891
SEED=202576 
SEED is set to: 202576
SEED=205672 
SEED is set to: 205672
SEED=405806 
SEED is set to: 405806
SEED=489725 
SEED is set to: 489725
SEED=736939 
SEED is set to: 736939
SEED=793376 
SEED is set to: 793376
SEED=433224 
SEED is set to: 433224
SEED=750589 
SEED is set to: 750589
SEED=833081 
SEED is set to: 833081
SEED=256353 
SEED is set to: 256353
SEED=289731 
SEED is set to: 289731
SEED=657776 
SEED is set to: 657776
SEED=716507 
SEED is set to: 716507
SEED=91809 
SEED is set to: 91809
SEED=273650 
SEED is set to: 273650
SEED=330212 
SEED is set to: 330212
SEED=848051 
SEED is set to: 848051
SEED=896263 
SEED is set to: 896263
SEED=427569 
SEED is set to: 427569
SEED=503290 
SEED is set to: 503290
SEED=555053 
SEED is set to: 555053
SEED=594104 
SEED is set to: 594104
SEED=937399 
SEED is set to: 937399
SEED=208721 
SEED is set to: 208721
SEED=302322 
SEED is set to: 302322
SEED=673348 
SEED is set to: 673348
SEED=816294 
SEED is set to: 816294
SEED=895021 
SEED is set to: 895021
SEED=110434 
SEED is set to: 110434
SEED=456891 
SEED is set to: 456891
SEED=552065 
SEED is set to: 552065
SEED=210433 
SEED is set to: 210433
SEED=211011 
SEED is set to: 211011
SEED=689896 
SEED is set to: 689896
SEED=952471 
SEED is set to: 952471
SEED=424287 
SEED is set to: 424287
SEED=712232 
SEED is set to: 712232
SEED=735056 
SEED is set to: 735056
SEED=744732 
SEED is set to: 744732
SEED=816471 
SEED is set to: 816471
SEED=234636 
SEED is set to: 234636
SEED=245488 
SEED is set to: 245488
SEED=401915 
SEED is set to: 401915
SEED=346161 
SEED is set to: 346161
SEED=534358 
SEED is set to: 534358
SEED=617443 
SEED is set to: 617443
SEED=665486 
SEED is set to: 665486
SEED=521670 
SEED is set to: 521670
SEED=934819 
SEED is set to: 934819
SEED=16981 
SEED is set to: 16981
SEED=191773 
SEED is set to: 191773
SEED=406036 
SEED is set to: 406036
SEED=411110 
SEED is set to: 411110
SEED=515147 
SEED is set to: 515147
SEED=997862 
SEED is set to: 997862
SEED=429973 
SEED is set to: 429973
SEED=823289 
SEED is set to: 823289
SEED=927404 
SEED is set to: 927404
SEED=942490 
SEED is set to: 942490
SEED=947541 
SEED is set to: 947541
SEED=663832 
SEED is set to: 663832
SEED=740667 
SEED is set to: 740667
SEED=68303 
SEED is set to: 68303
SEED=160827 
SEED is set to: 160827
SEED=205393 
SEED is set to: 205393
SEED=407640 
SEED is set to: 407640
SEED=252584 
SEED is set to: 252584
SEED=458341 
SEED is set to: 458341
SEED=558232 
SEED is set to: 558232
SEED=730346 
SEED is set to: 730346
SEED=103936 
SEED is set to: 103936
SEED=492903 
SEED is set to: 492903
SEED=562118 
SEED is set to: 562118
SEED=185755 
SEED is set to: 185755
SEED=287222 
SEED is set to: 287222
SEED=318898 
SEED is set to: 318898
SEED=876994 
SEED is set to: 876994
SEED=237411 
SEED is set to: 237411
SEED=607262 
SEED is set to: 607262
SEED=632904 
SEED is set to: 632904
SEED=647585 
SEED is set to: 647585
SEED=988916 
SEED is set to: 988916
SEED=306233 
SEED is set to: 306233
SEED=135569 
SEED is set to: 135569
SEED=231092 
SEED is set to: 231092
SEED=256924 
SEED is set to: 256924
SEED=392470 
SEED is set to: 392470
SEED=488216 
SEED is set to: 488216
SEED=933023 
SEED is set to: 933023
SEED=450481 
SEED is set to: 450481
SEED=527083 
SEED is set to: 527083
SEED=886014 
SEED is set to: 886014
SEED=917884 
SEED is set to: 917884
SEED=124347 
SEED is set to: 124347
SEED=659790 
SEED is set to: 659790
SEED=912206 
SEED is set to: 912206
SEED=111858 
SEED is set to: 111858
SEED=133087 
SEED is set to: 133087
SEED=243272 
SEED is set to: 243272
SEED=249880 
SEED is set to: 249880
SEED=838857 
SEED is set to: 838857
SEED=152516 
SEED is set to: 152516
SEED=252163 
SEED is set to: 252163
SEED=400016 
SEED is set to: 400016
SEED=826311 
SEED is set to: 826311
SEED=968611 
SEED is set to: 968611
SEED=13795 
SEED is set to: 13795
SEED=125941 
SEED is set to: 125941
SEED=223805 
SEED is set to: 223805
SEED=694482 
SEED is set to: 694482
SEED=713205 
SEED is set to: 713205
SEED=375180 
SEED is set to: 375180
SEED=448970 
SEED is set to: 448970
SEED=931066 
SEED is set to: 931066
SEED=81943 
SEED is set to: 81943
SEED=322192 
SEED is set to: 322192
SEED=104762 
SEED is set to: 104762
SEED=353682 
SEED is set to: 353682
SEED=655698 
SEED is set to: 655698
SEED=473871 
SEED is set to: 473871
SEED=869350 
SEED is set to: 869350
SEED=91251 
SEED is set to: 91251
SEED=379337 
SEED is set to: 379337
SEED=842055 
SEED is set to: 842055
SEED=843693 
SEED is set to: 843693
SEED=205289 
SEED is set to: 205289
SEED=224446 
SEED is set to: 224446
SEED=297433 
SEED is set to: 297433
SEED=419020 
SEED is set to: 419020
SEED=748112 
SEED is set to: 748112
SEED=921196 
SEED is set to: 921196
SEED=203272 
SEED is set to: 203272
SEED=374062 
SEED is set to: 374062
SEED=580476 
SEED is set to: 580476
SEED=973301 
SEED is set to: 973301
SEED=974975 
SEED is set to: 974975
SEED=208150 
SEED is set to: 208150
SEED=347628 
SEED is set to: 347628
SEED=699262 
SEED is set to: 699262
SEED=953858 
SEED is set to: 953858
SEED=533217 
SEED is set to: 533217
SEED=541853 
SEED is set to: 541853
SEED=698403 
SEED is set to: 698403
SEED=850496 
SEED is set to: 850496
SEED=927914 
SEED is set to: 927914
SEED=652178 
SEED is set to: 652178
SEED=207587 
SEED is set to: 207587
SEED=373808 
SEED is set to: 373808
SEED=642416 
SEED is set to: 642416
SEED=667692 
SEED is set to: 667692
SEED=718721 
SEED is set to: 718721
SEED=940082 
SEED is set to: 940082
SEED=967428 
SEED is set to: 967428
SEED=116040 
SEED is set to: 116040
SEED=442924 
SEED is set to: 442924
SEED=447317 
SEED is set to: 447317
SEED=475442 
SEED is set to: 475442
SEED=765830 
SEED is set to: 765830
SEED=910630 
SEED is set to: 910630
SEED=995244 
SEED is set to: 995244
SEED=913337 
SEED is set to: 913337
SEED=37362 
SEED is set to: 37362
SEED=212236 
SEED is set to: 212236
malloc(): corrupted top size
SEED=278904 
SEED is set to: 278904
SEED=294042 
SEED is set to: 294042
SEED=321925 
SEED is set to: 321925
SEED=592810 
SEED is set to: 592810
SEED=432358 
SEED is set to: 432358
SEED=667856 
SEED is set to: 667856
SEED=965234 
SEED is set to: 965234
SEED=979273 
SEED is set to: 979273
SEED=66031 
SEED is set to: 66031
SEED=836865 
SEED is set to: 836865
SEED=924033 
SEED is set to: 924033
SEED=124540 
SEED is set to: 124540
SEED=217514 
SEED is set to: 217514
SEED=346380 
SEED is set to: 346380
SEED=446583 
SEED is set to: 446583
SEED=996845 
SEED is set to: 996845
SEED=314061 
SEED is set to: 314061
SEED=595140 
SEED is set to: 595140
malloc(): corrupted top size
SEED=763029 
SEED is set to: 763029
SEED=783440 
SEED is set to: 783440
SEED=786447 
SEED is set to: 786447
SEED=523868 
SEED is set to: 523868
SEED=603395 
SEED is set to: 603395
SEED=996925 
SEED is set to: 996925
SEED=497063 
SEED is set to: 497063
SEED=521575 
SEED is set to: 521575
SEED=562771 
SEED is set to: 562771
SEED=895835 
SEED is set to: 895835
SEED=967826 
SEED is set to: 967826
SEED=729767 
SEED is set to: 729767
SEED=6010 
SEED is set to: 6010
SEED=35065 
SEED is set to: 35065
SEED=39632 
SEED is set to: 39632
SEED=376399 
SEED is set to: 376399
SEED=533830 
SEED is set to: 533830
SEED=56674 
SEED is set to: 56674
SEED=188307 
SEED is set to: 188307
SEED=515749 
SEED is set to: 515749
SEED=540928 
SEED is set to: 540928
SEED=842896 
SEED is set to: 842896
SEED=865192 
SEED is set to: 865192
SEED=209479 
SEED is set to: 209479
SEED=457467 
SEED is set to: 457467
SEED=575376 
SEED is set to: 575376
free(): corrupted unsorted chunks
SEED=832921 
SEED is set to: 832921
SEED=864224 
SEED is set to: 864224
SEED=948351 
SEED is set to: 948351
SEED=270487 
SEED is set to: 270487
SEED=294538 
SEED is set to: 294538
SEED=579577 
SEED is set to: 579577
SEED=111100 
SEED is set to: 111100
SEED=240735 
SEED is set to: 240735
SEED=702936 
SEED is set to: 702936
SEED=824500 
SEED is set to: 824500
SEED=52578 
SEED is set to: 52578
SEED=104653 
SEED is set to: 104653
SEED=549969 
SEED is set to: 549969
SEED=679752 
SEED is set to: 679752
SEED=902541 
SEED is set to: 902541
SEED=938767 
SEED is set to: 938767
SEED=675039 
SEED is set to: 675039
SEED=692037 
SEED is set to: 692037
SEED=728644 
SEED is set to: 728644
SEED=88537 
SEED is set to: 88537
SEED=606303 
SEED is set to: 606303
SEED=622724 
SEED is set to: 622724
SEED=909593 
SEED is set to: 909593
SEED=18354 
SEED is set to: 18354
SEED=307339 
SEED is set to: 307339
SEED=406996 
SEED is set to: 406996
SEED=630950 
SEED is set to: 630950
SEED=126878 
SEED is set to: 126878
SEED=187451 
SEED is set to: 187451
SEED=445681 
SEED is set to: 445681
SEED=507067 
SEED is set to: 507067
SEED=688704 
SEED is set to: 688704
SEED=874851 
SEED is set to: 874851
SEED=219588 
SEED is set to: 219588
SEED=410074 
SEED is set to: 410074
SEED=467980 
SEED is set to: 467980
SEED=707073 
SEED is set to: 707073
SEED=860084 
SEED is set to: 860084
SEED=632151 
SEED is set to: 632151
SEED=634322 
SEED is set to: 634322
SEED=682986 
SEED is set to: 682986
SEED=802120 
SEED is set to: 802120
SEED=806152 
SEED is set to: 806152
SEED=100252 
SEED is set to: 100252
SEED=335172 
SEED is set to: 335172
SEED=52448 
SEED is set to: 52448
SEED=568046 
SEED is set to: 568046
SEED=844359 
SEED is set to: 844359
SEED=949053 
SEED is set to: 949053
SEED=974334 
SEED is set to: 974334
SEED=121648 
SEED is set to: 121648
SEED=177108 
SEED is set to: 177108
SEED=563850 
SEED is set to: 563850
SEED=84321 
SEED is set to: 84321
SEED=491098 
SEED is set to: 491098
SEED=658631 
SEED is set to: 658631
SEED=668762 
SEED is set to: 668762
SEED=902552 
SEED is set to: 902552
SEED=972204 
SEED is set to: 972204
SEED=97827 
SEED is set to: 97827
SEED=181904 
SEED is set to: 181904
SEED=189009 
SEED is set to: 189009
SEED=275376 
SEED is set to: 275376
SEED=453147 
SEED is set to: 453147
SEED=929269 
SEED is set to: 929269
SEED=92170 
SEED is set to: 92170
SEED=290915 
SEED is set to: 290915
SEED=448705 
SEED is set to: 448705
SEED=630048 
SEED is set to: 630048
SEED=649317 
SEED is set to: 649317
SEED=654173 
SEED is set to: 654173
SEED=834248 
SEED is set to: 834248
SEED=422200 
SEED is set to: 422200
SEED=528844 
SEED is set to: 528844
SEED=635111 
SEED is set to: 635111
SEED=755370 
SEED is set to: 755370
SEED=940428 
SEED is set to: 940428
SEED=990332 
SEED is set to: 990332
SEED=811449 
SEED is set to: 811449
SEED=841069 
SEED is set to: 841069
SEED=115481 
SEED is set to: 115481
SEED=187443 
SEED is set to: 187443
SEED=325108 
SEED is set to: 325108
SEED=601226 
SEED is set to: 601226
SEED=803138 
SEED is set to: 803138
SEED=306016 
SEED is set to: 306016
SEED=624450 
SEED is set to: 624450
SEED=819161 
SEED is set to: 819161
SEED=68169 
SEED is set to: 68169
SEED=145364 
SEED is set to: 145364
SEED=451331 
SEED is set to: 451331
SEED=616661 
SEED is set to: 616661
SEED=708317 
SEED is set to: 708317
SEED=82365 
SEED is set to: 82365
SEED=125109 
SEED is set to: 125109
SEED=789820 
SEED is set to: 789820
SEED=902021 
SEED is set to: 902021
SEED=348053 
SEED is set to: 348053
SEED=466034 
SEED is set to: 466034
SEED=534721 
SEED is set to: 534721
SEED=166120 
SEED is set to: 166120
SEED=196640 
SEED is set to: 196640
SEED=205516 
SEED is set to: 205516
SEED=469471 
SEED is set to: 469471
SEED=610481 
SEED is set to: 610481
SEED=659710 
SEED is set to: 659710
SEED=825471 
SEED is set to: 825471
SEED=9733 
SEED is set to: 9733
SEED=228568 
SEED is set to: 228568
SEED=258655 
SEED is set to: 258655
SEED=455729 
SEED is set to: 455729
SEED=581072 
SEED is set to: 581072
SEED=596929 
SEED is set to: 596929
SEED=661609 
SEED is set to: 661609
SEED=715302 
SEED is set to: 715302
SEED=761507 
SEED is set to: 761507
SEED=131896 
SEED is set to: 131896
SEED=196521 
SEED is set to: 196521
SEED=207598 
SEED is set to: 207598
SEED=330189 
SEED is set to: 330189
SEED=893346 
SEED is set to: 893346
SEED=28039 
SEED is set to: 28039
SEED=430057 
SEED is set to: 430057
SEED=436948 
SEED is set to: 436948
SEED=580306 
SEED is set to: 580306
SEED=582994 
SEED is set to: 582994
SEED=53645 
SEED is set to: 53645
SEED=332078 
SEED is set to: 332078
SEED=757969 
SEED is set to: 757969
SEED=414308 
SEED is set to: 414308
SEED=605583 
SEED is set to: 605583
SEED=608802 
SEED is set to: 608802
SEED=726101 
SEED is set to: 726101
SEED=804139 
SEED is set to: 804139
SEED=53907 
SEED is set to: 53907
SEED=634688 
SEED is set to: 634688
SEED=28861 
SEED is set to: 28861
SEED=294197 
SEED is set to: 294197
SEED=708702 
SEED is set to: 708702
SEED=938182 
SEED is set to: 938182
SEED=14718 
SEED is set to: 14718
SEED=398556 
SEED is set to: 398556
SEED=456004 
SEED is set to: 456004
SEED=566720 
SEED is set to: 566720
SEED=868734 
SEED is set to: 868734
SEED=52955 
SEED is set to: 52955
SEED=123550 
SEED is set to: 123550
SEED=299027 
SEED is set to: 299027
SEED=612419 
SEED is set to: 612419
SEED=621717 
SEED is set to: 621717
SEED=729518 
SEED is set to: 729518
SEED=853542 
SEED is set to: 853542
SEED=879223 
SEED is set to: 879223
SEED=967648 
SEED is set to: 967648
SEED=982537 
SEED is set to: 982537
SEED=36146 
SEED is set to: 36146
SEED=209518 
SEED is set to: 209518
SEED=340326 
SEED is set to: 340326
SEED=477047 
SEED is set to: 477047
SEED=746434 
SEED is set to: 746434
SEED=673802 
SEED is set to: 673802
SEED=696745 
SEED is set to: 696745
SEED=840120 
SEED is set to: 840120
SEED=842161 
SEED is set to: 842161
SEED=128591 
SEED is set to: 128591
SEED=509945 
SEED is set to: 509945
SEED=515363 
SEED is set to: 515363
SEED=588281 
SEED is set to: 588281
SEED=753537 
SEED is set to: 753537
SEED=780366 
SEED is set to: 780366
SEED=972310 
SEED is set to: 972310
SEED=973167 
SEED is set to: 973167
SEED=95326 
SEED is set to: 95326
SEED=325345 
SEED is set to: 325345
SEED=482897 
SEED is set to: 482897
SEED=172817 
SEED is set to: 172817
SEED=399488 
SEED is set to: 399488
SEED=459388 
SEED is set to: 459388
SEED=471671 
SEED is set to: 471671
SEED=806052 
SEED is set to: 806052
SEED=818681 
SEED is set to: 818681
SEED=208956 
SEED is set to: 208956
SEED=744592 
SEED is set to: 744592
SEED=58957 
SEED is set to: 58957
SEED=301668 
SEED is set to: 301668
SEED=329587 
SEED is set to: 329587
SEED=341283 
SEED is set to: 341283
SEED=568265 
SEED is set to: 568265
SEED=673627 
SEED is set to: 673627
SEED=890642 
SEED is set to: 890642
SEED=968597 
SEED is set to: 968597
SEED=442232 
SEED is set to: 442232
SEED=39591 
SEED is set to: 39591
SEED=205436 
SEED is set to: 205436
SEED=432004 
SEED is set to: 432004
SEED=455764 
SEED is set to: 455764
SEED=499122 
SEED is set to: 499122
SEED=796752 
SEED is set to: 796752
SEED=944220 
SEED is set to: 944220
SEED=954475 
SEED is set to: 954475
SEED=67129 
SEED is set to: 67129
SEED=240259 
SEED is set to: 240259
SEED=503728 
SEED is set to: 503728
SEED=541996 
SEED is set to: 541996
SEED=417532 
SEED is set to: 417532
SEED=749785 
SEED is set to: 749785
SEED=887792 
SEED is set to: 887792
SEED=281763 
SEED is set to: 281763
SEED=285225 
SEED is set to: 285225
SEED=290419 
SEED is set to: 290419
SEED=364600 
SEED is set to: 364600
SEED=143972 
SEED is set to: 143972
SEED=475496 
SEED is set to: 475496
SEED=553162 
SEED is set to: 553162
SEED=647301 
SEED is set to: 647301
SEED=658122 
SEED is set to: 658122
SEED=145976 
SEED is set to: 145976
SEED=549992 
SEED is set to: 549992
SEED=769968 
SEED is set to: 769968
SEED=900968 
SEED is set to: 900968
SEED=491447 
SEED is set to: 491447
SEED=733995 
SEED is set to: 733995
SEED=12933 
SEED is set to: 12933
SEED=280194 
SEED is set to: 280194
SEED=421554 
SEED is set to: 421554
SEED=319733 
SEED is set to: 319733
SEED=828916 
SEED is set to: 828916
SEED=335898 
SEED is set to: 335898
SEED=399729 
SEED is set to: 399729
SEED=846535 
SEED is set to: 846535
SEED=39095 
SEED is set to: 39095
SEED=676865 
SEED is set to: 676865
SEED=767472 
SEED is set to: 767472
SEED=657369 
SEED is set to: 657369
SEED=694367 
SEED is set to: 694367
SEED=962704 
SEED is set to: 962704
SEED=214359 
SEED is set to: 214359
SEED=331649 
SEED is set to: 331649
free(): double free detected in tcache 2
SEED=991236 
SEED is set to: 991236
SEED=33942 
SEED is set to: 33942
SEED=224344 
SEED is set to: 224344
SEED=341134 
SEED is set to: 341134
SEED=591720 
SEED is set to: 591720
SEED=814567 
SEED is set to: 814567
SEED=955709 
SEED is set to: 955709
SEED=996686 
SEED is set to: 996686
SEED=474764 
SEED is set to: 474764
SEED=530783 
SEED is set to: 530783
SEED=585256 
SEED is set to: 585256
SEED=716432 
SEED is set to: 716432
SEED=294869 
SEED is set to: 294869
SEED=567670 
SEED is set to: 567670
SEED=807038 
SEED is set to: 807038
SEED=215106 
SEED is set to: 215106
SEED=439808 
SEED is set to: 439808
SEED=692092 
SEED is set to: 692092
SEED=777943 
SEED is set to: 777943
SEED=89274 
SEED is set to: 89274
SEED=303954 
SEED is set to: 303954
SEED=841987 
SEED is set to: 841987
SEED=842143 
SEED is set to: 842143
SEED=103728 
SEED is set to: 103728
SEED=574089 
SEED is set to: 574089
SEED=823789 
SEED is set to: 823789
SEED=998737 
SEED is set to: 998737
SEED=278050 
SEED is set to: 278050
SEED=427550 
SEED is set to: 427550
SEED=446291 
SEED is set to: 446291
SEED=803295 
SEED is set to: 803295
SEED=291461 
SEED is set to: 291461
SEED=531633 
SEED is set to: 531633
SEED=645792 
SEED is set to: 645792
SEED=23330 
SEED is set to: 23330
SEED=304557 
SEED is set to: 304557
SEED=322313 
SEED is set to: 322313
SEED=763801 
SEED is set to: 763801
SEED=938609 
SEED is set to: 938609
SEED=164561 
SEED is set to: 164561
SEED=600294 
SEED is set to: 600294
SEED=749599 
SEED is set to: 749599
SEED=754519 
SEED is set to: 754519
SEED=778179 
SEED is set to: 778179
SEED=162069 
SEED is set to: 162069
SEED=356895 
SEED is set to: 356895
SEED=516061 
SEED is set to: 516061
SEED=974196 
SEED is set to: 974196
SEED=995236 
SEED is set to: 995236
SEED=660861 
SEED is set to: 660861
SEED=121646 
SEED is set to: 121646
SEED=379950 
SEED is set to: 379950
SEED=437384 
SEED is set to: 437384
SEED=586046 
SEED is set to: 586046
SEED=999723 
SEED is set to: 999723
SEED=35118 
SEED is set to: 35118
SEED=73908 
SEED is set to: 73908
SEED=279966 
SEED is set to: 279966
SEED=421671 
SEED is set to: 421671
SEED=583807 
SEED is set to: 583807
SEED=794429 
SEED is set to: 794429
SEED=255885 
SEED is set to: 255885
SEED=491722 
SEED is set to: 491722
SEED=196570 
SEED is set to: 196570
SEED=405429 
SEED is set to: 405429
SEED=460327 
SEED is set to: 460327
SEED=759664 
SEED is set to: 759664
SEED=71079 
SEED is set to: 71079
SEED=550426 
SEED is set to: 550426
SEED=578705 
SEED is set to: 578705
SEED=581100 
SEED is set to: 581100
SEED=833620 
SEED is set to: 833620
SEED=185508 
SEED is set to: 185508
SEED=677184 
SEED is set to: 677184
SEED=950068 
SEED is set to: 950068
SEED=390190 
SEED is set to: 390190
SEED=484707 
SEED is set to: 484707
SEED=208352 
SEED is set to: 208352
SEED=228706 
SEED is set to: 228706
SEED=693854 
SEED is set to: 693854
SEED=92654 
SEED is set to: 92654
SEED=351256 
SEED is set to: 351256
SEED=482859 
SEED is set to: 482859
SEED=582892 
SEED is set to: 582892
SEED=631411 
SEED is set to: 631411
SEED=922588 
SEED is set to: 922588
SEED=462411 
SEED is set to: 462411
SEED=672010 
SEED is set to: 672010
SEED=891368 
SEED is set to: 891368
SEED=352892 
SEED is set to: 352892
SEED=434441 
SEED is set to: 434441
SEED=43708 
SEED is set to: 43708
SEED=104634 
SEED is set to: 104634
SEED=398637 
SEED is set to: 398637
SEED=224734 
SEED is set to: 224734
SEED=412550 
SEED is set to: 412550
SEED=884400 
SEED is set to: 884400
SEED=49993 
SEED is set to: 49993
SEED=247574 
SEED is set to: 247574
SEED=478204 
SEED is set to: 478204
SEED=526818 
SEED is set to: 526818
SEED=660960 
SEED is set to: 660960
SEED=887256 
SEED is set to: 887256
SEED=958226 
SEED is set to: 958226
SEED=314289 
SEED is set to: 314289
SEED=789206 
SEED is set to: 789206
SEED=827603 
SEED is set to: 827603
SEED=23396 
SEED is set to: 23396
SEED=181435 
SEED is set to: 181435
SEED=346561 
SEED is set to: 346561
SEED=472146 
SEED is set to: 472146
SEED=609731 
SEED is set to: 609731
SEED=612684 
SEED is set to: 612684
SEED=409391 
SEED is set to: 409391
SEED=768721 
SEED is set to: 768721
SEED=831104 
SEED is set to: 831104
SEED=108471 
SEED is set to: 108471
SEED=317826 
SEED is set to: 317826
SEED=853169 
SEED is set to: 853169
SEED=935079 
SEED is set to: 935079
SEED=991917 
SEED is set to: 991917
SEED=39290 
SEED is set to: 39290
SEED=278667 
SEED is set to: 278667
SEED=347591 
SEED is set to: 347591
SEED=810104 
SEED is set to: 810104
SEED=268944 
SEED is set to: 268944
SEED=344056 
SEED is set to: 344056
SEED=428840 
SEED is set to: 428840
SEED=586883 
SEED is set to: 586883
SEED=627877 
SEED is set to: 627877
SEED=200295 
SEED is set to: 200295
SEED=237586 
SEED is set to: 237586
SEED=357042 
SEED is set to: 357042
SEED=867011 
SEED is set to: 867011
SEED=943933 
SEED is set to: 943933
SEED=125202 
SEED is set to: 125202
SEED=412544 
SEED is set to: 412544
SEED=659307 
SEED is set to: 659307
SEED=810730 
SEED is set to: 810730
SEED=208302 
SEED is set to: 208302
SEED=673013 
SEED is set to: 673013
SEED=969490 
SEED is set to: 969490
SEED=245758 
SEED is set to: 245758
SEED=43348 
SEED is set to: 43348
SEED=528491 
SEED is set to: 528491
SEED=535304 
SEED is set to: 535304
SEED=690395 
SEED is set to: 690395
SEED=272738 
SEED is set to: 272738
SEED=720205 
SEED is set to: 720205
SEED=431412 
SEED is set to: 431412
SEED=494324 
SEED is set to: 494324
SEED=773118 
SEED is set to: 773118
SEED=18026 
SEED is set to: 18026
SEED=120713 
SEED is set to: 120713
double free or corruption (out)
SEED=758845 
SEED is set to: 758845
SEED=794936 
SEED is set to: 794936
SEED=824953 
SEED is set to: 824953
SEED=870028 
SEED is set to: 870028
SEED=351898 
SEED is set to: 351898
SEED=240543 
SEED is set to: 240543
SEED=457263 
SEED is set to: 457263
SEED=738756 
SEED is set to: 738756
SEED=820508 
SEED is set to: 820508
SEED=859194 
SEED is set to: 859194
SEED=499042 
SEED is set to: 499042
SEED=523484 
SEED is set to: 523484
SEED=718614 
SEED is set to: 718614
SEED=720896 
SEED is set to: 720896
SEED=811233 
SEED is set to: 811233
SEED=954500 
SEED is set to: 954500
SEED=74709 
SEED is set to: 74709
SEED=153664 
SEED is set to: 153664
SEED=220354 
SEED is set to: 220354
SEED=304625 
SEED is set to: 304625
SEED=322028 
SEED is set to: 322028
SEED=383017 
SEED is set to: 383017
SEED=583689 
SEED is set to: 583689
SEED=813004 
SEED is set to: 813004
SEED=850469 
SEED is set to: 850469
SEED=894119 
SEED is set to: 894119
SEED=902768 
SEED is set to: 902768
SEED=602854 
SEED is set to: 602854
SEED=604521 
SEED is set to: 604521
SEED=40326 
SEED is set to: 40326
SEED=627655 
SEED is set to: 627655
SEED=786904 
SEED is set to: 786904
SEED=790681 
SEED is set to: 790681
SEED=494703 
SEED is set to: 494703
SEED=842068 
SEED is set to: 842068
SEED=944362 
SEED is set to: 944362
SEED=504558 
SEED is set to: 504558
SEED=567281 
SEED is set to: 567281
SEED=101840 
SEED is set to: 101840
SEED=174066 
SEED is set to: 174066
SEED=196791 
SEED is set to: 196791
SEED=334760 
SEED is set to: 334760
SEED=392863 
SEED is set to: 392863
SEED=100961 
SEED is set to: 100961
SEED=223116 
SEED is set to: 223116
SEED=624195 
SEED is set to: 624195
SEED=625188 
SEED is set to: 625188
SEED=658364 
SEED is set to: 658364
SEED=864283 
SEED is set to: 864283
SEED=997719 
SEED is set to: 997719
SEED=178044 
SEED is set to: 178044
SEED=453549 
SEED is set to: 453549
SEED=655584 
SEED is set to: 655584
SEED=196552 
SEED is set to: 196552
SEED=322979 
SEED is set to: 322979
SEED=489774 
SEED is set to: 489774
SEED=130052 
SEED is set to: 130052
SEED=450047 
SEED is set to: 450047
SEED=685138 
SEED is set to: 685138
SEED=24461 
SEED is set to: 24461
SEED=513675 
SEED is set to: 513675
SEED=798772 
SEED is set to: 798772
SEED=82325 
SEED is set to: 82325
SEED=368572 
SEED is set to: 368572
SEED=444306 
SEED is set to: 444306
SEED=466339 
SEED is set to: 466339
SEED=729865 
SEED is set to: 729865
SEED=760997 
SEED is set to: 760997
SEED=782211 
SEED is set to: 782211
SEED=830195 
SEED is set to: 830195
SEED=952290 
SEED is set to: 952290
SEED=307027 
SEED is set to: 307027
SEED=997381 
SEED is set to: 997381
SEED=25148 
SEED is set to: 25148
SEED=109889 
SEED is set to: 109889
SEED=313581 
SEED is set to: 313581
SEED=348854 
SEED is set to: 348854
SEED=489674 
SEED is set to: 489674
SEED=640294 
SEED is set to: 640294
SEED=722749 
SEED is set to: 722749
SEED=791559 
SEED is set to: 791559
SEED=691080 
SEED is set to: 691080
SEED=959206 
SEED is set to: 959206
SEED=989433 
SEED is set to: 989433
SEED=990779 
SEED is set to: 990779
SEED=766451 
SEED is set to: 766451
SEED=843611 
SEED is set to: 843611
SEED=143086 
SEED is set to: 143086
SEED=797302 
SEED is set to: 797302
SEED=565418 
SEED is set to: 565418
SEED=712758 
SEED is set to: 712758
SEED=917289 
SEED is set to: 917289
SEED=925325 
SEED is set to: 925325
SEED=561504 
SEED is set to: 561504
SEED=566332 
SEED is set to: 566332
SEED=649396 
SEED is set to: 649396
SEED=953415 
SEED is set to: 953415
SEED=243527 
SEED is set to: 243527
SEED=343599 
SEED is set to: 343599
free(): invalid size
SEED=536892 
SEED is set to: 536892
SEED=23999 
SEED is set to: 23999
SEED=833183 
SEED is set to: 833183
SEED=855870 
SEED is set to: 855870
SEED=940356 
SEED is set to: 940356
SEED=954227 
SEED is set to: 954227
SEED=142102 
SEED is set to: 142102
SEED=458038 
SEED is set to: 458038
SEED=934651 
SEED is set to: 934651
SEED=217200 
SEED is set to: 217200
SEED=349202 
SEED is set to: 349202
SEED=446876 
SEED is set to: 446876
SEED=724829 
SEED is set to: 724829
SEED=536117 
SEED is set to: 536117
SEED=558379 
SEED is set to: 558379
SEED=108747 
SEED is set to: 108747
SEED=302078 
SEED is set to: 302078
SEED=587636 
SEED is set to: 587636
SEED=790764 
SEED is set to: 790764
SEED=15068 
SEED is set to: 15068
SEED=176669 
SEED is set to: 176669
SEED=400991 
SEED is set to: 400991
SEED=511262 
SEED is set to: 511262
SEED=620266 
SEED is set to: 620266
SEED=453748 
SEED is set to: 453748
SEED=818201 
SEED is set to: 818201
SEED=849792 
SEED is set to: 849792
SEED=982950 
SEED is set to: 982950
SEED=35724 
SEED is set to: 35724
SEED=4618 
SEED is set to: 4618
SEED=178888 
SEED is set to: 178888
SEED=378472 
SEED is set to: 378472
SEED=771252 
SEED is set to: 771252
SEED=53732 
SEED is set to: 53732
SEED=358811 
SEED is set to: 358811
SEED=773880 
SEED is set to: 773880
SEED=803554 
SEED is set to: 803554
SEED=5591 
SEED is set to: 5591
malloc(): corrupted top size
SEED=444122 
SEED is set to: 444122
SEED=886491 
SEED is set to: 886491
free(): invalid pointer
SEED=273881 
SEED is set to: 273881
SEED=611176 
SEED is set to: 611176
SEED=635329 
SEED is set to: 635329
SEED=678690 
SEED is set to: 678690
SEED=11725 
SEED is set to: 11725
SEED=109943 
SEED is set to: 109943
SEED=724305 
SEED is set to: 724305
SEED=51090 
SEED is set to: 51090
SEED=57889 
SEED is set to: 57889
SEED=692446 
SEED is set to: 692446
SEED=722634 
SEED is set to: 722634
SEED=250381 
SEED is set to: 250381
SEED=344862 
SEED is set to: 344862
SEED=555287 
SEED is set to: 555287
SEED=592320 
SEED is set to: 592320
SEED=684934 
SEED is set to: 684934
SEED=875563 
SEED is set to: 875563
SEED=19074 
SEED is set to: 19074
SEED=255848 
SEED is set to: 255848
SEED=267865 
SEED is set to: 267865
SEED=292406 
SEED is set to: 292406
SEED=355707 
SEED is set to: 355707
SEED=383856 
SEED is set to: 383856
SEED=557700 
SEED is set to: 557700
SEED=610523 
SEED is set to: 610523
SEED=752544 
SEED is set to: 752544
SEED=775820 
SEED is set to: 775820
SEED=220384 
SEED is set to: 220384
SEED=734018 
SEED is set to: 734018
SEED=807969 
SEED is set to: 807969
SEED=93381 
SEED is set to: 93381
SEED=197534 
SEED is set to: 197534
SEED=311672 
SEED is set to: 311672
SEED=955902 
SEED is set to: 955902
SEED=35683 
SEED is set to: 35683
SEED=373629 
SEED is set to: 373629
SEED=895441 
SEED is set to: 895441
SEED=990304 
SEED is set to: 990304
SEED=82365 
SEED is set to: 82365
SEED=264135 
SEED is set to: 264135
SEED=501958 
SEED is set to: 501958
SEED=680946 
SEED is set to: 680946
SEED=734544 
SEED is set to: 734544
SEED=422246 
SEED is set to: 422246
SEED=434610 
SEED is set to: 434610
SEED=866074 
SEED is set to: 866074
SEED=883486 
SEED is set to: 883486
SEED=115630 
SEED is set to: 115630
SEED=184709 
SEED is set to: 184709
SEED=730702 
SEED is set to: 730702
SEED=112116 
SEED is set to: 112116
SEED=112227 
SEED is set to: 112227
SEED=295525 
SEED is set to: 295525
SEED=359411 
SEED is set to: 359411
SEED=569345 
SEED is set to: 569345
SEED=866885 
SEED is set to: 866885
SEED=2339 
SEED is set to: 2339
SEED=339374 
SEED is set to: 339374
SEED=698387 
SEED is set to: 698387
SEED=721852 
SEED is set to: 721852
SEED=81429 
SEED is set to: 81429
SEED=298689 
SEED is set to: 298689
SEED=620870 
SEED is set to: 620870
SEED=860531 
SEED is set to: 860531
SEED=925572 
SEED is set to: 925572
SEED=581449 
SEED is set to: 581449
SEED=656223 
SEED is set to: 656223
SEED=758630 
SEED is set to: 758630
SEED=519607 
SEED is set to: 519607
SEED=950823 
SEED is set to: 950823
SEED=950953 
SEED is set to: 950953
SEED=232044 
SEED is set to: 232044
SEED=273404 
SEED is set to: 273404
SEED=345004 
SEED is set to: 345004
SEED=946264 
SEED is set to: 946264
SEED=408982 
SEED is set to: 408982
SEED=523497 
SEED is set to: 523497
SEED=31683 
SEED is set to: 31683
SEED=374749 
SEED is set to: 374749
SEED=535999 
SEED is set to: 535999
SEED=581116 
SEED is set to: 581116
SEED=773615 
SEED is set to: 773615
SEED=790587 
SEED is set to: 790587
SEED=484178 
SEED is set to: 484178
SEED=801129 
SEED is set to: 801129
SEED=954394 
SEED is set to: 954394
SEED=230364 
SEED is set to: 230364
SEED=598365 
SEED is set to: 598365
SEED=895751 
SEED is set to: 895751
SEED=158898 
SEED is set to: 158898
SEED=396068 
SEED is set to: 396068
SEED=455300 
SEED is set to: 455300
SEED=836219 
SEED is set to: 836219
SEED=95586 
SEED is set to: 95586
SEED=211379 
SEED is set to: 211379
SEED=318534 
SEED is set to: 318534
SEED=748985 
SEED is set to: 748985
SEED=809878 
SEED is set to: 809878
SEED=86587 
SEED is set to: 86587
SEED=260737 
SEED is set to: 260737
SEED=642617 
SEED is set to: 642617
SEED=730252 
SEED is set to: 730252
SEED=329118 
SEED is set to: 329118
SEED=521317 
SEED is set to: 521317
SEED=726288 
SEED is set to: 726288
SEED=985443 
SEED is set to: 985443
SEED=7692 
SEED is set to: 7692
SEED=765449 
SEED is set to: 765449
SEED=922290 
SEED is set to: 922290
SEED=956891 
SEED is set to: 956891
SEED=186589 
SEED is set to: 186589
SEED=343758 
SEED is set to: 343758
SEED=459800 
SEED is set to: 459800
SEED=222976 
SEED is set to: 222976
SEED=314316 
SEED is set to: 314316
SEED=373097 
SEED is set to: 373097
SEED=497104 
SEED is set to: 497104
SEED=775270 
SEED is set to: 775270
SEED=900006 
SEED is set to: 900006
SEED=102134 
SEED is set to: 102134
SEED=186857 
SEED is set to: 186857
SEED=488702 
SEED is set to: 488702
SEED=729193 
SEED is set to: 729193
SEED=875898 
SEED is set to: 875898
SEED=990545 
SEED is set to: 990545
SEED=121375 
SEED is set to: 121375
SEED=572110 
SEED is set to: 572110
SEED=668665 
SEED is set to: 668665
SEED=208358 
SEED is set to: 208358
SEED=231865 
SEED is set to: 231865
SEED=485835 
SEED is set to: 485835
SEED=609105 
SEED is set to: 609105
SEED=53176 
SEED is set to: 53176
SEED=447233 
SEED is set to: 447233
SEED=826706 
SEED is set to: 826706
SEED=120097 
SEED is set to: 120097
SEED=159841 
SEED is set to: 159841
SEED=613539 
SEED is set to: 613539
SEED=875473 
SEED is set to: 875473
SEED=109659 
SEED is set to: 109659
SEED=225014 
SEED is set to: 225014
SEED=461363 
SEED is set to: 461363
SEED=626438 
SEED is set to: 626438
SEED=902378 
SEED is set to: 902378
SEED=105695 
SEED is set to: 105695
SEED=360736 
SEED is set to: 360736
SEED=693849 
SEED is set to: 693849
SEED=848601 
SEED is set to: 848601
SEED=912109 
SEED is set to: 912109
SEED=435088 
SEED is set to: 435088
SEED=724264 
SEED is set to: 724264
SEED=745139 
SEED is set to: 745139
SEED=28675 
SEED is set to: 28675
SEED=54219 
SEED is set to: 54219
SEED=670940 
SEED is set to: 670940
SEED=119870 
SEED is set to: 119870
SEED=144495 
SEED is set to: 144495
SEED=523308 
SEED is set to: 523308
SEED=591289 
SEED is set to: 591289
SEED=963079 
SEED is set to: 963079
SEED=364076 
SEED is set to: 364076
SEED=802694 
SEED is set to: 802694
SEED=899212 
SEED is set to: 899212
SEED=450970 
SEED is set to: 450970
SEED=816339 
SEED is set to: 816339
SEED=859426 
SEED is set to: 859426
SEED=133086 
SEED is set to: 133086
SEED=134826 
SEED is set to: 134826
SEED=270471 
SEED is set to: 270471
SEED=275032 
SEED is set to: 275032
SEED=788062 
SEED is set to: 788062
SEED=271699 
SEED is set to: 271699
SEED=585300 
SEED is set to: 585300
SEED=620426 
SEED is set to: 620426
SEED=722538 
SEED is set to: 722538
SEED=840593 
SEED is set to: 840593
SEED=689886 
SEED is set to: 689886
SEED=770316 
SEED is set to: 770316
SEED=100547 
SEED is set to: 100547
SEED=303112 
SEED is set to: 303112
SEED=884870 
SEED is set to: 884870
SEED=898286 
SEED is set to: 898286
SEED=116227 
SEED is set to: 116227
SEED=204755 
SEED is set to: 204755
SEED=692025 
SEED is set to: 692025
SEED=748843 
SEED is set to: 748843
SEED=271008 
SEED is set to: 271008
SEED=651037 
SEED is set to: 651037
SEED=736319 
SEED is set to: 736319
SEED=210447 
SEED is set to: 210447
SEED=210463 
SEED is set to: 210463
SEED=284077 
SEED is set to: 284077
SEED=288959 
SEED is set to: 288959
SEED=432649 
SEED is set to: 432649
SEED=226501 
SEED is set to: 226501
SEED=349961 
SEED is set to: 349961
SEED=400169 
SEED is set to: 400169
SEED=459165 
SEED is set to: 459165
SEED=604017 
SEED is set to: 604017
SEED=663030 
SEED is set to: 663030
SEED=670609 
SEED is set to: 670609
SEED=372236 
SEED is set to: 372236
SEED=446965 
SEED is set to: 446965
SEED=604670 
SEED is set to: 604670
SEED=86507 
SEED is set to: 86507
SEED=152032 
SEED is set to: 152032
SEED=265258 
SEED is set to: 265258
SEED=674626 
SEED is set to: 674626
SEED=702204 
SEED is set to: 702204
SEED=14146 
SEED is set to: 14146
SEED=676235 
SEED is set to: 676235
SEED=801462 
SEED is set to: 801462
SEED=12115 
SEED is set to: 12115
SEED=114349 
SEED is set to: 114349
SEED=429330 
SEED is set to: 429330
SEED=463086 
SEED is set to: 463086
SEED=528893 
SEED is set to: 528893
SEED=656238 
SEED is set to: 656238
SEED=717934 
SEED is set to: 717934
SEED=880788 
SEED is set to: 880788
SEED=925034 
SEED is set to: 925034
SEED=929664 
SEED is set to: 929664
SEED=222603 
SEED is set to: 222603
SEED=88715 
SEED is set to: 88715
SEED=121564 
SEED is set to: 121564
SEED=242728 
SEED is set to: 242728
SEED=683657 
SEED is set to: 683657
SEED=951857 
SEED is set to: 951857
SEED=525099 
SEED is set to: 525099
SEED=926913 
SEED is set to: 926913
SEED=234753 
SEED is set to: 234753
SEED=367449 
SEED is set to: 367449
SEED=478113 
SEED is set to: 478113
SEED=672036 
SEED is set to: 672036
SEED=788054 
SEED is set to: 788054
SEED=247151 
SEED is set to: 247151
SEED=570321 
SEED is set to: 570321
SEED=122705 
SEED is set to: 122705
SEED=136023 
SEED is set to: 136023
SEED=148330 
SEED is set to: 148330
SEED=173318 
SEED is set to: 173318
SEED=267813 
SEED is set to: 267813
SEED=15930 
SEED is set to: 15930
SEED=99493 
SEED is set to: 99493
SEED=436052 
SEED is set to: 436052
SEED=552397 
SEED is set to: 552397
SEED=611465 
SEED is set to: 611465
SEED=927103 
SEED is set to: 927103
SEED=983238 
SEED is set to: 983238
SEED=569101 
SEED is set to: 569101
SEED=976455 
SEED is set to: 976455
SEED=9213 
SEED is set to: 9213
SEED=451907 
SEED is set to: 451907
SEED=524969 
SEED is set to: 524969
SEED=654653 
SEED is set to: 654653
SEED=767002 
SEED is set to: 767002
SEED=496830 
SEED is set to: 496830
SEED=607198 
SEED is set to: 607198
SEED=697147 
SEED is set to: 697147
SEED=177430 
SEED is set to: 177430
SEED=202062 
SEED is set to: 202062
SEED=823317 
SEED is set to: 823317
SEED=899175 
SEED is set to: 899175
SEED=102143 
SEED is set to: 102143
SEED=158824 
SEED is set to: 158824
SEED=180863 
SEED is set to: 180863
SEED=265637 
SEED is set to: 265637
SEED=404495 
SEED is set to: 404495
SEED=285872 
SEED is set to: 285872
SEED=335338 
SEED is set to: 335338
SEED=346782 
SEED is set to: 346782
SEED=428135 
SEED is set to: 428135
SEED=772020 
SEED is set to: 772020
SEED=946271 
SEED is set to: 946271
SEED=551795 
SEED is set to: 551795
SEED=633724 
SEED is set to: 633724
SEED=720126 
SEED is set to: 720126
SEED=746990 
SEED is set to: 746990
SEED=108195 
SEED is set to: 108195
SEED=878704 
SEED is set to: 878704
SEED=952675 
SEED is set to: 952675
SEED=154613 
SEED is set to: 154613
SEED=157357 
SEED is set to: 157357
SEED=885269 
SEED is set to: 885269
SEED=902379 
SEED is set to: 902379
SEED=78835 
SEED is set to: 78835
SEED=349224 
SEED is set to: 349224
SEED=417955 
SEED is set to: 417955
SEED=467945 
SEED is set to: 467945
SEED=605800 
SEED is set to: 605800
SEED=677122 
SEED is set to: 677122
SEED=573459 
SEED is set to: 573459
SEED=611536 
SEED is set to: 611536
SEED=671833 
SEED is set to: 671833
SEED=807983 
SEED is set to: 807983
SEED=398824 
SEED is set to: 398824
SEED=739593 
SEED is set to: 739593
SEED=816081 
SEED is set to: 816081
SEED=75719 
SEED is set to: 75719
SEED=154383 
SEED is set to: 154383
SEED=195579 
SEED is set to: 195579
SEED=237504 
SEED is set to: 237504
SEED=258835 
SEED is set to: 258835
SEED=904504 
SEED is set to: 904504
SEED=61939 
SEED is set to: 61939
SEED=202097 
SEED is set to: 202097
SEED=732229 
SEED is set to: 732229
SEED=754271 
SEED is set to: 754271
SEED=770271 
SEED is set to: 770271
SEED=19445 
SEED is set to: 19445
SEED=251337 
SEED is set to: 251337
SEED=655632 
SEED is set to: 655632
SEED=722467 
SEED is set to: 722467
SEED=98338 
SEED is set to: 98338
SEED=104335 
SEED is set to: 104335
SEED=244178 
SEED is set to: 244178
SEED=552882 
SEED is set to: 552882
SEED=257799 
SEED is set to: 257799
SEED=342788 
SEED is set to: 342788
SEED=591239 
SEED is set to: 591239
SEED=693116 
SEED is set to: 693116
SEED=821120 
SEED is set to: 821120
SEED=406462 
SEED is set to: 406462
SEED=427356 
SEED is set to: 427356
SEED=658591 
SEED is set to: 658591
SEED=827843 
SEED is set to: 827843
SEED=53892 
SEED is set to: 53892
SEED=175737 
SEED is set to: 175737
SEED=805406 
SEED is set to: 805406
SEED=806619 
SEED is set to: 806619
SEED=929996 
SEED is set to: 929996
SEED=64265 
SEED is set to: 64265
SEED=205799 
SEED is set to: 205799
SEED=252832 
SEED is set to: 252832
SEED=807773 
SEED is set to: 807773
SEED=215424 
SEED is set to: 215424
SEED=365120 
SEED is set to: 365120
SEED=472742 
SEED is set to: 472742
SEED=810254 
SEED is set to: 810254
SEED=437204 
SEED is set to: 437204
SEED=663955 
SEED is set to: 663955
SEED=694979 
SEED is set to: 694979
SEED=760408 
SEED is set to: 760408
SEED=928979 
SEED is set to: 928979
*** stack smashing detected ***: terminated
SEED=148352 
SEED is set to: 148352
SEED=475832 
SEED is set to: 475832
SEED=935789 
SEED is set to: 935789
SEED=66543 
SEED is set to: 66543
SEED=276275 
SEED is set to: 276275
SEED=459525 
SEED is set to: 459525
SEED=489908 
SEED is set to: 489908
SEED=602920 
SEED is set to: 602920
SEED=40186 
SEED is set to: 40186
SEED=162863 
SEED is set to: 162863
SEED=775749 
SEED is set to: 775749
SEED=897692 
SEED is set to: 897692
SEED=992423 
SEED is set to: 992423
SEED=114637 
SEED is set to: 114637
SEED=298460 
SEED is set to: 298460
SEED=459061 
SEED is set to: 459061
SEED=672072 
SEED is set to: 672072
SEED=566354 
SEED is set to: 566354
SEED=566471 
SEED is set to: 566471
SEED=571760 
SEED is set to: 571760
SEED=700565 
SEED is set to: 700565
SEED=865005 
SEED is set to: 865005
SEED=926965 
SEED is set to: 926965
SEED=465885 
SEED is set to: 465885
SEED=798638 
SEED is set to: 798638
SEED=18136 
SEED is set to: 18136
SEED=40948 
SEED is set to: 40948
SEED=46676 
SEED is set to: 46676
SEED=455806 
SEED is set to: 455806
SEED=127065 
SEED is set to: 127065
SEED=271541 
SEED is set to: 271541
SEED=393966 
SEED is set to: 393966
SEED=443145 
SEED is set to: 443145
SEED=631309 
SEED is set to: 631309
SEED=684217 
SEED is set to: 684217
SEED=183786 
SEED is set to: 183786
SEED=858769 
SEED is set to: 858769
SEED=904450 
SEED is set to: 904450
SEED=26884 
SEED is set to: 26884
SEED=269405 
SEED is set to: 269405
SEED=405325 
SEED is set to: 405325
SEED=659903 
SEED is set to: 659903
SEED=888817 
SEED is set to: 888817
SEED=137863 
SEED is set to: 137863
SEED=207756 
SEED is set to: 207756
SEED=227718 
SEED is set to: 227718
malloc(): corrupted top size
SEED=608561 
SEED is set to: 608561
SEED=813806 
SEED is set to: 813806
SEED=983556 
SEED is set to: 983556
*** stack smashing detected ***: terminated
SEED=538880 
SEED is set to: 538880
SEED=828823 
SEED is set to: 828823
SEED=123631 
SEED is set to: 123631
SEED=652160 
SEED is set to: 652160
SEED=958698 
SEED is set to: 958698
SEED=995269 
SEED is set to: 995269
SEED=249306 
SEED is set to: 249306
SEED=352514 
SEED is set to: 352514
SEED=557537 
SEED is set to: 557537
SEED=700135 
SEED is set to: 700135
SEED=201210 
SEED is set to: 201210
SEED=801566 
SEED is set to: 801566
SEED=67748 
SEED is set to: 67748
SEED=85804 
SEED is set to: 85804
SEED=124372 
SEED is set to: 124372
SEED=245961 
SEED is set to: 245961
SEED=758253 
SEED is set to: 758253
SEED=531717 
SEED is set to: 531717
SEED=678857 
SEED is set to: 678857
SEED=935342 
SEED is set to: 935342
SEED=40722 
SEED is set to: 40722
SEED=205750 
SEED is set to: 205750
SEED=540446 
SEED is set to: 540446
SEED=959376 
SEED is set to: 959376
SEED=990507 
SEED is set to: 990507
SEED=543490 
SEED is set to: 543490
SEED=545425 
SEED is set to: 545425
SEED=196251 
SEED is set to: 196251
SEED=399278 
SEED is set to: 399278
SEED=437241 
SEED is set to: 437241
SEED=912453 
SEED is set to: 912453
SEED=48012 
SEED is set to: 48012
SEED=731645 
SEED is set to: 731645
SEED=761715 
SEED is set to: 761715
SEED=76468 
SEED is set to: 76468
SEED=212380 
SEED is set to: 212380
SEED=272141 
SEED is set to: 272141
SEED=593490 
SEED is set to: 593490
SEED=821799 
SEED is set to: 821799
SEED=79041 
SEED is set to: 79041
SEED=346472 
SEED is set to: 346472
SEED=605702 
SEED is set to: 605702
SEED=784118 
SEED is set to: 784118
SEED=375055 
SEED is set to: 375055
SEED=551878 
SEED is set to: 551878
SEED=731369 
SEED is set to: 731369
SEED=748136 
SEED is set to: 748136
SEED=971216 
SEED is set to: 971216
SEED=3781 
SEED is set to: 3781
SEED=211623 
SEED is set to: 211623
SEED=5600 
SEED is set to: 5600
SEED=244404 
SEED is set to: 244404
SEED=280254 
SEED is set to: 280254
SEED=357994 
SEED is set to: 357994
SEED=381834 
SEED is set to: 381834
SEED=569102 
SEED is set to: 569102
SEED=299105 
SEED is set to: 299105
SEED=950755 
SEED is set to: 950755
SEED=10365 
SEED is set to: 10365
SEED=233854 
SEED is set to: 233854
SEED=325059 
SEED is set to: 325059
SEED=623677 
SEED is set to: 623677
SEED=741778 
SEED is set to: 741778
SEED=324819 
SEED is set to: 324819
SEED=476839 
SEED is set to: 476839
SEED=653582 
SEED is set to: 653582
SEED=719179 
SEED is set to: 719179
SEED=995899 
SEED is set to: 995899
SEED=674363 
SEED is set to: 674363
SEED=702663 
SEED is set to: 702663
SEED=803497 
SEED is set to: 803497
SEED=987515 
SEED is set to: 987515
SEED=997411 
SEED is set to: 997411
SEED=125482 
SEED is set to: 125482
SEED=200695 
SEED is set to: 200695
SEED=576171 
SEED is set to: 576171
SEED=775321 
SEED is set to: 775321
SEED=913197 
SEED is set to: 913197
SEED=97386 
SEED is set to: 97386
SEED=493780 
SEED is set to: 493780
SEED=654438 
SEED is set to: 654438
SEED=666221 
SEED is set to: 666221
SEED=669732 
SEED is set to: 669732
SEED=822795 
SEED is set to: 822795
SEED=883522 
SEED is set to: 883522
SEED=791233 
SEED is set to: 791233
SEED=812319 
SEED is set to: 812319
SEED=832948 
SEED is set to: 832948
*** stack smashing detected ***: terminated
SEED=73061 
SEED is set to: 73061
SEED=204084 
SEED is set to: 204084
SEED=294187 
SEED is set to: 294187
SEED=303431 
SEED is set to: 303431
SEED=595984 
SEED is set to: 595984
SEED=864956 
SEED is set to: 864956
SEED=263405 
SEED is set to: 263405
SEED=995203 
SEED is set to: 995203
SEED=481944 
SEED is set to: 481944
SEED=792632 
SEED is set to: 792632
SEED=803776 
SEED is set to: 803776
SEED=853905 
SEED is set to: 853905
SEED=878114 
SEED is set to: 878114
SEED=911489 
SEED is set to: 911489
SEED=364608 
SEED is set to: 364608
SEED=231155 
SEED is set to: 231155
SEED=263183 
SEED is set to: 263183
SEED=265571 
SEED is set to: 265571
SEED=282330 
SEED is set to: 282330
SEED=369916 
SEED is set to: 369916
SEED=681149 
SEED is set to: 681149
SEED=2667 
SEED is set to: 2667
SEED=460981 
SEED is set to: 460981
SEED=608549 
SEED is set to: 608549
SEED=621258 
SEED is set to: 621258
SEED=643444 
SEED is set to: 643444
SEED=742628 
SEED is set to: 742628
SEED=38365 
SEED is set to: 38365
SEED=52561 
SEED is set to: 52561
SEED=409666 
SEED is set to: 409666
SEED=664180 
SEED is set to: 664180
SEED=684812 
SEED is set to: 684812
SEED=715050 
SEED is set to: 715050
SEED=733541 
SEED is set to: 733541
SEED=805728 
SEED is set to: 805728
SEED=832781 
SEED is set to: 832781
SEED=795009 
SEED is set to: 795009
SEED=877407 
SEED is set to: 877407
SEED=928458 
SEED is set to: 928458
SEED=303855 
SEED is set to: 303855
SEED=334845 
SEED is set to: 334845
SEED=537478 
SEED is set to: 537478
SEED=597350 
SEED is set to: 597350
SEED=57006 
SEED is set to: 57006
SEED=163919 
SEED is set to: 163919
SEED=356535 
SEED is set to: 356535
SEED=710332 
SEED is set to: 710332
SEED=880582 
SEED is set to: 880582
malloc(): corrupted top size
SEED=912249 
SEED is set to: 912249
SEED=364944 
SEED is set to: 364944
SEED=438143 
SEED is set to: 438143
SEED=130239 
SEED is set to: 130239
SEED=300294 
SEED is set to: 300294
SEED=453025 
SEED is set to: 453025
SEED=868966 
SEED is set to: 868966
SEED=74571 
SEED is set to: 74571
SEED=168766 
SEED is set to: 168766
SEED=597480 
SEED is set to: 597480
SEED=646164 
SEED is set to: 646164
SEED=465409 
SEED is set to: 465409
SEED=797930 
SEED is set to: 797930
SEED=967756 
SEED is set to: 967756
SEED=968012 
SEED is set to: 968012
SEED=345675 
SEED is set to: 345675
SEED=739374 
SEED is set to: 739374
SEED=460747 
SEED is set to: 460747
SEED=835886 
SEED is set to: 835886
SEED=88261 
SEED is set to: 88261
SEED=504730 
SEED is set to: 504730
SEED=790189 
SEED is set to: 790189
SEED=863954 
SEED is set to: 863954
SEED=864918 
SEED is set to: 864918
SEED=866038 
SEED is set to: 866038
SEED=973254 
SEED is set to: 973254
SEED=369876 
SEED is set to: 369876
SEED=952621 
SEED is set to: 952621
SEED=211477 
SEED is set to: 211477
SEED=485239 
SEED is set to: 485239
SEED=602656 
SEED is set to: 602656
SEED=842309 
SEED is set to: 842309
SEED=312521 
SEED is set to: 312521
SEED=379773 
SEED is set to: 379773
SEED=607107 
SEED is set to: 607107
SEED=760923 
SEED is set to: 760923
SEED=803014 
SEED is set to: 803014
SEED=72994 
SEED is set to: 72994
SEED=557101 
SEED is set to: 557101
SEED=300757 
SEED is set to: 300757
SEED=489677 
SEED is set to: 489677
SEED=499013 
SEED is set to: 499013
SEED=746757 
SEED is set to: 746757
SEED=515027 
SEED is set to: 515027
SEED=602038 
SEED is set to: 602038
SEED=80876 
SEED is set to: 80876
SEED=102791 
SEED is set to: 102791
SEED=295993 
SEED is set to: 295993
SEED=769203 
SEED is set to: 769203
SEED=170491 
SEED is set to: 170491
SEED=385421 
SEED is set to: 385421
SEED=449655 
SEED is set to: 449655
SEED=203493 
SEED is set to: 203493
SEED=256280 
SEED is set to: 256280
SEED=434854 
SEED is set to: 434854
SEED=709618 
SEED is set to: 709618
SEED=765126 
SEED is set to: 765126
SEED=824689 
SEED is set to: 824689
SEED=968662 
SEED is set to: 968662
SEED=996007 
SEED is set to: 996007
SEED=891411 
SEED is set to: 891411
SEED=30596 
SEED is set to: 30596
SEED=91863 
SEED is set to: 91863
SEED=321190 
SEED is set to: 321190
SEED=433457 
SEED is set to: 433457
SEED=514471 
SEED is set to: 514471
SEED=197759 
SEED is set to: 197759
SEED=315199 
SEED is set to: 315199
SEED=731085 
SEED is set to: 731085
SEED=875792 
SEED is set to: 875792
SEED=949659 
SEED is set to: 949659
SEED=117979 
SEED is set to: 117979
SEED=687495 
SEED is set to: 687495
SEED=868389 
SEED is set to: 868389
SEED=414938 
SEED is set to: 414938
SEED=532482 
SEED is set to: 532482
SEED=536371 
SEED is set to: 536371
SEED=73907 
SEED is set to: 73907
SEED=314719 
SEED is set to: 314719
SEED=454365 
SEED is set to: 454365
SEED=757939 
SEED is set to: 757939
SEED=767879 
SEED is set to: 767879
SEED=348844 
SEED is set to: 348844
SEED=605434 
SEED is set to: 605434
SEED=792120 
SEED is set to: 792120
SEED=472895 
SEED is set to: 472895
SEED=535003 
SEED is set to: 535003
SEED=711686 
SEED is set to: 711686
SEED=442711 
SEED is set to: 442711
SEED=767632 
SEED is set to: 767632
SEED=438012 
SEED is set to: 438012
SEED=438053 
SEED is set to: 438053
SEED=604421 
SEED is set to: 604421
SEED=892365 
SEED is set to: 892365
SEED=221891 
SEED is set to: 221891
SEED=659310 
SEED is set to: 659310
SEED=308991 
SEED is set to: 308991
SEED=583416 
SEED is set to: 583416
SEED=668295 
SEED is set to: 668295
SEED=765412 
SEED is set to: 765412
SEED=936743 
SEED is set to: 936743
SEED=178627 
SEED is set to: 178627
SEED=343018 
SEED is set to: 343018
SEED=690038 
SEED is set to: 690038
SEED=960022 
SEED is set to: 960022
SEED=156529 
SEED is set to: 156529
SEED=165647 
SEED is set to: 165647
SEED=218722 
SEED is set to: 218722
SEED=262850 
SEED is set to: 262850
SEED=582827 
SEED is set to: 582827
SEED=527138 
SEED is set to: 527138
SEED=542574 
SEED is set to: 542574
SEED=691993 
SEED is set to: 691993
SEED=795945 
SEED is set to: 795945
SEED=999850 
SEED is set to: 999850
SEED=5990 
SEED is set to: 5990
SEED=251639 
SEED is set to: 251639
SEED=623757 
SEED is set to: 623757
SEED=864446 
SEED is set to: 864446
*** stack smashing detected ***: terminated
SEED=75057 
SEED is set to: 75057
SEED=75642 
SEED is set to: 75642
SEED=240416 
SEED is set to: 240416
SEED=384107 
SEED is set to: 384107
SEED=946249 
SEED is set to: 946249
SEED=521222 
SEED is set to: 521222
SEED=525480 
SEED is set to: 525480
SEED=713667 
SEED is set to: 713667
SEED=733791 
SEED is set to: 733791
SEED=46065 
SEED is set to: 46065
SEED=141142 
SEED is set to: 141142
SEED=176764 
SEED is set to: 176764
SEED=361140 
SEED is set to: 361140
SEED=362425 
SEED is set to: 362425
SEED=446102 
SEED is set to: 446102
SEED=502372 
SEED is set to: 502372
SEED=550301 
SEED is set to: 550301
SEED=551387 
SEED is set to: 551387
SEED=606017 
SEED is set to: 606017
SEED=109270 
SEED is set to: 109270
SEED=562477 
SEED is set to: 562477
SEED=739053 
SEED is set to: 739053
SEED=906637 
SEED is set to: 906637
SEED=8722 
SEED is set to: 8722
SEED=374200 
SEED is set to: 374200
SEED=646252 
SEED is set to: 646252
SEED=484770 
SEED is set to: 484770
SEED=493335 
SEED is set to: 493335
SEED=500678 
SEED is set to: 500678
SEED=746228 
SEED is set to: 746228
SEED=989352 
SEED is set to: 989352
SEED=994647 
SEED is set to: 994647
SEED=734204 
SEED is set to: 734204
SEED=734719 
SEED is set to: 734719
SEED=167965 
SEED is set to: 167965
SEED=457572 
SEED is set to: 457572
SEED=597795 
SEED is set to: 597795
SEED=50394 
SEED is set to: 50394
SEED=119694 
SEED is set to: 119694
SEED=232646 
SEED is set to: 232646
SEED=912903 
SEED is set to: 912903
SEED=981306 
SEED is set to: 981306
SEED=290397 
SEED is set to: 290397
SEED=854905 
SEED is set to: 854905
SEED=881594 
SEED is set to: 881594
SEED=958591 
SEED is set to: 958591
SEED=355974 
SEED is set to: 355974
SEED=500564 
SEED is set to: 500564
SEED=683288 
SEED is set to: 683288
SEED=310063 
SEED is set to: 310063
SEED=336207 
SEED is set to: 336207
SEED=611088 
SEED is set to: 611088
SEED=79726 
SEED is set to: 79726
SEED=311449 
SEED is set to: 311449
SEED=417146 
SEED is set to: 417146
SEED=676202 
SEED is set to: 676202
SEED=686966 
SEED is set to: 686966
SEED=690508 
SEED is set to: 690508
SEED=47685 
SEED is set to: 47685
SEED=579762 
SEED is set to: 579762
SEED=67431 
SEED is set to: 67431
SEED=138805 
SEED is set to: 138805
SEED=449188 
SEED is set to: 449188
SEED=793806 
SEED is set to: 793806
SEED=829294 
SEED is set to: 829294
SEED=944849 
SEED is set to: 944849
SEED=143292 
SEED is set to: 143292
SEED=231119 
SEED is set to: 231119
SEED=671160 
SEED is set to: 671160
SEED=248375 
SEED is set to: 248375
SEED=543720 
SEED is set to: 543720
SEED=142619 
SEED is set to: 142619
SEED=215873 
SEED is set to: 215873
SEED=280728 
SEED is set to: 280728
SEED=287611 
SEED is set to: 287611
SEED=15308 
SEED is set to: 15308
SEED=56869 
SEED is set to: 56869
SEED=586787 
SEED is set to: 586787
SEED=625041 
SEED is set to: 625041
SEED=847371 
SEED is set to: 847371
SEED=980026 
SEED is set to: 980026
SEED=344848 
SEED is set to: 344848
SEED=455662 
SEED is set to: 455662
SEED=640510 
SEED is set to: 640510
SEED=967996 
SEED is set to: 967996
SEED=165258 
SEED is set to: 165258
SEED=439586 
SEED is set to: 439586
SEED=444873 
SEED is set to: 444873
SEED=702045 
SEED is set to: 702045
SEED=898857 
SEED is set to: 898857
SEED=914683 
SEED is set to: 914683
SEED=614217 
SEED is set to: 614217
SEED=35957 
SEED is set to: 35957
SEED=67337 
SEED is set to: 67337
SEED=162840 
SEED is set to: 162840
SEED=247319 
SEED is set to: 247319
SEED=440140 
SEED is set to: 440140
SEED=483705 
SEED is set to: 483705
SEED=792828 
SEED is set to: 792828
SEED=332293 
SEED is set to: 332293
SEED=367581 
SEED is set to: 367581
SEED=571510 
SEED is set to: 571510
SEED=792742 
SEED is set to: 792742
SEED=284831 
SEED is set to: 284831
SEED=384258 
SEED is set to: 384258
SEED=692600 
SEED is set to: 692600
SEED=920656 
SEED is set to: 920656
SEED=356540 
SEED is set to: 356540
SEED=463797 
SEED is set to: 463797
SEED=850316 
SEED is set to: 850316
SEED=910608 
SEED is set to: 910608
SEED=210224 
SEED is set to: 210224
SEED=754999 
SEED is set to: 754999
SEED=950825 
SEED is set to: 950825
SEED=322550 
SEED is set to: 322550
SEED=540475 
SEED is set to: 540475
SEED=661301 
SEED is set to: 661301
SEED=315749 
SEED is set to: 315749
SEED=383476 
SEED is set to: 383476
SEED=957829 
SEED is set to: 957829
SEED=48458 
SEED is set to: 48458
SEED=345847 
SEED is set to: 345847
SEED=385323 
SEED is set to: 385323
SEED=554666 
SEED is set to: 554666
SEED=770802 
SEED is set to: 770802
SEED=312465 
SEED is set to: 312465
SEED=324105 
SEED is set to: 324105
SEED=382698 
SEED is set to: 382698
SEED=26373 
SEED is set to: 26373
SEED=73580 
SEED is set to: 73580
SEED=404630 
SEED is set to: 404630
SEED=515570 
SEED is set to: 515570
SEED=100337 
SEED is set to: 100337
SEED=111347 
SEED is set to: 111347
SEED=125832 
SEED is set to: 125832
SEED=783405 
SEED is set to: 783405
SEED=173608 
SEED is set to: 173608
SEED=857750 
SEED is set to: 857750
SEED=157028 
SEED is set to: 157028
SEED=416809 
SEED is set to: 416809
SEED=636456 
SEED is set to: 636456
SEED=686637 
SEED is set to: 686637
SEED=885459 
SEED is set to: 885459
SEED=34905 
SEED is set to: 34905
SEED=74058 
SEED is set to: 74058
SEED=347720 
SEED is set to: 347720
SEED=351794 
SEED is set to: 351794
SEED=504195 
SEED is set to: 504195
SEED=139142 
SEED is set to: 139142
SEED=524156 
SEED is set to: 524156
SEED=656258 
SEED is set to: 656258
SEED=762825 
SEED is set to: 762825
SEED=765549 
SEED is set to: 765549
SEED=845738 
SEED is set to: 845738
SEED=271041 
SEED is set to: 271041
SEED=460518 
SEED is set to: 460518
SEED=937364 
SEED is set to: 937364
SEED=4238 
SEED is set to: 4238
SEED=333872 
SEED is set to: 333872
SEED=746795 
SEED is set to: 746795
SEED=444683 
SEED is set to: 444683
SEED=191311 
SEED is set to: 191311
SEED=804997 
SEED is set to: 804997
SEED=894593 
SEED is set to: 894593
SEED=181975 
SEED is set to: 181975
SEED=458283 
SEED is set to: 458283
SEED=46011 
SEED is set to: 46011
SEED=179552 
SEED is set to: 179552
SEED=336276 
SEED is set to: 336276
SEED=399808 
SEED is set to: 399808
SEED=880554 
SEED is set to: 880554
SEED=38885 
SEED is set to: 38885
SEED=601679 
SEED is set to: 601679
SEED=842455 
SEED is set to: 842455
SEED=935160 
SEED is set to: 935160
SEED=16725 
SEED is set to: 16725
SEED=287264 
SEED is set to: 287264
SEED=324423 
SEED is set to: 324423
SEED=451952 
SEED is set to: 451952
SEED=597499 
SEED is set to: 597499
SEED=902639 
SEED is set to: 902639
SEED=194021 
SEED is set to: 194021
SEED=735180 
SEED is set to: 735180
SEED=739774 
SEED is set to: 739774
SEED=644274 
SEED is set to: 644274
SEED=32209 
SEED is set to: 32209
SEED=163793 
SEED is set to: 163793
SEED=276091 
SEED is set to: 276091
SEED=852998 
SEED is set to: 852998
SEED=908575 
SEED is set to: 908575
SEED=351718 
SEED is set to: 351718
SEED=562329 
SEED is set to: 562329
SEED=610508 
SEED is set to: 610508
SEED=364834 
SEED is set to: 364834
SEED=461525 
SEED is set to: 461525
SEED=491595 
SEED is set to: 491595
SEED=562668 
SEED is set to: 562668
SEED=82469 
SEED is set to: 82469
SEED=119839 
SEED is set to: 119839
SEED=595950 
SEED is set to: 595950
SEED=783269 
SEED is set to: 783269
SEED=153184 
SEED is set to: 153184
SEED=165459 
SEED is set to: 165459
SEED=241333 
SEED is set to: 241333
SEED=400450 
SEED is set to: 400450
SEED=604275 
SEED is set to: 604275
SEED=700349 
SEED is set to: 700349
SEED=268192 
SEED is set to: 268192
SEED=419508 
SEED is set to: 419508
SEED=814905 
SEED is set to: 814905
*** stack smashing detected ***: terminated
SEED=999341 
SEED is set to: 999341
SEED=203489 
SEED is set to: 203489
SEED=263284 
SEED is set to: 263284
SEED=640309 
SEED is set to: 640309
SEED=656349 
SEED is set to: 656349
SEED=400999 
SEED is set to: 400999
SEED=529439 
SEED is set to: 529439
SEED=586092 
SEED is set to: 586092
SEED=592260 
SEED is set to: 592260
SEED=652122 
SEED is set to: 652122
SEED=775926 
SEED is set to: 775926
SEED=857340 
SEED is set to: 857340
SEED=227943 
SEED is set to: 227943
SEED=368814 
SEED is set to: 368814
SEED=382415 
SEED is set to: 382415
SEED=639429 
SEED is set to: 639429
SEED=658993 
SEED is set to: 658993
SEED=264854 
SEED is set to: 264854
SEED=480758 
SEED is set to: 480758
SEED=725760 
SEED is set to: 725760
SEED=732791 
SEED is set to: 732791
SEED=145756 
SEED is set to: 145756
SEED=234074 
SEED is set to: 234074
SEED=273804 
SEED is set to: 273804
SEED=279805 
SEED is set to: 279805
SEED=725487 
SEED is set to: 725487
SEED=740035 
SEED is set to: 740035
SEED=852754 
SEED is set to: 852754
SEED=95431 
SEED is set to: 95431
SEED=650629 
SEED is set to: 650629
SEED=670539 
SEED is set to: 670539
SEED=766446 
SEED is set to: 766446
double free or corruption (out)
SEED=184334 
SEED is set to: 184334
SEED=971953 
SEED is set to: 971953
SEED=28621 
SEED is set to: 28621
SEED=218435 
SEED is set to: 218435
SEED=232693 
SEED is set to: 232693
SEED=449362 
SEED is set to: 449362
SEED=404692 
SEED is set to: 404692
SEED=520680 
SEED is set to: 520680
SEED=680684 
SEED is set to: 680684
SEED=720779 
SEED is set to: 720779
SEED=810017 
SEED is set to: 810017
SEED=127997 
SEED is set to: 127997
SEED=310766 
SEED is set to: 310766
SEED=870544 
SEED is set to: 870544
SEED=2470 
SEED is set to: 2470
SEED=117533 
SEED is set to: 117533
SEED=229659 
SEED=229659 
SEED is set to: 229659
SEED is set to: 229659
SEED=357406 
SEED is set to: 357406
SEED=516269 
SEED is set to: 516269
SEED=108435 
SEED is set to: 108435
SEED=724238 
SEED is set to: 724238
SEED=904517 
SEED is set to: 904517
SEED=941214 
SEED is set to: 941214
SEED=984583 
SEED is set to: 984583
SEED=48523 
SEED is set to: 48523
SEED=383993 
SEED is set to: 383993
SEED=143312 
SEED is set to: 143312
SEED=509321 
SEED is set to: 509321
SEED=520244 
SEED is set to: 520244
SEED=676625 
SEED is set to: 676625
SEED=700700 
SEED is set to: 700700
SEED=263822 
SEED is set to: 263822
SEED=313093 
SEED is set to: 313093
SEED=831189 
SEED is set to: 831189
SEED=905624 
SEED is set to: 905624
SEED=125029 
SEED is set to: 125029
SEED=210516 
SEED is set to: 210516
SEED=240038 
SEED is set to: 240038
SEED=437724 
SEED is set to: 437724
SEED=522749 
SEED is set to: 522749
SEED=729594 
SEED is set to: 729594
SEED=414556 
SEED is set to: 414556
SEED=603879 
SEED is set to: 603879
SEED=771327 
SEED is set to: 771327
SEED=773745 
SEED is set to: 773745
SEED=921579 
SEED is set to: 921579
SEED=159252 
SEED is set to: 159252
SEED=263051 
SEED is set to: 263051
SEED=962901 
SEED is set to: 962901
SEED=997889 
SEED is set to: 997889
SEED=410182 
SEED is set to: 410182
SEED=627555 
SEED is set to: 627555
SEED=640861 
SEED is set to: 640861
SEED=791478 
SEED is set to: 791478
SEED=75047 
SEED is set to: 75047
SEED=235775 
SEED is set to: 235775
SEED=632224 
SEED is set to: 632224
SEED=697000 
SEED is set to: 697000
SEED=787856 
SEED is set to: 787856
SEED=42253 
SEED is set to: 42253
SEED=260024 
SEED is set to: 260024
SEED=502752 
SEED is set to: 502752
SEED=759537 
SEED is set to: 759537
SEED=931708 
SEED is set to: 931708
SEED=982306 
SEED is set to: 982306
SEED=123176 
SEED is set to: 123176
SEED=261044 
SEED is set to: 261044
SEED=863797 
SEED is set to: 863797
SEED=869469 
SEED is set to: 869469
SEED=238429 
SEED is set to: 238429
SEED=262372 
SEED is set to: 262372
SEED=549657 
SEED is set to: 549657
SEED=576212 
SEED is set to: 576212
SEED=716834 
SEED is set to: 716834
SEED=892572 
SEED is set to: 892572
SEED=386184 
SEED is set to: 386184
SEED=410210 
SEED is set to: 410210
SEED=533700 
SEED is set to: 533700
SEED=579066 
SEED is set to: 579066
SEED=956619 
SEED is set to: 956619
SEED=965917 
SEED is set to: 965917
SEED=237770 
SEED is set to: 237770
SEED=331811 
SEED is set to: 331811
SEED=583747 
SEED is set to: 583747
SEED=842407 
SEED is set to: 842407
SEED=904816 
SEED is set to: 904816
SEED=47369 
SEED is set to: 47369
SEED=115015 
SEED is set to: 115015
SEED=225996 
SEED is set to: 225996
SEED=438440 
SEED is set to: 438440
SEED=698066 
SEED is set to: 698066
SEED=767253 
SEED is set to: 767253
SEED=862903 
SEED is set to: 862903
SEED=241469 
SEED is set to: 241469
SEED=830182 
SEED is set to: 830182
SEED=937135 
SEED is set to: 937135
SEED=229351 
SEED is set to: 229351
SEED=324436 
SEED is set to: 324436
SEED=538725 
SEED is set to: 538725
SEED=823148 
SEED is set to: 823148
SEED=157212 
SEED is set to: 157212
SEED=743500 
SEED is set to: 743500
SEED=766919 
SEED is set to: 766919
SEED=712449 
SEED is set to: 712449
SEED=873281 
SEED is set to: 873281
SEED=923705 
SEED is set to: 923705
SEED=946046 
SEED is set to: 946046
SEED=143134 
SEED is set to: 143134
SEED=777916 
SEED is set to: 777916
SEED=903962 
SEED is set to: 903962
SEED=57435 
SEED is set to: 57435
SEED=261166 
SEED is set to: 261166
SEED=329441 
SEED is set to: 329441
SEED=606798 
SEED is set to: 606798
SEED=736259 
SEED is set to: 736259
SEED=415898 
SEED is set to: 415898
SEED=296136 
SEED is set to: 296136
SEED=629435 
SEED is set to: 629435
SEED=724500 
SEED is set to: 724500
SEED=739455 
SEED is set to: 739455
SEED=810975 
SEED is set to: 810975
SEED=991238 
SEED is set to: 991238
SEED=329802 
SEED is set to: 329802
SEED=459260 
SEED is set to: 459260
SEED=645048 
SEED is set to: 645048
SEED=158310 
SEED is set to: 158310
SEED=212370 
SEED is set to: 212370
SEED=364538 
SEED is set to: 364538
SEED=387752 
SEED is set to: 387752
SEED=418248 
SEED is set to: 418248
SEED=580527 
SEED=580527 
SEED is set to: 580527
SEED is set to: 580527
SEED=690782 
SEED is set to: 690782
SEED=844947 
SEED is set to: 844947
SEED=88039 
SEED is set to: 88039
SEED=707028 
SEED is set to: 707028
SEED=806975 
SEED is set to: 806975
SEED=22708 
SEED is set to: 22708
SEED=322363 
SEED is set to: 322363
SEED=299152 
SEED is set to: 299152
SEED=399524 
SEED is set to: 399524
SEED=481105 
SEED is set to: 481105
SEED=733086 
SEED is set to: 733086
SEED=989836 
SEED is set to: 989836
SEED=848497 
SEED is set to: 848497
SEED=81705 
SEED is set to: 81705
SEED=85274 
SEED is set to: 85274
SEED=517049 
SEED is set to: 517049
SEED=700325 
SEED is set to: 700325
SEED=299419 
SEED is set to: 299419
SEED=477789 
SEED is set to: 477789
SEED=552652 
SEED is set to: 552652
SEED=570303 
SEED is set to: 570303
SEED=963381 
SEED is set to: 963381
SEED=138694 
SEED is set to: 138694
SEED=139966 
SEED is set to: 139966
SEED=345360 
SEED is set to: 345360
SEED=554875 
SEED is set to: 554875
SEED=931272 
SEED is set to: 931272
SEED=454627 
SEED is set to: 454627
SEED=663884 
SEED is set to: 663884
SEED=730887 
SEED is set to: 730887
SEED=757219 
SEED is set to: 757219
SEED=827002 
SEED is set to: 827002
SEED=230040 
SEED is set to: 230040
SEED=664347 
SEED is set to: 664347
SEED=761102 
SEED is set to: 761102
SEED=985114 
SEED is set to: 985114
SEED=142743 
SEED is set to: 142743
SEED=482402 
SEED is set to: 482402
SEED=727415 
SEED is set to: 727415
SEED=967575 
SEED is set to: 967575
SEED=119395 
SEED is set to: 119395
SEED=319341 
SEED is set to: 319341
SEED=516440 
SEED is set to: 516440
SEED=536663 
SEED is set to: 536663
SEED=610508 
SEED is set to: 610508
SEED=905198 
SEED is set to: 905198
SEED=339315 
SEED is set to: 339315
SEED=556248 
SEED is set to: 556248
SEED=674103 
SEED is set to: 674103
SEED=855375 
SEED is set to: 855375
SEED=954447 
SEED is set to: 954447
SEED=225254 
SEED is set to: 225254
SEED=635900 
SEED is set to: 635900
SEED=791361 
SEED is set to: 791361
SEED=838110 
SEED is set to: 838110
SEED=67013 
SEED is set to: 67013
SEED=395649 
SEED is set to: 395649
SEED=409660 
SEED is set to: 409660
SEED=69849 
SEED is set to: 69849
SEED=532271 
SEED is set to: 532271
SEED=152492 
SEED is set to: 152492
SEED=202275 
SEED is set to: 202275
SEED=246069 
SEED is set to: 246069
SEED=620569 
SEED is set to: 620569
SEED=871853 
SEED is set to: 871853
SEED=357365 
SEED is set to: 357365
SEED=400868 
SEED is set to: 400868
SEED=512929 
SEED is set to: 512929
SEED=531310 
SEED is set to: 531310
SEED=262151 
SEED is set to: 262151
SEED=765270 
SEED is set to: 765270
SEED=842458 
SEED is set to: 842458
SEED=924322 
SEED is set to: 924322
SEED=37134 
SEED is set to: 37134
SEED=175745 
SEED is set to: 175745
SEED=257749 
SEED is set to: 257749
SEED=659025 
SEED is set to: 659025
SEED=332837 
SEED is set to: 332837
SEED=655058 
SEED is set to: 655058
SEED=5268 
SEED is set to: 5268
SEED=29206 
SEED is set to: 29206
SEED=42617 
SEED is set to: 42617
SEED=628790 
SEED is set to: 628790
SEED=703618 
SEED is set to: 703618
SEED=837624 
SEED is set to: 837624
SEED=151452 
SEED is set to: 151452
SEED=178199 
SEED is set to: 178199
SEED=757672 
SEED is set to: 757672
SEED=781632 
SEED is set to: 781632
SEED=849499 
SEED is set to: 849499
SEED=885070 
SEED is set to: 885070
SEED=418336 
SEED is set to: 418336
SEED=511609 
SEED is set to: 511609
SEED=970285 
SEED is set to: 970285
SEED=37199 
SEED is set to: 37199
SEED=83991 
SEED is set to: 83991
SEED=627528 
SEED is set to: 627528
SEED=877463 
SEED is set to: 877463
SEED=323446 
SEED is set to: 323446
SEED=355974 
SEED is set to: 355974
SEED=478310 
SEED is set to: 478310
SEED=757258 
SEED is set to: 757258
SEED=20740 
SEED is set to: 20740
SEED=382312 
SEED is set to: 382312
SEED=451473 
SEED is set to: 451473
SEED=554065 
SEED is set to: 554065
SEED=790932 
SEED is set to: 790932
SEED=932246 
SEED is set to: 932246
SEED=62697 
SEED is set to: 62697
SEED=203634 
SEED is set to: 203634
SEED=236211 
SEED is set to: 236211
SEED=564901 
SEED is set to: 564901
SEED=754426 
SEED is set to: 754426
SEED=775906 
SEED is set to: 775906
SEED=287874 
SEED is set to: 287874
SEED=400561 
SEED is set to: 400561
SEED=421337 
SEED is set to: 421337
SEED=717676 
SEED is set to: 717676
SEED=971516 
SEED is set to: 971516
SEED=929383 
SEED is set to: 929383
SEED=624554 
SEED is set to: 624554
SEED=631107 
SEED is set to: 631107
SEED=726625 
SEED is set to: 726625
SEED=843615 
SEED is set to: 843615
SEED=475029 
SEED is set to: 475029
SEED=709653 
SEED is set to: 709653
SEED=882025 
SEED is set to: 882025
SEED=18542 
SEED is set to: 18542
SEED=161541 
SEED is set to: 161541
SEED=368841 
SEED is set to: 368841
malloc(): corrupted top size
SEED=923702 
SEED is set to: 923702
SEED=90972 
SEED is set to: 90972
SEED=391101 
SEED is set to: 391101
SEED=604980 
SEED is set to: 604980
SEED=695417 
SEED is set to: 695417
SEED=58752 
SEED is set to: 58752
SEED=352271 
SEED is set to: 352271
SEED=539841 
SEED is set to: 539841
SEED=600626 
SEED is set to: 600626
SEED=719695 
SEED is set to: 719695
SEED=810516 
SEED is set to: 810516
SEED=901578 
SEED is set to: 901578
SEED=913239 
SEED is set to: 913239
SEED=463962 
SEED is set to: 463962
SEED=889167 
SEED is set to: 889167
SEED=979878 
SEED is set to: 979878
SEED=86399 
SEED is set to: 86399
SEED=204274 
SEED is set to: 204274
SEED=269847 
SEED is set to: 269847
SEED=372450 
SEED is set to: 372450
SEED=63453 
SEED is set to: 63453
SEED=442718 
SEED is set to: 442718
SEED=553685 
SEED is set to: 553685
SEED=904394 
SEED is set to: 904394
SEED=913767 
SEED is set to: 913767
SEED=914026 
SEED is set to: 914026
SEED=351482 
SEED is set to: 351482
SEED=390939 
SEED is set to: 390939
SEED=478431 
SEED is set to: 478431
SEED=344875 
SEED is set to: 344875
SEED=408221 
SEED is set to: 408221
SEED=621932 
SEED is set to: 621932
SEED=701704 
SEED is set to: 701704
SEED=839743 
SEED is set to: 839743
SEED=29981 
SEED is set to: 29981
SEED=241497 
SEED is set to: 241497
SEED=314850 
SEED is set to: 314850
SEED=817217 
SEED is set to: 817217
SEED=818871 
SEED is set to: 818871
SEED=51543 
SEED is set to: 51543
SEED=197565 
SEED is set to: 197565
SEED=484676 
SEED=484677 
SEED is set to: 484677
SEED is set to: 484676
SEED=560485 
SEED is set to: 560485
SEED=564544 
SEED is set to: 564544
SEED=691833 
SEED is set to: 691833
SEED=738543 
SEED is set to: 738543
SEED=833565 
SEED is set to: 833565
SEED=89291 
SEED is set to: 89291
SEED=327787 
SEED is set to: 327787
SEED=607940 
SEED is set to: 607940
SEED=579393 
SEED is set to: 579393
SEED=846475 
SEED is set to: 846475
SEED=937693 
SEED is set to: 937693
SEED=802692 
SEED is set to: 802692
SEED=28378 
SEED is set to: 28378
SEED=191903 
SEED is set to: 191903
SEED=239043 
SEED is set to: 239043
SEED=487795 
SEED is set to: 487795
SEED=725703 
SEED is set to: 725703
SEED=364278 
SEED is set to: 364278
SEED=402123 
SEED is set to: 402123
SEED=681565 
SEED is set to: 681565
SEED=714045 
SEED is set to: 714045
SEED=909871 
SEED is set to: 909871
SEED=917105 
SEED is set to: 917105
SEED=61256 
SEED is set to: 61256
SEED=176396 
SEED is set to: 176396
SEED=66347 
SEED is set to: 66347
SEED=378124 
SEED is set to: 378124
SEED=393501 
SEED is set to: 393501
SEED=423105 
SEED is set to: 423105
SEED=449726 
SEED is set to: 449726
SEED=491060 
SEED is set to: 491060
SEED=571223 
SEED is set to: 571223
SEED=111019 
SEED is set to: 111019
SEED=665994 
SEED is set to: 665994
SEED=705076 
SEED is set to: 705076
SEED=724725 
SEED is set to: 724725
SEED=4213 
SEED is set to: 4213
SEED=500082 
SEED is set to: 500082
SEED=500798 
SEED is set to: 500798
SEED=82615 
SEED is set to: 82615
SEED=336831 
SEED is set to: 336831
SEED=373305 
SEED is set to: 373305
SEED=814447 
SEED is set to: 814447
SEED=62471 
SEED is set to: 62471
SEED=622566 
SEED is set to: 622566
SEED=922198 
SEED is set to: 922198
SEED=966136 
SEED is set to: 966136
SEED=211347 
SEED is set to: 211347
SEED=457037 
SEED is set to: 457037
SEED=325156 
SEED is set to: 325156
SEED=336530 
SEED is set to: 336530
SEED=369382 
SEED is set to: 369382
SEED=371401 
SEED is set to: 371401
SEED=428502 
SEED is set to: 428502
SEED=453020 
SEED is set to: 453020
SEED=690366 
SEED is set to: 690366
SEED=874173 
SEED is set to: 874173
SEED=882881 
SEED is set to: 882881
SEED=969427 
SEED is set to: 969427
SEED=988815 
SEED is set to: 988815
SEED=81997 
SEED is set to: 81997
SEED=151392 
SEED is set to: 151392
SEED=413658 
SEED is set to: 413658
SEED=481185 
SEED is set to: 481185
SEED=524527 
SEED is set to: 524527
SEED=693243 
SEED is set to: 693243
SEED=943350 
SEED is set to: 943350
SEED=48107 
SEED is set to: 48107
SEED=289644 
SEED is set to: 289644
SEED=888088 
SEED is set to: 888088
SEED=911054 
SEED is set to: 911054
SEED=108806 
SEED is set to: 108806
SEED=221109 
SEED is set to: 221109
SEED=266256 
SEED is set to: 266256
SEED=754976 
SEED is set to: 754976
SEED=326335 
SEED is set to: 326335
SEED=607169 
SEED is set to: 607169
SEED=619412 
SEED is set to: 619412
SEED=908016 
SEED is set to: 908016
SEED=259236 
SEED is set to: 259236
SEED=381845 
SEED is set to: 381845
SEED=781135 
SEED is set to: 781135
SEED=294644 
SEED is set to: 294644
SEED=413260 
SEED is set to: 413260
SEED=713633 
SEED is set to: 713633
SEED=778856 
SEED is set to: 778856
SEED=912898 
SEED is set to: 912898
SEED=225370 
SEED is set to: 225370
SEED=547396 
SEED is set to: 547396
SEED=567905 
SEED is set to: 567905
SEED=108667 
SEED is set to: 108667
SEED=136868 
SEED is set to: 136868
SEED=221573 
SEED is set to: 221573
SEED=518361 
SEED is set to: 518361
SEED=89069 
SEED is set to: 89069
SEED=234904 
SEED is set to: 234904
SEED=516710 
SEED is set to: 516710
SEED=575011 
SEED is set to: 575011
SEED=111784 
SEED is set to: 111784
SEED=430086 
SEED is set to: 430086
SEED=464644 
SEED is set to: 464644
SEED=743035 
SEED is set to: 743035
SEED=187402 
SEED is set to: 187402
SEED=331958 
SEED is set to: 331958
SEED=787760 
SEED is set to: 787760
SEED=992527 
SEED is set to: 992527
SEED=198415 
SEED is set to: 198415
SEED=502084 
SEED is set to: 502084
SEED=719766 
SEED is set to: 719766
SEED=68256 
SEED is set to: 68256
SEED=114812 
SEED is set to: 114812
SEED=694521 
SEED is set to: 694521
SEED=829889 
SEED is set to: 829889
SEED=967616 
SEED is set to: 967616
SEED=242642 
SEED is set to: 242642
SEED=505529 
SEED is set to: 505529
SEED=859673 
SEED is set to: 859673
SEED=859732 
SEED is set to: 859732
SEED=178227 
SEED is set to: 178227
SEED=597271 
SEED is set to: 597271
SEED=217551 
SEED is set to: 217551
SEED=253135 
SEED is set to: 253135
SEED=338174 
SEED is set to: 338174
SEED=670305 
SEED is set to: 670305
SEED=719421 
SEED is set to: 719421
SEED=880649 
SEED is set to: 880649
SEED=350629 
SEED is set to: 350629
SEED=954033 
SEED is set to: 954033
SEED=97726 
SEED is set to: 97726
SEED=296705 
SEED is set to: 296705
SEED=337937 
SEED is set to: 337937
SEED=457148 
SEED is set to: 457148
SEED=474673 
SEED is set to: 474673
SEED=380639 
SEED is set to: 380639
SEED=889870 
SEED is set to: 889870
SEED=8344 
SEED is set to: 8344
SEED=327964 
SEED is set to: 327964
SEED=411397 
SEED is set to: 411397
SEED=635957 
SEED is set to: 635957
SEED=103791 
SEED is set to: 103791
SEED=133486 
SEED is set to: 133486
SEED=183133 
SEED is set to: 183133
SEED=350190 
SEED is set to: 350190
SEED=680677 
SEED is set to: 680677
SEED=935356 
SEED is set to: 935356
SEED=228736 
SEED is set to: 228736
SEED=355757 
SEED is set to: 355757
SEED=517256 
SEED is set to: 517256
SEED=680913 
SEED is set to: 680913
SEED=999348 
SEED is set to: 999348
SEED=51891 
SEED is set to: 51891
SEED=321797 
SEED is set to: 321797
SEED=842386 
SEED is set to: 842386
SEED=230225 
SEED is set to: 230225
SEED=525298 
SEED is set to: 525298
SEED=543434 
SEED is set to: 543434
SEED=838556 
SEED is set to: 838556
SEED=957799 
SEED is set to: 957799
SEED=680894 
SEED is set to: 680894
SEED=966241 
SEED is set to: 966241
SEED=133147 
SEED is set to: 133147
SEED=256187 
SEED is set to: 256187
SEED=955563 
SEED is set to: 955563
SEED=800982 
SEED is set to: 800982
SEED=904864 
SEED is set to: 904864
SEED=7398 
SEED is set to: 7398
SEED=89641 
SEED is set to: 89641
SEED=660769 
SEED is set to: 660769
SEED=729015 
SEED is set to: 729015
SEED=882157 
SEED is set to: 882157
SEED=289217 
SEED is set to: 289217
SEED=299008 
SEED is set to: 299008
SEED=625546 
SEED is set to: 625546
SEED=719609 
SEED is set to: 719609
SEED=952045 
SEED is set to: 952045
SEED=29012 
SEED is set to: 29012
SEED=231516 
SEED is set to: 231516
SEED=748304 
SEED is set to: 748304
SEED=113988 
SEED is set to: 113988
SEED=228929 
SEED is set to: 228929
SEED=330397 
SEED is set to: 330397
SEED=458613 
SEED is set to: 458613
SEED=481810 
SEED is set to: 481810
SEED=748344 
SEED is set to: 748344
SEED=482610 
SEED is set to: 482610
SEED=852624 
SEED is set to: 852624
SEED=892702 
SEED is set to: 892702
SEED=73990 
SEED is set to: 73990
SEED=176561 
SEED is set to: 176561
SEED=760833 
SEED is set to: 760833
SEED=169866 
SEED is set to: 169866
SEED=262759 
SEED is set to: 262759
*** stack smashing detected ***: terminated
SEED=336916 
SEED is set to: 336916
SEED=868694 
SEED is set to: 868694
SEED=423207 
SEED is set to: 423207
SEED=533633 
SEED is set to: 533633
SEED=582048 
SEED is set to: 582048
SEED=771908 
SEED is set to: 771908
SEED=454709 
SEED is set to: 454709
SEED=758576 
SEED is set to: 758576
SEED=68997 
SEED is set to: 68997
SEED=430261 
SEED is set to: 430261
SEED=764469 
SEED is set to: 764469
SEED=846137 
SEED is set to: 846137
SEED=194039 
SEED is set to: 194039
SEED=368481 
SEED is set to: 368481
SEED=574792 
SEED is set to: 574792
SEED=582234 
SEED is set to: 582234
SEED=150856 
SEED is set to: 150856
SEED=228271 
SEED is set to: 228271
SEED=814331 
SEED is set to: 814331
SEED=63251 
SEED is set to: 63251
SEED=305114 
SEED is set to: 305114
SEED=430405 
SEED is set to: 430405
SEED=541983 
SEED is set to: 541983
SEED=848404 
SEED is set to: 848404
SEED=952827 
SEED is set to: 952827
SEED=448244 
SEED is set to: 448244
SEED=936635 
SEED is set to: 936635
SEED=268309 
SEED is set to: 268309
SEED=416069 
SEED is set to: 416069
SEED=547039 
SEED is set to: 547039
SEED=563217 
SEED is set to: 563217
SEED=567363 
SEED is set to: 567363
SEED=149553 
SEED is set to: 149553
SEED=258468 
SEED is set to: 258468
SEED=709572 
SEED is set to: 709572
SEED=64743 
SEED is set to: 64743
SEED=79654 
SEED is set to: 79654
SEED=210129 
SEED is set to: 210129
SEED=332872 
SEED is set to: 332872
SEED=674071 
SEED is set to: 674071
SEED=747434 
SEED is set to: 747434
*** stack smashing detected ***: terminated
SEED=215544 
SEED is set to: 215544
SEED=574794 
SEED is set to: 574794
SEED=774754 
SEED is set to: 774754
SEED=878856 
SEED is set to: 878856
SEED=130058 
SEED is set to: 130058
SEED=158180 
SEED is set to: 158180
SEED=583125 
SEED is set to: 583125
SEED=173802 
SEED is set to: 173802
SEED=500731 
SEED is set to: 500731
SEED=654625 
SEED is set to: 654625
SEED=663266 
SEED is set to: 663266
malloc(): corrupted top size
SEED=682957 
SEED is set to: 682957
SEED=716803 
SEED is set to: 716803
SEED=718351 
SEED is set to: 718351
SEED=780143 
SEED is set to: 780143
SEED=945166 
SEED is set to: 945166
SEED=992853 
SEED is set to: 992853
SEED=4394 
SEED is set to: 4394
SEED=141715 
SEED is set to: 141715
SEED=170211 
SEED is set to: 170211
malloc(): corrupted top size
SEED=219971 
SEED is set to: 219971
SEED=303103 
SEED is set to: 303103
SEED=590964 
SEED is set to: 590964
SEED=773689 
SEED is set to: 773689
SEED=324529 
SEED is set to: 324529
SEED=474689 
SEED is set to: 474689
SEED=541095 
SEED is set to: 541095
SEED=836630 
SEED is set to: 836630
SEED=976355 
SEED is set to: 976355
SEED=410387 
SEED is set to: 410387
SEED=216852 
SEED is set to: 216852
SEED=535723 
SEED is set to: 535723
SEED=771544 
SEED is set to: 771544
SEED=868434 
SEED is set to: 868434
SEED=145402 
SEED is set to: 145402
SEED=229359 
SEED is set to: 229359
SEED=943753 
SEED is set to: 943753
SEED=998704 
SEED is set to: 998704
SEED=299901 
SEED is set to: 299901
SEED=637253 
SEED is set to: 637253
SEED=91950 
SEED is set to: 91950
SEED=309523 
SEED is set to: 309523
SEED=452726 
SEED is set to: 452726
SEED=486086 
SEED is set to: 486086
SEED=774662 
SEED is set to: 774662
SEED=804864 
SEED is set to: 804864
SEED=76600 
SEED is set to: 76600
SEED=317605 
SEED is set to: 317605
SEED=719211 
SEED is set to: 719211
SEED=775063 
SEED is set to: 775063
SEED=259611 
SEED is set to: 259611
SEED=439520 
SEED is set to: 439520
SEED=490690 
SEED is set to: 490690
SEED=575684 
SEED is set to: 575684
SEED=78709 
SEED is set to: 78709
SEED=386501 
SEED is set to: 386501
SEED=468234 
SEED is set to: 468234
SEED=578577 
SEED is set to: 578577
SEED=694985 
SEED is set to: 694985
SEED=42277 
SEED is set to: 42277
SEED=246465 
SEED is set to: 246465
SEED=524834 
SEED is set to: 524834
SEED=88115 
SEED is set to: 88115
SEED=271654 
SEED is set to: 271654
SEED=436877 
SEED is set to: 436877
SEED=18979 
SEED is set to: 18979
SEED=564799 
SEED is set to: 564799
SEED=119177 
SEED is set to: 119177
SEED=804500 
SEED is set to: 804500
SEED=72501 
SEED is set to: 72501
SEED=782388 
SEED is set to: 782388
SEED=802508 
SEED is set to: 802508
SEED=882362 
SEED is set to: 882362
SEED=274402 
SEED is set to: 274402
SEED=784095 
SEED is set to: 784095
SEED=87341 
SEED is set to: 87341
SEED=123384 
SEED is set to: 123384
SEED=276560 
SEED is set to: 276560
SEED=416979 
SEED is set to: 416979
SEED=561625 
SEED is set to: 561625
SEED=181203 
SEED is set to: 181203
SEED=615313 
SEED is set to: 615313
SEED=676705 
SEED is set to: 676705
SEED=808565 
SEED is set to: 808565
SEED=971116 
SEED is set to: 971116
SEED=64754 
SEED is set to: 64754
SEED=207437 
SEED is set to: 207437
SEED=734288 
SEED is set to: 734288
SEED=459332 
SEED is set to: 459332
SEED=527236 
SEED is set to: 527236
SEED=550112 
SEED is set to: 550112
SEED=998272 
SEED is set to: 998272
SEED=152975 
SEED is set to: 152975
SEED=199933 
SEED is set to: 199933
SEED=802209 
SEED is set to: 802209
SEED=808255 
SEED is set to: 808255
SEED=910993 
SEED is set to: 910993
SEED=213089 
SEED is set to: 213089
SEED=341353 
SEED is set to: 341353
SEED=502962 
SEED is set to: 502962
SEED=694408 
SEED is set to: 694408
SEED=720622 
SEED is set to: 720622
SEED=185845 
SEED is set to: 185845
SEED=430820 
SEED is set to: 430820
SEED=976345 
SEED is set to: 976345
SEED=77938 
SEED is set to: 77938
SEED=114946 
SEED is set to: 114946
SEED=299645 
SEED is set to: 299645
SEED=801670 
SEED is set to: 801670
SEED=143719 
SEED is set to: 143719
SEED=174544 
SEED is set to: 174544
SEED=439788 
SEED is set to: 439788
SEED=467413 
SEED is set to: 467413
SEED=238731 
SEED is set to: 238731
SEED=431035 
SEED is set to: 431035
SEED=609882 
SEED is set to: 609882
SEED=956071 
SEED is set to: 956071
SEED=245344 
SEED is set to: 245344
SEED=347788 
SEED is set to: 347788
SEED=754728 
SEED is set to: 754728
SEED=957022 
SEED is set to: 957022
SEED=106446 
SEED is set to: 106446
SEED=611457 
SEED is set to: 611457
SEED=94369 
SEED is set to: 94369
SEED=122234 
SEED is set to: 122234
SEED=427796 
SEED is set to: 427796
SEED=435712 
SEED is set to: 435712
SEED=892077 
SEED is set to: 892077
SEED=393525 
SEED is set to: 393525
SEED=693660 
SEED is set to: 693660
SEED=713939 
SEED is set to: 713939
SEED=446642 
SEED is set to: 446642
SEED=504183 
SEED is set to: 504183
SEED=810880 
SEED is set to: 810880
SEED=973016 
SEED is set to: 973016
SEED=69721 
SEED is set to: 69721
SEED=835268 
SEED is set to: 835268
SEED=931033 
SEED is set to: 931033
SEED=74881 
SEED is set to: 74881
SEED=134361 
SEED is set to: 134361
SEED=298724 
SEED is set to: 298724
SEED=514272 
SEED is set to: 514272
SEED=567879 
SEED is set to: 567879
SEED=567063 
SEED is set to: 567063
SEED=602839 
SEED is set to: 602839
SEED=911280 
SEED is set to: 911280
SEED=930118 
SEED is set to: 930118
SEED=561175 
SEED is set to: 561175
SEED=603474 
SEED is set to: 603474
SEED=815492 
SEED is set to: 815492
SEED=827224 
SEED is set to: 827224
malloc(): corrupted top size
SEED=881727 
SEED is set to: 881727
SEED=908883 
SEED is set to: 908883
SEED=384686 
SEED is set to: 384686
SEED=967075 
SEED is set to: 967075
SEED=2991 
SEED is set to: 2991
SEED=58773 
SEED is set to: 58773
SEED=294217 
SEED is set to: 294217
SEED=453099 
SEED is set to: 453099
SEED=281733 
SEED is set to: 281733
SEED=307399 
SEED is set to: 307399
SEED=432155 
SEED is set to: 432155
SEED=443353 
SEED is set to: 443353
SEED=538967 
SEED is set to: 538967
SEED=735929 
SEED is set to: 735929
SEED=19482 
SEED is set to: 19482
SEED=614633 
SEED is set to: 614633
SEED=667463 
SEED is set to: 667463
SEED=758402 
SEED is set to: 758402
SEED=771514 
SEED is set to: 771514
SEED=67993 
SEED is set to: 67993
SEED=658473 
SEED is set to: 658473
SEED=84511 
SEED is set to: 84511
SEED=148175 
SEED is set to: 148175
SEED=198966 
SEED is set to: 198966
SEED=256323 
SEED is set to: 256323
SEED=313271 
SEED is set to: 313271
SEED=164052 
SEED is set to: 164052
SEED=236805 
SEED is set to: 236805
SEED=246113 
SEED is set to: 246113
SEED=359187 
SEED is set to: 359187
SEED=377880 
SEED is set to: 377880
SEED=528746 
SEED is set to: 528746
SEED=548603 
SEED is set to: 548603
SEED=973335 
SEED is set to: 973335
SEED=80660 
SEED is set to: 80660
SEED=539967 
SEED is set to: 539967
SEED=998486 
SEED is set to: 998486
SEED=104660 
SEED is set to: 104660
SEED=253028 
SEED is set to: 253028
SEED=377001 
SEED is set to: 377001
SEED=866865 
SEED is set to: 866865
SEED=927016 
SEED is set to: 927016
SEED=249724 
SEED is set to: 249724
SEED=254261 
SEED is set to: 254261
SEED=545929 
SEED is set to: 545929
SEED=701281 
SEED is set to: 701281
SEED=735880 
SEED is set to: 735880
SEED=744273 
SEED is set to: 744273
SEED=210486 
SEED is set to: 210486
SEED=481506 
SEED is set to: 481506
SEED=718461 
SEED is set to: 718461
SEED=769088 
SEED is set to: 769088
SEED=818685 
SEED is set to: 818685
SEED=971342 
SEED is set to: 971342
SEED=28037 
SEED is set to: 28037
SEED=558924 
SEED is set to: 558924
SEED=879553 
SEED is set to: 879553
SEED=913996 
SEED is set to: 913996
SEED=84785 
SEED is set to: 84785
SEED=158044 
SEED is set to: 158044
SEED=322767 
SEED is set to: 322767
SEED=631399 
SEED is set to: 631399
SEED=240538 
SEED is set to: 240538
SEED=296052 
SEED is set to: 296052
SEED=480392 
SEED is set to: 480392
SEED=799075 
SEED is set to: 799075
SEED=845499 
SEED is set to: 845499
SEED=955741 
SEED is set to: 955741
SEED=218591 
SEED is set to: 218591
SEED=474676 
SEED is set to: 474676
SEED=519681 
SEED is set to: 519681
SEED=802645 
SEED is set to: 802645
SEED=929602 
SEED is set to: 929602
SEED=11649 
SEED is set to: 11649
SEED=158895 
SEED is set to: 158895
SEED=315937 
SEED is set to: 315937
SEED=908189 
SEED is set to: 908189
SEED=210245 
SEED is set to: 210245
SEED=228987 
SEED is set to: 228987
SEED=455126 
SEED is set to: 455126
SEED=472352 
SEED is set to: 472352
SEED=857256 
SEED is set to: 857256
SEED=903000 
SEED is set to: 903000
SEED=208781 
SEED is set to: 208781
SEED=397679 
SEED is set to: 397679
SEED=418586 
SEED is set to: 418586
SEED=789722 
SEED is set to: 789722
SEED=849677 
SEED is set to: 849677
SEED=51866 
SEED is set to: 51866
SEED=142245 
SEED is set to: 142245
SEED=819789 
SEED is set to: 819789
SEED=45218 
SEED is set to: 45218
SEED=178534 
SEED is set to: 178534
SEED=264662 
SEED is set to: 264662
SEED=630129 
SEED is set to: 630129
SEED=706400 
SEED is set to: 706400
SEED=709511 
SEED is set to: 709511
SEED=297864 
SEED is set to: 297864
SEED=309141 
SEED is set to: 309141
SEED=329449 
SEED is set to: 329449
SEED=661608 
SEED is set to: 661608
SEED=299999 
SEED is set to: 299999
SEED=300765 
SEED is set to: 300765
SEED=698773 
SEED is set to: 698773
SEED=901267 
SEED is set to: 901267
SEED=270369 
SEED is set to: 270369
SEED=283278 
SEED is set to: 283278
SEED=172678 
SEED is set to: 172678
SEED=374444 
SEED is set to: 374444
SEED=544253 
SEED is set to: 544253
SEED=610757 
SEED is set to: 610757
SEED=30376 
SEED is set to: 30376
SEED=445402 
SEED is set to: 445402
SEED=915965 
SEED is set to: 915965
SEED=247777 
SEED is set to: 247777
SEED=278736 
SEED is set to: 278736
SEED=270682 
SEED is set to: 270682
SEED=360445 
SEED is set to: 360445
SEED=577060 
SEED is set to: 577060
SEED=684578 
SEED is set to: 684578
SEED=328708 
SEED is set to: 328708
SEED=461287 
SEED is set to: 461287
SEED=465689 
SEED is set to: 465689
SEED=695658 
SEED is set to: 695658
SEED=783682 
SEED is set to: 783682
SEED=838878 
SEED is set to: 838878
SEED=938597 
SEED is set to: 938597
SEED=114959 
SEED is set to: 114959
SEED=276485 
SEED is set to: 276485
SEED=296488 
SEED is set to: 296488
SEED=316571 
SEED is set to: 316571
SEED=410450 
SEED is set to: 410450
SEED=252165 
SEED is set to: 252165
SEED=408481 
SEED is set to: 408481
SEED=793062 
SEED is set to: 793062
SEED=944592 
SEED is set to: 944592
SEED=573694 
SEED is set to: 573694
SEED=839106 
SEED is set to: 839106
SEED=851685 
SEED is set to: 851685
SEED=270099 
SEED is set to: 270099
SEED=588382 
SEED is set to: 588382
SEED=138442 
SEED is set to: 138442
SEED=200578 
SEED is set to: 200578
SEED=261634 
SEED is set to: 261634
SEED=262612 
SEED is set to: 262612
SEED=292341 
SEED is set to: 292341
SEED=904740 
SEED is set to: 904740
SEED=83472 
SEED is set to: 83472
SEED=473509 
SEED is set to: 473509
SEED=588992 
SEED is set to: 588992
SEED=720627 
SEED is set to: 720627
SEED=846743 
SEED is set to: 846743
SEED=865544 
SEED is set to: 865544
SEED=325396 
SEED is set to: 325396
SEED=936070 
SEED is set to: 936070
SEED=189075 
SEED is set to: 189075
SEED=191154 
SEED is set to: 191154
SEED=214624 
SEED is set to: 214624
SEED=375839 
SEED is set to: 375839
SEED=3828 
SEED is set to: 3828
SEED=543457 
SEED is set to: 543457
SEED=699366 
SEED is set to: 699366
SEED=728558 
SEED is set to: 728558
SEED=766685 
SEED is set to: 766685
SEED=229772 
SEED is set to: 229772
SEED=457278 
SEED is set to: 457278
SEED=762731 
SEED is set to: 762731
SEED=81795 
SEED is set to: 81795
SEED=106433 
SEED is set to: 106433
SEED=173148 
SEED is set to: 173148
SEED=296244 
SEED is set to: 296244
SEED=440016 
SEED is set to: 440016
SEED=697198 
SEED is set to: 697198
SEED=218212 
SEED is set to: 218212
SEED=592071 
SEED is set to: 592071
SEED=868572 
SEED is set to: 868572
SEED=974773 
SEED is set to: 974773
SEED=54036 
SEED is set to: 54036
SEED=57555 
SEED is set to: 57555
SEED=305218 
SEED is set to: 305218
SEED=570702 
SEED is set to: 570702
SEED=199190 
SEED is set to: 199190
SEED=857340 
SEED is set to: 857340
SEED=958037 
SEED is set to: 958037
SEED=90212 
SEED is set to: 90212
SEED=124367 
SEED is set to: 124367
SEED=134154 
SEED is set to: 134154
SEED=988354 
SEED is set to: 988354
SEED=173662 
SEED is set to: 173662
SEED=368116 
SEED is set to: 368116
SEED=383539 
SEED is set to: 383539
SEED=454343 
SEED is set to: 454343
SEED=537684 
SEED is set to: 537684
SEED=623783 
SEED is set to: 623783
SEED=472252 
SEED is set to: 472252
SEED=793840 
SEED is set to: 793840
SEED=927112 
SEED is set to: 927112
SEED=963545 
SEED is set to: 963545
SEED=548795 
SEED is set to: 548795
SEED=784579 
SEED is set to: 784579
SEED=164106 
SEED is set to: 164106
SEED=198800 
SEED is set to: 198800
SEED=864781 
SEED is set to: 864781
SEED=48120 
SEED is set to: 48120
SEED=249056 
SEED is set to: 249056
SEED=256887 
SEED is set to: 256887
SEED=448894 
SEED is set to: 448894
SEED=685888 
SEED is set to: 685888
SEED=571413 
SEED is set to: 571413
SEED=638151 
SEED is set to: 638151
SEED=643264 
SEED is set to: 643264
SEED=768426 
SEED is set to: 768426
SEED=832786 
SEED is set to: 832786
SEED=148329 
SEED is set to: 148329
SEED=377511 
SEED is set to: 377511
SEED=780417 
SEED is set to: 780417
SEED=964229 
SEED is set to: 964229
SEED=152425 
SEED is set to: 152425
SEED=648896 
SEED is set to: 648896
SEED=700354 
SEED is set to: 700354
SEED=943237 
SEED is set to: 943237
SEED=110862 
SEED is set to: 110862
SEED=189289 
SEED is set to: 189289
SEED=287117 
SEED is set to: 287117
SEED=349673 
SEED is set to: 349673
SEED=692580 
SEED is set to: 692580
SEED=762353 
SEED is set to: 762353
SEED=213379 
SEED is set to: 213379
SEED=883873 
SEED is set to: 883873
SEED=118190 
SEED is set to: 118190
SEED=358931 
SEED is set to: 358931
SEED=596619 
SEED is set to: 596619
SEED=119649 
SEED is set to: 119649
SEED=390639 
SEED is set to: 390639
SEED=401986 
SEED is set to: 401986
SEED=528610 
SEED is set to: 528610
SEED=548580 
SEED is set to: 548580
SEED=669047 
SEED is set to: 669047
SEED=363996 
SEED is set to: 363996
SEED=728797 
SEED is set to: 728797
SEED=808665 
SEED is set to: 808665
SEED=874797 
SEED is set to: 874797
SEED=449932 
SEED is set to: 449932
SEED=481460 
SEED is set to: 481460
SEED=569089 
SEED is set to: 569089
SEED=601684 
SEED is set to: 601684
SEED=148034 
SEED is set to: 148034
SEED=291851 
SEED is set to: 291851
SEED=764494 
SEED is set to: 764494
SEED=178479 
SEED is set to: 178479
SEED=203007 
SEED is set to: 203007
SEED=475253 
SEED is set to: 475253
SEED=772528 
SEED is set to: 772528
SEED=808026 
SEED is set to: 808026
SEED=579742 
SEED is set to: 579742
SEED=860373 
SEED is set to: 860373
SEED=963763 
SEED is set to: 963763
SEED=165688 
SEED is set to: 165688
SEED=350027 
SEED is set to: 350027
SEED=495142 
SEED is set to: 495142
SEED=705752 
SEED is set to: 705752
SEED=139871 
SEED is set to: 139871
SEED=585411 
SEED is set to: 585411
SEED=742645 
SEED is set to: 742645
SEED=805410 
SEED is set to: 805410
SEED=488507 
SEED is set to: 488507
SEED=97345 
SEED is set to: 97345
SEED=196960 
SEED is set to: 196960
*** stack smashing detected ***: terminated
SEED=726770 
SEED is set to: 726770
SEED=56496 
SEED is set to: 56496
SEED=112440 
SEED is set to: 112440
SEED=649193 
SEED is set to: 649193
SEED=746136 
SEED is set to: 746136
SEED=830046 
SEED is set to: 830046
SEED=21985 
SEED is set to: 21985
SEED=239679 
SEED is set to: 239679
SEED=394786 
SEED is set to: 394786
SEED=409565 
SEED is set to: 409565
SEED=566157 
SEED is set to: 566157
SEED=282073 
SEED is set to: 282073
SEED=442056 
SEED is set to: 442056
SEED=561658 
SEED is set to: 561658
SEED=600185 
SEED is set to: 600185
SEED=765902 
SEED is set to: 765902
SEED=888404 
SEED is set to: 888404
SEED=952060 
SEED is set to: 952060
SEED=980736 
SEED is set to: 980736
SEED=904240 
SEED is set to: 904240
SEED=999817 
SEED is set to: 999817
SEED=23086 
SEED is set to: 23086
SEED=39094 
SEED is set to: 39094
SEED=340494 
SEED is set to: 340494
SEED=370621 
SEED is set to: 370621
SEED=373575 
SEED is set to: 373575
SEED=965994 
SEED is set to: 965994
SEED=979308 
SEED is set to: 979308
SEED=596817 
SEED is set to: 596817
SEED=822773 
SEED is set to: 822773
SEED=914364 
SEED is set to: 914364
SEED=22620 
SEED is set to: 22620
SEED=290576 
SEED is set to: 290576
SEED=544189 
SEED is set to: 544189
SEED=630816 
SEED is set to: 630816
SEED=389839 
SEED is set to: 389839
SEED=411939 
SEED is set to: 411939
SEED=606648 
SEED is set to: 606648
SEED=862761 
SEED is set to: 862761
SEED=164775 
SEED is set to: 164775
SEED=226111 
SEED is set to: 226111
SEED=717649 
SEED is set to: 717649
SEED=766221 
SEED is set to: 766221
SEED=381609 
SEED is set to: 381609
SEED=591704 
SEED is set to: 591704
SEED=256113 
SEED is set to: 256113
SEED=280747 
SEED is set to: 280747
SEED=751691 
SEED is set to: 751691
SEED=248296 
SEED is set to: 248296
SEED=466707 
SEED is set to: 466707
SEED=601413 
SEED is set to: 601413
SEED=915257 
SEED is set to: 915257
SEED=991803 
SEED is set to: 991803
SEED=309320 
SEED is set to: 309320
SEED=637637 
SEED is set to: 637637
SEED=972675 
SEED is set to: 972675
SEED=77619 
SEED is set to: 77619
SEED=212398 
SEED is set to: 212398
SEED=440076 
SEED is set to: 440076
SEED=777131 
SEED is set to: 777131
SEED=178661 
SEED is set to: 178661
SEED=375870 
SEED is set to: 375870
SEED=439886 
SEED is set to: 439886
SEED=615332 
SEED is set to: 615332
SEED=148114 
SEED is set to: 148114
SEED=284248 
SEED is set to: 284248
SEED=411440 
SEED is set to: 411440
SEED=552279 
SEED is set to: 552279
SEED=785280 
SEED is set to: 785280
SEED=587540 
SEED is set to: 587540
SEED=707331 
SEED is set to: 707331
SEED=18033 
SEED is set to: 18033
SEED=275844 
SEED is set to: 275844
SEED=298880 
SEED is set to: 298880
SEED=736225 
SEED is set to: 736225
SEED=60078 
SEED is set to: 60078
SEED=137340 
SEED is set to: 137340
SEED=499490 
SEED is set to: 499490
SEED=560550 
SEED is set to: 560550
SEED=788125 
SEED is set to: 788125
SEED=951699 
SEED is set to: 951699
SEED=498332 
SEED is set to: 498332
SEED=576424 
SEED is set to: 576424
SEED=40229 
SEED is set to: 40229
SEED=510797 
SEED is set to: 510797
SEED=859022 
SEED is set to: 859022
SEED=912588 
SEED is set to: 912588
SEED=507905 
SEED is set to: 507905
SEED=628589 
SEED is set to: 628589
SEED=998457 
SEED is set to: 998457
SEED=222792 
SEED is set to: 222792
SEED=395525 
SEED is set to: 395525
SEED=843333 
SEED is set to: 843333
SEED=894701 
SEED is set to: 894701
SEED=964683 
SEED is set to: 964683
SEED=18047 
SEED is set to: 18047
SEED=704559 
SEED is set to: 704559
SEED=937638 
SEED is set to: 937638
SEED=871214 
SEED is set to: 871214
SEED=86174 
SEED is set to: 86174
SEED=130150 
SEED is set to: 130150
SEED=172769 
SEED is set to: 172769
SEED=244591 
SEED is set to: 244591
SEED=337560 
SEED is set to: 337560
SEED=254033 
SEED is set to: 254033
SEED=700642 
SEED is set to: 700642
SEED=351785 
SEED is set to: 351785
SEED=433198 
SEED is set to: 433198
SEED=772239 
SEED is set to: 772239
SEED=779354 
SEED is set to: 779354
SEED=844185 
SEED is set to: 844185
SEED=32324 
SEED is set to: 32324
SEED=99107 
SEED is set to: 99107
SEED=249638 
SEED is set to: 249638
SEED=327907 
SEED is set to: 327907
SEED=453423 
SEED is set to: 453423
SEED=409581 
SEED is set to: 409581
SEED=559788 
SEED=559789 
SEED is set to: 559788
SEED is set to: 559789
SEED=715893 
SEED is set to: 715893
SEED=677576 
SEED is set to: 677576
SEED=722750 
SEED is set to: 722750
SEED=845592 
SEED is set to: 845592
SEED=903040 
SEED is set to: 903040
SEED=30780 
SEED is set to: 30780
SEED=401844 
SEED is set to: 401844
SEED=906566 
SEED is set to: 906566
SEED=929764 
SEED is set to: 929764
SEED=122111 
SEED is set to: 122111
SEED=492463 
SEED is set to: 492463
SEED=629304 
SEED is set to: 629304
SEED=669673 
SEED is set to: 669673
SEED=400656 
SEED is set to: 400656
SEED=890430 
SEED is set to: 890430
SEED=188168 
SEED is set to: 188168
SEED=216149 
SEED is set to: 216149
SEED=655896 
SEED is set to: 655896
SEED=761022 
SEED is set to: 761022
SEED=103034 
SEED is set to: 103034
SEED=972475 
SEED is set to: 972475
SEED=209372 
SEED is set to: 209372
SEED=236697 
SEED is set to: 236697
SEED=327730 
SEED is set to: 327730
SEED=664666 
SEED is set to: 664666
SEED=764118 
SEED is set to: 764118
SEED=404224 
SEED is set to: 404224
SEED=687856 
SEED is set to: 687856
SEED=731917 
SEED is set to: 731917
SEED=386323 
SEED is set to: 386323
SEED=652053 
SEED is set to: 652053
SEED=915470 
SEED is set to: 915470
SEED=917095 
SEED is set to: 917095
SEED=147263 
SEED is set to: 147263
SEED=191004 
SEED is set to: 191004
SEED=384082 
SEED is set to: 384082
SEED=805761 
SEED is set to: 805761
SEED=78214 
SEED is set to: 78214
SEED=565924 
SEED is set to: 565924
SEED=569257 
SEED is set to: 569257
SEED=734859 
SEED is set to: 734859
SEED=911968 
SEED is set to: 911968
SEED=202538 
SEED is set to: 202538
malloc(): corrupted top size
SEED=536649 
SEED is set to: 536649
SEED=754130 
SEED is set to: 754130
SEED=775924 
SEED is set to: 775924
SEED=148258 
SEED is set to: 148258
SEED=161986 
SEED is set to: 161986
SEED=202986 
SEED is set to: 202986
SEED=801443 
SEED is set to: 801443
SEED=944805 
SEED is set to: 944805
SEED=8818 
SEED is set to: 8818
SEED=404624 
SEED is set to: 404624
SEED=562906 
SEED is set to: 562906
SEED=723093 
SEED is set to: 723093
SEED=765314 
SEED is set to: 765314
SEED=981627 
SEED is set to: 981627
SEED=177281 
SEED is set to: 177281
SEED=283127 
SEED is set to: 283127
SEED=431615 
SEED is set to: 431615
SEED=439779 
SEED is set to: 439779
SEED=673979 
SEED is set to: 673979
SEED=948586 
SEED is set to: 948586
SEED=55838 
SEED is set to: 55838
SEED=506487 
SEED is set to: 506487
SEED=890992 
SEED is set to: 890992
SEED=3425 
SEED is set to: 3425
SEED=137789 
SEED is set to: 137789
SEED=175510 
SEED is set to: 175510
SEED=860725 
SEED is set to: 860725
SEED=345904 
SEED is set to: 345904
SEED=433244 
SEED is set to: 433244
SEED=443452 
SEED is set to: 443452
SEED=609977 
SEED is set to: 609977
SEED=997005 
SEED is set to: 997005
SEED=472609 
SEED is set to: 472609
SEED=500712 
SEED is set to: 500712
SEED=790686 
SEED is set to: 790686
SEED=924593 
SEED is set to: 924593
SEED=91735 
SEED is set to: 91735
SEED=751999 
SEED is set to: 751999
SEED=186486 
SEED is set to: 186486
SEED=186908 
SEED is set to: 186908
SEED=521245 
SEED is set to: 521245
SEED=789993 
SEED is set to: 789993
SEED=860358 
SEED is set to: 860358
SEED=76628 
SEED is set to: 76628
SEED=557720 
SEED is set to: 557720
SEED=580072 
SEED is set to: 580072
SEED=719861 
SEED is set to: 719861
SEED=851379 
SEED is set to: 851379
SEED=242678 
SEED is set to: 242678
SEED=608042 
SEED is set to: 608042
SEED=903873 
SEED is set to: 903873
SEED=80442 
SEED is set to: 80442
SEED=291980 
SEED is set to: 291980
SEED=367050 
SEED is set to: 367050
SEED=381338 
SEED is set to: 381338
SEED=548331 
SEED is set to: 548331
SEED=895133 
SEED is set to: 895133
SEED=268828 
SEED is set to: 268828
SEED=572628 
SEED is set to: 572628
SEED=701089 
SEED is set to: 701089
SEED=858590 
SEED is set to: 858590
SEED=8805 
SEED is set to: 8805
SEED=68402 
SEED is set to: 68402
SEED=529934 
SEED is set to: 529934
SEED=727953 
SEED is set to: 727953
SEED=742288 
SEED is set to: 742288
SEED=104766 
SEED is set to: 104766
SEED=246486 
SEED is set to: 246486
SEED=334883 
SEED is set to: 334883
SEED=630890 
SEED is set to: 630890
SEED=134571 
SEED is set to: 134571
SEED=139453 
SEED is set to: 139453
SEED=416799 
SEED is set to: 416799
SEED=787421 
SEED is set to: 787421
SEED=830717 
SEED is set to: 830717
SEED=16887 
SEED is set to: 16887
SEED=115689 
SEED is set to: 115689
SEED=466933 
SEED is set to: 466933
SEED=494075 
SEED is set to: 494075
SEED=16601 
SEED is set to: 16601
SEED=200665 
SEED is set to: 200665
SEED=665931 
SEED is set to: 665931
SEED=849481 
SEED is set to: 849481
SEED=962389 
SEED is set to: 962389
SEED=810774 
SEED is set to: 810774
SEED=849486 
SEED is set to: 849486
SEED=882813 
SEED is set to: 882813
SEED=214525 
SEED is set to: 214525
SEED=528024 
SEED is set to: 528024
SEED=13727 
SEED is set to: 13727
SEED=202417 
SEED is set to: 202417
SEED=675553 
SEED is set to: 675553
SEED=870725 
SEED is set to: 870725
SEED=250185 
SEED is set to: 250185
SEED=548505 
SEED is set to: 548505
SEED=761999 
SEED is set to: 761999
SEED=903810 
SEED is set to: 903810
SEED=173605 
SEED is set to: 173605
SEED=372990 
SEED is set to: 372990
SEED=667505 
SEED is set to: 667505
SEED=675094 
SEED is set to: 675094
SEED=3594 
SEED is set to: 3594
SEED=606426 
SEED is set to: 606426
SEED=783819 
SEED is set to: 783819
SEED=985934 
SEED is set to: 985934
SEED=84432 
SEED is set to: 84432
SEED=179773 
SEED is set to: 179773
SEED=231944 
SEED is set to: 231944
SEED=288232 
SEED is set to: 288232
SEED=443770 
SEED is set to: 443770
SEED=548195 
SEED is set to: 548195
SEED=581110 
SEED is set to: 581110
SEED=626932 
SEED is set to: 626932
SEED=6930 
SEED is set to: 6930
SEED=100794 
SEED is set to: 100794
SEED=433264 
SEED is set to: 433264
SEED=849026 
SEED is set to: 849026
SEED=953695 
SEED is set to: 953695
SEED=76183 
SEED is set to: 76183
SEED=197140 
SEED is set to: 197140
SEED=390723 
SEED is set to: 390723
SEED=512002 
SEED is set to: 512002
SEED=801787 
SEED is set to: 801787
SEED=113510 
SEED is set to: 113510
SEED=766346 
SEED is set to: 766346
SEED=785732 
SEED is set to: 785732
SEED=865983 
SEED is set to: 865983
SEED=237393 
SEED is set to: 237393
SEED=779642 
SEED is set to: 779642
SEED=5170 
SEED is set to: 5170
SEED=252661 
SEED is set to: 252661
SEED=260570 
SEED is set to: 260570
SEED=518992 
SEED is set to: 518992
SEED=783210 
SEED is set to: 783210
SEED=401432 
SEED is set to: 401432
SEED=508200 
SEED is set to: 508200
SEED=528692 
SEED is set to: 528692
SEED=884606 
SEED is set to: 884606
SEED=18986 
SEED is set to: 18986
SEED=34950 
SEED is set to: 34950
SEED=59487 
SEED is set to: 59487
SEED=89516 
SEED is set to: 89516
SEED=249073 
SEED is set to: 249073
SEED=344012 
SEED is set to: 344012
SEED=418066 
SEED is set to: 418066
*** stack smashing detected ***: terminated
SEED=130411 
SEED is set to: 130411
SEED=445231 
SEED is set to: 445231
SEED=527352 
SEED is set to: 527352
SEED=678404 
SEED is set to: 678404
SEED=692341 
SEED is set to: 692341
SEED=980844 
SEED is set to: 980844
SEED=57950 
SEED is set to: 57950
SEED=759327 
SEED is set to: 759327
SEED=870153 
SEED is set to: 870153
SEED=882009 
SEED is set to: 882009
SEED=105585 
SEED is set to: 105585
SEED=152777 
SEED is set to: 152777
SEED=426476 
SEED is set to: 426476
SEED=26655 
SEED is set to: 26655
SEED=146786 
SEED=146786 
SEED is set to: 146786
SEED is set to: 146786
SEED=445999 
SEED is set to: 445999
SEED=497491 
SEED is set to: 497491
SEED=583822 
SEED is set to: 583822
SEED=903630 
SEED is set to: 903630
SEED=299153 
SEED is set to: 299153
SEED=558137 
SEED is set to: 558137
SEED=803769 
SEED is set to: 803769
SEED=143527 
SEED is set to: 143527
SEED=389972 
SEED is set to: 389972
SEED=497899 
SEED is set to: 497899
SEED=612360 
SEED is set to: 612360
SEED=845144 
SEED is set to: 845144
SEED=863388 
SEED is set to: 863388
SEED=878055 
SEED is set to: 878055
SEED=223337 
SEED is set to: 223337
SEED=302000 
SEED is set to: 302000
SEED=350680 
SEED is set to: 350680
SEED=439155 
SEED is set to: 439155
SEED=501594 
SEED is set to: 501594
SEED=741323 
SEED is set to: 741323
SEED=752039 
SEED is set to: 752039
SEED=345709 
SEED is set to: 345709
SEED=506182 
SEED is set to: 506182
SEED=562121 
SEED is set to: 562121
SEED=846005 
SEED is set to: 846005
SEED=52080 
SEED is set to: 52080
SEED=167921 
SEED is set to: 167921
SEED=763357 
SEED is set to: 763357
SEED=982037 
SEED is set to: 982037
SEED=140000 
SEED is set to: 140000
SEED=169343 
SEED is set to: 169343
SEED=455383 
SEED is set to: 455383
SEED=522560 
SEED is set to: 522560
SEED=773853 
SEED is set to: 773853
SEED=40108 
SEED is set to: 40108
SEED=202065 
SEED is set to: 202065
SEED=387989 
SEED is set to: 387989
SEED=863191 
SEED is set to: 863191
SEED=301076 
SEED is set to: 301076
SEED=347605 
SEED is set to: 347605
SEED=689788 
SEED is set to: 689788
SEED=814440 
SEED is set to: 814440
SEED=98263 
SEED is set to: 98263
SEED=279255 
SEED is set to: 279255
SEED=252206 
SEED is set to: 252206
SEED=625302 
SEED is set to: 625302
SEED=811549 
SEED is set to: 811549
SEED=64849 
SEED is set to: 64849
SEED=243759 
SEED is set to: 243759
SEED=446413 
SEED is set to: 446413
SEED=752199 
SEED is set to: 752199
SEED=95110 
SEED is set to: 95110
SEED=166715 
SEED is set to: 166715
SEED=448637 
SEED is set to: 448637
SEED=755544 
SEED is set to: 755544
SEED=884426 
SEED is set to: 884426
SEED=255798 
SEED is set to: 255798
SEED=368386 
SEED is set to: 368386
SEED=450336 
SEED is set to: 450336
SEED=15739 
SEED is set to: 15739
SEED=237809 
SEED is set to: 237809
SEED=343554 
SEED is set to: 343554
*** stack smashing detected ***: terminated
SEED=695763 
SEED is set to: 695763
SEED=880410 
SEED is set to: 880410
SEED=213512 
SEED is set to: 213512
SEED=461983 
SEED is set to: 461983
SEED=555555 
SEED is set to: 555555
SEED=714688 
SEED is set to: 714688
SEED=760086 
SEED is set to: 760086
SEED=307772 
SEED is set to: 307772
SEED=392578 
SEED is set to: 392578
SEED=509127 
SEED is set to: 509127
SEED=642641 
SEED is set to: 642641
SEED=45962 
SEED is set to: 45962
SEED=246123 
SEED is set to: 246123
SEED=891823 
SEED is set to: 891823
SEED=85133 
SEED is set to: 85133
SEED=175230 
SEED is set to: 175230
SEED=596659 
SEED is set to: 596659
SEED=139707 
SEED is set to: 139707
SEED=352192 
SEED is set to: 352192
SEED=496574 
SEED is set to: 496574
SEED=646112 
SEED is set to: 646112
SEED=244676 
SEED is set to: 244676
SEED=346499 
SEED is set to: 346499
SEED=364705 
SEED is set to: 364705
SEED=908776 
SEED is set to: 908776
SEED=963308 
SEED is set to: 963308
SEED=11825 
SEED is set to: 11825
SEED=839354 
SEED is set to: 839354
SEED=878695 
SEED is set to: 878695
SEED=904566 
SEED is set to: 904566
SEED=519799 
SEED is set to: 519799
SEED=530097 
SEED is set to: 530097
SEED=863749 
SEED is set to: 863749
SEED=233381 
SEED is set to: 233381
SEED=333496 
SEED is set to: 333496
SEED=351783 
SEED is set to: 351783
SEED=53477 
SEED is set to: 53477
SEED=416992 
SEED is set to: 416992
SEED=672319 
SEED is set to: 672319
SEED=904899 
SEED is set to: 904899
SEED=154496 
SEED is set to: 154496
SEED=505230 
SEED is set to: 505230
SEED=678363 
SEED is set to: 678363
SEED=936247 
SEED is set to: 936247
SEED=116979 
SEED is set to: 116979
SEED=298867 
SEED is set to: 298867
SEED=651723 
SEED is set to: 651723
SEED=986782 
SEED is set to: 986782
SEED=74206 
SEED is set to: 74206
SEED=119966 
SEED is set to: 119966
SEED=175297 
SEED is set to: 175297
SEED=360561 
SEED is set to: 360561
SEED=389367 
SEED is set to: 389367
SEED=548745 
SEED is set to: 548745
SEED=643023 
SEED is set to: 643023
SEED=734488 
SEED is set to: 734488
SEED=797274 
SEED is set to: 797274
SEED=423453 
SEED is set to: 423453
SEED=938052 
SEED is set to: 938052
SEED=994998 
SEED is set to: 994998
SEED=52143 
SEED is set to: 52143
SEED=269331 
SEED is set to: 269331
SEED=388476 
SEED is set to: 388476
SEED=709744 
SEED is set to: 709744
SEED=871256 
SEED is set to: 871256
SEED=565306 
SEED is set to: 565306
SEED=741974 
SEED is set to: 741974
SEED=798108 
SEED is set to: 798108
SEED=69256 
SEED is set to: 69256
SEED=534926 
SEED is set to: 534926
SEED=434511 
SEED is set to: 434511
SEED=628917 
SEED is set to: 628917
SEED=725935 
SEED is set to: 725935
SEED=731783 
SEED is set to: 731783
SEED=751854 
SEED is set to: 751854
SEED=923316 
SEED is set to: 923316
SEED=34838 
SEED is set to: 34838
SEED=728268 
SEED is set to: 728268
SEED=38729 
SEED is set to: 38729
SEED=341294 
SEED is set to: 341294
SEED=365883 
SEED is set to: 365883
SEED=581716 
SEED is set to: 581716
SEED=894818 
SEED is set to: 894818
SEED=95285 
SEED is set to: 95285
SEED=385127 
SEED is set to: 385127
SEED=736826 
SEED is set to: 736826
SEED=741434 
SEED is set to: 741434
SEED=109080 
SEED is set to: 109080
SEED=129878 
SEED is set to: 129878
SEED=11027 
SEED is set to: 11027
SEED=274271 
SEED is set to: 274271
SEED=518491 
SEED is set to: 518491
SEED=532802 
SEED is set to: 532802
SEED=849745 
SEED is set to: 849745
SEED=69209 
SEED is set to: 69209
SEED=281690 
SEED is set to: 281690
SEED=415500 
SEED is set to: 415500
SEED=873162 
SEED is set to: 873162
SEED=257685 
SEED is set to: 257685
SEED=370618 
SEED is set to: 370618
SEED=672639 
SEED is set to: 672639
SEED=707185 
SEED is set to: 707185
SEED=199798 
SEED is set to: 199798
SEED=528695 
SEED is set to: 528695
SEED=825862 
SEED is set to: 825862
SEED=980293 
SEED is set to: 980293
SEED=300937 
SEED is set to: 300937
SEED=306052 
SEED is set to: 306052
SEED=455865 
SEED is set to: 455865
SEED=583456 
SEED is set to: 583456
SEED=612536 
SEED is set to: 612536
SEED=691413 
SEED is set to: 691413
SEED=777020 
SEED is set to: 777020
SEED=7593 
SEED is set to: 7593
SEED=736339 
SEED is set to: 736339
SEED=100568 
SEED is set to: 100568
SEED=228363 
SEED is set to: 228363
SEED=417367 
SEED is set to: 417367
SEED=569413 
SEED is set to: 569413
SEED=796612 
SEED is set to: 796612
munmap_chunk(): invalid pointer
SEED=117363 
SEED is set to: 117363
SEED=445455 
SEED is set to: 445455
SEED=533181 
SEED is set to: 533181
SEED=698776 
SEED is set to: 698776
SEED=836071 
SEED is set to: 836071
SEED=82475 
SEED is set to: 82475
SEED=550867 
SEED is set to: 550867
SEED=766440 
SEED is set to: 766440
SEED=352534 
SEED is set to: 352534
SEED=641601 
SEED is set to: 641601
SEED=939792 
SEED is set to: 939792
munmap_chunk(): invalid pointer
SEED=972634 
SEED is set to: 972634
SEED=286529 
SEED is set to: 286529
SEED=403386 
SEED is set to: 403386
SEED=967641 
SEED is set to: 967641
SEED=196099 
SEED is set to: 196099
SEED=333170 
SEED is set to: 333170
SEED=440551 
SEED is set to: 440551
SEED=491643 
SEED is set to: 491643
SEED=523907 
SEED is set to: 523907
SEED=397224 
SEED is set to: 397224
SEED=658121 
SEED is set to: 658121
SEED=815531 
SEED is set to: 815531
SEED=918427 
SEED is set to: 918427
SEED=100760 
SEED is set to: 100760
SEED=388465 
SEED is set to: 388465
SEED=772908 
SEED is set to: 772908
SEED=870706 
SEED is set to: 870706
SEED=293556 
SEED is set to: 293556
SEED=304570 
SEED is set to: 304570
SEED=543430 
SEED is set to: 543430
SEED=919694 
SEED is set to: 919694
SEED=337535 
SEED is set to: 337535
SEED=714346 
SEED is set to: 714346
SEED=943728 
SEED is set to: 943728
SEED=11547 
SEED is set to: 11547
SEED=205432 
SEED is set to: 205432
SEED=247877 
SEED is set to: 247877
SEED=415170 
SEED is set to: 415170
SEED=630857 
SEED is set to: 630857
SEED=176265 
SEED is set to: 176265
SEED=321367 
SEED is set to: 321367
SEED=654158 
SEED is set to: 654158
SEED=784996 
SEED is set to: 784996
SEED=819595 
SEED is set to: 819595
SEED=5496 
SEED is set to: 5496
SEED=111596 
SEED is set to: 111596
SEED=188364 
SEED is set to: 188364
SEED=688119 
SEED is set to: 688119
SEED=53432 
SEED is set to: 53432
SEED=389475 
SEED is set to: 389475
SEED=577880 
SEED is set to: 577880
SEED=586692 
SEED is set to: 586692
SEED=911008 
SEED is set to: 911008
SEED=204271 
SEED is set to: 204271
SEED=389454 
SEED is set to: 389454
SEED=690171 
SEED is set to: 690171
SEED=765191 
SEED is set to: 765191
SEED=77382 
SEED is set to: 77382
SEED=675672 
SEED is set to: 675672
SEED=775540 
SEED is set to: 775540
SEED=825071 
SEED is set to: 825071
SEED=400147 
SEED is set to: 400147
SEED=501845 
SEED is set to: 501845
SEED=709777 
SEED is set to: 709777
SEED=381742 
SEED is set to: 381742
SEED=717735 
SEED is set to: 717735
SEED=85649 
SEED is set to: 85649
SEED=203502 
SEED is set to: 203502
SEED=345731 
SEED is set to: 345731
SEED=895469 
SEED is set to: 895469
SEED=631711 
SEED is set to: 631711
SEED=681780 
SEED is set to: 681780
SEED=902603 
SEED is set to: 902603
SEED=65739 
SEED is set to: 65739
SEED=197664 
SEED is set to: 197664
SEED=187816 
SEED is set to: 187816
SEED=492871 
SEED is set to: 492871
SEED=593051 
SEED is set to: 593051
SEED=14264 
SEED is set to: 14264
SEED=402139 
SEED is set to: 402139
SEED=556085 
SEED is set to: 556085
free(): invalid pointer
SEED=831950 
SEED is set to: 831950
SEED=941046 
SEED is set to: 941046
SEED=984538 
SEED is set to: 984538
SEED=146153 
SEED is set to: 146153
SEED=459390 
SEED is set to: 459390
SEED=136599 
SEED is set to: 136599
SEED=193831 
SEED is set to: 193831
SEED=477632 
SEED is set to: 477632
SEED=490089 
SEED is set to: 490089
SEED=794241 
SEED is set to: 794241
SEED=983266 
SEED is set to: 983266
SEED=214389 
SEED is set to: 214389
SEED=601796 
SEED is set to: 601796
SEED=973590 
SEED is set to: 973590
SEED=127997 
SEED is set to: 127997
SEED=227380 
SEED is set to: 227380
SEED=428472 
SEED is set to: 428472
SEED=864679 
SEED is set to: 864679
SEED=908945 
SEED is set to: 908945
SEED=319364 
SEED is set to: 319364
SEED=409616 
SEED is set to: 409616
SEED=621320 
SEED is set to: 621320
SEED=852261 
SEED is set to: 852261
SEED=864735 
SEED is set to: 864735
SEED=102058 
SEED is set to: 102058
SEED=327763 
SEED is set to: 327763
SEED=337205 
SEED is set to: 337205
SEED=533216 
SEED is set to: 533216
SEED=551225 
SEED is set to: 551225
SEED=615348 
SEED is set to: 615348
SEED=341998 
SEED is set to: 341998
SEED=692874 
SEED is set to: 692874
SEED=819461 
SEED is set to: 819461
SEED=60809 
SEED is set to: 60809
SEED=293452 
SEED is set to: 293452
SEED=541231 
SEED is set to: 541231
SEED=748738 
SEED is set to: 748738
SEED=105752 
SEED is set to: 105752
SEED=216333 
SEED is set to: 216333
SEED=682254 
SEED is set to: 682254
SEED=957507 
SEED is set to: 957507
SEED=619588 
SEED is set to: 619588
SEED=726696 
SEED is set to: 726696
SEED=966986 
SEED is set to: 966986
SEED=971227 
SEED is set to: 971227
SEED=240539 
SEED is set to: 240539
SEED=293523 
SEED is set to: 293523
SEED=414536 
SEED is set to: 414536
SEED=92907 
SEED is set to: 92907
SEED=369849 
SEED is set to: 369849
SEED=442454 
SEED is set to: 442454
SEED=467095 
SEED is set to: 467095
SEED=496087 
SEED is set to: 496087
SEED=639132 
SEED is set to: 639132
SEED=692297 
SEED is set to: 692297
SEED=832310 
SEED is set to: 832310
SEED=43385 
SEED is set to: 43385
SEED=869514 
SEED is set to: 869514
SEED=930845 
SEED is set to: 930845
SEED=387511 
SEED is set to: 387511
SEED=388570 
SEED is set to: 388570
SEED=129265 
SEED is set to: 129265
SEED=569729 
SEED is set to: 569729
SEED=768667 
SEED is set to: 768667
SEED=826155 
SEED is set to: 826155
SEED=959358 
SEED is set to: 959358
SEED=239522 
SEED is set to: 239522
SEED=472260 
SEED is set to: 472260
SEED=738193 
SEED is set to: 738193
SEED=49446 
SEED is set to: 49446
SEED=225975 
SEED is set to: 225975
SEED=857996 
SEED is set to: 857996
SEED=20228 
SEED is set to: 20228
SEED=339746 
SEED is set to: 339746
SEED=564246 
SEED is set to: 564246
SEED=955051 
SEED is set to: 955051
SEED=238762 
SEED is set to: 238762
SEED=175311 
SEED is set to: 175311
SEED=312905 
SEED is set to: 312905
SEED=410369 
SEED is set to: 410369
SEED=438655 
SEED is set to: 438655
SEED=459684 
SEED is set to: 459684
SEED=602835 
SEED is set to: 602835
SEED=661143 
SEED is set to: 661143
SEED=684471 
SEED is set to: 684471
SEED=579899 
SEED is set to: 579899
SEED=589848 
SEED is set to: 589848
SEED=652259 
SEED is set to: 652259
SEED=692770 
SEED is set to: 692770
SEED=992730 
SEED is set to: 992730
SEED=92549 
SEED is set to: 92549
SEED=132670 
SEED is set to: 132670
SEED=833038 
SEED is set to: 833038
SEED=922649 
SEED is set to: 922649
SEED=930884 
SEED is set to: 930884
SEED=61131 
SEED is set to: 61131
SEED=177400 
SEED is set to: 177400
SEED=328557 
SEED is set to: 328557
SEED=409464 
SEED is set to: 409464
SEED=719269 
SEED is set to: 719269
SEED=64710 
SEED is set to: 64710
SEED=170431 
SEED is set to: 170431
SEED=374191 
SEED is set to: 374191
SEED=883792 
SEED is set to: 883792
SEED=83740 
SEED is set to: 83740
SEED=131868 
SEED is set to: 131868
SEED=220665 
SEED is set to: 220665
SEED=734775 
SEED is set to: 734775
SEED=746618 
SEED is set to: 746618
SEED=61264 
SEED is set to: 61264
SEED=187273 
SEED is set to: 187273
SEED=609942 
SEED is set to: 609942
SEED=791004 
SEED is set to: 791004
SEED=802138 
SEED is set to: 802138
SEED=320701 
SEED is set to: 320701
SEED=653962 
SEED is set to: 653962
SEED=781475 
SEED is set to: 781475
SEED=146342 
SEED is set to: 146342
SEED=270238 
SEED is set to: 270238
SEED=597677 
SEED is set to: 597677
SEED=780933 
SEED is set to: 780933
SEED=867507 
SEED is set to: 867507
SEED=306807 
SEED is set to: 306807
SEED=412772 
SEED is set to: 412772
SEED=475245 
SEED is set to: 475245
SEED=873437 
SEED is set to: 873437
SEED=3990 
SEED is set to: 3990
SEED=311100 
SEED is set to: 311100
SEED=602752 
SEED is set to: 602752
SEED=770082 
SEED is set to: 770082
SEED=292497 
SEED is set to: 292497
SEED=597752 
SEED is set to: 597752
SEED=946437 
SEED is set to: 946437
SEED=285826 
SEED is set to: 285826
SEED=371054 
SEED is set to: 371054
SEED=466448 
SEED is set to: 466448
SEED=685317 
SEED is set to: 685317
SEED=734606 
SEED is set to: 734606
SEED=606747 
SEED is set to: 606747
SEED=910296 
SEED is set to: 910296
SEED=948512 
SEED is set to: 948512
SEED=272337 
SEED is set to: 272337
SEED=387347 
SEED is set to: 387347
SEED=497832 
SEED is set to: 497832
SEED=572746 
SEED is set to: 572746
SEED=313203 
SEED is set to: 313203
SEED=387250 
SEED is set to: 387250
SEED=881039 
SEED is set to: 881039
SEED=125207 
SEED is set to: 125207
SEED=690059 
SEED is set to: 690059
SEED=819364 
SEED is set to: 819364
SEED=100736 
SEED is set to: 100736
SEED=100775 
SEED is set to: 100775
SEED=449371 
SEED is set to: 449371
SEED=189701 
SEED is set to: 189701
SEED=250524 
SEED is set to: 250524
SEED=928818 
SEED is set to: 928818
SEED=115359 
SEED is set to: 115359
SEED=169715 
SEED is set to: 169715
SEED=316070 
SEED is set to: 316070
SEED=395717 
SEED is set to: 395717
SEED=756132 
SEED is set to: 756132
SEED=774403 
SEED is set to: 774403
SEED=854126 
SEED is set to: 854126
SEED=429872 
SEED is set to: 429872
SEED=523842 
SEED is set to: 523842
SEED=24362 
SEED is set to: 24362
SEED=121922 
SEED is set to: 121922
SEED=350785 
SEED is set to: 350785
SEED=5952 
SEED is set to: 5952
SEED=699785 
SEED is set to: 699785
SEED=702489 
SEED is set to: 702489
SEED=897270 
SEED is set to: 897270
SEED=586700 
SEED is set to: 586700
SEED=295813 
SEED is set to: 295813
SEED=306707 
SEED is set to: 306707
SEED=939005 
SEED is set to: 939005
SEED=390396 
SEED is set to: 390396
SEED=491121 
SEED is set to: 491121
SEED=871242 
SEED is set to: 871242
SEED=69664 
SEED is set to: 69664
SEED=360898 
SEED is set to: 360898
SEED=815276 
SEED is set to: 815276
SEED=58829 
SEED is set to: 58829
SEED=66325 
SEED is set to: 66325
SEED=668351 
SEED is set to: 668351
SEED=546538 
SEED is set to: 546538
SEED=566252 
SEED is set to: 566252
SEED=568023 
SEED is set to: 568023
SEED=670845 
SEED is set to: 670845
SEED=817393 
SEED is set to: 817393
SEED=892582 
SEED is set to: 892582
SEED=969499 
SEED is set to: 969499
SEED=898576 
SEED is set to: 898576
SEED=50397 
SEED is set to: 50397
SEED=56846 
SEED is set to: 56846
SEED=170798 
SEED is set to: 170798
SEED=217966 
SEED is set to: 217966
SEED=393491 
SEED is set to: 393491
SEED=958165 
SEED is set to: 958165
SEED=358444 
SEED is set to: 358444
SEED=422398 
SEED is set to: 422398
SEED=563432 
SEED is set to: 563432
SEED=578186 
SEED is set to: 578186
SEED=368728 
SEED is set to: 368728
SEED=690073 
SEED is set to: 690073
SEED=697759 
SEED is set to: 697759
SEED=59922 
SEED is set to: 59922
SEED=195946 
SEED is set to: 195946
SEED=256529 
SEED is set to: 256529
SEED=998670 
SEED is set to: 998670
SEED=186903 
SEED is set to: 186903
SEED=268241 
SEED is set to: 268241
SEED=501567 
SEED is set to: 501567
SEED=832919 
SEED is set to: 832919
SEED=51920 
SEED is set to: 51920
SEED=294169 
SEED is set to: 294169
SEED=705578 
SEED is set to: 705578
SEED=347807 
SEED is set to: 347807
SEED=358074 
SEED is set to: 358074
SEED=365495 
SEED is set to: 365495
SEED=749842 
SEED is set to: 749842
SEED=233048 
SEED is set to: 233048
SEED=253426 
SEED is set to: 253426
SEED=509899 
SEED is set to: 509899
SEED=859580 
SEED is set to: 859580
SEED=433505 
SEED is set to: 433505
SEED=594005 
SEED is set to: 594005
SEED=14527 
SEED is set to: 14527
SEED=64742 
SEED is set to: 64742
SEED=860374 
SEED is set to: 860374
SEED=548260 
SEED is set to: 548260
SEED=550725 
SEED is set to: 550725
SEED=609311 
SEED is set to: 609311
SEED=16567 
SEED is set to: 16567
SEED=312606 
SEED is set to: 312606
SEED=36501 
SEED is set to: 36501
SEED=203186 
SEED is set to: 203186
SEED=569186 
SEED is set to: 569186
SEED=19039 
SEED is set to: 19039
SEED=484269 
SEED is set to: 484269
SEED=507061 
SEED is set to: 507061
SEED=802789 
SEED is set to: 802789
SEED=807564 
SEED is set to: 807564
SEED=841652 
SEED is set to: 841652
SEED=574098 
SEED is set to: 574098
SEED=637261 
SEED is set to: 637261
SEED=847311 
SEED is set to: 847311
SEED=873538 
SEED is set to: 873538
SEED=341867 
SEED is set to: 341867
SEED=286852 
SEED is set to: 286852
SEED=500471 
SEED is set to: 500471
SEED=500970 
SEED is set to: 500970
SEED=735966 
SEED is set to: 735966
SEED=82276 
SEED is set to: 82276
SEED=770652 
SEED is set to: 770652
SEED=10794 
SEED is set to: 10794
SEED=121447 
SEED is set to: 121447
SEED=202299 
SEED is set to: 202299
SEED=517935 
SEED is set to: 517935
SEED=940149 
SEED is set to: 940149
SEED=222945 
SEED is set to: 222945
SEED=409752 
SEED is set to: 409752
SEED=566491 
SEED is set to: 566491
SEED=714831 
SEED is set to: 714831
SEED=875545 
SEED is set to: 875545
SEED=960255 
SEED is set to: 960255
SEED=712823 
SEED is set to: 712823
SEED=762079 
SEED is set to: 762079
SEED=854066 
SEED is set to: 854066
SEED=63079 
SEED is set to: 63079
SEED=86629 
SEED is set to: 86629
SEED=288179 
SEED is set to: 288179
SEED=99797 
SEED is set to: 99797
SEED=179495 
SEED is set to: 179495
SEED=196429 
SEED is set to: 196429
SEED=319921 
SEED is set to: 319921
SEED=542494 
SEED is set to: 542494
SEED=553811 
SEED is set to: 553811
SEED=814335 
SEED is set to: 814335
SEED=830698 
SEED is set to: 830698
SEED=505375 
SEED is set to: 505375
SEED=608090 
SEED is set to: 608090
SEED=908161 
SEED is set to: 908161
SEED=922931 
SEED is set to: 922931
SEED=977426 
SEED is set to: 977426
SEED=130907 
SEED is set to: 130907
SEED=686606 
SEED is set to: 686606
SEED=781890 
SEED is set to: 781890
SEED=36482 
SEED is set to: 36482
SEED=165405 
SEED is set to: 165405
SEED=391767 
SEED is set to: 391767
SEED=400451 
SEED is set to: 400451
SEED=766868 
SEED is set to: 766868
SEED=187315 
SEED is set to: 187315
SEED=436191 
SEED is set to: 436191
SEED=530732 
SEED is set to: 530732
SEED=534796 
SEED is set to: 534796
SEED=787283 
SEED is set to: 787283
SEED=80221 
SEED is set to: 80221
SEED=456168 
SEED is set to: 456168
SEED=614061 
SEED is set to: 614061
SEED=942130 
SEED is set to: 942130
SEED=83884 
SEED is set to: 83884
SEED=85375 
SEED is set to: 85375
SEED=242008 
SEED is set to: 242008
SEED=694501 
SEED is set to: 694501
SEED=859265 
SEED is set to: 859265
SEED=396247 
SEED is set to: 396247
SEED=515410 
SEED is set to: 515410
SEED=657375 
SEED is set to: 657375
SEED=860504 
SEED is set to: 860504
SEED=515733 
SEED is set to: 515733
SEED=119159 
SEED is set to: 119159
SEED=154106 
SEED is set to: 154106
SEED=634150 
SEED is set to: 634150
SEED=880961 
SEED is set to: 880961
SEED=929167 
SEED is set to: 929167
SEED=213101 
SEED is set to: 213101
SEED=620334 
SEED is set to: 620334
SEED=996674 
SEED is set to: 996674
SEED=27508 
SEED is set to: 27508
SEED=430545 
SEED is set to: 430545
SEED=452356 
SEED is set to: 452356
SEED=832770 
SEED is set to: 832770
SEED=21124 
SEED is set to: 21124
SEED=112280 
SEED is set to: 112280
SEED=555063 
SEED is set to: 555063
SEED=900874 
SEED is set to: 900874
SEED=174081 
SEED is set to: 174081
SEED=365627 
SEED is set to: 365627
SEED=554705 
SEED is set to: 554705
SEED=121135 
SEED is set to: 121135
SEED=190334 
SEED is set to: 190334
SEED=441878 
SEED is set to: 441878
SEED=469683 
SEED is set to: 469683
SEED=470652 
SEED is set to: 470652
SEED=487286 
SEED is set to: 487286
SEED=923811 
SEED is set to: 923811
SEED=728398 
SEED is set to: 728398
SEED=843567 
SEED is set to: 843567
SEED=942335 
SEED is set to: 942335
SEED=996025 
SEED is set to: 996025
SEED=184183 
SEED is set to: 184183
SEED=229897 
SEED is set to: 229897
SEED=953338 
SEED is set to: 953338
SEED=336147 
SEED is set to: 336147
SEED=431274 
SEED is set to: 431274
SEED=469009 
SEED is set to: 469009
SEED=533874 
SEED is set to: 533874
SEED=708722 
SEED is set to: 708722
SEED=443863 
SEED is set to: 443863
SEED=727410 
SEED is set to: 727410
SEED=876294 
SEED is set to: 876294
SEED=15365 
SEED is set to: 15365
SEED=129276 
SEED is set to: 129276
SEED=175327 
SEED is set to: 175327
SEED=970501 
SEED is set to: 970501
SEED=58240 
SEED is set to: 58240
SEED=367866 
SEED is set to: 367866
SEED=485952 
SEED is set to: 485952
SEED=629523 
SEED is set to: 629523
SEED=730116 
SEED is set to: 730116
SEED=909246 
SEED is set to: 909246
SEED=625455 
SEED is set to: 625455
SEED=711275 
SEED is set to: 711275
SEED=183691 
SEED is set to: 183691
SEED=193383 
SEED is set to: 193383
SEED=798051 
SEED is set to: 798051
SEED=887257 
SEED is set to: 887257
SEED=370742 
SEED is set to: 370742
SEED=464429 
SEED is set to: 464429
SEED=52461 
SEED is set to: 52461
SEED=459742 
SEED is set to: 459742
SEED=562134 
SEED is set to: 562134
SEED=593892 
SEED is set to: 593892
SEED=915602 
SEED is set to: 915602
SEED=211624 
SEED is set to: 211624
SEED=568071 
SEED is set to: 568071
SEED=34313 
SEED is set to: 34313
SEED=374599 
SEED is set to: 374599
SEED=411437 
SEED is set to: 411437
SEED=716481 
SEED is set to: 716481
SEED=97405 
SEED is set to: 97405
SEED=340718 
SEED is set to: 340718
SEED=365290 
SEED is set to: 365290
SEED=382275 
SEED is set to: 382275
SEED=996013 
SEED is set to: 996013
SEED=82170 
SEED is set to: 82170
SEED=129164 
SEED is set to: 129164
SEED=185510 
SEED is set to: 185510
SEED=413653 
SEED is set to: 413653
SEED=458989 
SEED is set to: 458989
SEED=588607 
SEED is set to: 588607
SEED=593526 
SEED is set to: 593526
SEED=594101 
SEED is set to: 594101
SEED=809192 
SEED is set to: 809192
SEED=840253 
SEED is set to: 840253
SEED=862846 
SEED is set to: 862846
SEED=879271 
SEED is set to: 879271
SEED=1579 
SEED is set to: 1579
SEED=49817 
SEED is set to: 49817
SEED=280929 
SEED is set to: 280929
SEED=281538 
SEED is set to: 281538
SEED=461042 
SEED is set to: 461042
SEED=662998 
SEED is set to: 662998
SEED=707676 
SEED is set to: 707676
SEED=325182 
SEED is set to: 325182
SEED=534850 
SEED is set to: 534850
SEED=894754 
SEED is set to: 894754
SEED=120690 
SEED is set to: 120690
SEED=212747 
SEED is set to: 212747
SEED=638212 
SEED is set to: 638212
SEED=300406 
SEED is set to: 300406
SEED=628890 
SEED is set to: 628890
SEED=636513 
SEED is set to: 636513
SEED=672894 
SEED is set to: 672894
SEED=167305 
SEED is set to: 167305
SEED=218624 
SEED is set to: 218624
SEED=335448 
SEED is set to: 335448
SEED=772648 
SEED is set to: 772648
SEED=906342 
SEED is set to: 906342
SEED=144047 
SEED is set to: 144047
SEED=397545 
SEED is set to: 397545
SEED=533189 
SEED is set to: 533189
SEED=612487 
SEED is set to: 612487
SEED=181803 
SEED is set to: 181803
SEED=277342 
SEED is set to: 277342
SEED=514882 
SEED is set to: 514882
SEED=554752 
SEED is set to: 554752
SEED=777072 
SEED is set to: 777072
SEED=313435 
SEED is set to: 313435
SEED=687263 
SEED is set to: 687263
SEED=110932 
SEED is set to: 110932
SEED=227797 
SEED is set to: 227797
SEED=349103 
SEED is set to: 349103
SEED=358787 
SEED is set to: 358787
SEED=391034 
SEED is set to: 391034
SEED=414058 
SEED is set to: 414058
SEED=850740 
SEED is set to: 850740
SEED=628335 
SEED is set to: 628335
SEED=637723 
SEED is set to: 637723
SEED=788048 
SEED is set to: 788048
SEED=795628 
SEED is set to: 795628
SEED=964695 
SEED is set to: 964695
SEED=246218 
SEED is set to: 246218
SEED=366303 
SEED is set to: 366303
SEED=523205 
SEED is set to: 523205
SEED=840340 
SEED is set to: 840340
SEED=253334 
SEED is set to: 253334
SEED=760443 
SEED is set to: 760443
SEED=431432 
SEED is set to: 431432
SEED=660464 
SEED is set to: 660464
SEED=687924 
SEED is set to: 687924
SEED=724261 
SEED is set to: 724261
SEED=356917 
SEED is set to: 356917
SEED=70641 
SEED is set to: 70641
SEED=146166 
SEED is set to: 146166
SEED=226673 
SEED is set to: 226673
SEED=337964 
SEED is set to: 337964
SEED=440294 
SEED is set to: 440294
SEED=756854 
SEED is set to: 756854
SEED=382643 
SEED is set to: 382643
SEED=523186 
SEED is set to: 523186
SEED=708160 
SEED is set to: 708160
SEED=13089 
SEED is set to: 13089
SEED=34862 
SEED is set to: 34862
SEED=42324 
SEED is set to: 42324
SEED=42333 
SEED is set to: 42333
SEED=273354 
SEED is set to: 273354
SEED=640391 
SEED is set to: 640391
SEED=821181 
SEED is set to: 821181
SEED=141476 
SEED is set to: 141476
SEED=383326 
SEED is set to: 383326
SEED=430446 
SEED is set to: 430446
SEED=655284 
SEED is set to: 655284
SEED=687139 
SEED is set to: 687139
SEED=931947 
SEED is set to: 931947
SEED=163368 
SEED is set to: 163368
SEED=736506 
SEED is set to: 736506
SEED=764107 
SEED is set to: 764107
SEED=2879 
SEED is set to: 2879
SEED=472847 
SEED is set to: 472847
SEED=520663 
SEED is set to: 520663
SEED=892861 
SEED is set to: 892861
SEED=99455 
SEED is set to: 99455
SEED=703935 
SEED is set to: 703935
SEED=169862 
SEED is set to: 169862
SEED=660236 
SEED is set to: 660236
SEED=745548 
SEED is set to: 745548
SEED=412285 
SEED is set to: 412285
SEED=551389 
SEED is set to: 551389
SEED=728952 
SEED is set to: 728952
SEED=888712 
SEED is set to: 888712
SEED=265270 
SEED is set to: 265270
SEED=394957 
SEED is set to: 394957
SEED=678280 
SEED is set to: 678280
SEED=894789 
SEED is set to: 894789
SEED=692 
SEED is set to: 692
SEED=465228 
SEED is set to: 465228
SEED=498805 
SEED is set to: 498805
SEED=993451 
SEED is set to: 993451
SEED=996642 
SEED is set to: 996642
SEED=87597 
SEED is set to: 87597
SEED=603275 
SEED is set to: 603275
SEED=615012 
SEED is set to: 615012
SEED=107492 
SEED is set to: 107492
SEED=546687 
SEED is set to: 546687
SEED=700754 
SEED is set to: 700754
SEED=943060 
SEED is set to: 943060
SEED=230386 
SEED is set to: 230386
SEED=331547 
SEED is set to: 331547
SEED=654145 
SEED is set to: 654145
SEED=894724 
SEED is set to: 894724
SEED=179371 
SEED is set to: 179371
SEED=465944 
SEED is set to: 465944
SEED=511838 
SEED is set to: 511838
SEED=689902 
SEED is set to: 689902
SEED=817145 
SEED is set to: 817145
SEED=468555 
SEED is set to: 468555
SEED=527662 
SEED is set to: 527662
SEED=731358 
SEED is set to: 731358
SEED=804512 
SEED is set to: 804512
SEED=237812 
SEED is set to: 237812
SEED=208202 
SEED is set to: 208202
SEED=221559 
SEED is set to: 221559
SEED=381375 
SEED is set to: 381375
SEED=649192 
SEED is set to: 649192
SEED=991380 
SEED is set to: 991380
SEED=760638 
SEED is set to: 760638
SEED=34655 
SEED is set to: 34655
SEED=100622 
SEED is set to: 100622
SEED=229933 
SEED is set to: 229933
SEED=587350 
SEED is set to: 587350
SEED=986042 
SEED is set to: 986042
SEED=154732 
SEED is set to: 154732
SEED=394250 
SEED is set to: 394250
SEED=255734 
SEED is set to: 255734
SEED=494263 
SEED is set to: 494263
SEED=612062 
SEED is set to: 612062
SEED=631314 
SEED is set to: 631314
SEED=683376 
SEED is set to: 683376
SEED=897880 
SEED is set to: 897880
SEED=65120 
SEED is set to: 65120
SEED=350133 
SEED is set to: 350133
SEED=359742 
SEED is set to: 359742
SEED=542850 
SEED is set to: 542850
SEED=763479 
SEED is set to: 763479
SEED=841185 
SEED is set to: 841185
SEED=44442 
SEED is set to: 44442
SEED=148376 
SEED is set to: 148376
SEED=388132 
SEED is set to: 388132
SEED=714270 
SEED is set to: 714270
SEED=229282 
SEED is set to: 229282
SEED=416954 
SEED is set to: 416954
SEED=507113 
SEED is set to: 507113
SEED=600418 
SEED is set to: 600418
SEED=53616 
SEED is set to: 53616
SEED=89036 
SEED is set to: 89036
SEED=325268 
SEED is set to: 325268
SEED=111226 
SEED is set to: 111226
SEED=449074 
SEED is set to: 449074
SEED=955362 
SEED is set to: 955362
SEED=135385 
SEED is set to: 135385
SEED=353005 
SEED is set to: 353005
SEED=639827 
SEED is set to: 639827
SEED=690465 
SEED is set to: 690465
SEED=86325 
SEED is set to: 86325
SEED=452091 
SEED is set to: 452091
SEED=722384 
SEED is set to: 722384
SEED=765774 
SEED is set to: 765774
SEED=970562 
SEED is set to: 970562
SEED=998857 
SEED is set to: 998857
SEED=760965 
SEED is set to: 760965
SEED=764346 
SEED is set to: 764346
SEED=793577 
SEED is set to: 793577
SEED=10280 
SEED is set to: 10280
SEED=232183 
SEED is set to: 232183
SEED=454483 
SEED is set to: 454483
SEED=575283 
SEED is set to: 575283
SEED=391380 
SEED is set to: 391380
SEED=620467 
SEED is set to: 620467
SEED=624545 
SEED is set to: 624545
SEED=972247 
SEED is set to: 972247
SEED=207583 
SEED is set to: 207583
SEED=308743 
SEED is set to: 308743
SEED=778146 
SEED is set to: 778146
SEED=105707 
SEED is set to: 105707
SEED=206591 
SEED is set to: 206591
SEED=401302 
SEED is set to: 401302
SEED=403492 
SEED is set to: 403492
SEED=511839 
SEED is set to: 511839
SEED=627880 
SEED is set to: 627880
SEED=655432 
SEED is set to: 655432
SEED=880894 
SEED is set to: 880894
SEED=216115 
SEED is set to: 216115
SEED=429190 
SEED is set to: 429190
SEED=989838 
SEED is set to: 989838
SEED=575673 
SEED is set to: 575673
SEED=585923 
SEED is set to: 585923
SEED=963747 
SEED is set to: 963747
SEED=996982 
SEED is set to: 996982
SEED=549236 
SEED is set to: 549236
SEED=33420 
SEED is set to: 33420
SEED=222332 
SEED is set to: 222332
SEED=280165 
SEED is set to: 280165
SEED=667321 
SEED is set to: 667321
SEED=762837 
SEED is set to: 762837
SEED=898133 
SEED is set to: 898133
SEED=638353 
SEED is set to: 638353
SEED=639178 
SEED is set to: 639178
SEED=670805 
SEED is set to: 670805
SEED=918120 
SEED is set to: 918120
SEED=101480 
SEED is set to: 101480
SEED=229112 
SEED is set to: 229112
SEED=470560 
SEED is set to: 470560
SEED=39865 
SEED is set to: 39865
SEED=515457 
SEED is set to: 515457
SEED=657563 
SEED is set to: 657563
SEED=748148 
SEED is set to: 748148
SEED=6374 
SEED is set to: 6374
SEED=577054 
SEED is set to: 577054
SEED=872668 
SEED is set to: 872668
SEED=66840 
SEED is set to: 66840
SEED=83196 
SEED is set to: 83196
SEED=138778 
SEED is set to: 138778
SEED=391135 
SEED is set to: 391135
SEED=215096 
SEED is set to: 215096
SEED=333507 
SEED is set to: 333507
SEED=347005 
SEED is set to: 347005
SEED=805706 
SEED is set to: 805706
SEED=861291 
SEED is set to: 861291
terminate called after throwing an instance of 'std::length_error'
  what():  cannot create std::vector larger than max_size()
SEED=148220 
SEED is set to: 148220
SEED=319605 
SEED is set to: 319605
SEED=351891 
SEED is set to: 351891
SEED=712119 
SEED is set to: 712119
SEED=130813 
SEED is set to: 130813
SEED=186731 
SEED is set to: 186731
SEED=225740 
SEED is set to: 225740
SEED=360084 
SEED is set to: 360084
SEED=781007 
SEED is set to: 781007
SEED=643666 
SEED is set to: 643666
SEED=681365 
SEED is set to: 681365
SEED=721446 
SEED is set to: 721446
SEED=796127 
SEED is set to: 796127
SEED=90514 
SEED is set to: 90514
SEED=478876 
SEED is set to: 478876
SEED=240028 
SEED is set to: 240028
SEED=392336 
SEED is set to: 392336
SEED=407619 
SEED is set to: 407619
SEED=438265 
SEED is set to: 438265
SEED=905099 
SEED is set to: 905099
SEED=100407 
SEED is set to: 100407
SEED=729949 
SEED is set to: 729949
SEED=966184 
SEED is set to: 966184
SEED=183984 
SEED is set to: 183984
SEED=204995 
SEED is set to: 204995
SEED=237496 
SEED is set to: 237496
SEED=305243 
SEED is set to: 305243
SEED=330469 
SEED is set to: 330469
SEED=454456 
SEED is set to: 454456
SEED=356091 
SEED is set to: 356091
SEED=665753 
SEED is set to: 665753
SEED=670578 
SEED is set to: 670578
SEED=760021 
SEED is set to: 760021
SEED=96652 
SEED is set to: 96652
SEED=346740 
SEED is set to: 346740
SEED=794989 
SEED is set to: 794989
SEED=5646 
SEED is set to: 5646
SEED=443323 
SEED is set to: 443323
SEED=659755 
SEED is set to: 659755
SEED=673559 
SEED is set to: 673559
SEED=747019 
SEED is set to: 747019
SEED=966053 
SEED is set to: 966053
SEED=226508 
SEED is set to: 226508
SEED=604451 
SEED is set to: 604451
SEED=926815 
SEED is set to: 926815
SEED=339432 
SEED is set to: 339432
SEED=539784 
SEED is set to: 539784
SEED=564173 
SEED is set to: 564173
SEED=814795 
SEED is set to: 814795
SEED=993943 
SEED is set to: 993943
SEED=254158 
SEED is set to: 254158
SEED=440998 
SEED is set to: 440998
SEED=713887 
SEED is set to: 713887
SEED=805506 
SEED is set to: 805506
SEED=899584 
SEED is set to: 899584
SEED=187159 
SEED is set to: 187159
SEED=538593 
SEED is set to: 538593
SEED=304399 
SEED is set to: 304399
SEED=443010 
SEED is set to: 443010
SEED=654394 
SEED is set to: 654394
SEED=701418 
SEED is set to: 701418
SEED=77122 
SEED is set to: 77122
SEED=213974 
SEED is set to: 213974
SEED=510131 
SEED is set to: 510131
SEED=717875 
SEED is set to: 717875
SEED=174160 
SEED is set to: 174160
SEED=250712 
SEED is set to: 250712
SEED=853997 
SEED is set to: 853997
SEED=864988 
SEED is set to: 864988
SEED=920647 
SEED is set to: 920647
SEED=344540 
SEED is set to: 344540
SEED=742265 
SEED is set to: 742265
SEED=782276 
SEED is set to: 782276
SEED=834872 
SEED is set to: 834872
SEED=313770 
SEED is set to: 313770
SEED=573939 
SEED is set to: 573939
SEED=649928 
SEED is set to: 649928
SEED=833730 
SEED is set to: 833730
SEED=9074 
SEED is set to: 9074
SEED=740901 
SEED is set to: 740901
SEED=795878 
SEED is set to: 795878
SEED=850160 
SEED is set to: 850160
SEED=261337 
SEED is set to: 261337
SEED=332057 
SEED is set to: 332057
SEED=385011 
SEED is set to: 385011
SEED=390076 
SEED is set to: 390076
SEED=464930 
SEED is set to: 464930
SEED=649196 
SEED is set to: 649196
SEED=652621 
SEED is set to: 652621
SEED=885255 
SEED is set to: 885255
SEED=907726 
SEED is set to: 907726
SEED=950395 
SEED is set to: 950395
SEED=707315 
SEED is set to: 707315
SEED=927022 
SEED is set to: 927022
SEED=154595 
SEED is set to: 154595
SEED=173066 
SEED is set to: 173066
SEED=283669 
SEED is set to: 283669
SEED=265986 
SEED is set to: 265986
SEED=369819 
SEED is set to: 369819
SEED=480299 
SEED=480306 
SEED is set to: 480306
SEED is set to: 480299
SEED=782900 
SEED is set to: 782900
SEED=901503 
SEED is set to: 901503
SEED=246871 
SEED is set to: 246871
SEED=663277 
SEED is set to: 663277
SEED=670990 
SEED is set to: 670990
SEED=674117 
SEED is set to: 674117
SEED=871839 
SEED is set to: 871839
SEED=895457 
SEED is set to: 895457
SEED=125759 
SEED is set to: 125759
SEED=245379 
SEED is set to: 245379
SEED=697729 
SEED is set to: 697729
SEED=956253 
SEED is set to: 956253
SEED=995164 
SEED is set to: 995164
SEED=98560 
SEED is set to: 98560
SEED=272824 
SEED is set to: 272824
SEED=488043 
SEED is set to: 488043
SEED=976947 
SEED is set to: 976947
SEED=86034 
SEED is set to: 86034
SEED=195656 
SEED is set to: 195656
SEED=495134 
SEED is set to: 495134
SEED=564026 
SEED is set to: 564026
SEED=646309 
SEED is set to: 646309
SEED=813595 
SEED is set to: 813595
SEED=834271 
SEED is set to: 834271
SEED=7509 
SEED is set to: 7509
SEED=26698 
SEED is set to: 26698
SEED=106053 
SEED is set to: 106053
SEED=243780 
SEED is set to: 243780
SEED=546246 
SEED is set to: 546246
SEED=156812 
SEED is set to: 156812
SEED=193896 
SEED is set to: 193896
SEED=315640 
SEED is set to: 315640
SEED=346079 
SEED is set to: 346079
SEED=383966 
SEED is set to: 383966
SEED=464599 
SEED is set to: 464599
SEED=730584 
SEED is set to: 730584
SEED=919743 
SEED is set to: 919743
SEED=368852 
SEED is set to: 368852
SEED=666908 
SEED is set to: 666908
SEED=208128 
SEED is set to: 208128
SEED=541560 
SEED is set to: 541560
SEED=806860 
SEED is set to: 806860
SEED=909148 
SEED is set to: 909148
SEED=7801 
SEED is set to: 7801
SEED=286145 
SEED is set to: 286145
SEED=385541 
SEED is set to: 385541
SEED=306058 
SEED is set to: 306058
SEED=713670 
SEED is set to: 713670
SEED=928637 
SEED is set to: 928637
SEED=123856 
SEED is set to: 123856
SEED=647361 
SEED is set to: 647361
SEED=741175 
SEED is set to: 741175
SEED=29300 
SEED is set to: 29300
SEED=309516 
SEED is set to: 309516
SEED=566216 
SEED is set to: 566216
SEED=656168 
SEED is set to: 656168
SEED=856026 
SEED=856026 
SEED is set to: 856026
SEED is set to: 856026
SEED=294734 
SEED is set to: 294734
SEED=648040 
SEED is set to: 648040
SEED=41543 
SEED is set to: 41543
SEED=147174 
SEED is set to: 147174
SEED=246263 
SEED is set to: 246263
SEED=273729 
SEED is set to: 273729
SEED=386350 
SEED is set to: 386350
SEED=757400 
SEED is set to: 757400
SEED=862802 
SEED is set to: 862802
SEED=439872 
SEED is set to: 439872
SEED=735467 
SEED is set to: 735467
SEED=961653 
SEED is set to: 961653
SEED=93580 
SEED is set to: 93580
SEED=222342 
SEED is set to: 222342
SEED=793652 
SEED is set to: 793652
SEED=34608 
SEED is set to: 34608
SEED=815114 
SEED is set to: 815114
SEED=215424 
SEED is set to: 215424
SEED=387612 
SEED is set to: 387612
SEED=805611 
SEED is set to: 805611
SEED=822096 
SEED is set to: 822096
SEED=896126 
SEED is set to: 896126
SEED=480980 
SEED is set to: 480980
SEED=570785 
SEED is set to: 570785
SEED=660376 
SEED is set to: 660376
SEED=897356 
SEED is set to: 897356
SEED=161806 
SEED is set to: 161806
SEED=274732 
SEED is set to: 274732
SEED=962721 
SEED is set to: 962721
SEED=167893 
SEED is set to: 167893
SEED=418019 
SEED is set to: 418019
SEED=537386 
SEED is set to: 537386
SEED=540936 
SEED is set to: 540936
SEED=109025 
SEED is set to: 109025
SEED=373003 
SEED is set to: 373003
SEED=519012 
SEED is set to: 519012
SEED=792109 
SEED is set to: 792109
SEED=860498 
SEED is set to: 860498
SEED=203863 
SEED is set to: 203863
SEED=716213 
SEED is set to: 716213
SEED=856307 
SEED is set to: 856307
SEED=170715 
SEED is set to: 170715
SEED=226091 
SEED is set to: 226091
SEED=244878 
SEED is set to: 244878
SEED=291496 
SEED is set to: 291496
SEED=700984 
SEED is set to: 700984
SEED=292490 
SEED is set to: 292490
SEED=958613 
SEED is set to: 958613
SEED=282005 
SEED is set to: 282005
SEED=408687 
SEED is set to: 408687
SEED=731748 
SEED is set to: 731748
SEED=120739 
SEED is set to: 120739
SEED=522107 
SEED is set to: 522107
SEED=666754 
SEED is set to: 666754
SEED=903935 
SEED is set to: 903935
SEED=986622 
SEED is set to: 986622
SEED=23808 
SEED is set to: 23808
SEED=708104 
SEED is set to: 708104
SEED=825717 
SEED is set to: 825717
SEED=933671 
SEED is set to: 933671
SEED=19729 
SEED is set to: 19729
SEED=232583 
SEED is set to: 232583
SEED=418930 
SEED is set to: 418930
SEED=626742 
SEED is set to: 626742
SEED=253648 
SEED is set to: 253648
SEED=532505 
SEED is set to: 532505
SEED=580779 
SEED is set to: 580779
SEED=751752 
SEED is set to: 751752
SEED=764622 
SEED is set to: 764622
SEED=809433 
SEED is set to: 809433
SEED=817347 
SEED is set to: 817347
SEED=925468 
SEED is set to: 925468
SEED=747793 
SEED is set to: 747793
SEED=793319 
SEED is set to: 793319
SEED=992979 
SEED is set to: 992979
SEED=17963 
SEED is set to: 17963
SEED=294679 
SEED is set to: 294679
SEED=911549 
SEED is set to: 911549
SEED=963621 
SEED is set to: 963621
SEED=288871 
SEED is set to: 288871
SEED=371538 
SEED is set to: 371538
SEED=509942 
SEED is set to: 509942
SEED=617534 
SEED is set to: 617534
SEED=88969 
SEED is set to: 88969
SEED=341119 
SEED is set to: 341119
SEED=496073 
SEED is set to: 496073
SEED=677018 
SEED is set to: 677018
SEED=843114 
SEED is set to: 843114
SEED=243401 
SEED is set to: 243401
SEED=499130 
SEED is set to: 499130
SEED=74742 
SEED is set to: 74742
SEED=661207 
SEED is set to: 661207
SEED=785316 
SEED is set to: 785316
SEED=179643 
SEED is set to: 179643
SEED=478138 
SEED is set to: 478138
SEED=652047 
SEED is set to: 652047
SEED=906274 
SEED is set to: 906274
SEED=3312 
SEED is set to: 3312
SEED=389816 
SEED is set to: 389816
SEED=439082 
SEED is set to: 439082
SEED=957550 
SEED is set to: 957550
SEED=62261 
SEED is set to: 62261
SEED=113761 
SEED is set to: 113761
SEED=370931 
SEED is set to: 370931
SEED=722824 
SEED is set to: 722824
SEED=798529 
SEED is set to: 798529
SEED=805131 
SEED is set to: 805131
SEED=901140 
SEED is set to: 901140
SEED=461913 
SEED is set to: 461913
SEED=474423 
SEED is set to: 474423
SEED=230310 
SEED is set to: 230310
SEED=506109 
SEED is set to: 506109
SEED=552518 
SEED is set to: 552518
SEED=926265 
SEED is set to: 926265
SEED=86674 
SEED is set to: 86674
SEED=115855 
SEED is set to: 115855
SEED=266642 
SEED is set to: 266642
SEED=82576 
SEED is set to: 82576
SEED=236652 
SEED is set to: 236652
munmap_chunk(): invalid pointer
SEED=322088 
SEED is set to: 322088
SEED=510347 
SEED is set to: 510347
SEED=561296 
SEED is set to: 561296
SEED=567730 
SEED is set to: 567730
SEED=679560 
SEED is set to: 679560
SEED=948763 
SEED is set to: 948763
SEED=495976 
SEED is set to: 495976
SEED=588180 
SEED is set to: 588180
SEED=27877 
SEED is set to: 27877
SEED=277298 
SEED is set to: 277298
SEED=817997 
SEED is set to: 817997
SEED=886681 
SEED is set to: 886681
SEED=51110 
SEED is set to: 51110
SEED=61548 
SEED is set to: 61548
SEED=162006 
SEED is set to: 162006
SEED=922034 
SEED is set to: 922034
SEED=979625 
SEED is set to: 979625
SEED=178226 
SEED is set to: 178226
SEED=270625 
SEED is set to: 270625
SEED=399653 
SEED is set to: 399653
SEED=471723 
SEED is set to: 471723
SEED=495706 
SEED is set to: 495706
SEED=530856 
SEED is set to: 530856
SEED=588846 
SEED is set to: 588846
SEED=862323 
SEED is set to: 862323
SEED=996773 
SEED is set to: 996773
SEED=58377 
SEED is set to: 58377
SEED=70582 
SEED is set to: 70582
SEED=257491 
SEED is set to: 257491
SEED=60360 
SEED is set to: 60360
SEED=167028 
SEED is set to: 167028
SEED=421483 
SEED is set to: 421483
SEED=638460 
SEED is set to: 638460
SEED=321427 
SEED is set to: 321427
SEED=556978 
SEED is set to: 556978
SEED=696779 
SEED is set to: 696779
SEED=739674 
SEED is set to: 739674
SEED=829289 
SEED is set to: 829289
SEED=896663 
SEED is set to: 896663
SEED=104330 
SEED is set to: 104330
SEED=176773 
SEED is set to: 176773
SEED=481280 
SEED is set to: 481280
SEED=4727 
SEED is set to: 4727
SEED=783608 
SEED is set to: 783608
SEED=970899 
SEED is set to: 970899
SEED=247798 
SEED is set to: 247798
SEED=302739 
SEED is set to: 302739
SEED=345283 
SEED is set to: 345283
SEED=459046 
SEED is set to: 459046
SEED=836135 
SEED is set to: 836135
SEED=138427 
SEED is set to: 138427
SEED=620690 
SEED is set to: 620690
SEED=724447 
SEED is set to: 724447
SEED=74560 
SEED is set to: 74560
SEED=253567 
SEED is set to: 253567
SEED=419117 
SEED is set to: 419117
SEED=208531 
SEED is set to: 208531
SEED=270150 
SEED is set to: 270150
SEED=837988 
SEED is set to: 837988
SEED=682472 
SEED is set to: 682472
SEED=288873 
SEED is set to: 288873
SEED=368325 
SEED is set to: 368325
SEED=670148 
SEED is set to: 670148
SEED=399347 
SEED is set to: 399347
SEED=504783 
SEED is set to: 504783
SEED=883043 
SEED is set to: 883043
SEED=184520 
SEED is set to: 184520
SEED=250777 
SEED is set to: 250777
SEED=292683 
SEED is set to: 292683
SEED=837163 
SEED is set to: 837163
SEED=308068 
SEED is set to: 308068
SEED=407854 
SEED is set to: 407854
SEED=506346 
SEED is set to: 506346
SEED=662726 
SEED is set to: 662726
SEED=528277 
SEED is set to: 528277
SEED=597660 
SEED is set to: 597660
SEED=642489 
SEED is set to: 642489
SEED=658085 
SEED is set to: 658085
SEED=767599 
SEED is set to: 767599
SEED=208 
SEED is set to: 208
SEED=176757 
SEED is set to: 176757
SEED=184353 
SEED is set to: 184353
SEED=941753 
SEED is set to: 941753
SEED=999316 
SEED is set to: 999316
SEED=301111 
SEED is set to: 301111
SEED=331853 
SEED is set to: 331853
SEED=349388 
SEED is set to: 349388
SEED=471281 
SEED is set to: 471281
SEED=649696 
SEED is set to: 649696
SEED=389441 
SEED is set to: 389441
SEED=709841 
SEED is set to: 709841
SEED=815163 
SEED is set to: 815163
SEED=930171 
SEED is set to: 930171
SEED=960671 
SEED is set to: 960671
SEED=972223 
SEED is set to: 972223
SEED=176337 
SEED is set to: 176337
SEED=274806 
SEED is set to: 274806
SEED=128148 
SEED is set to: 128148
SEED=310260 
SEED is set to: 310260
SEED=323303 
SEED is set to: 323303
SEED=788001 
SEED is set to: 788001
SEED=302375 
SEED is set to: 302375
SEED=407293 
SEED is set to: 407293
SEED=538295 
SEED is set to: 538295
SEED=538453 
SEED is set to: 538453
SEED=361521 
SEED is set to: 361521
SEED=558340 
SEED is set to: 558340
SEED=721232 
SEED is set to: 721232
SEED=810406 
SEED is set to: 810406
SEED=846120 
SEED is set to: 846120
SEED=880158 
SEED is set to: 880158
SEED=377930 
SEED is set to: 377930
SEED=817184 
SEED is set to: 817184
SEED=830394 
SEED is set to: 830394
SEED=61682 
SEED is set to: 61682
SEED=96730 
SEED is set to: 96730
SEED=223339 
SEED is set to: 223339
SEED=298403 
SEED is set to: 298403
SEED=335419 
SEED is set to: 335419
SEED=366524 
SEED is set to: 366524
SEED=427867 
SEED is set to: 427867
SEED=513189 
SEED is set to: 513189
SEED=535575 
SEED is set to: 535575
SEED=628098 
SEED is set to: 628098
SEED=27492 
SEED is set to: 27492
SEED=644814 
SEED is set to: 644814
SEED=689053 
SEED is set to: 689053
SEED=847936 
SEED is set to: 847936
SEED=75596 
SEED is set to: 75596
SEED=452434 
SEED is set to: 452434
SEED=727864 
SEED is set to: 727864
SEED=959239 
SEED is set to: 959239
SEED=27876 
SEED is set to: 27876
SEED=164691 
SEED is set to: 164691
SEED=706199 
SEED is set to: 706199
SEED=202672 
SEED is set to: 202672
SEED=299304 
SEED is set to: 299304
SEED=484547 
SEED is set to: 484547
SEED=364764 
SEED is set to: 364764
SEED=747315 
SEED is set to: 747315
SEED=789133 
SEED is set to: 789133
SEED=834687 
SEED is set to: 834687
SEED=990130 
SEED is set to: 990130
SEED=361118 
SEED is set to: 361118
SEED=592229 
SEED is set to: 592229
SEED=383494 
SEED is set to: 383494
SEED=443715 
SEED is set to: 443715
SEED=462183 
SEED is set to: 462183
SEED=970077 
SEED is set to: 970077
SEED=978761 
SEED is set to: 978761
SEED=385480 
SEED is set to: 385480
SEED=276759 
SEED is set to: 276759
SEED=303213 
SEED is set to: 303213
SEED=547026 
SEED is set to: 547026
SEED=701969 
SEED is set to: 701969
SEED=731362 
SEED is set to: 731362
SEED=929899 
SEED is set to: 929899
SEED=481431 
SEED is set to: 481431
SEED=566556 
SEED is set to: 566556
SEED=683475 
SEED is set to: 683475
SEED=99117 
SEED is set to: 99117
SEED=112424 
SEED is set to: 112424
SEED=666804 
SEED is set to: 666804
SEED=692587 
SEED is set to: 692587
SEED=716705 
SEED is set to: 716705
SEED=182319 
SEED is set to: 182319
SEED=524430 
SEED is set to: 524430
SEED=769493 
SEED is set to: 769493
SEED=12871 
SEED is set to: 12871
SEED=21055 
SEED is set to: 21055
SEED=313508 
SEED is set to: 313508
SEED=723844 
SEED is set to: 723844
SEED=70359 
SEED is set to: 70359
SEED=376049 
SEED is set to: 376049
SEED=898195 
SEED is set to: 898195
SEED=898631 
SEED is set to: 898631
SEED=122094 
SEED is set to: 122094
SEED=283671 
SEED is set to: 283671
SEED=532904 
SEED is set to: 532904
SEED=733946 
SEED is set to: 733946
SEED=913966 
SEED is set to: 913966
SEED=184279 
SEED is set to: 184279
SEED=465037 
SEED is set to: 465037
SEED=527825 
SEED is set to: 527825
SEED=775792 
SEED is set to: 775792
SEED=839474 
SEED is set to: 839474
SEED=853880 
SEED is set to: 853880
SEED=163596 
SEED is set to: 163596
SEED=786978 
SEED is set to: 786978
SEED=480376 
SEED is set to: 480376
SEED=830821 
SEED is set to: 830821
SEED=63669 
SEED is set to: 63669
SEED=85032 
SEED is set to: 85032
SEED=405256 
SEED is set to: 405256
SEED=412850 
SEED is set to: 412850
SEED=880714 
SEED is set to: 880714
SEED=92940 
SEED is set to: 92940
SEED=514443 
SEED is set to: 514443
SEED=280915 
SEED is set to: 280915
SEED=431554 
SEED is set to: 431554
SEED=533997 
SEED is set to: 533997
SEED=961450 
SEED is set to: 961450
SEED=172518 
SEED is set to: 172518
SEED=480057 
SEED is set to: 480057
SEED=506944 
SEED is set to: 506944
SEED=836641 
SEED is set to: 836641
SEED=1007 
SEED is set to: 1007
SEED=133677 
SEED is set to: 133677
SEED=254738 
SEED is set to: 254738
SEED=675970 
SEED is set to: 675970
SEED=695617 
SEED is set to: 695617
SEED=759626 
SEED is set to: 759626
SEED=2483 
SEED is set to: 2483
SEED=81355 
SEED is set to: 81355
SEED=704766 
SEED is set to: 704766
SEED=868430 
SEED is set to: 868430
SEED=889978 
SEED is set to: 889978
SEED=899279 
SEED is set to: 899279
SEED=606363 
SEED is set to: 606363
SEED=646972 
SEED is set to: 646972
SEED=56040 
SEED is set to: 56040
SEED=173597 
SEED is set to: 173597
SEED=252552 
SEED is set to: 252552
SEED=513689 
SEED is set to: 513689
SEED=607378 
SEED is set to: 607378
SEED=250689 
SEED is set to: 250689
SEED=264960 
SEED is set to: 264960
SEED=378737 
SEED is set to: 378737
SEED=496465 
SEED is set to: 496465
SEED=89702 
SEED is set to: 89702
SEED=756486 
SEED is set to: 756486
SEED=767421 
SEED is set to: 767421
SEED=122318 
SEED is set to: 122318
Fully_Dynamic_Graph_Algorithm_v2_643041.out: malloc.c:2617: sysmalloc: Assertion `(old_top == initial_top (av) && old_size == 0) || ((unsigned long) (old_size) >= MINSIZE && prev_inuse (old_top) && ((unsigned long) old_end & (pagesize - 1)) == 0)' failed.
SEED=618132 
SEED is set to: 618132
SEED=710490 
SEED is set to: 710490
SEED=859954 
SEED is set to: 859954
SEED=50511 
SEED is set to: 50511
SEED=160329 
SEED is set to: 160329
SEED=352600 
SEED is set to: 352600
SEED=634285 
SEED is set to: 634285
SEED=249921 
SEED is set to: 249921
SEED=321607 
SEED is set to: 321607
SEED=642048 
SEED is set to: 642048
SEED=815040 
SEED is set to: 815040
SEED=853189 
SEED is set to: 853189
SEED=885936 
SEED is set to: 885936
SEED=294834 
SEED is set to: 294834
SEED=425080 
SEED is set to: 425080
SEED=829874 
SEED is set to: 829874
SEED=834391 
SEED is set to: 834391
SEED=120099 
SEED is set to: 120099
SEED=942555 
SEED is set to: 942555
SEED=10325 
SEED is set to: 10325
SEED=610172 
SEED is set to: 610172
SEED=683697 
SEED is set to: 683697
SEED=729260 
SEED is set to: 729260
SEED=734258 
SEED is set to: 734258
SEED=83035 
SEED is set to: 83035
SEED=289186 
SEED is set to: 289186
SEED=428364 
SEED is set to: 428364
SEED=7179 
SEED is set to: 7179
SEED=82093 
SEED is set to: 82093
SEED=189379 
SEED is set to: 189379
SEED=735008 
SEED is set to: 735008
SEED=923099 
SEED is set to: 923099
SEED=927000 
SEED is set to: 927000
SEED=27016 
SEED is set to: 27016
SEED=258453 
SEED is set to: 258453
SEED=992835 
SEED is set to: 992835
SEED=107173 
SEED is set to: 107173
SEED=226467 
SEED is set to: 226467
SEED=234470 
SEED is set to: 234470
SEED=507631 
SEED is set to: 507631
SEED=660151 
SEED is set to: 660151
SEED=22750 
SEED is set to: 22750
SEED=626843 
SEED is set to: 626843
SEED=4568 
SEED is set to: 4568
SEED=112752 
SEED is set to: 112752
SEED=381471 
SEED is set to: 381471
SEED=600106 
SEED is set to: 600106
SEED=690014 
SEED is set to: 690014
SEED=129200 
SEED is set to: 129200
SEED=637869 
SEED is set to: 637869
SEED=910665 
SEED is set to: 910665
SEED=925907 
SEED is set to: 925907
SEED=47934 
SEED is set to: 47934
SEED=54969 
SEED is set to: 54969
SEED=313903 
SEED is set to: 313903
SEED=353505 
SEED is set to: 353505
SEED=412565 
SEED is set to: 412565
SEED=342253 
SEED is set to: 342253
malloc(): corrupted top size
SEED=547024 
SEED is set to: 547024
SEED=762295 
SEED is set to: 762295
SEED=915784 
SEED is set to: 915784
SEED=100862 
SEED is set to: 100862
SEED=919726 
SEED is set to: 919726
SEED=923494 
SEED is set to: 923494
SEED=6524 
SEED is set to: 6524
SEED=53282 
SEED is set to: 53282
SEED=397276 
SEED is set to: 397276
SEED=985303 
SEED is set to: 985303
SEED=90367 
SEED is set to: 90367
SEED=110399 
SEED is set to: 110399
SEED=168407 
SEED is set to: 168407
SEED=449281 
SEED is set to: 449281
SEED=630584 
SEED is set to: 630584
SEED=194449 
SEED is set to: 194449
SEED=277854 
SEED is set to: 277854
SEED=536294 
SEED is set to: 536294
SEED=622964 
SEED is set to: 622964
SEED=824903 
SEED is set to: 824903
SEED=64311 
SEED is set to: 64311
SEED=811272 
SEED is set to: 811272
SEED=858184 
SEED is set to: 858184
SEED=98543 
SEED is set to: 98543
SEED=218766 
SEED is set to: 218766
SEED=66853 
SEED is set to: 66853
SEED=269679 
SEED is set to: 269679
SEED=431967 
SEED is set to: 431967
SEED=449612 
SEED is set to: 449612
SEED=592999 
SEED is set to: 592999
SEED=18677 
SEED is set to: 18677
SEED=235446 
SEED is set to: 235446
SEED=252227 
SEED is set to: 252227
SEED=827998 
SEED is set to: 827998
SEED=164250 
SEED is set to: 164250
SEED=375341 
SEED is set to: 375341
SEED=420197 
SEED is set to: 420197
SEED=727365 
SEED is set to: 727365
SEED=836750 
SEED is set to: 836750
SEED=129103 
SEED is set to: 129103
*** stack smashing detected ***: terminated
SEED=170764 
SEED is set to: 170764
SEED=908172 
SEED is set to: 908172
SEED=943031 
SEED is set to: 943031
SEED=58527 
SEED is set to: 58527
SEED=715358 
SEED is set to: 715358
SEED=784360 
SEED is set to: 784360
SEED=5085 
SEED is set to: 5085
SEED=290046 
SEED is set to: 290046
SEED=309647 
SEED is set to: 309647
SEED=577903 
SEED is set to: 577903
SEED=654140 
SEED is set to: 654140
SEED=4633 
SEED is set to: 4633
SEED=416473 
SEED is set to: 416473
SEED=593382 
SEED is set to: 593382
SEED=619588 
SEED is set to: 619588
SEED=739374 
SEED is set to: 739374
SEED=739762 
SEED is set to: 739762
SEED=893715 
SEED is set to: 893715
SEED=174492 
SEED is set to: 174492
SEED=390254 
SEED is set to: 390254
SEED=779441 
SEED is set to: 779441
SEED=967935 
SEED is set to: 967935
SEED=165216 
SEED is set to: 165216
SEED=294193 
SEED is set to: 294193
SEED=685300 
SEED is set to: 685300
SEED=895840 
SEED is set to: 895840
SEED=36923 
SEED is set to: 36923
SEED=52878 
SEED is set to: 52878
SEED=58609 
SEED is set to: 58609
SEED=153443 
SEED is set to: 153443
SEED=356665 
SEED is set to: 356665
SEED=438437 
SEED is set to: 438437
SEED=528754 
SEED is set to: 528754
SEED=697895 
SEED is set to: 697895
SEED=752031 
SEED is set to: 752031
SEED=878488 
SEED is set to: 878488
SEED=500906 
SEED is set to: 500906
SEED=983868 
SEED is set to: 983868
SEED=176794 
SEED is set to: 176794
SEED=237120 
SEED is set to: 237120
SEED=350749 
SEED is set to: 350749
SEED=512856 
SEED is set to: 512856
SEED=798101 
SEED is set to: 798101
SEED=416059 
SEED is set to: 416059
SEED=648750 
SEED is set to: 648750
SEED=662231 
SEED is set to: 662231
SEED=751374 
SEED is set to: 751374
SEED=935669 
SEED is set to: 935669
SEED=963570 
SEED is set to: 963570
SEED=212395 
SEED is set to: 212395
SEED=10705 
SEED is set to: 10705
SEED=145001 
SEED is set to: 145001
SEED=210731 
SEED is set to: 210731
SEED=211011 
SEED is set to: 211011
SEED=654258 
SEED is set to: 654258
SEED=229193 
SEED is set to: 229193
SEED=280325 
SEED is set to: 280325
SEED=460200 
SEED is set to: 460200
SEED=523385 
SEED is set to: 523385
SEED=597097 
SEED is set to: 597097
SEED=839653 
SEED is set to: 839653
SEED=32137 
SEED is set to: 32137
SEED=115230 
SEED is set to: 115230
SEED=559208 
SEED is set to: 559208
SEED=168293 
SEED is set to: 168293
SEED=255740 
SEED is set to: 255740
SEED=505025 
SEED is set to: 505025
SEED=84437 
SEED is set to: 84437
SEED=158685 
SEED is set to: 158685
SEED=233596 
SEED is set to: 233596
SEED=464538 
SEED is set to: 464538
SEED=144367 
SEED is set to: 144367
SEED=245619 
SEED is set to: 245619
SEED=411842 
SEED is set to: 411842
SEED=813027 
SEED is set to: 813027
SEED=848467 
SEED is set to: 848467
SEED=14563 
SEED is set to: 14563
SEED=768016 
SEED is set to: 768016
SEED=849416 
SEED is set to: 849416
SEED=979925 
SEED is set to: 979925
SEED=281839 
SEED is set to: 281839
SEED=598408 
SEED is set to: 598408
SEED=638824 
SEED is set to: 638824
SEED=45695 
SEED is set to: 45695
SEED=170455 
SEED is set to: 170455
SEED=198817 
SEED is set to: 198817
SEED=418602 
SEED is set to: 418602
SEED=452429 
SEED is set to: 452429
SEED=578369 
SEED is set to: 578369
SEED=315589 
SEED is set to: 315589
SEED=477266 
SEED is set to: 477266
SEED=708687 
SEED is set to: 708687
SEED=929196 
SEED is set to: 929196
SEED=96794 
SEED is set to: 96794
SEED=204671 
SEED is set to: 204671
SEED=375674 
SEED is set to: 375674
SEED=615823 
SEED is set to: 615823
SEED=995436 
SEED is set to: 995436
SEED=122686 
SEED is set to: 122686
SEED=349016 
SEED is set to: 349016
SEED=362155 
SEED is set to: 362155
SEED=774291 
SEED is set to: 774291
SEED=247607 
SEED is set to: 247607
SEED=301210 
SEED is set to: 301210
SEED=671687 
SEED is set to: 671687
SEED=674541 
SEED is set to: 674541
SEED=808806 
SEED is set to: 808806
SEED=330754 
SEED is set to: 330754
SEED=423928 
SEED is set to: 423928
SEED=668959 
SEED is set to: 668959
SEED=33107 
SEED is set to: 33107
SEED=163001 
SEED is set to: 163001
SEED=225404 
SEED is set to: 225404
SEED=227862 
SEED is set to: 227862
SEED=812991 
SEED is set to: 812991
SEED=929360 
SEED is set to: 929360
SEED=35059 
SEED is set to: 35059
SEED=335407 
SEED is set to: 335407
SEED=919275 
SEED is set to: 919275
SEED=923932 
SEED is set to: 923932
SEED=307488 
SEED is set to: 307488
SEED=509514 
SEED is set to: 509514
SEED=102366 
SEED is set to: 102366
SEED=144438 
SEED is set to: 144438
SEED=629222 
SEED is set to: 629222
SEED=762446 
SEED is set to: 762446
SEED=906005 
SEED is set to: 906005
SEED=999822 
SEED is set to: 999822
SEED=499219 
SEED is set to: 499219
SEED=590059 
SEED is set to: 590059
SEED=320004 
SEED is set to: 320004
SEED=396582 
SEED is set to: 396582
SEED=723478 
SEED is set to: 723478
SEED=866500 
SEED is set to: 866500
SEED=955189 
SEED is set to: 955189
SEED=273010 
SEED is set to: 273010
SEED=348906 
SEED is set to: 348906
SEED=488572 
SEED is set to: 488572
SEED=506521 
SEED is set to: 506521
SEED=863498 
SEED is set to: 863498
SEED=420284 
SEED is set to: 420284
SEED=441871 
SEED is set to: 441871
SEED=731576 
SEED is set to: 731576
SEED=757590 
SEED is set to: 757590
SEED=993558 
SEED is set to: 993558
SEED=882932 
SEED is set to: 882932
SEED=14485 
SEED is set to: 14485
SEED=97625 
SEED is set to: 97625
SEED=146231 
SEED is set to: 146231
SEED=295906 
SEED is set to: 295906
SEED=341950 
SEED is set to: 341950
SEED=367868 
SEED is set to: 367868
SEED=391538 
SEED is set to: 391538
SEED=516790 
SEED is set to: 516790
SEED=558452 
SEED is set to: 558452
SEED=780575 
SEED is set to: 780575
SEED=907865 
SEED is set to: 907865
SEED=165940 
SEED is set to: 165940
SEED=208662 
SEED is set to: 208662
SEED=242574 
SEED is set to: 242574
SEED=478985 
SEED is set to: 478985
SEED=257310 
SEED is set to: 257310
SEED=486250 
SEED is set to: 486250
SEED=713787 
SEED is set to: 713787
SEED=714214 
SEED is set to: 714214
SEED=52023 
SEED is set to: 52023
SEED=92303 
SEED is set to: 92303
SEED=99799 
SEED is set to: 99799
SEED=616919 
SEED is set to: 616919
SEED=6875 
SEED is set to: 6875
SEED=220046 
SEED is set to: 220046
SEED=480287 
SEED is set to: 480287
SEED=732837 
SEED is set to: 732837
SEED=801562 
SEED is set to: 801562
SEED=25420 
SEED is set to: 25420
SEED=517111 
SEED is set to: 517111
SEED=784754 
SEED is set to: 784754
SEED=903373 
SEED is set to: 903373
SEED=957038 
SEED is set to: 957038
SEED=387187 
SEED is set to: 387187
SEED=391114 
SEED is set to: 391114
SEED=431937 
SEED is set to: 431937
SEED=891044 
SEED is set to: 891044
SEED=157767 
SEED is set to: 157767
SEED=349243 
SEED is set to: 349243
SEED=601271 
SEED is set to: 601271
SEED=666163 
SEED is set to: 666163
SEED=926013 
SEED is set to: 926013
SEED=313882 
SEED is set to: 313882
SEED=695056 
SEED is set to: 695056
SEED=985543 
SEED is set to: 985543
SEED=105863 
SEED is set to: 105863
SEED=474578 
SEED is set to: 474578
SEED=13766 
SEED is set to: 13766
SEED=163685 
SEED is set to: 163685
SEED=421655 
SEED is set to: 421655
SEED=435679 
SEED is set to: 435679
SEED=805396 
SEED is set to: 805396
SEED=921429 
SEED is set to: 921429
SEED=931635 
SEED is set to: 931635
SEED=458230 
SEED is set to: 458230
SEED=573856 
SEED is set to: 573856
SEED=983129 
SEED is set to: 983129
SEED=296840 
SEED is set to: 296840
SEED=372633 
SEED is set to: 372633
SEED=531095 
SEED is set to: 531095
SEED=627155 
SEED is set to: 627155
SEED=731450 
SEED is set to: 731450
SEED=26845 
SEED is set to: 26845
SEED=370010 
SEED is set to: 370010
SEED=906604 
SEED is set to: 906604
SEED=43500 
SEED is set to: 43500
double free or corruption (out)
SEED=180248 
SEED is set to: 180248
SEED=714838 
SEED is set to: 714838
SEED=833805 
SEED is set to: 833805
SEED=107328 
SEED is set to: 107328
SEED=419028 
SEED is set to: 419028
SEED=508178 
SEED is set to: 508178
SEED=609896 
SEED is set to: 609896
SEED=963617 
SEED is set to: 963617
SEED=409846 
SEED is set to: 409846
SEED=810693 
SEED is set to: 810693
SEED=59404 
SEED is set to: 59404
SEED=67879 
SEED is set to: 67879
terminate called after throwing an instance of 'std::bad_array_new_length'
  what():  std::bad_array_new_length
SEED=250475 
SEED is set to: 250475
SEED=111971 
SEED is set to: 111971
SEED=124455 
SEED is set to: 124455
SEED=407063 
SEED is set to: 407063
SEED=426971 
SEED is set to: 426971
SEED=672083 
SEED is set to: 672083
SEED=769055 
SEED is set to: 769055
SEED=626551 
SEED is set to: 626551
SEED=758238 
SEED is set to: 758238
SEED=828530 
SEED is set to: 828530
SEED=188216 
SEED is set to: 188216
SEED=36036 
SEED is set to: 36036
SEED=43851 
SEED is set to: 43851
SEED=664624 
SEED=664624 
SEED is set to: 664624
SEED is set to: 664624
SEED=92036 
SEED is set to: 92036
SEED=211716 
SEED is set to: 211716
SEED=275824 
SEED is set to: 275824
SEED=888147 
SEED is set to: 888147
SEED=977110 
SEED is set to: 977110
SEED=33015 
SEED is set to: 33015
SEED=289888 
SEED is set to: 289888
SEED=426472 
SEED is set to: 426472
SEED=642016 
SEED is set to: 642016
SEED=109204 
SEED is set to: 109204
SEED=561665 
SEED is set to: 561665
SEED=775079 
SEED is set to: 775079
SEED=184611 
SEED is set to: 184611
SEED=489844 
SEED is set to: 489844
SEED=553715 
SEED is set to: 553715
SEED=781165 
SEED is set to: 781165
SEED=976402 
SEED is set to: 976402
SEED=595570 
SEED is set to: 595570
SEED=604890 
SEED is set to: 604890
SEED=884188 
SEED is set to: 884188
SEED=973610 
SEED is set to: 973610
SEED=34032 
SEED is set to: 34032
SEED=255936 
SEED is set to: 255936
SEED=554567 
SEED is set to: 554567
SEED=654302 
SEED is set to: 654302
SEED=267923 
SEED is set to: 267923
SEED=278862 
SEED is set to: 278862
SEED=476611 
SEED is set to: 476611
SEED=815943 
SEED is set to: 815943
SEED=936691 
SEED is set to: 936691
SEED=975936 
SEED is set to: 975936
SEED=54484 
SEED is set to: 54484
SEED=784426 
SEED is set to: 784426
SEED=807416 
SEED is set to: 807416
SEED=990804 
SEED is set to: 990804
SEED=358601 
SEED is set to: 358601
SEED=561042 
SEED is set to: 561042
SEED=563527 
SEED is set to: 563527
SEED=612143 
SEED is set to: 612143
SEED=763004 
SEED is set to: 763004
SEED=773595 
SEED is set to: 773595
SEED=837207 
SEED is set to: 837207
SEED=118712 
SEED is set to: 118712
SEED=129354 
SEED is set to: 129354
SEED=204136 
SEED is set to: 204136
SEED=468570 
SEED is set to: 468570
SEED=812388 
SEED is set to: 812388
SEED=557446 
SEED is set to: 557446
SEED=661126 
SEED is set to: 661126
SEED=829701 
SEED is set to: 829701
SEED=913459 
SEED is set to: 913459
SEED=12985 
SEED is set to: 12985
SEED=108385 
SEED is set to: 108385
SEED=435447 
SEED is set to: 435447
SEED=914204 
SEED is set to: 914204
SEED=110775 
SEED is set to: 110775
SEED=283111 
SEED is set to: 283111
SEED=456918 
SEED is set to: 456918
SEED=498202 
SEED is set to: 498202
SEED=613956 
SEED is set to: 613956
SEED=797951 
SEED is set to: 797951
SEED=238706 
SEED is set to: 238706
SEED=816792 
SEED is set to: 816792
SEED=66986 
SEED is set to: 66986
SEED=170834 
SEED is set to: 170834
SEED=320115 
SEED is set to: 320115
SEED=342480 
SEED is set to: 342480
SEED=742040 
SEED is set to: 742040
SEED=832982 
SEED is set to: 832982
SEED=111320 
SEED is set to: 111320
SEED=528440 
SEED is set to: 528440
SEED=583976 
SEED is set to: 583976
SEED=605743 
SEED is set to: 605743
SEED=872668 
SEED is set to: 872668
SEED=46738 
SEED is set to: 46738
SEED=119940 
SEED is set to: 119940
SEED=270684 
SEED is set to: 270684
SEED=619812 
SEED is set to: 619812
SEED=33323 
SEED is set to: 33323
SEED=275788 
SEED is set to: 275788
SEED=362258 
SEED is set to: 362258
SEED=439662 
SEED is set to: 439662
SEED=518216 
SEED is set to: 518216
SEED=784160 
SEED is set to: 784160
SEED=199669 
SEED is set to: 199669
SEED=420023 
SEED is set to: 420023
SEED=450081 
SEED is set to: 450081
SEED=747814 
SEED is set to: 747814
SEED=35971 
SEED is set to: 35971
SEED=317887 
SEED is set to: 317887
SEED=610754 
SEED is set to: 610754
SEED=666117 
SEED is set to: 666117
SEED=113880 
SEED is set to: 113880
SEED=987785 
SEED is set to: 987785
SEED=202142 
SEED is set to: 202142
SEED=275542 
SEED is set to: 275542
SEED=570157 
SEED is set to: 570157
SEED=683172 
SEED is set to: 683172
SEED=721733 
SEED is set to: 721733
SEED=112669 
SEED is set to: 112669
SEED=340394 
SEED is set to: 340394
SEED=24795 
SEED is set to: 24795
SEED=101645 
SEED is set to: 101645
SEED=501393 
SEED is set to: 501393
SEED=735294 
SEED is set to: 735294
SEED=762579 
SEED is set to: 762579
SEED=735627 
SEED is set to: 735627
SEED=894699 
SEED is set to: 894699
SEED=921886 
SEED is set to: 921886
SEED=207216 
SEED is set to: 207216
SEED=97221 
SEED is set to: 97221
SEED=177169 
SEED is set to: 177169
SEED=235040 
SEED is set to: 235040
SEED=581210 
SEED is set to: 581210
SEED=516752 
SEED is set to: 516752
SEED=555996 
SEED is set to: 555996
SEED=670920 
SEED is set to: 670920
SEED=726907 
SEED is set to: 726907
SEED=809509 
SEED is set to: 809509
SEED=230828 
SEED is set to: 230828
SEED=592938 
SEED is set to: 592938
SEED=874142 
SEED is set to: 874142
SEED=159199 
SEED is set to: 159199
SEED=257156 
SEED is set to: 257156
SEED=414080 
SEED is set to: 414080
SEED=628446 
SEED is set to: 628446
SEED=664267 
SEED is set to: 664267
SEED=431508 
SEED is set to: 431508
SEED=736839 
SEED is set to: 736839
SEED=792958 
SEED is set to: 792958
SEED=818063 
SEED is set to: 818063
SEED=925415 
SEED is set to: 925415
SEED=45551 
SEED is set to: 45551
SEED=796646 
SEED is set to: 796646
SEED=74267 
SEED is set to: 74267
SEED=256118 
SEED is set to: 256118
SEED=439297 
SEED is set to: 439297
SEED=598023 
SEED is set to: 598023
SEED=261631 
SEED is set to: 261631
SEED=474815 
SEED is set to: 474815
SEED=589713 
SEED is set to: 589713
SEED=827877 
SEED is set to: 827877
SEED=306370 
SEED is set to: 306370
SEED=535150 
SEED is set to: 535150
SEED=661651 
SEED is set to: 661651
SEED=695711 
SEED is set to: 695711
SEED=907590 
SEED is set to: 907590
SEED=5335 
SEED is set to: 5335
SEED=384347 
SEED is set to: 384347
SEED=755793 
SEED is set to: 755793
SEED=918924 
SEED is set to: 918924
SEED=217956 
SEED is set to: 217956
SEED=422996 
SEED is set to: 422996
SEED=581865 
SEED is set to: 581865
SEED=842634 
SEED is set to: 842634
SEED=79799 
SEED is set to: 79799
SEED=243240 
SEED is set to: 243240
SEED=285816 
SEED is set to: 285816
SEED=996006 
SEED is set to: 996006
SEED=136464 
SEED is set to: 136464
SEED=754519 
SEED is set to: 754519
SEED=836259 
SEED is set to: 836259
SEED=840793 
SEED is set to: 840793
SEED=460766 
SEED is set to: 460766
SEED=569883 
SEED is set to: 569883
SEED=766401 
SEED is set to: 766401
SEED=231562 
SEED is set to: 231562
SEED=446573 
SEED is set to: 446573
SEED=339570 
SEED is set to: 339570
SEED=572705 
SEED is set to: 572705
SEED=660396 
SEED is set to: 660396
SEED=396445 
SEED is set to: 396445
SEED=785969 
SEED is set to: 785969
SEED=978879 
SEED is set to: 978879
SEED=2633 
SEED is set to: 2633
SEED=93607 
SEED is set to: 93607
SEED=468638 
SEED is set to: 468638
SEED=730078 
SEED is set to: 730078
SEED=42914 
SEED is set to: 42914
SEED=481232 
SEED is set to: 481232
SEED=523284 
SEED is set to: 523284
SEED=568255 
SEED is set to: 568255
SEED=685438 
SEED is set to: 685438
SEED=92015 
SEED is set to: 92015
SEED=366056 
SEED is set to: 366056
SEED=366382 
SEED is set to: 366382
SEED=867809 
SEED is set to: 867809
SEED=974502 
SEED is set to: 974502
SEED=69429 
SEED is set to: 69429
SEED=301222 
SEED is set to: 301222
SEED=307668 
SEED is set to: 307668
SEED=664040 
SEED is set to: 664040
SEED=712501 
SEED is set to: 712501
SEED=800538 
SEED is set to: 800538
SEED=1878 
SEED is set to: 1878
SEED=22585 
SEED is set to: 22585
SEED=973242 
SEED is set to: 973242
SEED=992751 
SEED is set to: 992751
SEED=66463 
SEED is set to: 66463
SEED=181080 
SEED is set to: 181080
SEED=416407 
SEED is set to: 416407
SEED=417176 
SEED is set to: 417176
SEED=620754 
SEED is set to: 620754
SEED=370371 
SEED is set to: 370371
SEED=522969 
SEED is set to: 522969
SEED=581461 
SEED is set to: 581461
SEED=675200 
SEED is set to: 675200
SEED=811777 
SEED is set to: 811777
SEED=101799 
SEED is set to: 101799
SEED=173500 
SEED is set to: 173500
SEED=649110 
SEED is set to: 649110
SEED=950442 
SEED is set to: 950442
SEED=38440 
SEED is set to: 38440
SEED=70928 
SEED is set to: 70928
SEED=103687 
SEED is set to: 103687
SEED=286899 
SEED is set to: 286899
SEED=657347 
SEED is set to: 657347
SEED=748309 
SEED is set to: 748309
SEED=411600 
SEED is set to: 411600
SEED=472500 
SEED is set to: 472500
SEED=108937 
SEED is set to: 108937
SEED=245813 
SEED is set to: 245813
SEED=563391 
SEED is set to: 563391
SEED=756700 
SEED is set to: 756700
SEED=780441 
SEED is set to: 780441
SEED=514834 
SEED is set to: 514834
SEED=89819 
SEED is set to: 89819
SEED=117297 
SEED is set to: 117297
SEED=598454 
SEED is set to: 598454
SEED=816144 
SEED is set to: 816144
SEED=872471 
SEED is set to: 872471
SEED=970027 
SEED is set to: 970027
SEED=257886 
SEED is set to: 257886
SEED=524079 
SEED is set to: 524079
SEED=750861 
SEED is set to: 750861
SEED=77313 
SEED is set to: 77313
SEED=208826 
SEED is set to: 208826
SEED=271055 
SEED is set to: 271055
SEED=289111 
SEED is set to: 289111
SEED=612051 
SEED is set to: 612051
SEED=672683 
SEED is set to: 672683
SEED=838844 
SEED is set to: 838844
SEED=30579 
SEED is set to: 30579
SEED=319854 
SEED is set to: 319854
SEED=628622 
SEED is set to: 628622
SEED=948294 
SEED is set to: 948294
SEED=268680 
SEED is set to: 268680
SEED=387204 
SEED is set to: 387204
SEED=851125 
SEED is set to: 851125
SEED=28678 
SEED is set to: 28678
SEED=109867 
SEED is set to: 109867
SEED=306690 
SEED is set to: 306690
SEED=700712 
SEED is set to: 700712
SEED=207582 
SEED is set to: 207582
SEED=613442 
SEED is set to: 613442
SEED=332564 
SEED is set to: 332564
SEED=383882 
SEED is set to: 383882
SEED=475656 
SEED is set to: 475656
SEED=979148 
SEED is set to: 979148
SEED=1009 
SEED is set to: 1009
SEED=173308 
SEED is set to: 173308
SEED=600380 
SEED is set to: 600380
SEED=784012 
SEED is set to: 784012
SEED=877721 
SEED is set to: 877721
SEED=12212 
SEED is set to: 12212
SEED=167703 
SEED is set to: 167703
SEED=212420 
SEED is set to: 212420
SEED=484636 
SEED is set to: 484636
SEED=18500 
SEED is set to: 18500
SEED=183682 
SEED is set to: 183682
SEED=239258 
SEED is set to: 239258
SEED=489335 
SEED is set to: 489335
SEED=937065 
SEED is set to: 937065
SEED=177 
SEED is set to: 177
SEED=138926 
SEED is set to: 138926
SEED=400853 
SEED is set to: 400853
SEED=581570 
SEED is set to: 581570
SEED=741580 
SEED is set to: 741580
SEED=747667 
SEED is set to: 747667
SEED=210957 
SEED is set to: 210957
SEED=319705 
SEED is set to: 319705
SEED=516679 
SEED is set to: 516679
SEED=531126 
SEED is set to: 531126
SEED=201336 
SEED is set to: 201336
SEED=422908 
SEED is set to: 422908
SEED=519874 
SEED is set to: 519874
SEED=619834 
SEED is set to: 619834
SEED=975297 
SEED is set to: 975297
SEED=903752 
SEED is set to: 903752
SEED=937615 
SEED is set to: 937615
SEED=226838 
SEED is set to: 226838
SEED=372795 
SEED is set to: 372795
SEED=405146 
SEED is set to: 405146
SEED=437887 
SEED is set to: 437887
SEED=470254 
SEED is set to: 470254
SEED=667004 
SEED is set to: 667004
SEED=571106 
SEED is set to: 571106
SEED=706148 
SEED is set to: 706148
SEED=847364 
SEED is set to: 847364
SEED=928156 
SEED is set to: 928156
SEED=936666 
SEED is set to: 936666
SEED=231725 
SEED is set to: 231725
SEED=971654 
SEED is set to: 971654
SEED=271752 
SEED is set to: 271752
SEED=657785 
SEED is set to: 657785
SEED=254204 
SEED is set to: 254204
SEED=309008 
SEED is set to: 309008
SEED=389272 
SEED is set to: 389272
SEED=461525 
SEED is set to: 461525
SEED=568859 
SEED is set to: 568859
SEED=780019 
SEED is set to: 780019
SEED=811140 
SEED is set to: 811140
SEED=533253 
SEED is set to: 533253
SEED=642571 
SEED is set to: 642571
SEED=833103 
SEED is set to: 833103
SEED=105557 
SEED is set to: 105557
SEED=301612 
SEED is set to: 301612
SEED=757267 
SEED is set to: 757267
SEED=59094 
SEED is set to: 59094
SEED=378201 
SEED is set to: 378201
SEED=805784 
SEED is set to: 805784
SEED=79819 
SEED is set to: 79819
SEED=372057 
SEED is set to: 372057
SEED=435576 
SEED is set to: 435576
SEED=942855 
SEED is set to: 942855
SEED=675929 
SEED is set to: 675929
SEED=782176 
SEED is set to: 782176
SEED=879162 
SEED is set to: 879162
SEED=98059 
SEED is set to: 98059
SEED=600733 
SEED is set to: 600733
SEED=733027 
SEED is set to: 733027
SEED=988676 
SEED is set to: 988676
SEED=286336 
SEED is set to: 286336
SEED=393079 
SEED is set to: 393079
SEED=645896 
SEED is set to: 645896
SEED=49643 
SEED is set to: 49643
SEED=60688 
SEED is set to: 60688
SEED=420240 
SEED is set to: 420240
SEED=615680 
SEED is set to: 615680
SEED=857080 
SEED is set to: 857080
SEED=941685 
SEED is set to: 941685
SEED=434839 
SEED is set to: 434839
SEED=98071 
SEED is set to: 98071
SEED=163699 
SEED is set to: 163699
SEED=271341 
SEED is set to: 271341
SEED=754180 
SEED is set to: 754180
SEED=766375 
SEED is set to: 766375
SEED=334695 
SEED is set to: 334695
SEED=481747 
SEED is set to: 481747
SEED=583069 
SEED is set to: 583069
SEED=662729 
SEED is set to: 662729
SEED=816455 
SEED is set to: 816455
SEED=785352 
SEED is set to: 785352
SEED=951815 
SEED is set to: 951815
SEED=32105 
SEED is set to: 32105
SEED=34406 
SEED is set to: 34406
SEED=330748 
SEED is set to: 330748
SEED=536267 
SEED is set to: 536267
SEED=187446 
SEED is set to: 187446
SEED=350104 
SEED is set to: 350104
SEED=512960 
SEED is set to: 512960
SEED=564413 
SEED is set to: 564413
SEED=674931 
SEED is set to: 674931
SEED=203541 
SEED is set to: 203541
SEED=929778 
SEED is set to: 929778
SEED=32809 
SEED is set to: 32809
SEED=272874 
SEED is set to: 272874
SEED=661963 
SEED is set to: 661963
SEED=798545 
SEED is set to: 798545
SEED=149384 
SEED is set to: 149384
SEED=322857 
SEED is set to: 322857
SEED=421680 
SEED is set to: 421680
SEED=858889 
SEED is set to: 858889
SEED=981813 
SEED is set to: 981813
SEED=203702 
SEED is set to: 203702
SEED=514461 
SEED is set to: 514461
SEED=609037 
SEED is set to: 609037
SEED=795159 
SEED is set to: 795159
SEED=994576 
SEED is set to: 994576
SEED=735652 
SEED is set to: 735652
SEED=836600 
SEED is set to: 836600
SEED=852045 
SEED is set to: 852045
SEED=877854 
SEED is set to: 877854
SEED=31547 
SEED is set to: 31547
SEED=211442 
SEED is set to: 211442
SEED=279816 
SEED is set to: 279816
SEED=141354 
SEED is set to: 141354
SEED=154148 
SEED is set to: 154148
SEED=173102 
SEED is set to: 173102
SEED=323916 
SEED is set to: 323916
SEED=509836 
SEED is set to: 509836
SEED=676599 
SEED is set to: 676599
SEED=742196 
SEED is set to: 742196
SEED=875056 
SEED is set to: 875056
SEED=25600 
SEED is set to: 25600
SEED=120566 
SEED is set to: 120566
SEED=312963 
SEED is set to: 312963
SEED=933651 
SEED is set to: 933651
SEED=409471 
SEED is set to: 409471
SEED=945548 
SEED is set to: 945548
SEED=287140 
SEED is set to: 287140
SEED=431766 
SEED is set to: 431766
SEED=577153 
SEED is set to: 577153
SEED=632870 
SEED is set to: 632870
SEED=24769 
SEED is set to: 24769
SEED=622947 
SEED is set to: 622947
SEED=719929 
SEED is set to: 719929
SEED=819318 
SEED is set to: 819318
SEED=945023 
SEED is set to: 945023
SEED=352634 
SEED is set to: 352634
SEED=38902 
SEED is set to: 38902
SEED=218696 
SEED is set to: 218696
SEED=253961 
SEED is set to: 253961
SEED=306335 
SEED is set to: 306335
SEED=518566 
SEED is set to: 518566
SEED=637267 
SEED is set to: 637267
SEED=332378 
SEED is set to: 332378
SEED=437439 
SEED is set to: 437439
SEED=623047 
SEED is set to: 623047
SEED=978295 
SEED is set to: 978295
SEED=108781 
SEED is set to: 108781
SEED=676125 
SEED is set to: 676125
SEED=821949 
SEED is set to: 821949
SEED=111652 
SEED is set to: 111652
SEED=112045 
SEED is set to: 112045
SEED=344078 
SEED is set to: 344078
SEED=156929 
SEED is set to: 156929
SEED=272798 
SEED is set to: 272798
SEED=590290 
SEED is set to: 590290
SEED=673481 
SEED is set to: 673481
SEED=25476 
SEED is set to: 25476
SEED=569085 
SEED is set to: 569085
SEED=812360 
SEED is set to: 812360
SEED=870339 
SEED is set to: 870339
SEED=114379 
SEED is set to: 114379
SEED=501117 
SEED is set to: 501117
SEED=641841 
SEED is set to: 641841
SEED=8153 
SEED is set to: 8153
SEED=185208 
SEED is set to: 185208
SEED=620637 
SEED is set to: 620637
SEED=872748 
SEED is set to: 872748
SEED=167604 
SEED is set to: 167604
SEED=237458 
SEED is set to: 237458
SEED=700264 
SEED is set to: 700264
SEED=101320 
SEED is set to: 101320
SEED=174778 
SEED is set to: 174778
SEED=186209 
SEED is set to: 186209
SEED=673441 
SEED is set to: 673441
SEED=761023 
SEED is set to: 761023
SEED=73002 
SEED is set to: 73002
munmap_chunk(): invalid pointer
SEED=428685 
SEED is set to: 428685
SEED=518061 
SEED is set to: 518061
SEED=638657 
SEED is set to: 638657
SEED=34501 
SEED is set to: 34501
SEED=99458 
SEED is set to: 99458
SEED=216040 
SEED is set to: 216040
SEED=17741 
SEED is set to: 17741
SEED=24064 
SEED is set to: 24064
SEED=366631 
SEED is set to: 366631
SEED=98623 
SEED is set to: 98623
SEED=151340 
SEED is set to: 151340
SEED=155288 
SEED is set to: 155288
SEED=242827 
SEED is set to: 242827
SEED=379900 
SEED is set to: 379900
SEED=619993 
SEED is set to: 619993
SEED=654851 
SEED is set to: 654851
SEED=678611 
SEED is set to: 678611
SEED=54545 
SEED is set to: 54545
SEED=642908 
SEED is set to: 642908
SEED=795996 
SEED is set to: 795996
SEED=6041 
SEED is set to: 6041
SEED=101931 
SEED is set to: 101931
SEED=961808 
SEED is set to: 961808
SEED=16826 
SEED is set to: 16826
SEED=104108 
SEED is set to: 104108
SEED=107293 
SEED is set to: 107293
SEED=177746 
SEED is set to: 177746
SEED=409319 
SEED is set to: 409319
SEED=526998 
SEED is set to: 526998
SEED=177277 
SEED is set to: 177277
SEED=271996 
SEED is set to: 271996
SEED=310158 
SEED is set to: 310158
SEED=504410 
SEED is set to: 504410
SEED=532640 
SEED is set to: 532640
SEED=869222 
SEED is set to: 869222
SEED=882873 
SEED is set to: 882873
SEED=67280 
SEED is set to: 67280
SEED=91918 
SEED is set to: 91918
SEED=165701 
SEED is set to: 165701
SEED=230477 
SEED is set to: 230477
SEED=273695 
SEED is set to: 273695
SEED=350334 
SEED is set to: 350334
SEED=53527 
SEED is set to: 53527
SEED=424027 
SEED is set to: 424027
SEED=576484 
SEED is set to: 576484
SEED=713268 
SEED is set to: 713268
SEED=739443 
SEED is set to: 739443
SEED=752861 
SEED is set to: 752861
SEED=831147 
SEED is set to: 831147
SEED=40048 
SEED is set to: 40048
SEED=307367 
SEED is set to: 307367
SEED=59546 
SEED is set to: 59546
SEED=182214 
SEED is set to: 182214
SEED=317412 
SEED is set to: 317412
SEED=446696 
SEED is set to: 446696
SEED=468385 
SEED is set to: 468385
SEED=477475 
SEED is set to: 477475
SEED=499928 
SEED is set to: 499928
SEED=2932 
SEED is set to: 2932
SEED=102482 
SEED is set to: 102482
SEED=319502 
SEED is set to: 319502
SEED=338429 
SEED is set to: 338429
SEED=535554 
SEED is set to: 535554
SEED=728285 
SEED is set to: 728285
SEED=951659 
SEED is set to: 951659
SEED=760294 
SEED is set to: 760294
SEED=783443 
SEED is set to: 783443
SEED=860019 
SEED is set to: 860019
SEED=949775 
SEED is set to: 949775
SEED=20527 
SEED is set to: 20527
SEED=339212 
SEED is set to: 339212
SEED=483036 
SEED is set to: 483036
SEED=267036 
SEED is set to: 267036
SEED=410668 
SEED is set to: 410668
SEED=511377 
SEED is set to: 511377
SEED=587493 
SEED is set to: 587493
SEED=864323 
SEED is set to: 864323
SEED=496540 
SEED is set to: 496540
SEED=636403 
SEED is set to: 636403
SEED=804575 
SEED is set to: 804575
SEED=129940 
SEED is set to: 129940
SEED=570602 
SEED is set to: 570602
SEED=872231 
SEED is set to: 872231
SEED=224825 
SEED is set to: 224825
SEED=610048 
SEED is set to: 610048
SEED=95941 
SEED is set to: 95941
SEED=282153 
SEED is set to: 282153
SEED=369788 
SEED is set to: 369788
SEED=640543 
SEED is set to: 640543
SEED=934524 
SEED is set to: 934524
SEED=994079 
SEED is set to: 994079
SEED=256655 
SEED is set to: 256655
SEED=947407 
SEED is set to: 947407
SEED=234515 
SEED is set to: 234515
SEED=316477 
SEED is set to: 316477
SEED=472271 
SEED is set to: 472271
SEED=837942 
SEED is set to: 837942
SEED=847222 
SEED is set to: 847222
SEED=186839 
SEED is set to: 186839
SEED=390747 
SEED is set to: 390747
SEED=393054 
SEED is set to: 393054
SEED=717155 
SEED is set to: 717155
SEED=910576 
SEED is set to: 910576
SEED=386410 
SEED is set to: 386410
SEED=485004 
SEED is set to: 485004
SEED=608846 
SEED is set to: 608846
*** stack smashing detected ***: terminated
SEED=676735 
SEED is set to: 676735
SEED=750847 
SEED is set to: 750847
DES_CBC_v10_773326.out: malloc.c:2617: sysmalloc: Assertion `(old_top == initial_top (av) && old_size == 0) || ((unsigned long) (old_size) >= MINSIZE && prev_inuse (old_top) && ((unsigned long) old_end & (pagesize - 1)) == 0)' failed.
SEED=806393 
SEED is set to: 806393
SEED=186858 
SEED is set to: 186858
SEED=453593 
SEED is set to: 453593
SEED=509828 
SEED is set to: 509828
SEED=975923 
SEED is set to: 975923
SEED=83668 
SEED is set to: 83668
SEED=90382 
SEED is set to: 90382
SEED=258285 
SEED is set to: 258285
SEED=732353 
SEED is set to: 732353
SEED=810726 
SEED is set to: 810726
SEED=178990 
SEED is set to: 178990
SEED=232768 
SEED is set to: 232768
SEED=250225 
SEED is set to: 250225
SEED=270492 
SEED is set to: 270492
SEED=362914 
SEED is set to: 362914
SEED=535194 
SEED is set to: 535194
SEED=424074 
SEED is set to: 424074
SEED=455008 
SEED is set to: 455008
SEED=535346 
SEED is set to: 535346
SEED=694971 
SEED is set to: 694971
SEED=63600 
SEED is set to: 63600
SEED=119425 
SEED is set to: 119425
SEED=4300 
SEED is set to: 4300
SEED=123304 
SEED is set to: 123304
SEED=700725 
SEED is set to: 700725
SEED=766140 
SEED is set to: 766140
SEED=233466 
SEED is set to: 233466
SEED=631650 
SEED is set to: 631650
SEED=228531 
SEED is set to: 228531
SEED=553319 
SEED is set to: 553319
SEED=619555 
SEED is set to: 619555
SEED=870996 
SEED is set to: 870996
SEED=105576 
SEED is set to: 105576
SEED=674050 
SEED is set to: 674050
SEED=946152 
SEED is set to: 946152
SEED=995317 
SEED is set to: 995317
SEED=720679 
SEED is set to: 720679
SEED=804047 
SEED is set to: 804047
SEED=186069 
SEED is set to: 186069
SEED=277465 
SEED is set to: 277465
SEED=357312 
SEED is set to: 357312
SEED=533250 
SEED is set to: 533250
SEED=657679 
SEED is set to: 657679
SEED=307987 
SEED is set to: 307987
SEED=393401 
SEED is set to: 393401
SEED=393449 
SEED is set to: 393449
SEED=442591 
SEED is set to: 442591
SEED=682990 
SEED is set to: 682990
SEED=131267 
SEED is set to: 131267
free(): invalid pointer
SEED=518949 
SEED is set to: 518949
SEED=724724 
SEED is set to: 724724
SEED=942065 
SEED is set to: 942065
SEED=492618 
SEED is set to: 492618
SEED=856797 
SEED is set to: 856797
SEED=142335 
SEED is set to: 142335
SEED=227522 
SEED is set to: 227522
SEED=828543 
SEED is set to: 828543
SEED=55954 
SEED is set to: 55954
SEED=270253 
SEED is set to: 270253
SEED=425282 
SEED is set to: 425282
SEED=668116 
SEED is set to: 668116
SEED=789938 
SEED is set to: 789938
SEED=433581 
SEED is set to: 433581
SEED=861893 
SEED is set to: 861893
SEED=953643 
SEED is set to: 953643
SEED=967131 
SEED is set to: 967131
SEED=438542 
SEED is set to: 438542
SEED=515517 
SEED is set to: 515517
SEED=99865 
SEED is set to: 99865
SEED=553158 
SEED is set to: 553158
SEED=583924 
SEED is set to: 583924
SEED=594105 
SEED is set to: 594105
SEED=670714 
SEED is set to: 670714
SEED=875774 
SEED is set to: 875774
SEED=477030 
SEED is set to: 477030
SEED=839975 
SEED is set to: 839975
SEED=942655 
SEED is set to: 942655
SEED=149268 
SEED is set to: 149268
SEED=416778 
SEED is set to: 416778
SEED=507474 
SEED is set to: 507474
SEED=588282 
SEED is set to: 588282
SEED=911043 
SEED is set to: 911043
SEED=92550 
SEED is set to: 92550
SEED=102814 
SEED is set to: 102814
SEED=849459 
SEED is set to: 849459
SEED=878299 
SEED is set to: 878299
SEED=120156 
SEED is set to: 120156
SEED=284320 
SEED is set to: 284320
SEED=288891 
SEED is set to: 288891
SEED=306507 
SEED is set to: 306507
SEED=587295 
SEED is set to: 587295
SEED=704876 
SEED is set to: 704876
SEED=143463 
SEED is set to: 143463
SEED=433288 
SEED is set to: 433288
SEED=688736 
SEED is set to: 688736
free(): double free detected in tcache 2
SEED=808477 
SEED is set to: 808477
SEED=848252 
SEED is set to: 848252
SEED=988709 
SEED is set to: 988709
SEED=224295 
SEED is set to: 224295
SEED=567624 
SEED is set to: 567624
SEED=269102 
SEED is set to: 269102
SEED=272445 
SEED is set to: 272445
SEED=287337 
SEED is set to: 287337
SEED=520572 
SEED is set to: 520572
SEED=553619 
SEED is set to: 553619
SEED=980688 
SEED is set to: 980688
SEED=76511 
SEED is set to: 76511
SEED=864702 
SEED is set to: 864702
SEED=931676 
SEED is set to: 931676
SEED=42482 
SEED is set to: 42482
SEED=211755 
SEED is set to: 211755
SEED=279298 
SEED is set to: 279298
SEED=347957 
SEED is set to: 347957
SEED=357028 
SEED is set to: 357028
SEED=546045 
SEED is set to: 546045
SEED=968589 
SEED is set to: 968589
SEED=126375 
SEED is set to: 126375
SEED=578894 
SEED is set to: 578894
SEED=581829 
SEED is set to: 581829
SEED=716177 
SEED is set to: 716177
SEED=830027 
SEED is set to: 830027
SEED=181343 
SEED is set to: 181343
SEED=760687 
SEED is set to: 760687
SEED=866256 
SEED is set to: 866256
SEED=972300 
SEED is set to: 972300
SEED=999797 
SEED is set to: 999797
SEED=127100 
SEED is set to: 127100
SEED=160179 
SEED is set to: 160179
SEED=670412 
SEED is set to: 670412
SEED=127177 
SEED is set to: 127177
SEED=301600 
SEED is set to: 301600
SEED=480831 
SEED is set to: 480831
SEED=572477 
SEED is set to: 572477
SEED=587094 
SEED is set to: 587094
SEED=799076 
SEED is set to: 799076
SEED=246631 
SEED is set to: 246631
SEED=428461 
SEED is set to: 428461
SEED=513870 
SEED is set to: 513870
SEED=40123 
SEED is set to: 40123
SEED=172468 
SEED is set to: 172468
SEED=182079 
SEED is set to: 182079
SEED=651860 
SEED is set to: 651860
SEED=713990 
SEED is set to: 713990
SEED=134919 
SEED is set to: 134919
SEED=152064 
SEED is set to: 152064
SEED=533259 
SEED is set to: 533259
SEED=585772 
SEED is set to: 585772
SEED=999546 
SEED is set to: 999546
SEED=19967 
SEED is set to: 19967
SEED=22777 
SEED is set to: 22777
SEED=261267 
SEED is set to: 261267
SEED=652782 
SEED is set to: 652782
SEED=180813 
SEED is set to: 180813
SEED=192463 
SEED is set to: 192463
SEED=213713 
SEED is set to: 213713
SEED=500315 
SEED is set to: 500315
SEED=650940 
SEED is set to: 650940
SEED=805784 
SEED is set to: 805784
SEED=885884 
SEED is set to: 885884
SEED=994750 
SEED is set to: 994750
SEED=705677 
SEED is set to: 705677
SEED=857382 
SEED is set to: 857382
SEED=26830 
SEED is set to: 26830
SEED=69623 
SEED is set to: 69623
SEED=79950 
SEED is set to: 79950
SEED=211860 
SEED is set to: 211860
SEED=605038 
SEED is set to: 605038
SEED=229785 
SEED is set to: 229785
SEED=238010 
SEED is set to: 238010
SEED=715115 
SEED is set to: 715115
SEED=866114 
SEED is set to: 866114
SEED=964801 
SEED is set to: 964801
SEED=996812 
SEED is set to: 996812
SEED=107638 
SEED is set to: 107638
SEED=315933 
SEED is set to: 315933
SEED=852760 
SEED is set to: 852760
SEED=155872 
SEED is set to: 155872
SEED=495856 
SEED is set to: 495856
SEED=557132 
SEED is set to: 557132
SEED=693241 
SEED is set to: 693241
SEED=798938 
SEED is set to: 798938
SEED=274896 
SEED is set to: 274896
SEED=790336 
SEED is set to: 790336
SEED=4558 
SEED is set to: 4558
SEED=30019 
SEED is set to: 30019
SEED=397257 
SEED is set to: 397257
SEED=79931 
SEED is set to: 79931
SEED=170536 
SEED is set to: 170536
SEED=217868 
SEED is set to: 217868
SEED=515294 
SEED is set to: 515294
SEED=547615 
SEED is set to: 547615
SEED=640692 
SEED is set to: 640692
SEED=36894 
SEED is set to: 36894
SEED=437388 
SEED is set to: 437388
SEED=532762 
SEED is set to: 532762
SEED=663892 
SEED is set to: 663892
SEED=26153 
SEED is set to: 26153
SEED=142828 
SEED is set to: 142828
SEED=374716 
SEED is set to: 374716
SEED=704097 
SEED is set to: 704097
SEED=727546 
SEED is set to: 727546
SEED=967124 
SEED is set to: 967124
SEED=247889 
SEED is set to: 247889
SEED=343037 
SEED is set to: 343037
SEED=475241 
SEED is set to: 475241
SEED=489542 
SEED is set to: 489542
SEED=596146 
SEED is set to: 596146
SEED=656081 
SEED is set to: 656081
SEED=802926 
SEED is set to: 802926
SEED=867726 
SEED is set to: 867726
SEED=670567 
SEED is set to: 670567
SEED=64292 
SEED is set to: 64292
SEED=94692 
SEED is set to: 94692
SEED=322261 
SEED is set to: 322261
SEED=519174 
SEED is set to: 519174
SEED=419302 
SEED is set to: 419302
SEED=674690 
SEED is set to: 674690
SEED=720590 
SEED is set to: 720590
SEED=379703 
SEED is set to: 379703
SEED=728158 
SEED is set to: 728158
SEED=829966 
SEED is set to: 829966
SEED=911317 
SEED is set to: 911317
SEED=298330 
SEED is set to: 298330
SEED=626253 
SEED is set to: 626253
SEED=734711 
SEED is set to: 734711
SEED=97072 
SEED is set to: 97072
SEED=252306 
SEED is set to: 252306
SEED=300009 
SEED is set to: 300009
SEED=367342 
SEED is set to: 367342
SEED=474665 
SEED is set to: 474665
SEED=646757 
SEED is set to: 646757
SEED=831280 
SEED is set to: 831280
SEED=109083 
SEED is set to: 109083
SEED=484254 
SEED is set to: 484254
SEED=523779 
SEED is set to: 523779
SEED=569915 
SEED is set to: 569915
SEED=678889 
SEED is set to: 678889
SEED=768537 
SEED is set to: 768537
SEED=132145 
SEED is set to: 132145
SEED=889445 
SEED is set to: 889445
SEED=900818 
SEED is set to: 900818
SEED=31055 
SEED is set to: 31055
SEED=401785 
SEED is set to: 401785
SEED=828646 
SEED is set to: 828646
SEED=990955 
SEED is set to: 990955
SEED=453011 
SEED is set to: 453011
SEED=697119 
SEED is set to: 697119
SEED=30168 
SEED is set to: 30168
SEED=138086 
SEED is set to: 138086
SEED=159950 
SEED is set to: 159950
SEED=685333 
SEED is set to: 685333
SEED=724279 
SEED is set to: 724279
SEED=979359 
SEED is set to: 979359
SEED=183042 
SEED is set to: 183042
SEED=306178 
SEED is set to: 306178
SEED=336920 
SEED is set to: 336920
SEED=823959 
SEED is set to: 823959
SEED=172392 
SEED is set to: 172392
SEED=365440 
SEED is set to: 365440
SEED=451843 
SEED is set to: 451843
SEED=479183 
SEED is set to: 479183
SEED=166289 
SEED is set to: 166289
SEED=620372 
SEED is set to: 620372
SEED=745697 
SEED is set to: 745697
SEED=910927 
SEED is set to: 910927
SEED=94573 
SEED is set to: 94573
SEED=153336 
SEED is set to: 153336
SEED=935004 
SEED is set to: 935004
SEED=26353 
SEED is set to: 26353
SEED=69289 
SEED is set to: 69289
SEED=512401 
SEED is set to: 512401
SEED=687246 
SEED is set to: 687246
SEED=706106 
SEED is set to: 706106
SEED=122415 
SEED is set to: 122415
SEED=406973 
SEED is set to: 406973
SEED=621706 
SEED is set to: 621706
SEED=96883 
SEED is set to: 96883
SEED=461020 
SEED is set to: 461020
SEED=457543 
SEED is set to: 457543
SEED=694734 
SEED is set to: 694734
SEED=738987 
SEED is set to: 738987
SEED=791036 
SEED is set to: 791036
SEED=797250 
SEED is set to: 797250
SEED=53962 
SEED is set to: 53962
SEED=432305 
SEED is set to: 432305
SEED=696199 
SEED is set to: 696199
SEED=924477 
SEED is set to: 924477
SEED=92246 
SEED is set to: 92246
SEED=194900 
SEED is set to: 194900
SEED=310206 
SEED is set to: 310206
SEED=313721 
SEED is set to: 313721
SEED=549888 
SEED is set to: 549888
SEED=85488 
SEED is set to: 85488
SEED=242398 
SEED is set to: 242398
SEED=487831 
SEED is set to: 487831
SEED=685676 
SEED is set to: 685676
SEED=689373 
SEED is set to: 689373
SEED=986273 
SEED is set to: 986273
SEED=538441 
SEED is set to: 538441
SEED=154983 
SEED is set to: 154983
SEED=184560 
SEED is set to: 184560
SEED=247635 
SEED is set to: 247635
SEED=280013 
SEED is set to: 280013
SEED=563679 
SEED is set to: 563679
SEED=604350 
SEED is set to: 604350
SEED=468633 
SEED is set to: 468633
SEED=493362 
SEED is set to: 493362
SEED=545869 
SEED is set to: 545869
SEED=548505 
SEED is set to: 548505
SEED=963663 
SEED is set to: 963663
SEED=731130 
SEED is set to: 731130
SEED=983851 
SEED is set to: 983851
SEED=718623 
SEED is set to: 718623
SEED=726397 
SEED is set to: 726397
SEED=910562 
SEED is set to: 910562
SEED=422287 
SEED is set to: 422287
SEED=668137 
SEED is set to: 668137
SEED=351955 
SEED is set to: 351955
SEED=447427 
SEED is set to: 447427
SEED=668711 
SEED is set to: 668711
SEED=912564 
SEED is set to: 912564
SEED=249585 
SEED is set to: 249585
SEED=698503 
SEED is set to: 698503
SEED=825786 
SEED is set to: 825786
SEED=833355 
SEED is set to: 833355
SEED=140585 
SEED is set to: 140585
SEED=685281 
SEED is set to: 685281
SEED=818680 
SEED is set to: 818680
SEED=980850 
SEED is set to: 980850
SEED=90797 
SEED is set to: 90797
SEED=222270 
SEED is set to: 222270
SEED=526573 
SEED is set to: 526573
SEED=908005 
SEED is set to: 908005
SEED=948095 
SEED is set to: 948095
SEED=406520 
SEED is set to: 406520
SEED=517064 
SEED is set to: 517064
SEED=578177 
SEED is set to: 578177
SEED=854665 
SEED is set to: 854665
SEED=170299 
SEED is set to: 170299
SEED=208767 
SEED is set to: 208767
SEED=400986 
SEED is set to: 400986
SEED=571460 
SEED is set to: 571460
SEED=731370 
SEED is set to: 731370
SEED=486789 
SEED is set to: 486789
SEED=886567 
SEED is set to: 886567
SEED=999355 
SEED is set to: 999355
SEED=88767 
SEED is set to: 88767
SEED=501346 
SEED is set to: 501346
SEED=516289 
SEED is set to: 516289
SEED=860212 
SEED is set to: 860212
SEED=62493 
SEED is set to: 62493
SEED=123177 
SEED is set to: 123177
SEED=284741 
SEED is set to: 284741
SEED=665193 
SEED is set to: 665193
SEED=252270 
SEED is set to: 252270
SEED=262378 
SEED is set to: 262378
SEED=452719 
SEED is set to: 452719
SEED=616425 
SEED is set to: 616425
SEED=872483 
SEED is set to: 872483
SEED=254755 
SEED is set to: 254755
SEED=654870 
SEED is set to: 654870
SEED=930850 
SEED is set to: 930850
SEED=998866 
SEED is set to: 998866
SEED=628368 
SEED is set to: 628368
SEED=24638 
SEED is set to: 24638
SEED=53357 
SEED is set to: 53357
SEED=90722 
SEED is set to: 90722
SEED=103778 
SEED is set to: 103778
SEED=583004 
SEED is set to: 583004
SEED=889692 
SEED is set to: 889692
SEED=306826 
SEED is set to: 306826
SEED=383785 
SEED is set to: 383785
SEED=457507 
SEED is set to: 457507
SEED=925390 
SEED is set to: 925390
SEED=299980 
SEED is set to: 299980
SEED=567640 
SEED is set to: 567640
SEED=696818 
SEED is set to: 696818
SEED=905989 
SEED is set to: 905989
SEED=101382 
SEED is set to: 101382
SEED=212116 
SEED is set to: 212116
SEED=597420 
SEED is set to: 597420
SEED=672126 
SEED is set to: 672126
SEED=894258 
SEED is set to: 894258
SEED=980941 
SEED is set to: 980941
SEED=13051 
SEED is set to: 13051
SEED=130697 
SEED is set to: 130697
SEED=507676 
SEED is set to: 507676
SEED=650201 
SEED is set to: 650201
SEED=173624 
SEED is set to: 173624
SEED=540843 
SEED is set to: 540843
SEED=619328 
SEED is set to: 619328
SEED=911275 
SEED is set to: 911275
SEED=955539 
SEED is set to: 955539
SEED=596798 
SEED is set to: 596798
SEED=721084 
SEED is set to: 721084
SEED=735169 
SEED is set to: 735169
SEED=930164 
SEED is set to: 930164
SEED=446286 
SEED is set to: 446286
SEED=456898 
SEED is set to: 456898
SEED=812849 
SEED is set to: 812849
SEED=298620 
SEED is set to: 298620
SEED=322790 
SEED is set to: 322790
SEED=977220 
SEED is set to: 977220
SEED=46069 
SEED is set to: 46069
SEED=786793 
SEED is set to: 786793
SEED=869035 
SEED is set to: 869035
SEED=869883 
SEED is set to: 869883
SEED=977998 
SEED is set to: 977998
SEED=259574 
SEED is set to: 259574
SEED=370505 
SEED is set to: 370505
SEED=410602 
SEED is set to: 410602
SEED=366182 
SEED is set to: 366182
SEED=430726 
SEED is set to: 430726
SEED=463349 
SEED is set to: 463349
SEED=676371 
SEED is set to: 676371
SEED=811568 
SEED is set to: 811568
SEED=834109 
SEED is set to: 834109
SEED=873005 
SEED is set to: 873005
SEED=317227 
SEED is set to: 317227
SEED=687334 
SEED is set to: 687334
SEED=966948 
SEED is set to: 966948
SEED=353172 
SEED is set to: 353172
SEED=370270 
SEED is set to: 370270
SEED=387728 
SEED is set to: 387728
SEED=627914 
SEED is set to: 627914
SEED=202672 
SEED is set to: 202672
SEED=505358 
SEED is set to: 505358
SEED=611965 
SEED is set to: 611965
SEED=675155 
SEED is set to: 675155
SEED=737225 
SEED is set to: 737225
SEED=201350 
SEED is set to: 201350
SEED=646574 
SEED is set to: 646574
SEED=938785 
SEED is set to: 938785
SEED=961248 
SEED is set to: 961248
SEED=961395 
SEED is set to: 961395
SEED=965169 
SEED is set to: 965169
SEED=58892 
SEED is set to: 58892
SEED=682452 
SEED is set to: 682452
SEED=965714 
SEED is set to: 965714
SEED=495208 
SEED is set to: 495208
SEED=578693 
SEED is set to: 578693
SEED=760949 
SEED is set to: 760949
SEED=786979 
SEED is set to: 786979
SEED=186627 
SEED is set to: 186627
SEED=680089 
SEED is set to: 680089
SEED=764196 
SEED is set to: 764196
SEED=950685 
SEED is set to: 950685
SEED=202606 
SEED is set to: 202606
SEED=515177 
SEED is set to: 515177
SEED=673687 
SEED is set to: 673687
SEED=246499 
SEED is set to: 246499
SEED=335552 
SEED is set to: 335552
SEED=469006 
SEED is set to: 469006
SEED=55408 
SEED is set to: 55408
SEED=59169 
SEED is set to: 59169
SEED=89389 
SEED is set to: 89389
SEED=682050 
SEED is set to: 682050
SEED=789162 
SEED is set to: 789162
SEED=838185 
SEED is set to: 838185
SEED=90970 
SEED is set to: 90970
SEED=430747 
SEED is set to: 430747
SEED=619041 
SEED is set to: 619041
SEED=79228 
SEED is set to: 79228
SEED=199266 
SEED is set to: 199266
SEED=246505 
SEED is set to: 246505
free(): invalid pointer
SEED=492877 
SEED is set to: 492877
SEED=627334 
SEED is set to: 627334
SEED=818000 
SEED is set to: 818000
SEED=824813 
SEED is set to: 824813
SEED=890282 
SEED is set to: 890282
SEED=894935 
SEED is set to: 894935
SEED=740740 
SEED is set to: 740740
SEED=879741 
SEED is set to: 879741
SEED=942050 
SEED is set to: 942050
SEED=46437 
SEED is set to: 46437
SEED=156256 
SEED is set to: 156256
SEED=78509 
SEED is set to: 78509
SEED=108338 
SEED is set to: 108338
SEED=408816 
SEED is set to: 408816
SEED=417318 
SEED is set to: 417318
SEED=439554 
SEED is set to: 439554
SEED=620177 
SEED is set to: 620177
SEED=437988 
SEED is set to: 437988
SEED=504182 
SEED is set to: 504182
SEED=280102 
SEED is set to: 280102
SEED=405195 
SEED is set to: 405195
SEED=547701 
SEED is set to: 547701
SEED=488727 
SEED is set to: 488727
SEED=729160 
SEED is set to: 729160
SEED=773881 
SEED is set to: 773881
SEED=978698 
SEED is set to: 978698
SEED=401228 
SEED is set to: 401228
SEED=715394 
SEED is set to: 715394
SEED=883726 
SEED is set to: 883726
SEED=257481 
SEED is set to: 257481
SEED=584313 
SEED is set to: 584313
SEED=798875 
SEED is set to: 798875
SEED=884800 
SEED is set to: 884800
SEED=979142 
SEED is set to: 979142
SEED=281353 
SEED is set to: 281353
SEED=342384 
SEED is set to: 342384
SEED=364480 
SEED is set to: 364480
SEED=499067 
SEED is set to: 499067
SEED=679090 
SEED is set to: 679090
SEED=375136 
SEED is set to: 375136
SEED=774294 
SEED is set to: 774294
SEED=958847 
SEED is set to: 958847
SEED=208616 
SEED is set to: 208616
SEED=415927 
SEED is set to: 415927
SEED=458330 
SEED is set to: 458330
SEED=71560 
SEED is set to: 71560
SEED=88546 
SEED is set to: 88546
SEED=729381 
SEED is set to: 729381
SEED=851754 
SEED is set to: 851754
SEED=33385 
SEED is set to: 33385
SEED=47168 
SEED is set to: 47168
SEED=450872 
SEED is set to: 450872
SEED=329841 
SEED is set to: 329841
SEED=419785 
SEED is set to: 419785
SEED=428998 
SEED is set to: 428998
SEED=548770 
SEED is set to: 548770
SEED=596540 
SEED is set to: 596540
SEED=681665 
SEED is set to: 681665
SEED=82755 
SEED is set to: 82755
SEED=625638 
SEED is set to: 625638
SEED=879727 
SEED is set to: 879727
SEED=947543 
SEED is set to: 947543
SEED=8467 
SEED is set to: 8467
SEED=181516 
SEED is set to: 181516
SEED=934623 
SEED is set to: 934623
SEED=959618 
SEED is set to: 959618
SEED=275975 
SEED is set to: 275975
SEED=405594 
SEED is set to: 405594
SEED=637768 
SEED is set to: 637768
SEED=716884 
SEED is set to: 716884
SEED=2330 
SEED is set to: 2330
SEED=7353 
SEED is set to: 7353
SEED=203319 
SEED is set to: 203319
SEED=216397 
SEED is set to: 216397
SEED=116579 
SEED is set to: 116579
SEED=123609 
SEED is set to: 123609
SEED=308527 
SEED is set to: 308527
SEED=768694 
SEED is set to: 768694
SEED=222927 
SEED is set to: 222927
SEED=437083 
SEED is set to: 437083
SEED=482528 
SEED is set to: 482528
SEED=627649 
SEED is set to: 627649
SEED=991237 
SEED is set to: 991237
SEED=290477 
SEED is set to: 290477
SEED=693950 
SEED is set to: 693950
SEED=851013 
SEED is set to: 851013
SEED=550 
SEED is set to: 550
SEED=500099 
SEED is set to: 500099
SEED=538039 
SEED is set to: 538039
SEED=21593 
SEED is set to: 21593
SEED=427315 
SEED is set to: 427315
SEED=657263 
SEED is set to: 657263
SEED=394536 
SEED is set to: 394536
SEED=520664 
SEED is set to: 520664
SEED=537581 
SEED is set to: 537581
SEED=607180 
SEED is set to: 607180
SEED=773897 
SEED is set to: 773897
SEED=96411 
SEED is set to: 96411
SEED=838797 
SEED is set to: 838797
SEED=160859 
SEED is set to: 160859
SEED=272978 
SEED is set to: 272978
SEED=318064 
SEED is set to: 318064
SEED=365842 
SEED is set to: 365842
double free or corruption (out)
SEED=653396 
SEED is set to: 653396
SEED=155183 
SEED is set to: 155183
SEED=553037 
SEED is set to: 553037
SEED=711885 
SEED is set to: 711885
SEED=752574 
SEED is set to: 752574
SEED=835528 
SEED is set to: 835528
SEED=939717 
SEED is set to: 939717
SEED=51609 
SEED is set to: 51609
SEED=812836 
SEED is set to: 812836
SEED=989193 
SEED is set to: 989193
SEED=46159 
SEED is set to: 46159
SEED=157952 
SEED is set to: 157952
SEED=532762 
SEED is set to: 532762
SEED=539076 
SEED is set to: 539076
/localdata/Mary/Workspace_2/SDC/Scripts/Shells_float/line_info.sh: line 11: warning: command substitution: ignored null byte in input
SEED=641671 
SEED is set to: 641671
SEED=760433 
SEED is set to: 760433
SEED=98216 
SEED is set to: 98216
SEED=238619 
SEED is set to: 238619
SEED=618848 
SEED is set to: 618848
SEED=663824 
SEED is set to: 663824
SEED=46565 
SEED is set to: 46565
SEED=158869 
SEED is set to: 158869
SEED=337934 
SEED is set to: 337934
SEED=826790 
SEED is set to: 826790
SEED=898624 
SEED is set to: 898624
SEED=257253 
SEED is set to: 257253
SEED=501935 
SEED is set to: 501935
SEED=648674 
SEED is set to: 648674
SEED=833366 
SEED is set to: 833366
SEED=346135 
SEED is set to: 346135
SEED=399924 
SEED is set to: 399924
SEED=571474 
SEED is set to: 571474
SEED=846653 
SEED is set to: 846653
SEED=49184 
SEED is set to: 49184
SEED=180334 
SEED is set to: 180334
SEED=627436 
SEED is set to: 627436
SEED=706459 
SEED is set to: 706459
SEED=887879 
SEED is set to: 887879
SEED=243506 
SEED is set to: 243506
SEED=312405 
SEED is set to: 312405
SEED=335815 
SEED is set to: 335815
SEED=902045 
SEED is set to: 902045
SEED=133207 
SEED is set to: 133207
SEED=548132 
SEED is set to: 548132
SEED=553457 
SEED is set to: 553457
SEED=591980 
SEED is set to: 591980
SEED=675696 
SEED is set to: 675696
SEED=983981 
SEED is set to: 983981
SEED=554589 
SEED is set to: 554589
SEED=17682 
SEED is set to: 17682
SEED=279360 
SEED is set to: 279360
SEED=368643 
SEED is set to: 368643
SEED=549694 
SEED is set to: 549694
SEED=578751 
SEED is set to: 578751
SEED=766891 
SEED is set to: 766891
SEED=210040 
SEED is set to: 210040
SEED=670789 
SEED is set to: 670789
SEED=873166 
SEED is set to: 873166
SEED=2026 
SEED is set to: 2026
SEED=198539 
SEED is set to: 198539
SEED=659792 
SEED is set to: 659792
SEED=892813 
SEED is set to: 892813
SEED=69692 
SEED is set to: 69692
SEED=632340 
SEED is set to: 632340
SEED=132870 
SEED is set to: 132870
SEED=658900 
SEED is set to: 658900
SEED=924468 
SEED is set to: 924468
SEED=127571 
SEED is set to: 127571
SEED=462687 
SEED is set to: 462687
SEED=642101 
SEED is set to: 642101
SEED=753168 
SEED is set to: 753168
SEED=722430 
SEED is set to: 722430
SEED=803664 
SEED is set to: 803664
SEED=917747 
SEED is set to: 917747
SEED=64784 
SEED is set to: 64784
SEED=92580 
SEED is set to: 92580
SEED=429691 
SEED is set to: 429691
SEED=54566 
SEED is set to: 54566
SEED=141826 
SEED is set to: 141826
SEED=237773 
SEED is set to: 237773
SEED=357485 
SEED is set to: 357485
SEED=382809 
SEED is set to: 382809
SEED=383456 
SEED is set to: 383456
SEED=599248 
SEED is set to: 599248
SEED=810991 
SEED is set to: 810991
SEED=823015 
SEED is set to: 823015
SEED=925843 
SEED is set to: 925843
SEED=993965 
SEED is set to: 993965
SEED=63376 
SEED is set to: 63376
SEED=269749 
SEED is set to: 269749
SEED=440019 
SEED is set to: 440019
SEED=150315 
SEED is set to: 150315
SEED=246880 
SEED is set to: 246880
SEED=465157 
SEED is set to: 465157
SEED=574365 
SEED is set to: 574365
SEED=721237 
SEED is set to: 721237
SEED=831485 
SEED is set to: 831485
SEED=203547 
SEED is set to: 203547
SEED=403733 
SEED is set to: 403733
SEED=524852 
SEED is set to: 524852
SEED=269113 
SEED is set to: 269113
SEED=770983 
SEED is set to: 770983
SEED=809394 
SEED is set to: 809394
SEED=379345 
SEED is set to: 379345
SEED=425085 
SEED is set to: 425085
SEED=827903 
SEED is set to: 827903
SEED=924694 
SEED is set to: 924694
SEED=365469 
SEED is set to: 365469
SEED=438975 
SEED is set to: 438975
SEED=821001 
SEED is set to: 821001
SEED=891220 
SEED is set to: 891220
SEED=891472 
SEED is set to: 891472
SEED=151797 
SEED is set to: 151797
SEED=203868 
SEED is set to: 203868
SEED=411511 
SEED is set to: 411511
SEED=512255 
SEED is set to: 512255
SEED=522062 
SEED is set to: 522062
SEED=529286 
SEED is set to: 529286
SEED=299496 
SEED is set to: 299496
SEED=615769 
SEED is set to: 615769
SEED=778286 
SEED is set to: 778286
SEED=875654 
SEED is set to: 875654
SEED=934068 
SEED is set to: 934068
SEED=951594 
SEED is set to: 951594
SEED=172543 
SEED is set to: 172543
SEED=981192 
SEED is set to: 981192
SEED=211860 
SEED is set to: 211860
SEED=870834 
SEED is set to: 870834
SEED=355971 
SEED is set to: 355971
SEED=417749 
SEED is set to: 417749
SEED=659161 
SEED is set to: 659161
SEED=191780 
SEED is set to: 191780
SEED=773194 
SEED is set to: 773194
SEED=986190 
SEED is set to: 986190
SEED=493020 
SEED is set to: 493020
SEED=493214 
SEED is set to: 493214
SEED=950248 
SEED is set to: 950248
SEED=130007 
SEED is set to: 130007
SEED=215637 
SEED is set to: 215637
SEED=264186 
SEED is set to: 264186
SEED=517296 
SEED is set to: 517296
SEED=795699 
SEED is set to: 795699
SEED=960332 
SEED is set to: 960332
SEED=325268 
SEED is set to: 325268
SEED=427471 
SEED is set to: 427471
SEED=553591 
SEED is set to: 553591
SEED=13296 
SEED is set to: 13296
SEED=41188 
SEED is set to: 41188
double free or corruption (out)
SEED=257906 
SEED is set to: 257906
SEED=696027 
SEED is set to: 696027
SEED=785703 
SEED is set to: 785703
SEED=949069 
SEED is set to: 949069
SEED=120364 
SEED is set to: 120364
SEED=240000 
SEED is set to: 240000
SEED=678417 
SEED is set to: 678417
SEED=694013 
SEED is set to: 694013
SEED=102457 
SEED is set to: 102457
SEED=361209 
SEED is set to: 361209
SEED=440208 
SEED is set to: 440208
SEED=683336 
SEED is set to: 683336
SEED=839188 
SEED is set to: 839188
SEED=948961 
SEED is set to: 948961
SEED=501015 
SEED is set to: 501015
SEED=724416 
SEED is set to: 724416
SEED=783987 
SEED is set to: 783987
SEED=35271 
SEED is set to: 35271
SEED=212169 
SEED is set to: 212169
SEED=403405 
SEED is set to: 403405
SEED=453580 
SEED is set to: 453580
SEED=929792 
SEED is set to: 929792
SEED=945499 
SEED is set to: 945499
SEED=176795 
SEED is set to: 176795
SEED=553889 
SEED is set to: 553889
SEED=800316 
SEED is set to: 800316
SEED=182420 
SEED is set to: 182420
SEED=469642 
SEED is set to: 469642
SEED=562589 
SEED is set to: 562589
SEED=829667 
SEED is set to: 829667
SEED=846765 
SEED is set to: 846765
SEED=165948 
SEED is set to: 165948
SEED=294198 
SEED is set to: 294198
SEED=459096 
SEED is set to: 459096
SEED=798640 
SEED is set to: 798640
SEED=951087 
SEED is set to: 951087
SEED=177854 
SEED is set to: 177854
SEED=532650 
SEED is set to: 532650
SEED=872249 
SEED is set to: 872249
SEED=82297 
SEED is set to: 82297
SEED=83147 
SEED is set to: 83147
SEED=208874 
SEED is set to: 208874
SEED=405605 
SEED is set to: 405605
SEED=782945 
SEED is set to: 782945
SEED=518373 
SEED is set to: 518373
SEED=622469 
SEED is set to: 622469
SEED=903154 
SEED is set to: 903154
SEED=51141 
SEED is set to: 51141
SEED=300810 
SEED is set to: 300810
SEED=325281 
SEED is set to: 325281
SEED=355324 
SEED is set to: 355324
SEED=812336 
SEED is set to: 812336
SEED=905465 
SEED is set to: 905465
SEED=71488 
SEED is set to: 71488
SEED=75727 
SEED is set to: 75727
SEED=663735 
SEED is set to: 663735
SEED=786562 
SEED is set to: 786562
SEED=154389 
SEED is set to: 154389
SEED=551505 
SEED is set to: 551505
SEED=570610 
SEED is set to: 570610
SEED=866805 
SEED is set to: 866805
SEED=51315 
SEED is set to: 51315
SEED=287111 
SEED is set to: 287111
SEED=679979 
SEED is set to: 679979
SEED=75383 
SEED is set to: 75383
SEED=245360 
SEED is set to: 245360
SEED=336272 
SEED is set to: 336272
SEED=400089 
SEED is set to: 400089
SEED=900123 
SEED is set to: 900123
SEED=500209 
SEED is set to: 500209
SEED=581435 
SEED is set to: 581435
SEED=626800 
SEED is set to: 626800
SEED=285930 
SEED is set to: 285930
SEED=576488 
SEED is set to: 576488
SEED=586517 
SEED is set to: 586517
SEED=663348 
SEED is set to: 663348
SEED=858221 
SEED is set to: 858221
SEED=337876 
SEED is set to: 337876
SEED=822863 
SEED is set to: 822863
SEED=859682 
SEED is set to: 859682
SEED=203713 
SEED is set to: 203713
SEED=656446 
SEED is set to: 656446
SEED=919170 
SEED is set to: 919170
SEED=934115 
SEED is set to: 934115
SEED=371829 
SEED is set to: 371829
SEED=480716 
SEED is set to: 480716
SEED=886753 
SEED is set to: 886753
SEED=79616 
SEED is set to: 79616
SEED=544739 
SEED is set to: 544739
SEED=557882 
SEED is set to: 557882
SEED=578939 
SEED is set to: 578939
SEED=579828 
SEED is set to: 579828
SEED=102833 
SEED is set to: 102833
SEED=531388 
SEED is set to: 531388
SEED=28596 
SEED is set to: 28596
SEED=101398 
SEED is set to: 101398
SEED=404977 
SEED is set to: 404977
SEED=430872 
SEED is set to: 430872
SEED=672654 
SEED is set to: 672654
SEED=154814 
SEED is set to: 154814
SEED=668734 
SEED is set to: 668734
SEED=84390 
SEED is set to: 84390
SEED=180772 
SEED is set to: 180772
SEED=363839 
SEED is set to: 363839
SEED=579323 
SEED is set to: 579323
SEED=338918 
SEED is set to: 338918
SEED=713321 
SEED is set to: 713321
SEED=14456 
SEED is set to: 14456
SEED=49111 
SEED is set to: 49111
SEED=117864 
SEED is set to: 117864
SEED=151110 
SEED is set to: 151110
SEED=830554 
SEED is set to: 830554
SEED=899313 
SEED is set to: 899313
SEED=325040 
SEED is set to: 325040
SEED=429558 
SEED is set to: 429558
SEED=706397 
SEED is set to: 706397
SEED=930092 
SEED is set to: 930092
SEED=293453 
SEED is set to: 293453
SEED=991763 
SEED is set to: 991763
SEED=252101 
SEED is set to: 252101
SEED=629647 
SEED is set to: 629647
SEED=467769 
SEED is set to: 467769
SEED=664685 
SEED is set to: 664685
SEED=710031 
SEED is set to: 710031
SEED=903547 
SEED is set to: 903547
SEED=86853 
SEED is set to: 86853
SEED=426435 
SEED is set to: 426435
SEED=937408 
SEED is set to: 937408
SEED=155454 
SEED is set to: 155454
SEED=183853 
SEED is set to: 183853
SEED=759302 
SEED is set to: 759302
SEED=800333 
SEED is set to: 800333
SEED=949847 
SEED is set to: 949847
SEED=227369 
SEED is set to: 227369
SEED=622086 
SEED is set to: 622086
SEED=935979 
SEED is set to: 935979
SEED=969493 
SEED is set to: 969493
SEED=25178 
SEED is set to: 25178
SEED=453042 
SEED is set to: 453042
SEED=342885 
SEED is set to: 342885
SEED=606857 
SEED is set to: 606857
SEED=663499 
SEED is set to: 663499
SEED=676044 
SEED is set to: 676044
SEED=692307 
SEED is set to: 692307
SEED=87563 
SEED is set to: 87563
SEED=176571 
SEED is set to: 176571
SEED=491176 
SEED is set to: 491176
SEED=845918 
SEED is set to: 845918
SEED=888083 
SEED is set to: 888083
SEED=937764 
SEED is set to: 937764
SEED=960920 
SEED is set to: 960920
SEED=258802 
SEED is set to: 258802
SEED=349836 
SEED is set to: 349836
SEED=579269 
SEED is set to: 579269
SEED=139806 
SEED is set to: 139806
SEED=180413 
SEED is set to: 180413
SEED=350892 
SEED is set to: 350892
SEED=465593 
SEED is set to: 465593
SEED=518803 
SEED is set to: 518803
SEED=743216 
SEED is set to: 743216
SEED=883684 
SEED is set to: 883684
SEED=224143 
SEED is set to: 224143
SEED=556941 
SEED is set to: 556941
SEED=659137 
SEED is set to: 659137
SEED=723569 
SEED is set to: 723569
SEED=854339 
SEED is set to: 854339
SEED=186960 
SEED is set to: 186960
SEED=795346 
SEED is set to: 795346
SEED=871858 
SEED is set to: 871858
SEED=40159 
SEED is set to: 40159
SEED=81060 
SEED is set to: 81060
SEED=229056 
SEED is set to: 229056
SEED=363578 
SEED is set to: 363578
SEED=429389 
SEED is set to: 429389
SEED=818865 
SEED is set to: 818865
SEED=173797 
SEED is set to: 173797
SEED=214685 
SEED is set to: 214685
SEED=809801 
SEED is set to: 809801
SEED=840859 
SEED is set to: 840859
SEED=988794 
SEED is set to: 988794
SEED=29458 
SEED is set to: 29458
SEED=72063 
SEED is set to: 72063
SEED=610349 
SEED is set to: 610349
SEED=691896 
SEED is set to: 691896
SEED=88270 
SEED is set to: 88270
SEED=253784 
SEED is set to: 253784
SEED=322398 
SEED is set to: 322398
SEED=744981 
SEED is set to: 744981
SEED=387055 
SEED is set to: 387055
SEED=619152 
SEED is set to: 619152
SEED=891174 
SEED is set to: 891174
SEED=549462 
SEED is set to: 549462
SEED=833981 
SEED is set to: 833981
SEED=241054 
SEED is set to: 241054
SEED=248648 
SEED is set to: 248648
SEED=270483 
SEED is set to: 270483
SEED=622437 
SEED is set to: 622437
SEED=843599 
SEED is set to: 843599
SEED=108141 
SEED is set to: 108141
SEED=328328 
SEED is set to: 328328
SEED=428913 
SEED is set to: 428913
SEED=912820 
SEED is set to: 912820
SEED=169881 
SEED is set to: 169881
SEED=385948 
SEED is set to: 385948
SEED=445515 
SEED is set to: 445515
SEED=621826 
SEED is set to: 621826
SEED=712466 
SEED is set to: 712466
SEED=984607 
SEED is set to: 984607
SEED=990684 
SEED is set to: 990684
SEED=62527 
SEED is set to: 62527
SEED=164108 
SEED is set to: 164108
SEED=169419 
SEED is set to: 169419
SEED=238386 
SEED is set to: 238386
SEED=736883 
SEED is set to: 736883
SEED=417159 
SEED is set to: 417159
SEED=457175 
SEED is set to: 457175
SEED=478953 
SEED is set to: 478953
SEED=527482 
SEED is set to: 527482
SEED=558025 
SEED is set to: 558025
SEED=736165 
SEED is set to: 736165
SEED=50830 
SEED is set to: 50830
SEED=877408 
SEED is set to: 877408
SEED=886179 
SEED is set to: 886179
SEED=23789 
SEED is set to: 23789
SEED=64956 
SEED is set to: 64956
SEED=65130 
SEED is set to: 65130
SEED=248797 
SEED is set to: 248797
SEED=418512 
SEED is set to: 418512
SEED=885747 
SEED is set to: 885747
SEED=893306 
SEED is set to: 893306
SEED=960667 
SEED is set to: 960667
SEED=961597 
SEED is set to: 961597
SEED=295719 
SEED is set to: 295719
SEED=163024 
SEED is set to: 163024
SEED=411942 
SEED is set to: 411942
SEED=577688 
SEED is set to: 577688
SEED=583444 
SEED is set to: 583444
SEED=73606 
SEED is set to: 73606
SEED=120121 
SEED is set to: 120121
SEED=567547 
SEED is set to: 567547
SEED=638877 
SEED is set to: 638877
SEED=84818 
SEED is set to: 84818
SEED=191571 
SEED is set to: 191571
SEED=413089 
SEED is set to: 413089
SEED=815820 
SEED is set to: 815820
SEED=190033 
SEED is set to: 190033
SEED=480779 
SEED is set to: 480779
SEED=530883 
SEED is set to: 530883
SEED=921662 
SEED is set to: 921662
SEED=727889 
SEED is set to: 727889
SEED=837722 
SEED is set to: 837722
SEED=46816 
SEED is set to: 46816
SEED=344717 
SEED is set to: 344717
SEED=453246 
SEED is set to: 453246
SEED=568959 
SEED is set to: 568959
SEED=704662 
SEED is set to: 704662
SEED=112318 
SEED is set to: 112318
SEED=359468 
SEED is set to: 359468
SEED=365654 
SEED is set to: 365654
SEED=448360 
SEED is set to: 448360
SEED=869507 
SEED is set to: 869507
SEED=152437 
SEED is set to: 152437
SEED=498489 
SEED is set to: 498489
SEED=617777 
SEED is set to: 617777
SEED=668442 
SEED is set to: 668442
SEED=38445 
SEED is set to: 38445
SEED=183858 
SEED is set to: 183858
SEED=415093 
SEED is set to: 415093
SEED=829262 
SEED is set to: 829262
SEED=61586 
SEED is set to: 61586
SEED=586239 
SEED is set to: 586239
SEED=748248 
SEED is set to: 748248
SEED=810061 
SEED is set to: 810061
SEED=847252 
SEED is set to: 847252
SEED=880147 
SEED is set to: 880147
SEED=993399 
SEED is set to: 993399
SEED=985876 
SEED is set to: 985876
SEED=998712 
SEED is set to: 998712
SEED=350347 
SEED is set to: 350347
SEED=362597 
SEED is set to: 362597
SEED=552338 
SEED is set to: 552338
SEED=28329 
SEED is set to: 28329
SEED=348834 
SEED is set to: 348834
SEED=545076 
SEED is set to: 545076
SEED=579367 
SEED is set to: 579367
SEED=792137 
SEED is set to: 792137
SEED=889945 
SEED is set to: 889945
SEED=141592 
SEED is set to: 141592
SEED=594280 
SEED is set to: 594280
SEED=885888 
SEED is set to: 885888
SEED=26900 
SEED is set to: 26900
SEED=159128 
SEED is set to: 159128
SEED=348506 
SEED is set to: 348506
SEED=844854 
SEED is set to: 844854
SEED=888324 
SEED is set to: 888324
SEED=425816 
SEED is set to: 425816
SEED=557016 
SEED is set to: 557016
SEED=914392 
SEED is set to: 914392
SEED=326558 
SEED is set to: 326558
SEED=573701 
SEED is set to: 573701
SEED=616438 
SEED is set to: 616438
SEED=845745 
SEED is set to: 845745
SEED=29832 
SEED is set to: 29832
SEED=170153 
SEED is set to: 170153
SEED=340433 
SEED is set to: 340433
SEED=606369 
SEED is set to: 606369
SEED=209792 
SEED is set to: 209792
SEED=808111 
SEED is set to: 808111
SEED=810036 
SEED is set to: 810036
SEED=829724 
SEED is set to: 829724
SEED=899297 
SEED is set to: 899297
SEED=175188 
SEED is set to: 175188
SEED=203283 
SEED is set to: 203283
SEED=227509 
SEED is set to: 227509
SEED=361748 
SEED is set to: 361748
SEED=594858 
SEED is set to: 594858
SEED=393427 
SEED is set to: 393427
SEED=681837 
SEED is set to: 681837
SEED=63007 
SEED is set to: 63007
SEED=478093 
SEED is set to: 478093
SEED=600173 
SEED is set to: 600173
SEED=964558 
SEED is set to: 964558
SEED=68141 
SEED is set to: 68141
SEED=155586 
SEED is set to: 155586
SEED=290582 
SEED is set to: 290582
SEED=670112 
SEED is set to: 670112
SEED=947155 
SEED is set to: 947155
SEED=363788 
SEED is set to: 363788
SEED=377059 
SEED is set to: 377059
SEED=453602 
SEED is set to: 453602
SEED=459996 
SEED is set to: 459996
SEED=524222 
SEED is set to: 524222
SEED=13308 
SEED is set to: 13308
SEED=475526 
SEED is set to: 475526
SEED=747627 
SEED is set to: 747627
SEED=135571 
SEED is set to: 135571
SEED=968181 
SEED is set to: 968181
SEED=51279 
SEED is set to: 51279
SEED=400282 
SEED is set to: 400282
SEED=657930 
SEED is set to: 657930
SEED=347990 
SEED is set to: 347990
SEED=458373 
SEED is set to: 458373
SEED=460639 
SEED is set to: 460639
SEED=45421 
SEED is set to: 45421
SEED=81678 
SEED is set to: 81678
SEED=271993 
SEED is set to: 271993
SEED=948918 
SEED is set to: 948918
SEED=976321 
SEED is set to: 976321
SEED=147829 
SEED is set to: 147829
SEED=168360 
SEED is set to: 168360
SEED=494739 
SEED is set to: 494739
SEED=92800 
SEED is set to: 92800
SEED=627851 
SEED is set to: 627851
SEED=658898 
SEED is set to: 658898
SEED=53415 
SEED is set to: 53415
SEED=86519 
SEED is set to: 86519
SEED=121810 
SEED is set to: 121810
SEED=361300 
SEED is set to: 361300
SEED=995701 
SEED is set to: 995701
SEED=5731 
SEED is set to: 5731
SEED=18987 
SEED is set to: 18987
SEED=118604 
SEED is set to: 118604
SEED=244430 
SEED is set to: 244430
SEED=247683 
SEED is set to: 247683
SEED=335878 
SEED is set to: 335878
SEED=345759 
SEED is set to: 345759
SEED=672412 
SEED is set to: 672412
SEED=714920 
SEED is set to: 714920
SEED=824826 
SEED is set to: 824826
SEED=910573 
SEED is set to: 910573
SEED=97507 
SEED is set to: 97507
SEED=571266 
SEED is set to: 571266
SEED=941068 
SEED is set to: 941068
SEED=41237 
SEED is set to: 41237
SEED=496480 
SEED is set to: 496480
SEED=504453 
SEED is set to: 504453
SEED=793365 
SEED is set to: 793365
SEED=36778 
SEED is set to: 36778
SEED=143379 
SEED is set to: 143379
SEED=146849 
SEED is set to: 146849
SEED=459614 
SEED is set to: 459614
SEED=485450 
SEED is set to: 485450
SEED=907302 
SEED is set to: 907302
SEED=450580 
SEED is set to: 450580
SEED=682552 
SEED is set to: 682552
SEED=685396 
SEED is set to: 685396
SEED=22758 
SEED is set to: 22758
SEED=36871 
SEED is set to: 36871
SEED=50976 
SEED is set to: 50976
SEED=461607 
SEED is set to: 461607
SEED=839982 
SEED is set to: 839982
SEED=951383 
SEED is set to: 951383
SEED=157418 
SEED is set to: 157418
SEED=349015 
SEED is set to: 349015
SEED=864785 
SEED is set to: 864785
SEED=921558 
SEED is set to: 921558
SEED=177254 
SEED is set to: 177254
SEED=609759 
SEED is set to: 609759
SEED=639898 
SEED is set to: 639898
SEED=14334 
SEED is set to: 14334
SEED=254349 
SEED is set to: 254349
SEED=264556 
SEED is set to: 264556
SEED=314553 
SEED is set to: 314553
SEED=10296 
SEED is set to: 10296
SEED=72148 
SEED is set to: 72148
SEED=228801 
SEED is set to: 228801
SEED=494771 
SEED is set to: 494771
SEED=556510 
SEED is set to: 556510
SEED=755273 
SEED is set to: 755273
SEED=816983 
SEED is set to: 816983
SEED=519704 
SEED is set to: 519704
SEED=845684 
SEED is set to: 845684
SEED=870681 
SEED is set to: 870681
SEED=63764 
SEED is set to: 63764
SEED=105408 
SEED is set to: 105408
SEED=902895 
SEED is set to: 902895
SEED=163666 
SEED is set to: 163666
SEED=216501 
SEED is set to: 216501
SEED=464222 
SEED is set to: 464222
SEED=642117 
SEED is set to: 642117
SEED=948752 
SEED is set to: 948752
SEED=384378 
SEED is set to: 384378
SEED=571428 
SEED is set to: 571428
SEED=582970 
SEED is set to: 582970
SEED=612073 
SEED is set to: 612073
SEED=699294 
SEED is set to: 699294
SEED=732052 
SEED is set to: 732052
SEED=687717 
SEED is set to: 687717
SEED=688626 
SEED is set to: 688626
SEED=295 
SEED is set to: 295
SEED=169059 
SEED is set to: 169059
SEED=403822 
SEED is set to: 403822
SEED=742109 
SEED is set to: 742109
SEED=181650 
SEED is set to: 181650
SEED=308903 
SEED is set to: 308903
SEED=314418 
SEED is set to: 314418
SEED=683623 
SEED is set to: 683623
SEED=814032 
SEED is set to: 814032
SEED=933253 
SEED is set to: 933253
SEED=158891 
SEED is set to: 158891
SEED=322099 
SEED is set to: 322099
SEED=587494 
SEED is set to: 587494
SEED=636974 
SEED is set to: 636974
*** stack smashing detected ***: terminated
SEED=771861 
SEED is set to: 771861
SEED=69983 
SEED is set to: 69983
SEED=149984 
SEED is set to: 149984
SEED=465308 
SEED is set to: 465308
SEED=496274 
SEED is set to: 496274
SEED=630182 
SEED is set to: 630182
SEED=588450 
SEED is set to: 588450
SEED=872547 
SEED is set to: 872547
SEED=123546 
SEED is set to: 123546
SEED=722637 
SEED is set to: 722637
SEED=70184 
SEED is set to: 70184
SEED=145146 
SEED is set to: 145146
SEED=263915 
SEED is set to: 263915
SEED=376231 
SEED is set to: 376231
SEED=491470 
SEED is set to: 491470
SEED=724763 
SEED is set to: 724763
SEED=500414 
SEED is set to: 500414
SEED=665354 
SEED is set to: 665354
SEED=694503 
SEED is set to: 694503
SEED=922446 
SEED is set to: 922446
SEED=143224 
SEED is set to: 143224
SEED=204160 
SEED is set to: 204160
SEED=283850 
SEED is set to: 283850
SEED=755750 
SEED is set to: 755750
SEED=880935 
SEED is set to: 880935
SEED=107592 
SEED is set to: 107592
SEED=369453 
SEED is set to: 369453
SEED=565259 
SEED is set to: 565259
SEED=669742 
SEED is set to: 669742
SEED=755519 
SEED is set to: 755519
SEED=268513 
SEED is set to: 268513
SEED=791876 
SEED is set to: 791876
SEED=816524 
SEED is set to: 816524
SEED=820800 
SEED is set to: 820800
SEED=34852 
SEED is set to: 34852
SEED=76799 
SEED is set to: 76799
SEED=102569 
SEED is set to: 102569
SEED=530500 
SEED is set to: 530500
SEED=48325 
SEED is set to: 48325
SEED=132433 
SEED is set to: 132433
SEED=329055 
SEED is set to: 329055
SEED=582327 
SEED is set to: 582327
SEED=676962 
SEED is set to: 676962
SEED=970669 
SEED is set to: 970669
SEED=459821 
SEED is set to: 459821
SEED=490172 
SEED is set to: 490172
SEED=662125 
SEED is set to: 662125
SEED=839144 
SEED is set to: 839144
SEED=864883 
SEED is set to: 864883
SEED=61913 
SEED is set to: 61913
SEED=64123 
SEED is set to: 64123
SEED=351726 
SEED is set to: 351726
SEED=212314 
SEED is set to: 212314
SEED=246612 
SEED is set to: 246612
SEED=347073 
SEED is set to: 347073
SEED=542142 
SEED is set to: 542142
SEED=548375 
SEED is set to: 548375
SEED=755153 
SEED is set to: 755153
SEED=257755 
SEED is set to: 257755
SEED=776768 
SEED is set to: 776768
SEED=970509 
SEED is set to: 970509
SEED=258513 
SEED is set to: 258513
SEED=502540 
SEED is set to: 502540
SEED=971420 
SEED is set to: 971420
SEED=202152 
SEED is set to: 202152
SEED=281357 
SEED is set to: 281357
SEED=344030 
SEED is set to: 344030
SEED=581655 
SEED is set to: 581655
SEED=734860 
SEED is set to: 734860
SEED=388877 
SEED is set to: 388877
SEED=469994 
SEED is set to: 469994
SEED=901759 
SEED is set to: 901759
SEED=921206 
SEED is set to: 921206
SEED=935856 
SEED is set to: 935856
SEED=991100 
SEED is set to: 991100
SEED=25893 
SEED is set to: 25893
SEED=256903 
SEED is set to: 256903
SEED=890240 
SEED is set to: 890240
SEED=114968 
SEED is set to: 114968
SEED=438112 
SEED is set to: 438112
SEED=544318 
SEED is set to: 544318
SEED=647148 
SEED is set to: 647148
SEED=758278 
SEED is set to: 758278
SEED=924847 
SEED is set to: 924847
SEED=476918 
SEED is set to: 476918
SEED=594798 
SEED is set to: 594798
SEED=699979 
SEED is set to: 699979
SEED=734825 
SEED is set to: 734825
SEED=890947 
SEED is set to: 890947
SEED=283596 
SEED is set to: 283596
SEED=494198 
SEED is set to: 494198
SEED=78293 
SEED is set to: 78293
SEED=402930 
SEED is set to: 402930
SEED=660674 
SEED is set to: 660674
SEED=594735 
SEED is set to: 594735
SEED=756633 
SEED is set to: 756633
SEED=11859 
SEED is set to: 11859
SEED=32296 
SEED is set to: 32296
SEED=644413 
SEED is set to: 644413
SEED=261280 
SEED is set to: 261280
SEED=288586 
SEED is set to: 288586
SEED=374305 
SEED is set to: 374305
SEED=524773 
SEED is set to: 524773
SEED=878126 
SEED is set to: 878126
SEED=356958 
SEED is set to: 356958
SEED=676913 
SEED is set to: 676913
SEED=745539 
SEED is set to: 745539
SEED=989052 
SEED is set to: 989052
SEED=254858 
SEED is set to: 254858
SEED=419772 
SEED is set to: 419772
SEED=684284 
SEED is set to: 684284
SEED=916326 
SEED is set to: 916326
SEED=15130 
SEED is set to: 15130
SEED=43705 
SEED is set to: 43705
SEED=93088 
SEED is set to: 93088
SEED=655675 
SEED is set to: 655675
SEED=232597 
SEED is set to: 232597
SEED=367843 
SEED is set to: 367843
SEED=518583 
SEED is set to: 518583
SEED=645509 
SEED is set to: 645509
SEED=141539 
SEED is set to: 141539
SEED=150820 
SEED is set to: 150820
SEED=944656 
SEED is set to: 944656
SEED=963287 
SEED is set to: 963287
SEED=449629 
SEED is set to: 449629
SEED=523514 
SEED is set to: 523514
SEED=274443 
SEED is set to: 274443
SEED=414510 
SEED is set to: 414510
SEED=429308 
SEED is set to: 429308
SEED=12563 
SEED is set to: 12563
SEED=362975 
SEED is set to: 362975
SEED=689758 
SEED is set to: 689758
SEED=934482 
SEED is set to: 934482
SEED=67624 
SEED is set to: 67624
SEED=160301 
SEED is set to: 160301
SEED=331294 
SEED is set to: 331294
SEED=688669 
SEED is set to: 688669
SEED=2619 
SEED is set to: 2619
SEED=164282 
SEED is set to: 164282
SEED=750330 
SEED is set to: 750330
SEED=80347 
SEED is set to: 80347
SEED=860624 
SEED is set to: 860624
SEED=47484 
SEED is set to: 47484
SEED=47533 
SEED is set to: 47533
SEED=963024 
SEED is set to: 963024
SEED=54345 
SEED is set to: 54345
SEED=457972 
SEED is set to: 457972
SEED=14438 
SEED is set to: 14438
SEED=82135 
SEED is set to: 82135
SEED=247542 
SEED is set to: 247542
SEED=585806 
SEED is set to: 585806
SEED=952157 
SEED is set to: 952157
SEED=111823 
SEED is set to: 111823
SEED=341476 
SEED is set to: 341476
SEED=727991 
SEED is set to: 727991
SEED=741637 
SEED is set to: 741637
SEED=874462 
SEED is set to: 874462
SEED=954300 
SEED is set to: 954300
SEED=774058 
SEED is set to: 774058
SEED=781380 
SEED is set to: 781380
SEED=4286 
SEED is set to: 4286
SEED=155559 
SEED is set to: 155559
SEED=356705 
SEED is set to: 356705
SEED=387805 
SEED is set to: 387805
SEED=480015 
SEED is set to: 480015
SEED=276321 
SEED is set to: 276321
SEED=640880 
SEED is set to: 640880
SEED=954570 
SEED is set to: 954570
SEED=31211 
SEED is set to: 31211
SEED=821430 
SEED is set to: 821430
SEED=870958 
SEED is set to: 870958
SEED=95033 
SEED is set to: 95033
SEED=190762 
SEED is set to: 190762
SEED=152567 
SEED is set to: 152567
SEED=264684 
SEED is set to: 264684
SEED=325210 
SEED is set to: 325210
SEED=553498 
SEED is set to: 553498
SEED=735502 
SEED is set to: 735502
SEED=262654 
SEED is set to: 262654
SEED=591596 
SEED is set to: 591596
SEED=629831 
SEED is set to: 629831
SEED=696219 
SEED is set to: 696219
SEED=211844 
SEED is set to: 211844
SEED=326135 
SEED is set to: 326135
SEED=819916 
SEED is set to: 819916
SEED=98349 
SEED is set to: 98349
SEED=120798 
SEED is set to: 120798
SEED=295149 
SEED is set to: 295149
SEED=726485 
SEED is set to: 726485
SEED=953782 
SEED is set to: 953782
SEED=966203 
SEED is set to: 966203
SEED=355691 
SEED is set to: 355691
SEED=531870 
SEED is set to: 531870
SEED=223334 
SEED is set to: 223334
SEED=230339 
SEED is set to: 230339
SEED=249484 
SEED is set to: 249484
SEED=343890 
SEED is set to: 343890
SEED=778269 
SEED is set to: 778269
SEED=910825 
SEED is set to: 910825
SEED=234059 
SEED is set to: 234059
SEED=473761 
SEED is set to: 473761
SEED=769257 
SEED is set to: 769257
SEED=910901 
SEED is set to: 910901
SEED=198761 
SEED is set to: 198761
SEED=358892 
SEED is set to: 358892
SEED=464811 
SEED is set to: 464811
SEED=784306 
SEED is set to: 784306
SEED=993478 
SEED is set to: 993478
SEED=9662 
SEED is set to: 9662
SEED=419838 
SEED is set to: 419838
SEED=900294 
SEED is set to: 900294
SEED=18380 
SEED is set to: 18380
SEED=442834 
SEED is set to: 442834
SEED=56419 
SEED is set to: 56419
SEED=171059 
SEED is set to: 171059
SEED=541736 
SEED is set to: 541736
SEED=636617 
SEED is set to: 636617
SEED=788069 
SEED is set to: 788069
SEED=100998 
SEED is set to: 100998
SEED=267921 
SEED is set to: 267921
SEED=465803 
SEED is set to: 465803
SEED=466405 
SEED is set to: 466405
SEED=973161 
SEED is set to: 973161
SEED=330883 
SEED is set to: 330883
SEED=353511 
SEED is set to: 353511
SEED=216779 
SEED is set to: 216779
SEED=482566 
SEED is set to: 482566
SEED=765755 
SEED is set to: 765755
SEED=823926 
SEED is set to: 823926
SEED=877277 
SEED is set to: 877277
SEED=470285 
SEED is set to: 470285
SEED=593730 
SEED is set to: 593730
SEED=940737 
SEED is set to: 940737
SEED=13785 
SEED is set to: 13785
SEED=83968 
SEED is set to: 83968
SEED=322609 
SEED is set to: 322609
SEED=488972 
SEED is set to: 488972
SEED=93621 
SEED is set to: 93621
SEED=275951 
SEED is set to: 275951
SEED=677389 
SEED is set to: 677389
SEED=887293 
SEED is set to: 887293
SEED=971444 
SEED is set to: 971444
SEED=112767 
SEED is set to: 112767
SEED=323206 
SEED is set to: 323206
SEED=517780 
SEED is set to: 517780
SEED=58801 
SEED is set to: 58801
SEED=203074 
SEED is set to: 203074
SEED=369953 
SEED is set to: 369953
SEED=407862 
SEED is set to: 407862
SEED=521509 
SEED is set to: 521509
SEED=714072 
SEED is set to: 714072
SEED=882387 
SEED is set to: 882387
SEED=990990 
SEED is set to: 990990
SEED=359986 
SEED is set to: 359986
SEED=914289 
SEED is set to: 914289
SEED=161020 
SEED is set to: 161020
SEED=211178 
SEED is set to: 211178
SEED=473611 
SEED is set to: 473611
SEED=596356 
SEED is set to: 596356
SEED=876323 
SEED is set to: 876323
SEED=52238 
SEED is set to: 52238
SEED=455095 
SEED is set to: 455095
SEED=665658 
SEED is set to: 665658
SEED=748583 
SEED is set to: 748583
SEED=951071 
SEED is set to: 951071
SEED=250997 
SEED is set to: 250997
SEED=560626 
SEED is set to: 560626
SEED=800053 
SEED is set to: 800053
SEED=869416 
SEED is set to: 869416
SEED=172289 
SEED is set to: 172289
SEED=195364 
SEED is set to: 195364
SEED=471674 
SEED is set to: 471674
SEED=130549 
SEED is set to: 130549
SEED=193509 
SEED is set to: 193509
SEED=322878 
SEED is set to: 322878
SEED=841157 
SEED is set to: 841157
SEED=858511 
SEED is set to: 858511
SEED=74926 
SEED is set to: 74926
SEED=643744 
SEED is set to: 643744
SEED=822670 
SEED is set to: 822670
SEED=854281 
SEED is set to: 854281
SEED=934817 
SEED is set to: 934817
SEED=395953 
SEED is set to: 395953
SEED=533022 
SEED is set to: 533022
SEED=857185 
SEED is set to: 857185
SEED=6863 
SEED is set to: 6863
SEED=235093 
SEED is set to: 235093
SEED=553701 
SEED is set to: 553701
SEED=817717 
SEED is set to: 817717
SEED=866184 
SEED is set to: 866184
SEED=155232 
SEED is set to: 155232
SEED=445079 
SEED is set to: 445079
SEED=835033 
SEED is set to: 835033
SEED=5337 
SEED is set to: 5337
SEED=264135 
SEED is set to: 264135
SEED=345839 
SEED is set to: 345839
SEED=612478 
SEED is set to: 612478
SEED=666647 
SEED is set to: 666647
SEED=927031 
SEED is set to: 927031
SEED=47753 
SEED is set to: 47753
SEED=147492 
SEED is set to: 147492
SEED=554690 
SEED is set to: 554690
SEED=604423 
SEED is set to: 604423
SEED=688620 
SEED is set to: 688620
SEED=911688 
SEED is set to: 911688
SEED=375828 
SEED is set to: 375828
SEED=673000 
SEED is set to: 673000
SEED=695504 
SEED is set to: 695504
SEED=913691 
SEED is set to: 913691
SEED=174924 
SEED is set to: 174924
SEED=433079 
SEED is set to: 433079
SEED=944499 
SEED is set to: 944499
SEED=205669 
SEED is set to: 205669
SEED=302976 
SEED is set to: 302976
SEED=398724 
SEED is set to: 398724
SEED=416483 
SEED is set to: 416483
SEED=981157 
SEED is set to: 981157
SEED=921263 
SEED is set to: 921263
SEED=932341 
SEED is set to: 932341
SEED=983004 
SEED is set to: 983004
SEED=1218 
SEED is set to: 1218
SEED=918012 
SEED is set to: 918012
SEED=21934 
SEED is set to: 21934
SEED=46179 
SEED is set to: 46179
SEED=163157 
SEED is set to: 163157
SEED=331297 
SEED is set to: 331297
SEED=690878 
SEED is set to: 690878
SEED=367146 
SEED is set to: 367146
SEED=845486 
SEED is set to: 845486
SEED=402378 
SEED is set to: 402378
SEED=456752 
SEED is set to: 456752
SEED=801300 
SEED is set to: 801300
SEED=870720 
SEED is set to: 870720
SEED=360315 
SEED is set to: 360315
SEED=557749 
SEED is set to: 557749
SEED=563778 
SEED is set to: 563778
SEED=324497 
SEED is set to: 324497
SEED=340624 
SEED is set to: 340624
SEED=357563 
SEED is set to: 357563
SEED=468317 
SEED is set to: 468317
SEED=532420 
SEED is set to: 532420
SEED=994676 
SEED is set to: 994676
SEED=42449 
SEED is set to: 42449
SEED=353816 
SEED is set to: 353816
SEED=578882 
SEED is set to: 578882
SEED=661965 
SEED is set to: 661965
SEED=774908 
SEED is set to: 774908
SEED=981324 
SEED is set to: 981324
SEED=230535 
SEED is set to: 230535
SEED=283208 
SEED is set to: 283208
SEED=524487 
SEED is set to: 524487
SEED=784564 
SEED is set to: 784564
SEED=850177 
SEED is set to: 850177
SEED=66776 
SEED is set to: 66776
SEED=807186 
SEED is set to: 807186
SEED=830583 
SEED is set to: 830583
SEED=26492 
SEED is set to: 26492
SEED=444049 
SEED is set to: 444049
SEED=522118 
SEED is set to: 522118
SEED=54988 
SEED is set to: 54988
SEED=317196 
SEED is set to: 317196
SEED=478032 
SEED is set to: 478032
SEED=619244 
SEED is set to: 619244
SEED=625699 
SEED is set to: 625699
SEED=784888 
SEED is set to: 784888
SEED=874179 
SEED is set to: 874179
SEED=729416 
SEED is set to: 729416
SEED=779015 
SEED is set to: 779015
SEED=36508 
SEED is set to: 36508
SEED=264069 
SEED is set to: 264069
SEED=442975 
SEED is set to: 442975
SEED=924149 
SEED is set to: 924149
SEED=18962 
SEED is set to: 18962
SEED=323783 
SEED is set to: 323783
SEED=469288 
SEED is set to: 469288
SEED=528414 
SEED is set to: 528414
SEED=737854 
SEED is set to: 737854
SEED=738416 
SEED is set to: 738416
SEED=226095 
SEED is set to: 226095
SEED=348223 
SEED is set to: 348223
SEED=640543 
SEED is set to: 640543
SEED=727261 
SEED is set to: 727261
SEED=767881 
SEED is set to: 767881
SEED=949281 
SEED is set to: 949281
SEED=275475 
SEED is set to: 275475
SEED=414127 
SEED is set to: 414127
SEED=532367 
SEED is set to: 532367
SEED=714581 
SEED is set to: 714581
SEED=94502 
SEED is set to: 94502
SEED=326869 
SEED is set to: 326869
SEED=454339 
SEED is set to: 454339
SEED=930464 
SEED is set to: 930464
SEED=212352 
SEED is set to: 212352
SEED=514135 
SEED is set to: 514135
SEED=654968 
SEED is set to: 654968
SEED=824477 
SEED is set to: 824477
SEED=45730 
SEED is set to: 45730
SEED=353749 
SEED is set to: 353749
SEED=469418 
SEED is set to: 469418
SEED=592689 
SEED is set to: 592689
SEED=828995 
SEED is set to: 828995
SEED=413416 
SEED is set to: 413416
SEED=676319 
SEED is set to: 676319
SEED=834145 
SEED is set to: 834145
SEED=921137 
SEED is set to: 921137
SEED=219387 
SEED is set to: 219387
SEED=281057 
SEED is set to: 281057
SEED=400477 
SEED is set to: 400477
SEED=708415 
SEED is set to: 708415
SEED=376973 
SEED is set to: 376973
SEED=576274 
SEED is set to: 576274
SEED=775803 
SEED is set to: 775803
SEED=813315 
SEED is set to: 813315
SEED=844164 
SEED is set to: 844164
SEED=983139 
SEED is set to: 983139
SEED=122575 
SEED is set to: 122575
SEED=141736 
SEED is set to: 141736
SEED=239783 
SEED is set to: 239783
SEED=420183 
SEED is set to: 420183
SEED=509742 
SEED is set to: 509742
SEED=559243 
SEED is set to: 559243
SEED=606573 
SEED is set to: 606573
SEED=626806 
SEED is set to: 626806
SEED=681981 
SEED is set to: 681981
SEED=632567 
SEED is set to: 632567
SEED=10327 
SEED is set to: 10327
SEED=154614 
SEED is set to: 154614
SEED=229398 
SEED is set to: 229398
SEED=425917 
SEED is set to: 425917
SEED=494064 
SEED is set to: 494064
SEED=500927 
SEED is set to: 500927
SEED=731477 
SEED is set to: 731477
SEED=826787 
SEED is set to: 826787
SEED=835016 
SEED is set to: 835016
SEED=927838 
SEED is set to: 927838
SEED=362957 
SEED is set to: 362957
SEED=486758 
SEED is set to: 486758
SEED=844489 
SEED is set to: 844489
SEED=890860 
SEED is set to: 890860
SEED=951866 
SEED is set to: 951866
SEED=865377 
SEED is set to: 865377
SEED=876852 
SEED is set to: 876852
SEED=242697 
SEED is set to: 242697
SEED=262904 
SEED is set to: 262904
SEED=447646 
SEED is set to: 447646
SEED=724270 
SEED is set to: 724270
SEED=754690 
SEED is set to: 754690
SEED=83071 
SEED is set to: 83071
SEED=205501 
SEED is set to: 205501
SEED=417239 
SEED is set to: 417239
SEED=561959 
SEED is set to: 561959
SEED=195437 
SEED is set to: 195437
SEED=440414 
SEED is set to: 440414
SEED=481248 
SEED is set to: 481248
SEED=741835 
SEED is set to: 741835
SEED=205556 
SEED is set to: 205556
SEED=371562 
SEED is set to: 371562
SEED=392693 
SEED is set to: 392693
SEED=945663 
SEED is set to: 945663
SEED=24462 
SEED is set to: 24462
SEED=88442 
SEED is set to: 88442
SEED=468892 
SEED is set to: 468892
SEED=994697 
SEED is set to: 994697
SEED=525596 
SEED is set to: 525596
SEED=663874 
SEED is set to: 663874
SEED=977837 
SEED is set to: 977837
SEED=2002 
SEED is set to: 2002
SEED=223268 
SEED is set to: 223268
SEED=536846 
SEED is set to: 536846
SEED=337482 
SEED is set to: 337482
SEED=366053 
SEED is set to: 366053
SEED=463850 
SEED is set to: 463850
SEED=477507 
SEED is set to: 477507
SEED=609226 
SEED is set to: 609226
SEED=713165 
SEED is set to: 713165
SEED=992761 
SEED is set to: 992761
SEED=472403 
SEED is set to: 472403
SEED=812298 
SEED is set to: 812298
SEED=926990 
SEED is set to: 926990
SEED=184797 
SEED is set to: 184797
SEED=301631 
SEED is set to: 301631
SEED=468654 
SEED is set to: 468654
SEED=794599 
SEED is set to: 794599
SEED=471985 
SEED is set to: 471985
SEED=541788 
SEED is set to: 541788
SEED=85180 
SEED is set to: 85180
SEED=127774 
SEED is set to: 127774
SEED=786327 
SEED is set to: 786327
SEED=28981 
SEED is set to: 28981
SEED=170176 
SEED is set to: 170176
SEED=16972 
SEED is set to: 16972
SEED=127889 
SEED is set to: 127889
SEED=426564 
SEED is set to: 426564
SEED=429525 
SEED is set to: 429525
SEED=429488 
SEED is set to: 429488
SEED=813567 
SEED is set to: 813567
SEED=45452 
SEED is set to: 45452
SEED=49718 
SEED is set to: 49718
SEED=60251 
SEED is set to: 60251
SEED=143420 
SEED is set to: 143420
SEED=577131 
SEED is set to: 577131
SEED=152275 
SEED is set to: 152275
SEED=319258 
SEED is set to: 319258
SEED=474474 
SEED is set to: 474474
SEED=648843 
SEED is set to: 648843
SEED=779133 
SEED is set to: 779133
SEED=426360 
SEED is set to: 426360
SEED=758538 
SEED is set to: 758538
SEED=896532 
SEED is set to: 896532
SEED=939548 
SEED is set to: 939548
SEED=673792 
SEED is set to: 673792
SEED=701503 
SEED is set to: 701503
SEED=897348 
SEED is set to: 897348
SEED=169602 
SEED is set to: 169602
SEED=740257 
SEED is set to: 740257
SEED=803555 
SEED is set to: 803555
SEED=40038 
SEED is set to: 40038
SEED=83399 
SEED is set to: 83399
SEED=288102 
SEED is set to: 288102
SEED=302188 
SEED is set to: 302188
SEED=665507 
SEED is set to: 665507
SEED=291923 
SEED is set to: 291923
SEED=301062 
SEED is set to: 301062
SEED=843378 
SEED is set to: 843378
SEED=101237 
SEED is set to: 101237
SEED=602166 
SEED is set to: 602166
SEED=939581 
SEED is set to: 939581
SEED=965949 
SEED is set to: 965949
SEED=997312 
SEED is set to: 997312
SEED=91717 
SEED is set to: 91717
SEED=891665 
SEED is set to: 891665
SEED=289709 
SEED is set to: 289709
SEED=359835 
SEED is set to: 359835
SEED=723348 
SEED is set to: 723348
SEED=483318 
SEED is set to: 483318
SEED=539165 
SEED is set to: 539165
SEED=791965 
SEED is set to: 791965
SEED=542664 
SEED is set to: 542664
SEED=626596 
SEED is set to: 626596
SEED=954499 
SEED is set to: 954499
SEED=988404 
SEED is set to: 988404
SEED=226976 
SEED is set to: 226976
SEED=303868 
SEED is set to: 303868
SEED=386203 
SEED is set to: 386203
SEED=539719 
SEED is set to: 539719
SEED=594741 
SEED is set to: 594741
SEED=697933 
SEED is set to: 697933
SEED=916858 
SEED is set to: 916858
SEED=796723 
SEED is set to: 796723
SEED=800293 
SEED is set to: 800293
SEED=843132 
SEED is set to: 843132
SEED=866572 
SEED is set to: 866572
SEED=420578 
SEED is set to: 420578
SEED=287009 
SEED is set to: 287009
SEED=322346 
SEED is set to: 322346
SEED=460954 
SEED is set to: 460954
SEED=748114 
SEED is set to: 748114
SEED=748127 
SEED is set to: 748127
SEED=304737 
SEED is set to: 304737
SEED=423948 
SEED is set to: 423948
SEED=788756 
SEED is set to: 788756
SEED=817644 
SEED is set to: 817644
SEED=868840 
SEED is set to: 868840
SEED=285992 
SEED is set to: 285992
SEED=912479 
SEED is set to: 912479
SEED=143838 
SEED is set to: 143838
SEED=574565 
SEED is set to: 574565
SEED=710423 
SEED is set to: 710423
SEED=748184 
SEED is set to: 748184
SEED=327414 
SEED is set to: 327414
SEED=351975 
SEED is set to: 351975
SEED=437059 
SEED is set to: 437059
SEED=77237 
SEED is set to: 77237
SEED=239272 
SEED is set to: 239272
SEED=349883 
SEED is set to: 349883
SEED=437891 
SEED is set to: 437891
SEED=664020 
SEED is set to: 664020
SEED=988697 
SEED is set to: 988697
SEED=291348 
SEED is set to: 291348
SEED=309482 
SEED is set to: 309482
SEED=549089 
SEED is set to: 549089
SEED=666603 
SEED is set to: 666603
SEED=880905 
SEED is set to: 880905
SEED=56216 
SEED is set to: 56216
SEED=86192 
SEED is set to: 86192
SEED=632156 
SEED is set to: 632156
SEED=662546 
SEED is set to: 662546
SEED=98130 
SEED is set to: 98130
SEED=202691 
SEED is set to: 202691
SEED=267305 
SEED is set to: 267305
SEED=470468 
SEED is set to: 470468
SEED=291623 
SEED is set to: 291623
SEED=757949 
SEED is set to: 757949
SEED=971555 
SEED is set to: 971555
SEED=661078 
SEED is set to: 661078
SEED=717005 
SEED is set to: 717005
SEED=283492 
SEED is set to: 283492
SEED=284474 
SEED is set to: 284474
SEED=60780 
SEED is set to: 60780
SEED=188594 
SEED is set to: 188594
SEED=299560 
SEED is set to: 299560
SEED=484474 
SEED is set to: 484474
SEED=530971 
SEED is set to: 530971
SEED=615545 
SEED is set to: 615545
SEED=748632 
SEED is set to: 748632
SEED=894331 
SEED is set to: 894331
SEED=76937 
SEED is set to: 76937
SEED=690994 
SEED is set to: 690994
SEED=992023 
SEED is set to: 992023
SEED=995878 
SEED is set to: 995878
SEED=187673 
SEED is set to: 187673
SEED=236245 
SEED is set to: 236245
SEED=305597 
SEED is set to: 305597
SEED=687737 
SEED is set to: 687737
SEED=152117 
SEED is set to: 152117
SEED=181133 
SEED is set to: 181133
SEED=300198 
SEED is set to: 300198
SEED=746981 
SEED is set to: 746981
SEED=971767 
SEED is set to: 971767
SEED=133360 
SEED is set to: 133360
SEED=622920 
SEED is set to: 622920
SEED=740358 
SEED is set to: 740358
SEED=773436 
SEED is set to: 773436
SEED=869009 
SEED is set to: 869009
SEED=343756 
SEED is set to: 343756
SEED=597854 
SEED is set to: 597854
SEED=890387 
SEED is set to: 890387
SEED=1075 
SEED is set to: 1075
SEED=46863 
SEED is set to: 46863
SEED=155583 
SEED is set to: 155583
SEED=423066 
SEED is set to: 423066
SEED=476877 
SEED is set to: 476877
SEED=556747 
SEED is set to: 556747
SEED=267516 
SEED is set to: 267516
SEED=276311 
SEED is set to: 276311
SEED=305074 
SEED is set to: 305074
SEED=401723 
SEED is set to: 401723
SEED=504707 
SEED is set to: 504707
SEED=603145 
SEED is set to: 603145
SEED=568061 
SEED is set to: 568061
SEED=635397 
SEED is set to: 635397
SEED=835399 
SEED is set to: 835399
SEED=896686 
SEED is set to: 896686
SEED=915876 
SEED is set to: 915876
SEED=240920 
SEED is set to: 240920
SEED=266935 
SEED is set to: 266935
SEED=108592 
SEED is set to: 108592
SEED=279519 
SEED is set to: 279519
SEED=535946 
SEED is set to: 535946
SEED=682440 
SEED is set to: 682440
SEED=364838 
SEED is set to: 364838
SEED=384561 
SEED is set to: 384561
SEED=684687 
SEED is set to: 684687
SEED=742689 
SEED is set to: 742689
SEED=770686 
SEED is set to: 770686
SEED=850662 
SEED is set to: 850662
SEED=573872 
SEED is set to: 573872
SEED=834231 
SEED is set to: 834231
SEED=60117 
SEED is set to: 60117
SEED=38026 
SEED is set to: 38026
SEED=192132 
SEED is set to: 192132
SEED=209666 
SEED is set to: 209666
SEED=674777 
SEED is set to: 674777
SEED=833870 
SEED is set to: 833870
SEED=966182 
SEED is set to: 966182
SEED=967772 
SEED is set to: 967772
SEED=436611 
SEED is set to: 436611
SEED=596257 
SEED is set to: 596257
SEED=303088 
SEED is set to: 303088
SEED=848242 
SEED is set to: 848242
SEED=882700 
SEED is set to: 882700
SEED=895907 
SEED is set to: 895907
SEED=297416 
SEED is set to: 297416
SEED=779995 
SEED is set to: 779995
SEED=713830 
SEED is set to: 713830
SEED=762518 
SEED is set to: 762518
SEED=943788 
SEED is set to: 943788
SEED=16705 
SEED is set to: 16705
SEED=92784 
SEED is set to: 92784
SEED=772948 
SEED is set to: 772948
SEED=75778 
SEED is set to: 75778
SEED=147767 
SEED is set to: 147767
SEED=175563 
SEED is set to: 175563
SEED=97903 
SEED is set to: 97903
SEED=148578 
SEED is set to: 148578
SEED=169308 
SEED is set to: 169308
SEED=393388 
SEED is set to: 393388
SEED=403182 
SEED is set to: 403182
SEED=422448 
SEED is set to: 422448
SEED=566483 
SEED is set to: 566483
SEED=646300 
SEED is set to: 646300
SEED=669294 
SEED is set to: 669294
SEED=758310 
SEED is set to: 758310
SEED=952771 
SEED is set to: 952771
SEED=45216 
SEED is set to: 45216
SEED=925950 
SEED is set to: 925950
SEED=213117 
SEED is set to: 213117
SEED=283238 
SEED is set to: 283238
SEED=439829 
SEED is set to: 439829
SEED=503299 
SEED is set to: 503299
SEED=570598 
SEED is set to: 570598
SEED=249798 
SEED is set to: 249798
SEED=593858 
SEED is set to: 593858
SEED=596336 
SEED is set to: 596336
SEED=620927 
SEED is set to: 620927
SEED=2139 
SEED is set to: 2139
SEED=761260 
SEED is set to: 761260
SEED=886718 
SEED is set to: 886718
SEED=977840 
SEED is set to: 977840
SEED=67851 
SEED is set to: 67851
SEED=739214 
SEED is set to: 739214
SEED=364678 
SEED is set to: 364678
SEED=445582 
SEED is set to: 445582
SEED=470053 
SEED is set to: 470053
SEED=840172 
SEED is set to: 840172
SEED=278124 
SEED is set to: 278124
SEED=345722 
SEED is set to: 345722
SEED=544468 
SEED is set to: 544468
SEED=786459 
SEED is set to: 786459
SEED=945109 
SEED is set to: 945109
SEED=407512 
SEED is set to: 407512
SEED=416135 
SEED is set to: 416135
SEED=430598 
SEED is set to: 430598
SEED=698141 
SEED is set to: 698141
SEED=714769 
SEED is set to: 714769
SEED=338992 
SEED is set to: 338992
SEED=569814 
SEED is set to: 569814
SEED=597183 
SEED is set to: 597183
SEED=736556 
SEED is set to: 736556
SEED=804185 
SEED is set to: 804185
SEED=96837 
SEED is set to: 96837
SEED=151111 
SEED is set to: 151111
SEED=821832 
SEED is set to: 821832
SEED=98229 
SEED is set to: 98229
SEED=176149 
SEED is set to: 176149
SEED=400102 
SEED is set to: 400102
SEED=605216 
SEED is set to: 605216
SEED=919190 
SEED is set to: 919190
SEED=117250 
SEED is set to: 117250
SEED=362530 
SEED is set to: 362530
SEED=430791 
SEED is set to: 430791
SEED=948600 
SEED is set to: 948600
SEED=62599 
SEED is set to: 62599
SEED=97725 
SEED is set to: 97725
SEED=408885 
SEED is set to: 408885
SEED=565076 
SEED is set to: 565076
SEED=770615 
SEED is set to: 770615
SEED=285814 
SEED is set to: 285814
SEED=633006 
SEED is set to: 633006
SEED=166137 
SEED is set to: 166137
SEED=483150 
SEED is set to: 483150
SEED=782470 
SEED is set to: 782470
SEED=54712 
SEED is set to: 54712
SEED=111654 
SEED is set to: 111654
SEED=405225 
SEED is set to: 405225
SEED=767376 
SEED is set to: 767376
double free or corruption (out)
SEED=220216 
SEED is set to: 220216
SEED=391035 
SEED is set to: 391035
SEED=308084 
SEED is set to: 308084
SEED=600689 
SEED is set to: 600689
SEED=931359 
SEED is set to: 931359
SEED=978533 
SEED is set to: 978533
SEED=113208 
SEED is set to: 113208
SEED=438657 
SEED is set to: 438657
SEED=781298 
SEED is set to: 781298
SEED=989389 
SEED is set to: 989389
SEED=265755 
SEED is set to: 265755
SEED=503098 
SEED is set to: 503098
SEED=95582 
SEED is set to: 95582
SEED=118581 
SEED is set to: 118581
SEED=141561 
SEED is set to: 141561
SEED=279243 
SEED is set to: 279243
SEED=835483 
SEED is set to: 835483
SEED=154252 
SEED is set to: 154252
SEED=564977 
SEED is set to: 564977
SEED=810297 
SEED is set to: 810297
SEED=828398 
SEED is set to: 828398
SEED=252093 
SEED is set to: 252093
SEED=264618 
SEED is set to: 264618
SEED=383281 
SEED is set to: 383281
SEED=986591 
SEED is set to: 986591
SEED=233115 
SEED is set to: 233115
SEED=486396 
SEED is set to: 486396
SEED=623896 
SEED is set to: 623896
SEED=879880 
SEED is set to: 879880
SEED=369118 
SEED is set to: 369118
SEED=704766 
SEED is set to: 704766
SEED=721898 
SEED is set to: 721898
SEED=80810 
SEED is set to: 80810
SEED=589814 
SEED is set to: 589814
SEED=83170 
SEED is set to: 83170
SEED=97651 
SEED is set to: 97651
SEED=453833 
SEED is set to: 453833
SEED=913336 
SEED is set to: 913336
SEED=198053 
SEED is set to: 198053
SEED=377255 
SEED is set to: 377255
SEED=453439 
SEED is set to: 453439
SEED=567960 
SEED is set to: 567960
SEED=247850 
SEED is set to: 247850
SEED=525493 
SEED is set to: 525493
SEED=526041 
SEED is set to: 526041
SEED=635446 
SEED is set to: 635446
SEED=816143 
SEED is set to: 816143
SEED=994576 
SEED is set to: 994576
SEED=55340 
SEED is set to: 55340
SEED=767947 
SEED is set to: 767947
SEED=19368 
SEED is set to: 19368
SEED=33721 
SEED is set to: 33721
SEED=34995 
SEED is set to: 34995
SEED=47532 
SEED is set to: 47532
SEED=269542 
SEED is set to: 269542
SEED=972320 
SEED is set to: 972320
SEED=342008 
SEED is set to: 342008
SEED=399736 
SEED is set to: 399736
SEED=585723 
SEED is set to: 585723
SEED=680592 
SEED is set to: 680592
SEED=288762 
SEED is set to: 288762
SEED=390409 
SEED is set to: 390409
SEED=742958 
SEED is set to: 742958
SEED=889362 
SEED is set to: 889362
SEED=204038 
SEED is set to: 204038
SEED=292130 
SEED is set to: 292130
SEED=312325 
SEED is set to: 312325
SEED=581350 
SEED is set to: 581350
SEED=221754 
SEED is set to: 221754
SEED=458949 
SEED is set to: 458949
SEED=755098 
SEED is set to: 755098
SEED=848543 
SEED is set to: 848543
SEED=86929 
SEED is set to: 86929
SEED=232235 
SEED is set to: 232235
SEED=601107 
SEED is set to: 601107
SEED=860019 
SEED is set to: 860019
SEED=53544 
SEED is set to: 53544
SEED=179331 
SEED is set to: 179331
SEED=455525 
SEED is set to: 455525
SEED=679108 
SEED is set to: 679108
SEED=695214 
SEED is set to: 695214
SEED=761618 
SEED is set to: 761618
SEED=276908 
SEED is set to: 276908
SEED=546951 
SEED is set to: 546951
SEED=756031 
SEED is set to: 756031
SEED=781486 
SEED is set to: 781486
SEED=805225 
SEED is set to: 805225
SEED=15845 
SEED is set to: 15845
SEED=732394 
SEED is set to: 732394
SEED=646748 
SEED is set to: 646748
SEED=751994 
SEED is set to: 751994
SEED=873143 
SEED is set to: 873143
SEED=914015 
SEED is set to: 914015
SEED=10539 
SEED is set to: 10539
SEED=266879 
SEED is set to: 266879
SEED=148180 
SEED is set to: 148180
SEED=312817 
SEED is set to: 312817
SEED=364225 
SEED is set to: 364225
SEED=618851 
SEED is set to: 618851
SEED=668750 
SEED is set to: 668750
SEED=711898 
SEED is set to: 711898
SEED=723953 
SEED is set to: 723953
SEED=993928 
SEED is set to: 993928
SEED=322503 
SEED is set to: 322503
SEED=73199 
SEED is set to: 73199
SEED=173144 
SEED is set to: 173144
SEED=30203 
SEED is set to: 30203
SEED=146811 
SEED is set to: 146811
SEED=188207 
SEED is set to: 188207
SEED=266531 
SEED is set to: 266531
SEED=346000 
SEED is set to: 346000
SEED=409555 
SEED is set to: 409555
SEED=446970 
SEED is set to: 446970
SEED=674112 
SEED is set to: 674112
SEED=558591 
SEED is set to: 558591
SEED=591412 
SEED is set to: 591412
SEED=597213 
SEED is set to: 597213
SEED=600585 
SEED is set to: 600585
SEED=651629 
SEED is set to: 651629
SEED=681641 
SEED is set to: 681641
SEED=85897 
SEED is set to: 85897
SEED=184917 
SEED is set to: 184917
SEED=208345 
SEED is set to: 208345
SEED=211964 
SEED is set to: 211964
SEED=223648 
SEED is set to: 223648
SEED=285041 
SEED is set to: 285041
SEED=495351 
SEED is set to: 495351
SEED=976488 
SEED is set to: 976488
SEED=522253 
SEED is set to: 522253
SEED=922802 
SEED is set to: 922802
SEED=371634 
SEED is set to: 371634
SEED=406261 
SEED is set to: 406261
SEED=622994 
SEED is set to: 622994
SEED=846125 
SEED is set to: 846125
SEED=855199 
SEED is set to: 855199
SEED=982924 
SEED is set to: 982924
SEED=63590 
SEED is set to: 63590
SEED=415693 
SEED is set to: 415693
SEED=662967 
SEED is set to: 662967
SEED=737810 
SEED is set to: 737810
SEED=203215 
SEED is set to: 203215
SEED=215511 
SEED is set to: 215511
SEED=686138 
SEED is set to: 686138
SEED=855262 
SEED is set to: 855262
SEED=959330 
SEED is set to: 959330
SEED=360554 
SEED is set to: 360554
SEED=418760 
SEED is set to: 418760
SEED=789217 
SEED is set to: 789217
SEED=827516 
SEED is set to: 827516
SEED=18072 
SEED is set to: 18072
SEED=322151 
SEED is set to: 322151
SEED=479658 
SEED is set to: 479658
SEED=681357 
SEED is set to: 681357
SEED=804950 
SEED is set to: 804950
SEED=296197 
SEED is set to: 296197
SEED=418326 
SEED is set to: 418326
SEED=574716 
SEED is set to: 574716
SEED=648249 
SEED is set to: 648249
SEED=773905 
SEED is set to: 773905
SEED=142454 
SEED is set to: 142454
SEED=468326 
SEED is set to: 468326
SEED=824249 
SEED is set to: 824249
SEED=58877 
SEED is set to: 58877
SEED=196520 
SEED is set to: 196520
SEED=284728 
SEED is set to: 284728
SEED=511473 
SEED is set to: 511473
SEED=282902 
SEED is set to: 282902
SEED=382952 
SEED is set to: 382952
SEED=710011 
SEED is set to: 710011
SEED=827289 
SEED is set to: 827289
SEED=252323 
SEED is set to: 252323
SEED=265135 
SEED is set to: 265135
SEED=585281 
SEED is set to: 585281
SEED=773969 
SEED is set to: 773969
SEED=881163 
SEED is set to: 881163
SEED=8000 
SEED is set to: 8000
SEED=221213 
SEED is set to: 221213
SEED=793875 
SEED is set to: 793875
SEED=281029 
SEED is set to: 281029
SEED=284401 
SEED is set to: 284401
SEED=796083 
SEED is set to: 796083
SEED=135733 
SEED is set to: 135733
SEED=566450 
SEED is set to: 566450
SEED=684763 
SEED is set to: 684763
SEED=711053 
SEED is set to: 711053
SEED=713249 
SEED is set to: 713249
SEED=157991 
SEED is set to: 157991
SEED=550366 
SEED is set to: 550366
SEED=944331 
SEED is set to: 944331
SEED=162412 
SEED is set to: 162412
SEED=619597 
SEED is set to: 619597
SEED=165898 
SEED is set to: 165898
SEED=341706 
SEED is set to: 341706
SEED=562245 
SEED is set to: 562245
SEED=674132 
SEED is set to: 674132
SEED=243245 
SEED is set to: 243245
SEED=460394 
SEED is set to: 460394
SEED=901775 
SEED is set to: 901775
SEED=26990 
SEED is set to: 26990
SEED=173853 
SEED is set to: 173853
SEED=174076 
SEED is set to: 174076
SEED=329379 
SEED is set to: 329379
SEED=72773 
SEED is set to: 72773
SEED=220735 
SEED is set to: 220735
SEED=385287 
SEED is set to: 385287
SEED=563674 
SEED is set to: 563674
SEED=877291 
SEED is set to: 877291
SEED=12 
SEED is set to: 12
SEED=403041 
SEED is set to: 403041
SEED=447593 
SEED is set to: 447593
SEED=921399 
SEED is set to: 921399
SEED=237769 
SEED is set to: 237769
SEED=569770 
SEED is set to: 569770
SEED=29021 
SEED is set to: 29021
SEED=197498 
SEED is set to: 197498
SEED=315989 
SEED is set to: 315989
SEED=432287 
SEED is set to: 432287
SEED=652724 
SEED is set to: 652724
SEED=550449 
SEED is set to: 550449
SEED=606564 
SEED is set to: 606564
malloc(): corrupted top size
SEED=619310 
SEED is set to: 619310
SEED=802161 
SEED is set to: 802161
SEED=884227 
SEED is set to: 884227
SEED=60392 
SEED is set to: 60392
SEED=761113 
SEED is set to: 761113
SEED=776163 
SEED is set to: 776163
SEED=870904 
SEED is set to: 870904
SEED=99591 
SEED is set to: 99591
SEED=20509 
SEED is set to: 20509
SEED=75235 
SEED is set to: 75235
SEED=358283 
SEED is set to: 358283
SEED=377104 
SEED is set to: 377104
SEED=388409 
SEED is set to: 388409
SEED=400229 
SEED is set to: 400229
SEED=871656 
SEED is set to: 871656
SEED=519906 
SEED is set to: 519906
SEED=931166 
SEED is set to: 931166
SEED=173799 
SEED is set to: 173799
SEED=175142 
SEED is set to: 175142
SEED=716728 
SEED is set to: 716728
SEED=817203 
SEED is set to: 817203
SEED=6747 
SEED is set to: 6747
SEED=395536 
SEED is set to: 395536
SEED=658668 
SEED is set to: 658668
SEED=944732 
SEED is set to: 944732
SEED=385302 
SEED is set to: 385302
SEED=717400 
SEED is set to: 717400
SEED=527907 
SEED is set to: 527907
SEED=663930 
SEED is set to: 663930
SEED=741391 
SEED is set to: 741391
SEED=794713 
SEED is set to: 794713
SEED=64230 
SEED is set to: 64230
SEED=89112 
SEED is set to: 89112
SEED=871634 
SEED is set to: 871634
SEED=931827 
SEED is set to: 931827
SEED=18565 
SEED is set to: 18565
SEED=268819 
SEED is set to: 268819
SEED=958614 
SEED is set to: 958614
SEED=35340 
SEED is set to: 35340
SEED=72511 
SEED is set to: 72511
SEED=252833 
SEED is set to: 252833
SEED=544778 
SEED is set to: 544778
SEED=129012 
SEED is set to: 129012
SEED=177281 
SEED is set to: 177281
SEED=316115 
SEED is set to: 316115
SEED=830974 
SEED is set to: 830974
SEED=37543 
SEED is set to: 37543
SEED=127230 
SEED is set to: 127230
SEED=291978 
SEED is set to: 291978
SEED=786757 
SEED is set to: 786757
SEED=35055 
SEED is set to: 35055
SEED=42917 
SEED is set to: 42917
SEED=384585 
SEED is set to: 384585
SEED=599237 
SEED is set to: 599237
SEED=638617 
SEED is set to: 638617
SEED=41121 
SEED is set to: 41121
SEED=309019 
SEED is set to: 309019
SEED=447001 
SEED is set to: 447001
SEED=480688 
SEED is set to: 480688
SEED=606608 
SEED is set to: 606608
SEED=899233 
SEED is set to: 899233
SEED=756566 
SEED is set to: 756566
SEED=814091 
SEED is set to: 814091
SEED=839409 
SEED is set to: 839409
SEED=916482 
SEED is set to: 916482
SEED=978347 
SEED is set to: 978347
SEED=546239 
SEED is set to: 546239
SEED=57954 
SEED is set to: 57954
SEED=79946 
SEED is set to: 79946
SEED=119970 
SEED is set to: 119970
SEED=170470 
SEED is set to: 170470
SEED=822923 
SEED is set to: 822923
SEED=927828 
SEED is set to: 927828
SEED=383150 
SEED is set to: 383150
SEED=797798 
SEED is set to: 797798
SEED=527713 
SEED is set to: 527713
SEED=748734 
SEED is set to: 748734
SEED=107505 
SEED is set to: 107505
SEED=661976 
SEED is set to: 661976
SEED=801855 
SEED is set to: 801855
SEED=405328 
SEED is set to: 405328
SEED=423208 
SEED is set to: 423208
SEED=546780 
SEED is set to: 546780
SEED=243727 
SEED is set to: 243727
SEED=359233 
SEED is set to: 359233
SEED=841288 
SEED is set to: 841288
SEED=867027 
SEED is set to: 867027
SEED=951633 
SEED is set to: 951633
SEED=552297 
SEED is set to: 552297
SEED=995552 
SEED is set to: 995552
SEED=173963 
SEED is set to: 173963
SEED=513033 
SEED is set to: 513033
SEED=851334 
SEED is set to: 851334
SEED=166135 
SEED is set to: 166135
SEED=197105 
SEED is set to: 197105
SEED=305318 
SEED is set to: 305318
SEED=366891 
SEED is set to: 366891
SEED=574343 
SEED is set to: 574343
SEED=987899 
SEED is set to: 987899
SEED=235101 
SEED is set to: 235101
SEED=552880 
SEED is set to: 552880
SEED=820175 
SEED is set to: 820175
SEED=848034 
SEED is set to: 848034
SEED=869878 
SEED is set to: 869878
SEED=104832 
SEED is set to: 104832
SEED=827736 
SEED is set to: 827736
SEED=934194 
SEED is set to: 934194
SEED=938386 
SEED is set to: 938386
SEED=422684 
SEED is set to: 422684
SEED=499422 
SEED is set to: 499422
SEED=775601 
SEED is set to: 775601
SEED=405075 
SEED is set to: 405075
SEED=431367 
SEED is set to: 431367
SEED=612537 
SEED is set to: 612537
SEED=789075 
SEED is set to: 789075
SEED=891274 
SEED is set to: 891274
SEED=607761 
SEED is set to: 607761
SEED=655346 
SEED is set to: 655346
SEED=903945 
SEED is set to: 903945
SEED=155019 
SEED is set to: 155019
SEED=488446 
SEED is set to: 488446
SEED=120602 
SEED is set to: 120602
SEED=158319 
SEED is set to: 158319
SEED=300100 
SEED is set to: 300100
SEED=558936 
SEED is set to: 558936
SEED=598077 
SEED is set to: 598077
SEED=608953 
SEED is set to: 608953
SEED=159285 
SEED is set to: 159285
SEED=764889 
SEED is set to: 764889
SEED=939806 
SEED is set to: 939806
SEED=214690 
SEED is set to: 214690
SEED=282281 
SEED is set to: 282281
SEED=719282 
SEED is set to: 719282
SEED=928658 
SEED is set to: 928658
SEED=993729 
SEED is set to: 993729
SEED=34247 
SEED is set to: 34247
SEED=775947 
SEED is set to: 775947
SEED=83380 
SEED is set to: 83380
SEED=459242 
SEED is set to: 459242
SEED=468451 
SEED is set to: 468451
SEED=60448 
SEED is set to: 60448
SEED=303750 
SEED is set to: 303750
SEED=328596 
SEED is set to: 328596
SEED=801840 
SEED is set to: 801840
SEED=813007 
SEED is set to: 813007
SEED=114067 
SEED is set to: 114067
SEED=191180 
SEED is set to: 191180
SEED=395891 
SEED is set to: 395891
SEED=546326 
SEED is set to: 546326
SEED=794322 
SEED is set to: 794322
SEED=158471 
SEED is set to: 158471
SEED=555151 
SEED is set to: 555151
SEED=588489 
SEED is set to: 588489
SEED=93591 
SEED is set to: 93591
SEED=114417 
SEED is set to: 114417
SEED=589522 
SEED is set to: 589522
SEED=670933 
SEED is set to: 670933
SEED=960506 
SEED is set to: 960506
SEED=452797 
SEED is set to: 452797
SEED=556217 
SEED is set to: 556217
SEED=620142 
SEED is set to: 620142
SEED=977512 
SEED is set to: 977512
SEED=95991 
SEED is set to: 95991
SEED=309171 
SEED is set to: 309171
SEED=449148 
SEED is set to: 449148
SEED=710976 
SEED is set to: 710976
SEED=961235 
SEED is set to: 961235
SEED=117743 
SEED is set to: 117743
SEED=701613 
SEED is set to: 701613
SEED=775513 
SEED is set to: 775513
SEED=116526 
SEED is set to: 116526
SEED=131262 
SEED is set to: 131262
SEED=314815 
SEED is set to: 314815
SEED=549397 
SEED is set to: 549397
SEED=870793 
SEED is set to: 870793
SEED=113799 
SEED is set to: 113799
SEED=543089 
SEED is set to: 543089
SEED=806479 
SEED is set to: 806479
SEED=956068 
SEED is set to: 956068
SEED=993645 
SEED is set to: 993645
SEED=16247 
SEED is set to: 16247
SEED=326057 
SEED is set to: 326057
SEED=352611 
SEED is set to: 352611
SEED=588717 
SEED is set to: 588717
SEED=489432 
SEED is set to: 489432
SEED=636480 
SEED is set to: 636480
SEED=640756 
SEED is set to: 640756
SEED=831507 
SEED is set to: 831507
SEED=851939 
SEED is set to: 851939
SEED=604383 
SEED is set to: 604383
SEED=813712 
SEED is set to: 813712
SEED=278081 
SEED is set to: 278081
SEED=280563 
SEED is set to: 280563
SEED=695336 
SEED is set to: 695336
SEED=871311 
SEED is set to: 871311
SEED=238506 
SEED is set to: 238506
SEED=355057 
SEED is set to: 355057
SEED=563840 
SEED is set to: 563840
SEED=961126 
SEED is set to: 961126
SEED=29713 
SEED is set to: 29713
SEED=710047 
SEED is set to: 710047
SEED=420140 
SEED is set to: 420140
SEED=723069 
SEED is set to: 723069
SEED=725290 
SEED is set to: 725290
SEED=234029 
SEED is set to: 234029
SEED=898270 
SEED is set to: 898270
SEED=951869 
SEED is set to: 951869
SEED=804123 
SEED is set to: 804123
SEED=824135 
SEED is set to: 824135
SEED=149633 
SEED is set to: 149633
AES_256_CCM_v5_1125935.out: malloc.c:2617: sysmalloc: Assertion `(old_top == initial_top (av) && old_size == 0) || ((unsigned long) (old_size) >= MINSIZE && prev_inuse (old_top) && ((unsigned long) old_end & (pagesize - 1)) == 0)' failed.
SEED=243175 
SEED is set to: 243175
SEED=635638 
SEED is set to: 635638
SEED=937860 
SEED is set to: 937860
SEED=169759 
SEED is set to: 169759
SEED=182637 
SEED is set to: 182637
SEED=830478 
SEED is set to: 830478
SEED=373923 
SEED is set to: 373923
SEED=876450 
SEED is set to: 876450
SEED=956120 
SEED is set to: 956120
SEED=78292 
SEED is set to: 78292
SEED=255885 
SEED is set to: 255885
SEED=860265 
SEED is set to: 860265
SEED=988085 
SEED is set to: 988085
SEED=188163 
SEED is set to: 188163
SEED=280087 
SEED is set to: 280087
SEED=300423 
SEED is set to: 300423
SEED=356107 
SEED is set to: 356107
SEED=914890 
SEED is set to: 914890
SEED=436065 
SEED is set to: 436065
SEED=660208 
SEED is set to: 660208
SEED=660404 
SEED is set to: 660404
SEED=153777 
SEED is set to: 153777
SEED=281440 
SEED is set to: 281440
SEED=569664 
SEED is set to: 569664
SEED=431950 
SEED is set to: 431950
SEED=969280 
SEED is set to: 969280
SEED=118716 
SEED is set to: 118716
SEED=566726 
SEED is set to: 566726
SEED=72455 
SEED is set to: 72455
SEED=289093 
SEED is set to: 289093
SEED=390377 
SEED is set to: 390377
SEED=417375 
SEED is set to: 417375
SEED=450989 
SEED is set to: 450989
SEED=40549 
SEED is set to: 40549
SEED=588399 
SEED is set to: 588399
SEED=589327 
SEED is set to: 589327
SEED=915808 
SEED is set to: 915808
SEED=592157 
SEED is set to: 592157
SEED=611009 
SEED is set to: 611009
SEED=738487 
SEED is set to: 738487
SEED=3212 
SEED is set to: 3212
SEED=101584 
SEED is set to: 101584
SEED=152679 
SEED is set to: 152679
SEED=215874 
SEED is set to: 215874
SEED=246126 
SEED is set to: 246126
SEED=252032 
SEED is set to: 252032
SEED=741079 
SEED is set to: 741079
SEED=545085 
SEED is set to: 545085
SEED=600631 
SEED is set to: 600631
SEED=714652 
SEED is set to: 714652
SEED=122883 
SEED is set to: 122883
SEED=166992 
SEED is set to: 166992
SEED=447350 
SEED is set to: 447350
SEED=803815 
SEED is set to: 803815
SEED=990392 
SEED is set to: 990392
SEED=86930 
SEED is set to: 86930
SEED=433484 
SEED is set to: 433484
SEED=465609 
SEED is set to: 465609
SEED=493970 
SEED is set to: 493970
SEED=520577 
SEED is set to: 520577
SEED=689143 
SEED is set to: 689143
SEED=976038 
SEED is set to: 976038
SEED=1897 
SEED is set to: 1897
SEED=16675 
SEED is set to: 16675
SEED=183343 
SEED is set to: 183343
SEED=640092 
SEED is set to: 640092
SEED=217780 
SEED is set to: 217780
SEED=226397 
SEED is set to: 226397
SEED=567198 
SEED is set to: 567198
SEED=582598 
SEED is set to: 582598
SEED=673992 
SEED is set to: 673992
SEED=173011 
SEED is set to: 173011
SEED=591414 
SEED is set to: 591414
SEED=651919 
SEED is set to: 651919
SEED=107165 
SEED is set to: 107165
SEED=131220 
SEED is set to: 131220
SEED=339758 
SEED is set to: 339758
SEED=643971 
SEED is set to: 643971
SEED=1929 
SEED is set to: 1929
SEED=702540 
SEED is set to: 702540
SEED=991548 
SEED is set to: 991548
SEED=997073 
SEED is set to: 997073
SEED=548354 
SEED is set to: 548354
SEED=838816 
SEED is set to: 838816
SEED=39366 
SEED is set to: 39366
SEED=127923 
SEED is set to: 127923
SEED=270033 
SEED is set to: 270033
SEED=375024 
SEED is set to: 375024
SEED=598017 
SEED is set to: 598017
SEED=103846 
SEED is set to: 103846
SEED=444313 
SEED is set to: 444313
SEED=470752 
SEED is set to: 470752
SEED=588242 
SEED is set to: 588242
SEED=739772 
SEED is set to: 739772
SEED=789179 
SEED is set to: 789179
SEED=753803 
SEED is set to: 753803
SEED=39595 
SEED is set to: 39595
SEED=63832 
SEED is set to: 63832
SEED=136782 
SEED is set to: 136782
SEED=603164 
SEED is set to: 603164
SEED=619997 
SEED is set to: 619997
SEED=1652 
SEED is set to: 1652
SEED=401290 
SEED is set to: 401290
SEED=634729 
SEED is set to: 634729
SEED=703736 
SEED is set to: 703736
SEED=184894 
SEED is set to: 184894
SEED=243774 
SEED is set to: 243774
SEED=601442 
SEED is set to: 601442
SEED=637767 
SEED is set to: 637767
SEED=990557 
SEED is set to: 990557
SEED=315308 
SEED is set to: 315308
SEED=988237 
SEED is set to: 988237
SEED=992111 
SEED is set to: 992111
SEED=25053 
SEED is set to: 25053
SEED=308421 
SEED is set to: 308421
SEED=389531 
SEED is set to: 389531
SEED=262239 
SEED is set to: 262239
SEED=506185 
SEED is set to: 506185
SEED=796415 
SEED is set to: 796415
SEED=248838 
SEED is set to: 248838
SEED=495085 
SEED is set to: 495085
SEED=554719 
SEED is set to: 554719
SEED=17522 
SEED is set to: 17522
SEED=85078 
SEED is set to: 85078
SEED=90108 
SEED is set to: 90108
SEED=286136 
SEED is set to: 286136
SEED=543568 
SEED is set to: 543568
SEED=801575 
SEED is set to: 801575
SEED=811162 
SEED is set to: 811162
SEED=269833 
SEED is set to: 269833
SEED=427058 
SEED is set to: 427058
SEED=670766 
SEED is set to: 670766
SEED=206434 
SEED is set to: 206434
SEED=365362 
SEED is set to: 365362
munmap_chunk(): invalid pointer
SEED=733507 
SEED is set to: 733507
SEED=739333 
SEED is set to: 739333
SEED=929482 
SEED is set to: 929482
SEED=95109 
SEED is set to: 95109
SEED=422926 
SEED is set to: 422926
SEED=786594 
SEED is set to: 786594
SEED=876250 
SEED is set to: 876250
SEED=16415 
SEED is set to: 16415
SEED=878775 
SEED is set to: 878775
SEED=143551 
SEED is set to: 143551
SEED=368755 
SEED is set to: 368755
SEED=56031 
SEED is set to: 56031
SEED=855374 
SEED is set to: 855374
SEED=8857 
SEED is set to: 8857
