Starting run at Fri Apr 24 04:13:17 PM CEST 2026
Skipping 2_Opt_Heuristic_TSP_v7_4061234_fault_locations.csv (already processed)
Skipping 2_SAT_Implication_Graph_v10_814176_fault_locations.csv (already processed)
Skipping 2_SAT_Implication_Graph_v1_4129670_fault_locations.csv (already processed)
Skipping 2_SAT_Implication_Graph_v3_3873217_fault_locations.csv (already processed)
Skipping 2_SAT_Implication_Graph_v5_1120466_fault_locations.csv (already processed)
Skipping 2_SAT_Implication_Graph_v6_250151_fault_locations.csv (already processed)
Skipping 2_SAT_Implication_Graph_v7_3950396_fault_locations.csv (already processed)
Skipping 2_SAT_Implication_Graph_v8_196850_fault_locations.csv (already processed)
Skipping 2_SAT_Implication_Graph_v9_947960_fault_locations.csv (already processed)
Skipping 3DES_CBC_v10_773408_fault_locations.csv (already processed)
Skipping 3DES_CBC_v3_3914854_fault_locations.csv (already processed)
Skipping 3DES_CBC_v5_1128957_fault_locations.csv (already processed)
Skipping 3DES_CFB_v10_826245_fault_locations.csv (already processed)
Skipping 3DES_CFB_v3_3784093_fault_locations.csv (already processed)
Skipping 3DES_CFB_v4_392477_fault_locations.csv (already processed)
Skipping 3DES_CFB_v6_257878_fault_locations.csv (already processed)
Skipping 3DES_CFB_v7_4049790_fault_locations.csv (already processed)
Skipping 3DES_CFB_v9_901868_fault_locations.csv (already processed)
Skipping 3DES_EDE3_v1_4100545_fault_locations.csv (already processed)
Skipping 3DES_EDE3_v2_647560_fault_locations.csv (already processed)
Skipping 3DES_EDE3_v5_1097138_fault_locations.csv (already processed)
Skipping 3DES_EDE3_v7_4074685_fault_locations.csv (already processed)
Skipping 3DES_EDE3_v8_151495_fault_locations.csv (already processed)
Skipping 3DES_EDE3_v9_944884_fault_locations.csv (already processed)
Skipping 3DES_EDE_v10_702412_fault_locations.csv (already processed)
Skipping 3DES_EDE_v1_22747_fault_locations.csv (already processed)
Skipping 3DES_EDE_v3_3904601_fault_locations.csv (already processed)
Skipping 3DES_EDE_v9_891371_fault_locations.csv (already processed)
Skipping 3DES_OFB_v3_3793606_fault_locations.csv (already processed)
Skipping 3DES_OFB_v4_508607_fault_locations.csv (already processed)
Skipping 3DES_OFB_v5_980584_fault_locations.csv (already processed)
Skipping 3DES_OFB_v6_355843_fault_locations.csv (already processed)
Skipping 3DES_OFB_v7_3934465_fault_locations.csv (already processed)
Skipping 3DES_OFB_v8_54703_fault_locations.csv (already processed)
Skipping 3DES_OFB_v9_931697_fault_locations.csv (already processed)
Skipping 3_Way_Cipher_v10_822790_fault_locations.csv (already processed)
Skipping 3_Way_Cipher_v1_13268_fault_locations.csv (already processed)
Skipping 3_Way_Cipher_v2_635009_fault_locations.csv (already processed)
Skipping 3_Way_Cipher_v3_3785247_fault_locations.csv (already processed)
Skipping 3_Way_Cipher_v4_503452_fault_locations.csv (already processed)
Skipping 3_Way_Cipher_v5_1021574_fault_locations.csv (already processed)
Skipping 3_Way_Cipher_v6_372867_fault_locations.csv (already processed)
Skipping 3_Way_Cipher_v7_3966813_fault_locations.csv (already processed)
Skipping 3_Way_Cipher_v9_898951_fault_locations.csv (already processed)
Skipping A2C_Advantage_Actor_Critic_v1_4107068_fault_locations.csv (already processed)
Skipping A2C_Advantage_Actor_Critic_v2_619252_fault_locations.csv (already processed)
Skipping A2C_Advantage_Actor_Critic_v3_3928903_fault_locations.csv (already processed)
Skipping A2C_Advantage_Actor_Critic_v5_1091333_fault_locations.csv (already processed)
Skipping A2C_Advantage_Actor_Critic_v8_200113_fault_locations.csv (already processed)
Skipping A2C_Advantage_Actor_Critic_v9_850282_fault_locations.csv (already processed)
Skipping A5_1_v10_749861_fault_locations.csv (already processed)
Skipping A5_1_v1_4100204_fault_locations.csv (already processed)
Skipping A5_1_v2_579619_fault_locations.csv (already processed)
Skipping A5_1_v3_3821150_fault_locations.csv (already processed)
Skipping A5_1_v4_409881_fault_locations.csv (already processed)
Skipping A5_1_v6_254637_fault_locations.csv (already processed)
Skipping A5_1_v7_4070053_fault_locations.csv (already processed)
Skipping A5_1_v8_173623_fault_locations.csv (already processed)
Skipping A5_1_v9_919240_fault_locations.csv (already processed)
Skipping A5_2_v10_725792_fault_locations.csv (already processed)
Skipping A5_2_v1_1175_fault_locations.csv (already processed)
Skipping A5_2_v3_3850273_fault_locations.csv (already processed)
Skipping A5_2_v4_463616_fault_locations.csv (already processed)
Skipping A5_2_v8_196111_fault_locations.csv (already processed)
Skipping A5_2_v9_878750_fault_locations.csv (already processed)
Skipping ACORN_v10_689449_fault_locations.csv (already processed)
Skipping ACORN_v1_4104327_fault_locations.csv (already processed)
Skipping ACORN_v2_600893_fault_locations.csv (already processed)
Skipping ACORN_v3_3797747_fault_locations.csv (already processed)
Skipping ACORN_v4_466913_fault_locations.csv (already processed)
Skipping ACORN_v5_1072811_fault_locations.csv (already processed)
Skipping ACORN_v6_352313_fault_locations.csv (already processed)
Skipping ACORN_v7_4082998_fault_locations.csv (already processed)
Skipping ACORN_v8_81703_fault_locations.csv (already processed)
Skipping ACORN_v9_847224_fault_locations.csv (already processed)
Skipping Active_Learning_v3_3870107_fault_locations.csv (already processed)
Skipping Active_Learning_v4_430656_fault_locations.csv (already processed)
Skipping Active_Learning_v6_214311_fault_locations.csv (already processed)
Skipping Actor_Critic_with_Experience_Replay_v2_635231_fault_locations.csv (already processed)
Skipping Actor_Critic_with_Experience_Replay_v4_509643_fault_locations.csv (already processed)
Skipping AdaDelta_Optimizer_v10_795141_fault_locations.csv (already processed)
Skipping AdaDelta_Optimizer_v1_4154082_fault_locations.csv (already processed)
Skipping AdaDelta_Optimizer_v4_482049_fault_locations.csv (already processed)
Skipping AdaDelta_Optimizer_v8_46796_fault_locations.csv (already processed)
Skipping Adadelta_v2_576555_fault_locations.csv (already processed)
Skipping Adadelta_v3_3806770_fault_locations.csv (already processed)
Skipping Adadelta_v5_1141856_fault_locations.csv (already processed)
Skipping Adadelta_v6_236108_fault_locations.csv (already processed)
Skipping Adadelta_v7_4013452_fault_locations.csv (already processed)
Skipping Adadelta_v9_864763_fault_locations.csv (already processed)
Skipping AdaGrad_Optimizer_v6_231894_fault_locations.csv (already processed)
Skipping AdaGrad_Optimizer_v9_856937_fault_locations.csv (already processed)
Skipping Adagrad_v2_603334_fault_locations.csv (already processed)
Skipping Adagrad_v3_3834384_fault_locations.csv (already processed)
Skipping Adagrad_v4_518429_fault_locations.csv (already processed)
Skipping Adagrad_v7_4042994_fault_locations.csv (already processed)
Skipping Adagrad_v9_976645_fault_locations.csv (already processed)
Skipping AdaMax_v10_749903_fault_locations.csv (already processed)
Skipping AdaMax_v3_3814083_fault_locations.csv (already processed)
Skipping AdaMax_v4_479261_fault_locations.csv (already processed)
Skipping AdaMax_v5_1054965_fault_locations.csv (already processed)
Skipping AdaMax_v6_217175_fault_locations.csv (already processed)
Skipping AdaMax_v8_201715_fault_locations.csv (already processed)
Skipping AdaMax_v9_947786_fault_locations.csv (already processed)
Skipping Adam_Optimizer_v1_4115668_fault_locations.csv (already processed)
Skipping Adam_Optimizer_v2_588783_fault_locations.csv (already processed)
Skipping Adam_Optimizer_v3_3906161_fault_locations.csv (already processed)
Skipping Adam_Optimizer_v5_984221_fault_locations.csv (already processed)
Skipping Adam_Optimizer_v6_220060_fault_locations.csv (already processed)
Skipping Adams_Bashforth_Method_v10_702581_fault_locations.csv (already processed)
Skipping Adams_Bashforth_Method_v1_22438_fault_locations.csv (already processed)
Skipping Adams_Bashforth_Method_v2_588476_fault_locations.csv (already processed)
Skipping Adams_Bashforth_Method_v3_3839897_fault_locations.csv (already processed)
Skipping Adams_Bashforth_Method_v5_1140593_fault_locations.csv (already processed)
Skipping Adams_Bashforth_Method_v8_93525_fault_locations.csv (already processed)
Skipping Adams_Bashforth_v1_4172600_fault_locations.csv (already processed)
Skipping Adams_Bashforth_v2_674194_fault_locations.csv (already processed)
Skipping Adams_Bashforth_v3_3793618_fault_locations.csv (already processed)
Skipping Adams_Bashforth_v7_3991201_fault_locations.csv (already processed)
Skipping Adams_Bashforth_v9_926779_fault_locations.csv (already processed)
Skipping Adams_Moulton_Method_v2_663685_fault_locations.csv (already processed)
Skipping Adams_Moulton_Method_v3_3879717_fault_locations.csv (already processed)
Skipping Adams_Moulton_Method_v4_477304_fault_locations.csv (already processed)
Skipping Adams_Moulton_Method_v5_1077402_fault_locations.csv (already processed)
Skipping Adams_Moulton_Method_v6_245991_fault_locations.csv (already processed)
Skipping Adams_Moulton_Method_v7_3971631_fault_locations.csv (already processed)
Skipping Adams_Moulton_Method_v8_143648_fault_locations.csv (already processed)
Skipping Adams_Moulton_Method_v9_911123_fault_locations.csv (already processed)
Skipping Adams_Moulton_v5_1043710_fault_locations.csv (already processed)
Skipping Adams_Moulton_v7_4016041_fault_locations.csv (already processed)
Skipping Adams_Moulton_v9_854479_fault_locations.csv (already processed)
Skipping AdamW_v2_563176_fault_locations.csv (already processed)
Skipping AdamW_v3_3847063_fault_locations.csv (already processed)
Skipping AdamW_v4_404704_fault_locations.csv (already processed)
Skipping AdamW_v7_4044358_fault_locations.csv (already processed)
Skipping AdamW_v8_141421_fault_locations.csv (already processed)
Skipping Adapter_Tuning_v2_531656_fault_locations.csv (already processed)
Skipping Adapter_Tuning_v4_462351_fault_locations.csv (already processed)
Skipping Adapter_Tuning_v5_1068727_fault_locations.csv (already processed)
Skipping Adapter_Tuning_v6_223151_fault_locations.csv (already processed)
Skipping Adapter_Tuning_v8_184341_fault_locations.csv (already processed)
Skipping Adaptive_Control_v2_637843_fault_locations.csv (already processed)
Skipping Adaptive_Control_v5_1028908_fault_locations.csv (already processed)
Skipping Adaptive_Control_v8_112935_fault_locations.csv (already processed)
Skipping Adaptive_Control_v9_949963_fault_locations.csv (already processed)
Skipping Adaptive_Quadrature_v10_734759_fault_locations.csv (already processed)
Skipping Adaptive_Quadrature_v1_4115788_fault_locations.csv (already processed)
Skipping Adaptive_Quadrature_v4_432207_fault_locations.csv (already processed)
Skipping Adaptive_Quadrature_v8_111138_fault_locations.csv (already processed)
Skipping Adaptive_Quadrature_v9_875699_fault_locations.csv (already processed)
Skipping Adaptive_Refinement_v10_698450_fault_locations.csv (already processed)
Skipping Adaptive_Refinement_v2_528936_fault_locations.csv (already processed)
Skipping Adaptive_Refinement_v3_3868837_fault_locations.csv (already processed)
Skipping Adaptive_Refinement_v4_526413_fault_locations.csv (already processed)
Skipping Adaptive_Refinement_v5_1059126_fault_locations.csv (already processed)
Skipping Adaptive_Refinement_v6_248268_fault_locations.csv (already processed)
Skipping Adaptive_Refinement_v7_4033157_fault_locations.csv (already processed)
Skipping Adaptive_Refinement_v9_909296_fault_locations.csv (already processed)
Skipping Adaptive_Step_Runge_Kutta_v1_4120907_fault_locations.csv (already processed)
Skipping Adaptive_Step_Runge_Kutta_v5_1121013_fault_locations.csv (already processed)
Skipping Adjacency_List_Reversal_v10_825161_fault_locations.csv (already processed)
Skipping Adjacency_List_Reversal_v1_4116340_fault_locations.csv (already processed)
Skipping Adjacency_List_Reversal_v2_540426_fault_locations.csv (already processed)
Skipping Adjacency_List_Reversal_v3_3790832_fault_locations.csv (already processed)
Skipping Adjacency_List_Reversal_v4_511595_fault_locations.csv (already processed)
Skipping Adjacency_List_Reversal_v5_986332_fault_locations.csv (already processed)
Skipping Adjacency_List_Reversal_v6_366111_fault_locations.csv (already processed)
Skipping Adjacency_List_Reversal_v7_3973313_fault_locations.csv (already processed)
Skipping Adjacency_List_Reversal_v8_120079_fault_locations.csv (already processed)
Skipping Adjacency_List_Reversal_v9_905941_fault_locations.csv (already processed)
Skipping Adjacency_Matrix_Multiplication_for_Paths_v10_734730_fault_locations.csv (already processed)
Skipping Adjacency_Matrix_Multiplication_for_Paths_v1_4150397_fault_locations.csv (already processed)
Skipping Adjacency_Matrix_Multiplication_for_Paths_v2_656762_fault_locations.csv (already processed)
Skipping Adjacency_Matrix_Multiplication_for_Paths_v4_448466_fault_locations.csv (already processed)
Skipping Adjacency_Matrix_Multiplication_for_Paths_v5_1138878_fault_locations.csv (already processed)
Skipping Adjacency_Matrix_Multiplication_for_Paths_v6_252862_fault_locations.csv (already processed)
Skipping Adjacency_Matrix_Multiplication_for_Paths_v7_3993437_fault_locations.csv (already processed)
Skipping Adjacency_Matrix_Multiplication_for_Paths_v8_181148_fault_locations.csv (already processed)
Skipping Adjacency_Matrix_Multiplication_for_Paths_v9_903884_fault_locations.csv (already processed)
Skipping Adjacency_Matrix_Normalization_v6_211119_fault_locations.csv (already processed)
Skipping Adjacency_Matrix_Normalization_v9_902012_fault_locations.csv (already processed)
Skipping Adjacency_Spectrum_Calculation_v10_679494_fault_locations.csv (already processed)
Skipping Adjacency_Spectrum_Calculation_v2_597786_fault_locations.csv (already processed)
Skipping Adjacency_Spectrum_Calculation_v3_3869898_fault_locations.csv (already processed)
Skipping Adjacency_Spectrum_Calculation_v4_438387_fault_locations.csv (already processed)
Skipping Adjacency_Spectrum_Calculation_v5_1104655_fault_locations.csv (already processed)
Skipping Adjacency_Spectrum_Calculation_v9_902045_fault_locations.csv (already processed)
Skipping AES_128_CBC_v1_4099529_fault_locations.csv (already processed)
Skipping AES_128_CBC_v4_496481_fault_locations.csv (already processed)
Skipping AES_128_CBC_v6_315069_fault_locations.csv (already processed)
Skipping AES_128_CBC_v9_832621_fault_locations.csv (already processed)
Skipping AES_128_CCM_v10_723029_fault_locations.csv (already processed)
Skipping AES_128_CCM_v7_4047060_fault_locations.csv (already processed)
Skipping AES_128_CCM_v8_150586_fault_locations.csv (already processed)
Skipping AES_128_CFB_v10_723772_fault_locations.csv (already processed)
Skipping AES_128_CFB_v1_4134174_fault_locations.csv (already processed)
Skipping AES_128_CFB_v3_3870852_fault_locations.csv (already processed)
Skipping AES_128_CFB_v4_519738_fault_locations.csv (already processed)
Skipping AES_128_CFB_v5_1127015_fault_locations.csv (already processed)
Skipping AES_128_CFB_v8_150242_fault_locations.csv (already processed)
Skipping AES_128_CFB_v9_905605_fault_locations.csv (already processed)
Skipping AES_128_CMAC_v5_990513_fault_locations.csv (already processed)
Skipping AES_128_CMAC_v6_294982_fault_locations.csv (already processed)
Skipping AES_128_CMAC_v7_3964039_fault_locations.csv (already processed)
Skipping AES_128_CMAC_v8_195424_fault_locations.csv (already processed)
Skipping AES_128_CMAC_v9_847495_fault_locations.csv (already processed)
Skipping AES_128_CTR_v10_698492_fault_locations.csv (already processed)
Skipping AES_128_CTR_v1_4102573_fault_locations.csv (already processed)
Skipping AES_128_CTR_v2_669401_fault_locations.csv (already processed)
Skipping AES_128_CTR_v4_525756_fault_locations.csv (already processed)
Skipping AES_128_CTR_v5_1030544_fault_locations.csv (already processed)
Skipping AES_128_CTR_v6_334108_fault_locations.csv (already processed)
Skipping AES_128_CTR_v7_3940250_fault_locations.csv (already processed)
Skipping AES_128_CTR_v8_80531_fault_locations.csv (already processed)
Skipping AES_128_CTR_v9_866673_fault_locations.csv (already processed)
Skipping AES_128_ECB_v1_27080_fault_locations.csv (already processed)
Skipping AES_128_ECB_v2_529003_fault_locations.csv (already processed)
Skipping AES_128_ECB_v3_3870003_fault_locations.csv (already processed)
Skipping AES_128_ECB_v4_527571_fault_locations.csv (already processed)
Skipping AES_128_ECB_v6_256066_fault_locations.csv (already processed)
Skipping AES_128_ECB_v7_3934927_fault_locations.csv (already processed)
Skipping AES_128_ECB_v9_893570_fault_locations.csv (already processed)
Skipping AES_128_GCM_v3_3899917_fault_locations.csv (already processed)
Skipping AES_128_GCM_v4_453354_fault_locations.csv (already processed)
Skipping AES_128_GCM_v6_277716_fault_locations.csv (already processed)
Skipping AES_128_GCM_v9_946010_fault_locations.csv (already processed)
Skipping AES_128_OCB_v10_795097_fault_locations.csv (already processed)
Skipping AES_128_OCB_v1_4144504_fault_locations.csv (already processed)
Skipping AES_128_OCB_v3_3873490_fault_locations.csv (already processed)
Skipping AES_128_OCB_v5_1133403_fault_locations.csv (already processed)
Skipping AES_128_OCB_v7_3991255_fault_locations.csv (already processed)
Skipping AES_128_OFB_v10_713781_fault_locations.csv (already processed)
Skipping AES_128_OFB_v2_608123_fault_locations.csv (already processed)
Skipping AES_128_OFB_v3_3845193_fault_locations.csv (already processed)
Skipping AES_128_OFB_v4_452748_fault_locations.csv (already processed)
Skipping AES_128_OFB_v7_3937784_fault_locations.csv (already processed)
Skipping AES_128_OFB_v8_92952_fault_locations.csv (already processed)
Skipping AES_128_OFB_v9_881872_fault_locations.csv (already processed)
Skipping AES_128_v10_785157_fault_locations.csv (already processed)
Skipping AES_128_v1_36651_fault_locations.csv (already processed)
Skipping AES_128_v3_3795082_fault_locations.csv (already processed)
Skipping AES_128_v4_418694_fault_locations.csv (already processed)
Skipping AES_128_v5_994082_fault_locations.csv (already processed)
Skipping AES_128_v6_220587_fault_locations.csv (already processed)
Skipping AES_128_v7_3965526_fault_locations.csv (already processed)
Skipping AES_128_v8_159942_fault_locations.csv (already processed)
Skipping AES_128_v9_971731_fault_locations.csv (already processed)
Skipping AES_128_XTS_v10_677629_fault_locations.csv (already processed)
Skipping AES_128_XTS_v1_4187176_fault_locations.csv (already processed)
Skipping AES_128_XTS_v2_590284_fault_locations.csv (already processed)
Skipping AES_128_XTS_v4_400752_fault_locations.csv (already processed)
Skipping AES_128_XTS_v5_1126415_fault_locations.csv (already processed)
Skipping AES_128_XTS_v6_356545_fault_locations.csv (already processed)
Skipping AES_128_XTS_v8_96080_fault_locations.csv (already processed)
Skipping AES_128_XTS_v9_903323_fault_locations.csv (already processed)
Skipping AES_192_GCM_v5_1139080_fault_locations.csv (already processed)
Skipping AES_192_GCM_v6_279830_fault_locations.csv (already processed)
Skipping AES_192_GCM_v7_3934257_fault_locations.csv (already processed)
Skipping AES_192_GCM_v9_947929_fault_locations.csv (already processed)
Skipping AES_192_v10_716014_fault_locations.csv (already processed)
Skipping AES_192_v1_4098408_fault_locations.csv (already processed)
Skipping AES_192_v4_498745_fault_locations.csv (already processed)
Skipping AES_192_v5_1010054_fault_locations.csv (already processed)
Skipping AES_192_v7_4014488_fault_locations.csv (already processed)
Skipping AES_192_v8_152821_fault_locations.csv (already processed)
Skipping AES_256_CCM_v10_719247_fault_locations.csv (already processed)
Skipping AES_256_CCM_v1_4133032_fault_locations.csv (already processed)
Skipping AES_256_CCM_v4_475403_fault_locations.csv (already processed)
Skipping AES_256_CCM_v6_312683_fault_locations.csv (already processed)
Skipping AES_256_CCM_v7_4038889_fault_locations.csv (already processed)
Skipping AES_256_CCM_v8_171603_fault_locations.csv (already processed)
Skipping AES_256_CCM_v9_977385_fault_locations.csv (already processed)
Skipping AES_256_CFB_v10_745541_fault_locations.csv (already processed)
Skipping AES_256_CFB_v1_4192327_fault_locations.csv (already processed)
Skipping AES_256_CFB_v2_536279_fault_locations.csv (already processed)
Skipping AES_256_CFB_v3_3921551_fault_locations.csv (already processed)
Skipping AES_256_CFB_v5_980547_fault_locations.csv (already processed)
Skipping AES_256_CFB_v6_257936_fault_locations.csv (already processed)
Skipping AES_256_CFB_v8_174953_fault_locations.csv (already processed)
Skipping AES_256_CFB_v9_938564_fault_locations.csv (already processed)
Skipping AES_256_CMAC_v10_819448_fault_locations.csv (already processed)
Skipping AES_256_CMAC_v1_34200_fault_locations.csv (already processed)
Skipping AES_256_CMAC_v2_629707_fault_locations.csv (already processed)
Skipping AES_256_CMAC_v3_3803746_fault_locations.csv (already processed)
Skipping AES_256_CMAC_v4_386386_fault_locations.csv (already processed)
Skipping AES_256_CMAC_v8_54780_fault_locations.csv (already processed)
Skipping AES_256_CMAC_v9_897433_fault_locations.csv (already processed)
Skipping AES_256_CTR_v10_710373_fault_locations.csv (already processed)
Skipping AES_256_CTR_v3_3782591_fault_locations.csv (already processed)
Skipping AES_256_CTR_v4_478224_fault_locations.csv (already processed)
Skipping AES_256_CTR_v5_1125388_fault_locations.csv (already processed)
Skipping AES_256_CTR_v7_4007075_fault_locations.csv (already processed)
Skipping AES_256_GCM_v10_696661_fault_locations.csv (already processed)
Skipping AES_256_GCM_v2_543658_fault_locations.csv (already processed)
Skipping AES_256_GCM_v5_1065212_fault_locations.csv (already processed)
Skipping AES_256_GCM_v6_219699_fault_locations.csv (already processed)
Skipping AES_256_OCB_v2_594940_fault_locations.csv (already processed)
Skipping AES_256_OCB_v3_3804215_fault_locations.csv (already processed)
Skipping AES_256_OCB_v5_1127180_fault_locations.csv (already processed)
Skipping AES_256_OCB_v9_976678_fault_locations.csv (already processed)
Skipping AES_256_OFB_v10_680464_fault_locations.csv (already processed)
Skipping AES_256_OFB_v1_4139048_fault_locations.csv (already processed)
Skipping AES_256_OFB_v2_595484_fault_locations.csv (already processed)
Skipping AES_256_OFB_v3_3847079_fault_locations.csv (already processed)
Skipping AES_256_OFB_v4_525789_fault_locations.csv (already processed)
Skipping AES_256_OFB_v5_1015010_fault_locations.csv (already processed)
Skipping AES_256_OFB_v6_342132_fault_locations.csv (already processed)
Skipping AES_256_OFB_v7_4044494_fault_locations.csv (already processed)
Skipping AES_256_OFB_v9_901863_fault_locations.csv (already processed)
Skipping AES_256_v1_46121_fault_locations.csv (already processed)
Skipping AES_256_v3_3863959_fault_locations.csv (already processed)
Skipping AES_256_v6_221346_fault_locations.csv (already processed)
Skipping AES_256_v9_977568_fault_locations.csv (already processed)
Skipping AES_256_XTS_v1_39479_fault_locations.csv (already processed)
Skipping AES_256_XTS_v2_535041_fault_locations.csv (already processed)
Skipping AES_256_XTS_v3_3917631_fault_locations.csv (already processed)
Skipping AES_256_XTS_v5_1128983_fault_locations.csv (already processed)
Skipping AES_256_XTS_v6_240598_fault_locations.csv (already processed)
Skipping AES_256_XTS_v9_977008_fault_locations.csv (already processed)
Skipping Affine_Transformation_2D_v10_750410_fault_locations.csv (already processed)
Skipping Affine_Transformation_2D_v1_4135455_fault_locations.csv (already processed)
Skipping Affine_Transformation_2D_v2_538193_fault_locations.csv (already processed)
Skipping Affine_Transformation_2D_v5_1010606_fault_locations.csv (already processed)
Skipping Affine_Transformation_2D_v6_291402_fault_locations.csv (already processed)
Skipping Affine_Transformation_2D_v7_4005951_fault_locations.csv (already processed)
Skipping Affine_Transformation_2D_v8_160228_fault_locations.csv (already processed)
Skipping Affine_Transformation_2D_v9_840563_fault_locations.csv (already processed)
Skipping Affine_Transformation_3D_v10_829265_fault_locations.csv (already processed)
Skipping Affine_Transformation_3D_v1_31657_fault_locations.csv (already processed)
Skipping Affine_Transformation_3D_v3_3845751_fault_locations.csv (already processed)
Skipping Affine_Transformation_3D_v4_521576_fault_locations.csv (already processed)
Skipping Affine_Transformation_3D_v7_4060048_fault_locations.csv (already processed)
Skipping Affine_Transformation_3D_v8_190973_fault_locations.csv (already processed)
Skipping Affine_Transformation_3D_v9_933365_fault_locations.csv (already processed)
Skipping Affinity_Propagation_v5_1054880_fault_locations.csv (already processed)
Skipping Affinity_Propagation_v7_4032375_fault_locations.csv (already processed)
Skipping Agglomerative_Clustering_v1_4181458_fault_locations.csv (already processed)
Skipping Agglomerative_Clustering_v8_61330_fault_locations.csv (already processed)
Skipping AKS_Primality_Test_v2_599071_fault_locations.csv (already processed)
Skipping AKS_Primality_Test_v3_3854818_fault_locations.csv (already processed)
Skipping AKS_Primality_Test_v5_1071286_fault_locations.csv (already processed)
Skipping AKS_Primality_Test_v6_373973_fault_locations.csv (already processed)
Skipping AKS_Primality_Test_v7_4045928_fault_locations.csv (already processed)
Skipping AKS_Primality_Test_v9_863207_fault_locations.csv (already processed)
Skipping ALBERT_v3_3791287_fault_locations.csv (already processed)
Skipping ALBERT_v4_481115_fault_locations.csv (already processed)
Skipping ALBERT_v5_1114774_fault_locations.csv (already processed)
Skipping AlexNet_v2_570546_fault_locations.csv (already processed)
Skipping Algebraic_Multigrid_v10_788866_fault_locations.csv (already processed)
Skipping Algebraic_Multigrid_v6_225510_fault_locations.csv (already processed)
Skipping Algebraic_Multigrid_v7_4027696_fault_locations.csv (already processed)
Skipping Algebraic_Multigrid_v9_950189_fault_locations.csv (already processed)
Skipping ALIGN_v1_4172425_fault_locations.csv (already processed)
Skipping ALIGN_v2_551085_fault_locations.csv (already processed)
Skipping ALIGN_v3_3887956_fault_locations.csv (already processed)
Skipping ALIGN_v4_420090_fault_locations.csv (already processed)
Skipping ALIGN_v5_1121204_fault_locations.csv (already processed)
Skipping ALIGN_v6_342574_fault_locations.csv (already processed)
Skipping ALIGN_v7_4012845_fault_locations.csv (already processed)
Skipping ALIGN_v8_50604_fault_locations.csv (already processed)
Skipping All_Pairs_Edge_Connectivity_v10_727580_fault_locations.csv (already processed)
Skipping All_Pairs_Edge_Connectivity_v1_4189652_fault_locations.csv (already processed)
Skipping All_Pairs_Edge_Connectivity_v2_610557_fault_locations.csv (already processed)
Skipping All_Pairs_Edge_Connectivity_v3_3791262_fault_locations.csv (already processed)
Skipping All_Pairs_Edge_Connectivity_v4_421707_fault_locations.csv (already processed)
Skipping All_Pairs_Edge_Connectivity_v5_1084519_fault_locations.csv (already processed)
Skipping All_Pairs_Edge_Connectivity_v6_315542_fault_locations.csv (already processed)
Skipping All_Pairs_Edge_Connectivity_v7_4010941_fault_locations.csv (already processed)
Skipping All_Pairs_Edge_Connectivity_v9_881147_fault_locations.csv (already processed)
Skipping All_Pairs_Shortest_Path_via_Repeated_Dijkstra_v10_744373_fault_locations.csv (already processed)
Skipping All_Pairs_Shortest_Path_via_Repeated_Dijkstra_v1_4112917_fault_locations.csv (already processed)
Skipping All_Pairs_Shortest_Path_via_Repeated_Dijkstra_v2_602501_fault_locations.csv (already processed)
Skipping All_Pairs_Shortest_Path_via_Repeated_Dijkstra_v3_3914760_fault_locations.csv (already processed)
Skipping All_Pairs_Shortest_Path_via_Repeated_Dijkstra_v4_392369_fault_locations.csv (already processed)
Skipping All_Pairs_Shortest_Path_via_Repeated_Dijkstra_v5_1115298_fault_locations.csv (already processed)
Skipping All_Pairs_Shortest_Path_via_Repeated_Dijkstra_v6_279857_fault_locations.csv (already processed)
Skipping All_Pairs_Shortest_Path_via_Repeated_Dijkstra_v7_4030800_fault_locations.csv (already processed)
Skipping All_Pairs_Shortest_Path_via_Repeated_Dijkstra_v8_88753_fault_locations.csv (already processed)
Skipping All_Pairs_Shortest_Path_via_Repeated_Dijkstra_v9_848928_fault_locations.csv (already processed)
Skipping All_Pairs_Vertex_Connectivity_v10_745132_fault_locations.csv (already processed)
Skipping All_Pairs_Vertex_Connectivity_v1_4119728_fault_locations.csv (already processed)
Skipping All_Pairs_Vertex_Connectivity_v2_615677_fault_locations.csv (already processed)
Skipping All_Pairs_Vertex_Connectivity_v3_3916055_fault_locations.csv (already processed)
Skipping All_Pairs_Vertex_Connectivity_v4_389004_fault_locations.csv (already processed)
Skipping All_Pairs_Vertex_Connectivity_v5_987849_fault_locations.csv (already processed)
Skipping All_Pairs_Vertex_Connectivity_v6_252931_fault_locations.csv (already processed)
Skipping All_Pairs_Vertex_Connectivity_v7_3968066_fault_locations.csv (already processed)
Skipping All_Pairs_Vertex_Connectivity_v8_204551_fault_locations.csv (already processed)
Skipping All_Pairs_Vertex_Connectivity_v9_871319_fault_locations.csv (already processed)
Skipping AlphaCode_v1_4192618_fault_locations.csv (already processed)
Skipping AlphaCode_v2_599783_fault_locations.csv (already processed)
Skipping AlphaCode_v3_3861336_fault_locations.csv (already processed)
Skipping AlphaCode_v4_400719_fault_locations.csv (already processed)
Skipping AlphaCode_v5_1023258_fault_locations.csv (already processed)
Skipping AlphaCode_v6_315518_fault_locations.csv (already processed)
Skipping AlphaCode_v9_903506_fault_locations.csv (already processed)
Skipping AlphaGo_Algorithm_v2_561588_fault_locations.csv (already processed)
Skipping AlphaGo_Algorithm_v7_4055900_fault_locations.csv (already processed)
Skipping AlphaZero_Algorithm_v10_711937_fault_locations.csv (already processed)
Skipping ALT_A*,_Landmarks,_Triangle_Inequality_v10_797212_fault_locations.csv (already processed)
Skipping ALT_A*,_Landmarks,_Triangle_Inequality_v1_4132943_fault_locations.csv (already processed)
Skipping ALT_A*,_Landmarks,_Triangle_Inequality_v4_526333_fault_locations.csv (already processed)
Skipping ALT_A*,_Landmarks,_Triangle_Inequality_v5_1049552_fault_locations.csv (already processed)
Skipping ALT_A*,_Landmarks,_Triangle_Inequality_v7_3973652_fault_locations.csv (already processed)
Skipping ALT_A*,_Landmarks,_Triangle_Inequality_v9_966285_fault_locations.csv (already processed)
Skipping Alternating_Least_Squares_v1_4170888_fault_locations.csv (already processed)
Skipping Alternating_Least_Squares_v3_3828495_fault_locations.csv (already processed)
Skipping Alternating_Least_Squares_v4_462679_fault_locations.csv (already processed)
Skipping AmsGrad_v2_659801_fault_locations.csv (already processed)
Skipping Angle_at_Vertex_v2_534253_fault_locations.csv (already processed)
Skipping Angle_at_Vertex_v5_1101833_fault_locations.csv (already processed)
Skipping Angle_at_Vertex_v6_220080_fault_locations.csv (already processed)
Skipping Angle_at_Vertex_v7_3933421_fault_locations.csv (already processed)
Skipping Angle_Between_Two_Vectors_v2_590563_fault_locations.csv (already processed)
Skipping Angle_Between_Two_Vectors_v9_907681_fault_locations.csv (already processed)
Skipping Ant_Colony_Optimization_v10_826783_fault_locations.csv (already processed)
Skipping Ant_Colony_Optimization_v4_410998_fault_locations.csv (already processed)
Skipping Ant_Colony_Optimization_v5_1029688_fault_locations.csv (already processed)
Skipping Anubis_Cipher_v1_4172094_fault_locations.csv (already processed)
Skipping Anubis_Cipher_v3_3801408_fault_locations.csv (already processed)
Skipping Anubis_Cipher_v4_438262_fault_locations.csv (already processed)
Skipping Anubis_Cipher_v5_1090989_fault_locations.csv (already processed)
Skipping Anubis_Cipher_v7_3987010_fault_locations.csv (already processed)
Skipping Anubis_Cipher_v9_895623_fault_locations.csv (already processed)
Skipping Approximate_Distance_Labeling_v10_799820_fault_locations.csv (already processed)
Skipping Approximate_Distance_Labeling_v1_4169719_fault_locations.csv (already processed)
Skipping Approximate_Distance_Labeling_v5_1085225_fault_locations.csv (already processed)
Skipping Approximate_Distance_Labeling_v6_354759_fault_locations.csv (already processed)
Skipping Approximate_Distance_Labeling_v7_4014076_fault_locations.csv (already processed)
Skipping Approximate_Distance_Labeling_v8_51471_fault_locations.csv (already processed)
Skipping Approximate_Distance_Labeling_v9_949854_fault_locations.csv (already processed)
Skipping Approximate_Distance_via_Landmark_Sampling_v2_601581_fault_locations.csv (already processed)
Skipping Approximate_Distance_via_Landmark_Sampling_v5_1078051_fault_locations.csv (already processed)
Skipping Approximate_Distance_via_Landmark_Sampling_v6_316366_fault_locations.csv (already processed)
Skipping Approximate_Distance_via_Landmark_Sampling_v7_4053997_fault_locations.csv (already processed)
Skipping Approximate_Distance_via_Landmark_Sampling_v9_845791_fault_locations.csv (already processed)
Skipping ARIA_128_v10_802169_fault_locations.csv (already processed)
Skipping ARIA_128_v5_988541_fault_locations.csv (already processed)
Skipping ARIA_128_v6_353522_fault_locations.csv (already processed)
Skipping ARIA_128_v7_4018799_fault_locations.csv (already processed)
Skipping ARIA_128_v8_50034_fault_locations.csv (already processed)
Skipping ARIA_128_v9_962718_fault_locations.csv (already processed)
Skipping ARIA_192_v1_4140870_fault_locations.csv (already processed)
Skipping ARIA_192_v2_672953_fault_locations.csv (already processed)
Skipping ARIA_192_v3_3849474_fault_locations.csv (already processed)
Skipping ARIA_192_v4_449917_fault_locations.csv (already processed)
Skipping ARIA_192_v5_1105390_fault_locations.csv (already processed)
Skipping ARIA_192_v7_4037908_fault_locations.csv (already processed)
Skipping ARIA_192_v8_103396_fault_locations.csv (already processed)
Skipping ARIA_256_v2_638584_fault_locations.csv (already processed)
Skipping ARIA_256_v3_3899937_fault_locations.csv (already processed)
Skipping ARIA_256_v7_4062501_fault_locations.csv (already processed)
Skipping ARIA_256_v9_934633_fault_locations.csv (already processed)
Skipping ARIA_CBC_256_v10_825718_fault_locations.csv (already processed)
Skipping ARIA_CBC_256_v1_28349_fault_locations.csv (already processed)
Skipping ARIA_CBC_256_v2_623647_fault_locations.csv (already processed)
Skipping ARIA_CBC_256_v3_3896722_fault_locations.csv (already processed)
Skipping ARIA_CBC_256_v6_312597_fault_locations.csv (already processed)
Skipping ARIA_CBC_256_v7_4028732_fault_locations.csv (already processed)
Skipping ARIA_CBC_v1_4131548_fault_locations.csv (already processed)
Skipping ARIA_CBC_v2_624563_fault_locations.csv (already processed)
Skipping ARIA_CBC_v3_3854252_fault_locations.csv (already processed)
Skipping ARIA_CBC_v7_4055662_fault_locations.csv (already processed)
Skipping ARIA_CBC_v8_53864_fault_locations.csv (already processed)
Skipping ARIA_CBC_v9_976619_fault_locations.csv (already processed)
Skipping ARIA_CFB_v10_734088_fault_locations.csv (already processed)
Skipping ARIA_CFB_v1_4186120_fault_locations.csv (already processed)
Skipping ARIA_CFB_v3_3882302_fault_locations.csv (already processed)
Skipping ARIA_CFB_v4_502416_fault_locations.csv (already processed)
Skipping ARIA_CFB_v6_322011_fault_locations.csv (already processed)
Skipping ARIA_CFB_v7_4032402_fault_locations.csv (already processed)
Skipping ARIA_CFB_v9_917879_fault_locations.csv (already processed)
Skipping ARIA_ECB_128_v1_4134011_fault_locations.csv (already processed)
Skipping ARIA_ECB_128_v2_662515_fault_locations.csv (already processed)
Skipping ARIA_ECB_128_v5_997081_fault_locations.csv (already processed)
Skipping ARIA_ECB_128_v6_282271_fault_locations.csv (already processed)
Skipping ARIA_ECB_128_v7_4081230_fault_locations.csv (already processed)
Skipping ARIA_ECB_128_v9_967222_fault_locations.csv (already processed)
Skipping ARIA_ECB_v10_697540_fault_locations.csv (already processed)
Skipping ARIA_ECB_v1_6285_fault_locations.csv (already processed)
Skipping ARIA_ECB_v2_652197_fault_locations.csv (already processed)
Skipping ARIA_ECB_v4_509358_fault_locations.csv (already processed)
Skipping ARIA_ECB_v5_1137039_fault_locations.csv (already processed)
Skipping ARIA_ECB_v6_280569_fault_locations.csv (already processed)
Skipping ARIA_ECB_v9_954816_fault_locations.csv (already processed)
Skipping ARIA_GCM_v10_801354_fault_locations.csv (already processed)
Skipping ARIA_GCM_v5_983932_fault_locations.csv (already processed)
Skipping ARIA_GCM_v7_3943891_fault_locations.csv (already processed)
Skipping ARIA_OFB_v10_680575_fault_locations.csv (already processed)
Skipping ARIA_OFB_v2_652720_fault_locations.csv (already processed)
Skipping ARIA_OFB_v4_416347_fault_locations.csv (already processed)
Skipping ARIA_OFB_v5_991800_fault_locations.csv (already processed)
Skipping ARIA_OFB_v6_311543_fault_locations.csv (already processed)
Skipping ARIA_OFB_v7_3981310_fault_locations.csv (already processed)
Skipping ARIA_OFB_v8_61719_fault_locations.csv (already processed)
Skipping ARIA_OFB_v9_967460_fault_locations.csv (already processed)
Skipping ARIA_XTS_v2_647321_fault_locations.csv (already processed)
Skipping ARIA_XTS_v4_505918_fault_locations.csv (already processed)
Skipping ARIA_XTS_v5_1050044_fault_locations.csv (already processed)
Skipping Arnoldi_Iteration_v2_545898_fault_locations.csv (already processed)
Skipping Arnoldi_Iteration_v3_3865237_fault_locations.csv (already processed)
Skipping Arrangements_of_Circles_v1_4108540_fault_locations.csv (already processed)
Skipping Arrangements_of_Circles_v2_600073_fault_locations.csv (already processed)
Skipping Arrangements_of_Circles_v3_3883222_fault_locations.csv (already processed)
Skipping Arrangements_of_Circles_v4_432191_fault_locations.csv (already processed)
Skipping Arrangements_of_Circles_v5_1129669_fault_locations.csv (already processed)
Skipping Arrangements_of_Circles_v6_316915_fault_locations.csv (already processed)
Skipping Arrangements_of_Circles_v7_4051425_fault_locations.csv (already processed)
Skipping Arrangements_of_Circles_v8_173485_fault_locations.csv (already processed)
Skipping Arrangements_of_Circles_v9_924259_fault_locations.csv (already processed)
Skipping Arrangements_of_Lines_v2_664770_fault_locations.csv (already processed)
Skipping Arrangements_of_Lines_v3_3814790_fault_locations.csv (already processed)
Skipping Arrangements_of_Lines_v5_1120306_fault_locations.csv (already processed)
Skipping Arrangements_of_Lines_v6_368374_fault_locations.csv (already processed)
Skipping Arrangements_of_Lines_v7_4012714_fault_locations.csv (already processed)
Skipping Arrangements_of_Lines_v9_850103_fault_locations.csv (already processed)
Skipping Art_Gallery_Problem_v10_753103_fault_locations.csv (already processed)
Skipping Art_Gallery_Problem_v1_4184650_fault_locations.csv (already processed)
Skipping Art_Gallery_Problem_v2_676723_fault_locations.csv (already processed)
Skipping Art_Gallery_Problem_v4_400702_fault_locations.csv (already processed)
Skipping Art_Gallery_Problem_v5_1138569_fault_locations.csv (already processed)
Skipping Art_Gallery_Problem_v6_310742_fault_locations.csv (already processed)
Skipping Art_Gallery_Problem_v8_69095_fault_locations.csv (already processed)
Skipping Art_Gallery_Problem_v9_968675_fault_locations.csv (already processed)
Skipping Articulation_Component_Graph_v10_777649_fault_locations.csv (already processed)
Skipping Articulation_Component_Graph_v3_3886808_fault_locations.csv (already processed)
Skipping Articulation_Component_Graph_v4_388160_fault_locations.csv (already processed)
Skipping Articulation_Component_Graph_v5_984246_fault_locations.csv (already processed)
Skipping Articulation_Component_Graph_v6_348842_fault_locations.csv (already processed)
Skipping Articulation_Component_Graph_v7_4036701_fault_locations.csv (already processed)
Skipping Articulation_Component_Graph_v8_188702_fault_locations.csv (already processed)
Skipping Articulation_Component_Graph_v9_853639_fault_locations.csv (already processed)
Skipping Articulation_Points_Tarjan’s_Algorithm_v10_739028_fault_locations.csv (already processed)
Skipping Articulation_Points_Tarjan’s_Algorithm_v1_29826_fault_locations.csv (already processed)
Skipping Articulation_Points_Tarjan’s_Algorithm_v3_3868936_fault_locations.csv (already processed)
Skipping Articulation_Points_Tarjan’s_Algorithm_v4_434350_fault_locations.csv (already processed)
Skipping Articulation_Points_Tarjan’s_Algorithm_v5_1012942_fault_locations.csv (already processed)
Skipping Articulation_Points_Tarjan’s_Algorithm_v6_297827_fault_locations.csv (already processed)
Skipping Articulation_Points_Tarjan’s_Algorithm_v7_4005931_fault_locations.csv (already processed)
Skipping Articulation_Points_Tarjan’s_Algorithm_v9_895020_fault_locations.csv (already processed)
Skipping Articulation_Tree_v10_827847_fault_locations.csv (already processed)
Skipping Articulation_Tree_v1_4148917_fault_locations.csv (already processed)
Skipping Articulation_Tree_v3_3784766_fault_locations.csv (already processed)
Skipping Articulation_Tree_v4_405511_fault_locations.csv (already processed)
Skipping Articulation_Tree_v5_1099946_fault_locations.csv (already processed)
Skipping Articulation_Tree_v7_3988548_fault_locations.csv (already processed)
Skipping Articulation_Tree_v8_156102_fault_locations.csv (already processed)
Skipping ASCON_128a_v10_708922_fault_locations.csv (already processed)
Skipping ASCON_128a_v1_797_fault_locations.csv (already processed)
Skipping ASCON_128a_v3_3828389_fault_locations.csv (already processed)
Skipping ASCON_128a_v5_1068428_fault_locations.csv (already processed)
Skipping ASCON_128a_v7_3969063_fault_locations.csv (already processed)
Skipping ASCON_128a_v8_142428_fault_locations.csv (already processed)
Skipping ASCON_128a_v9_849427_fault_locations.csv (already processed)
Skipping ASCON_128_v10_784280_fault_locations.csv (already processed)
Skipping ASCON_128_v2_654612_fault_locations.csv (already processed)
Skipping ASCON_128_v4_443622_fault_locations.csv (already processed)
Skipping A*_Search_Algorithm_v1_26315_fault_locations.csv (already processed)
Skipping A*_Search_Algorithm_v2_558865_fault_locations.csv (already processed)
Skipping A*_Search_Algorithm_v3_3856519_fault_locations.csv (already processed)
Skipping A*_Search_Algorithm_v4_486149_fault_locations.csv (already processed)
Skipping A*_Search_Algorithm_v5_1070609_fault_locations.csv (already processed)
Skipping A*_Search_Algorithm_v6_225077_fault_locations.csv (already processed)
Skipping A*_Search_Algorithm_v8_210456_fault_locations.csv (already processed)
Skipping A*_Search_Algorithm_v9_877940_fault_locations.csv (already processed)
Skipping Attention_Mechanism_v7_4025265_fault_locations.csv (already processed)
Skipping AudioLM_v1_4140892_fault_locations.csv (already processed)
Skipping AudioLM_v2_602308_fault_locations.csv (already processed)
Skipping AudioLM_v4_497713_fault_locations.csv (already processed)
Skipping AudioLM_v6_232690_fault_locations.csv (already processed)
Skipping AudioLM_v7_4060532_fault_locations.csv (already processed)
Skipping AudioLM_v8_158851_fault_locations.csv (already processed)
Skipping AudioLM_v9_917537_fault_locations.csv (already processed)
Skipping Autoencoder_Dimensionality_Reduction_v10_765215_fault_locations.csv (already processed)
Skipping Autoencoder_Dimensionality_Reduction_v3_3797646_fault_locations.csv (already processed)
Skipping Autoencoder_Dimensionality_Reduction_v5_1010198_fault_locations.csv (already processed)
Skipping Autoencoder_Dimensionality_Reduction_v7_4080756_fault_locations.csv (already processed)
Skipping Autoencoder_Dimensionality_Reduction_v8_99002_fault_locations.csv (already processed)
Skipping Autoencoder_Dimensionality_Reduction_v9_874693_fault_locations.csv (already processed)
Skipping Autoencoder_v10_726924_fault_locations.csv (already processed)
Skipping Autoencoder_v5_1111970_fault_locations.csv (already processed)
Skipping Baby_Step_Giant_Step_Algorithm_v3_3923596_fault_locations.csv (already processed)
Skipping Baby_Step_Giant_Step_Algorithm_v4_421036_fault_locations.csv (already processed)
Skipping Baby_Step_Giant_Step_Algorithm_v6_265291_fault_locations.csv (already processed)
Skipping Baby_Step_Giant_Step_Algorithm_v7_3974495_fault_locations.csv (already processed)
Skipping Baby_Step_Giant_Step_Algorithm_v8_199253_fault_locations.csv (already processed)
Skipping Baby_Step_Giant_Step_Algorithm_v9_954829_fault_locations.csv (already processed)
Skipping Backtracking_Graph_Coloring_v10_765193_fault_locations.csv (already processed)
Skipping Backtracking_Graph_Coloring_v1_44342_fault_locations.csv (already processed)
Skipping Backtracking_Graph_Coloring_v2_609396_fault_locations.csv (already processed)
Skipping Backtracking_Graph_Coloring_v3_3861287_fault_locations.csv (already processed)
Skipping Backtracking_Graph_Coloring_v5_1135340_fault_locations.csv (already processed)
Skipping Backtracking_Graph_Coloring_v6_284717_fault_locations.csv (already processed)
Skipping Backtracking_Graph_Coloring_v7_4011348_fault_locations.csv (already processed)
Skipping Backtracking_Graph_Coloring_v8_182609_fault_locations.csv (already processed)
Skipping Backtracking_Graph_Coloring_v9_927021_fault_locations.csv (already processed)
Skipping Backward_Differentiation_Formula_BDF_v2_625757_fault_locations.csv (already processed)
Skipping Backward_Differentiation_Formula_BDF_v4_475594_fault_locations.csv (already processed)
Skipping Backward_Differentiation_Formula_BDF_v8_65058_fault_locations.csv (already processed)
Skipping Backward_Differentiation_Formula_v10_740751_fault_locations.csv (already processed)
Skipping Backward_Differentiation_Formula_v1_6696_fault_locations.csv (already processed)
Skipping Backward_Differentiation_Formula_v2_652829_fault_locations.csv (already processed)
Skipping Backward_Differentiation_Formula_v3_3812981_fault_locations.csv (already processed)
Skipping Backward_Differentiation_Formula_v5_988909_fault_locations.csv (already processed)
Skipping Backward_Differentiation_Formula_v6_310233_fault_locations.csv (already processed)
Skipping Backward_Differentiation_Formula_v8_95571_fault_locations.csv (already processed)
Skipping Backward_Euler_v10_759241_fault_locations.csv (already processed)
Skipping Backward_Euler_v1_45295_fault_locations.csv (already processed)
Skipping Backward_Euler_v2_595926_fault_locations.csv (already processed)
Skipping Backward_Euler_v3_3846797_fault_locations.csv (already processed)
Skipping Backward_Euler_v4_497844_fault_locations.csv (already processed)
Skipping Backward_Euler_v5_984060_fault_locations.csv (already processed)
Skipping Bagging_Classifier_v10_723434_fault_locations.csv (already processed)
Skipping Bagging_Classifier_v7_4042668_fault_locations.csv (already processed)
Skipping Bagging_v10_805286_fault_locations.csv (already processed)
Skipping Bagging_v1_4191162_fault_locations.csv (already processed)
Skipping Bagging_v3_3887245_fault_locations.csv (already processed)
Skipping Bagging_v5_1105413_fault_locations.csv (already processed)
Skipping Bagging_v6_355613_fault_locations.csv (already processed)
Skipping Bagging_v7_3996607_fault_locations.csv (already processed)
Skipping Bagging_v8_177839_fault_locations.csv (already processed)
Skipping Bagging_v9_927591_fault_locations.csv (already processed)
Skipping Baillie_PSW_Primality_Test_v4_441436_fault_locations.csv (already processed)
Skipping Baillie_PSW_Primality_Test_v5_1085191_fault_locations.csv (already processed)
Skipping Baillie_PSW_Primality_Test_v6_302191_fault_locations.csv (already processed)
Skipping Baillie_PSW_Primality_Test_v7_4037724_fault_locations.csv (already processed)
Skipping Baillie_PSW_Primality_Test_v9_873833_fault_locations.csv (already processed)
Skipping Bairstow’s_Method_v8_144560_fault_locations.csv (already processed)
Skipping Banded_Matrix_Solver_v1_12289_fault_locations.csv (already processed)
Skipping Banded_Matrix_Solver_v2_629841_fault_locations.csv (already processed)
Skipping Banded_Matrix_Solver_v4_403282_fault_locations.csv (already processed)
Skipping Banded_Matrix_Solver_v6_284121_fault_locations.csv (already processed)
Skipping Banded_Matrix_Solver_v7_4057170_fault_locations.csv (already processed)
Skipping Banded_Matrix_Solver_v8_157769_fault_locations.csv (already processed)
Skipping Banded_Matrix_Solver_v9_907703_fault_locations.csv (already processed)
Skipping Barnes_Hut_Algorithm_v1_4175123_fault_locations.csv (already processed)
Skipping Barrett_Reduction_v10_685466_fault_locations.csv (already processed)
Skipping Barrett_Reduction_v1_33560_fault_locations.csv (already processed)
Skipping Barrett_Reduction_v2_612452_fault_locations.csv (already processed)
Skipping Barrett_Reduction_v3_3811316_fault_locations.csv (already processed)
Skipping Barrett_Reduction_v4_496625_fault_locations.csv (already processed)
Skipping Barrett_Reduction_v5_978724_fault_locations.csv (already processed)
Skipping Barrett_Reduction_v6_284193_fault_locations.csv (already processed)
Skipping Barrett_Reduction_v7_4060582_fault_locations.csv (already processed)
Skipping Barrett_Reduction_v8_148213_fault_locations.csv (already processed)
Skipping Barrett_Reduction_v9_874451_fault_locations.csv (already processed)
Skipping Barycentric_Coordinate_Interpolation_v10_712593_fault_locations.csv (already processed)
Skipping Barycentric_Coordinate_Interpolation_v1_4090065_fault_locations.csv (already processed)
Skipping Barycentric_Coordinate_Interpolation_v2_541268_fault_locations.csv (already processed)
Skipping Barycentric_Coordinate_Interpolation_v3_3928956_fault_locations.csv (already processed)
Skipping Barycentric_Coordinate_Interpolation_v4_520785_fault_locations.csv (already processed)
Skipping Barycentric_Coordinate_Interpolation_v5_1058329_fault_locations.csv (already processed)
Skipping Barycentric_Coordinate_Interpolation_v7_3969141_fault_locations.csv (already processed)
Skipping Barycentric_Coordinate_Interpolation_v9_854522_fault_locations.csv (already processed)
Skipping Batch_Normalization_v10_778719_fault_locations.csv (already processed)
Skipping Batch_Normalization_v2_618095_fault_locations.csv (already processed)
Skipping Batch_Normalization_v6_316391_fault_locations.csv (already processed)
Skipping Bayesian_Gaussian_Mixture_v7_3977793_fault_locations.csv (already processed)
Skipping Bayesian_Inference_v10_677607_fault_locations.csv (already processed)
Skipping Bayesian_Inference_v1_12270_fault_locations.csv (already processed)
Skipping Bayesian_Inference_v6_241208_fault_locations.csv (already processed)
Skipping Bayesian_Inference_v8_107241_fault_locations.csv (already processed)
Skipping Bayesian_Inference_v9_894246_fault_locations.csv (already processed)
Skipping Bayesian_Linear_Regression_v1_4102798_fault_locations.csv (already processed)
Skipping Bayesian_Linear_Regression_v3_3821522_fault_locations.csv (already processed)
Skipping Bayesian_Linear_Regression_v6_326142_fault_locations.csv (already processed)
Skipping Bayesian_Linear_Regression_v7_4052452_fault_locations.csv (already processed)
Skipping Bayesian_Linear_Regression_v8_93606_fault_locations.csv (already processed)
Skipping Bayesian_Linear_Regression_v9_885118_fault_locations.csv (already processed)
Skipping Bayesian_Neural_Network_v3_3865919_fault_locations.csv (already processed)
Skipping Bayesian_Reinforcement_Learning_v10_742700_fault_locations.csv (already processed)
Skipping Bayesian_Reinforcement_Learning_v1_4173329_fault_locations.csv (already processed)
Skipping Bayesian_Reinforcement_Learning_v5_1073324_fault_locations.csv (already processed)
Skipping Bayesian_Reinforcement_Learning_v7_4080368_fault_locations.csv (already processed)
Skipping Bayesian_Reinforcement_Learning_v9_938800_fault_locations.csv (already processed)
Skipping Bayesian_Ridge_Regression_v2_547147_fault_locations.csv (already processed)
Skipping Bayesian_Ridge_Regression_v4_435516_fault_locations.csv (already processed)
Skipping Bayesian_Ridge_Regression_v7_4066316_fault_locations.csv (already processed)
Skipping Bayesian_Ridge_Regression_v9_885095_fault_locations.csv (already processed)
Skipping Belief_Propagation_v10_823397_fault_locations.csv (already processed)
Skipping Belief_Propagation_v3_3854455_fault_locations.csv (already processed)
Skipping Belief_Propagation_v4_387562_fault_locations.csv (already processed)
Skipping Belief_Propagation_v8_103933_fault_locations.csv (already processed)
Skipping Bellman_Ford_Algorithm_v10_788677_fault_locations.csv (already processed)
Skipping Bellman_Ford_Algorithm_v1_1435_fault_locations.csv (already processed)
Skipping Bellman_Ford_Algorithm_v2_622632_fault_locations.csv (already processed)
Skipping Bellman_Ford_Algorithm_v3_3869812_fault_locations.csv (already processed)
Skipping Bellman_Ford_Algorithm_v4_485843_fault_locations.csv (already processed)
Skipping Bellman_Ford_Algorithm_v5_1063320_fault_locations.csv (already processed)
Skipping Bellman_Ford_Algorithm_v7_4069062_fault_locations.csv (already processed)
Skipping Bellman_Ford_Algorithm_v8_87363_fault_locations.csv (already processed)
Skipping Bellman_Ford_Algorithm_v9_904301_fault_locations.csv (already processed)
Skipping Berlekamp_Massey_Algorithm_v10_831392_fault_locations.csv (already processed)
Skipping Berlekamp_Massey_Algorithm_v1_6599_fault_locations.csv (already processed)
Skipping Berlekamp_Massey_Algorithm_v2_603214_fault_locations.csv (already processed)
Skipping Berlekamp_Massey_Algorithm_v3_3877789_fault_locations.csv (already processed)
Skipping Berlekamp_Massey_Algorithm_v4_487544_fault_locations.csv (already processed)
Skipping Berlekamp_Massey_Algorithm_v6_218586_fault_locations.csv (already processed)
Skipping Berlekamp_Massey_Algorithm_v7_4011504_fault_locations.csv (already processed)
Skipping Berlekamp_Massey_Algorithm_v8_98322_fault_locations.csv (already processed)
Skipping Berlekamp_Massey_Algorithm_v9_864465_fault_locations.csv (already processed)
Skipping Bernoulli_Naive_Bayes_v1_4154346_fault_locations.csv (already processed)
Skipping Bernoulli_Naive_Bayes_v2_593673_fault_locations.csv (already processed)
Skipping Bernoulli_Naive_Bayes_v4_389156_fault_locations.csv (already processed)
Skipping Bernoulli_Naive_Bayes_v5_1108669_fault_locations.csv (already processed)
Skipping Bernoulli_Naive_Bayes_v6_250800_fault_locations.csv (already processed)
Skipping Bernoulli_Naive_Bayes_v7_4054914_fault_locations.csv (already processed)
Skipping Bernoulli_Naive_Bayes_v9_917584_fault_locations.csv (already processed)
Skipping BERT_v9_961278_fault_locations.csv (already processed)
Skipping Betweenness_Approximation_v10_729136_fault_locations.csv (already processed)
Skipping Betweenness_Approximation_v2_579588_fault_locations.csv (already processed)
Skipping Betweenness_Approximation_v5_1027930_fault_locations.csv (already processed)
Skipping Betweenness_Approximation_v6_354852_fault_locations.csv (already processed)
Skipping Betweenness_Approximation_v7_4019806_fault_locations.csv (already processed)
Skipping Betweenness_Approximation_v9_944789_fault_locations.csv (already processed)
Skipping Betweenness_Centrality_Computation_v10_739830_fault_locations.csv (already processed)
Skipping Betweenness_Centrality_Computation_v1_43776_fault_locations.csv (already processed)
Skipping Betweenness_Centrality_Computation_v2_635678_fault_locations.csv (already processed)
Skipping Betweenness_Centrality_Computation_v4_516616_fault_locations.csv (already processed)
Skipping Betweenness_Centrality_Computation_v6_385075_fault_locations.csv (already processed)
Skipping Betweenness_Centrality_Computation_v7_3940220_fault_locations.csv (already processed)
Skipping Betweenness_Centrality_Computation_v9_965413_fault_locations.csv (already processed)
Skipping Bezier_Curve_Evaluation_v10_776595_fault_locations.csv (already processed)
Skipping Bezier_Curve_Evaluation_v1_4113363_fault_locations.csv (already processed)
Skipping Bezier_Curve_Evaluation_v2_611596_fault_locations.csv (already processed)
Skipping Bezier_Curve_Evaluation_v3_3824315_fault_locations.csv (already processed)
Skipping Bezier_Curve_Evaluation_v4_525094_fault_locations.csv (already processed)
Skipping Bezier_Curve_Evaluation_v6_226662_fault_locations.csv (already processed)
Skipping Bezier_Curve_Evaluation_v7_4039392_fault_locations.csv (already processed)
Skipping Bezier_Curve_Evaluation_v9_906892_fault_locations.csv (already processed)
Skipping Bezier_Curve_Subdivision_v10_737912_fault_locations.csv (already processed)
Skipping Bezier_Curve_Subdivision_v1_4093368_fault_locations.csv (already processed)
Skipping Bezier_Curve_Subdivision_v2_623683_fault_locations.csv (already processed)
Skipping Bezier_Curve_Subdivision_v3_3927699_fault_locations.csv (already processed)
Skipping Bezier_Curve_Subdivision_v4_486777_fault_locations.csv (already processed)
Skipping Bezier_Curve_Subdivision_v6_364275_fault_locations.csv (already processed)
Skipping Bezier_Curve_Subdivision_v7_3987367_fault_locations.csv (already processed)
Skipping Bezier_Curve_Subdivision_v8_177947_fault_locations.csv (already processed)
Skipping Bezier_Curve_Subdivision_v9_965774_fault_locations.csv (already processed)
Skipping BFGS_Algorithm_v1_4094637_fault_locations.csv (already processed)
Skipping BFGS_Algorithm_v2_641852_fault_locations.csv (already processed)
Skipping BFGS_Algorithm_v7_4032568_fault_locations.csv (already processed)
Skipping BFGS_v3_3850353_fault_locations.csv (already processed)
Skipping BFGS_v6_304589_fault_locations.csv (already processed)
Skipping BFGS_v7_3990949_fault_locations.csv (already processed)
Skipping BFS_Tree_Construction_v10_739118_fault_locations.csv (already processed)
Skipping BFS_Tree_Construction_v1_4128083_fault_locations.csv (already processed)
Skipping BFS_Tree_Construction_v2_626977_fault_locations.csv (already processed)
Skipping BFS_Tree_Construction_v4_441168_fault_locations.csv (already processed)
Skipping BFS_Tree_Construction_v5_1080352_fault_locations.csv (already processed)
Skipping BFS_Tree_Construction_v6_220552_fault_locations.csv (already processed)
Skipping BFS_Tree_Construction_v7_4049291_fault_locations.csv (already processed)
Skipping BFS_Tree_Construction_v8_177195_fault_locations.csv (already processed)
Skipping BFS_Tree_Construction_v9_901913_fault_locations.csv (already processed)
Skipping BiCGSTAB_v3_3866806_fault_locations.csv (already processed)
Skipping BiCGSTAB_v6_234162_fault_locations.csv (already processed)
Skipping BiCG_v3_3817533_fault_locations.csv (already processed)
Skipping BiCG_v5_1029063_fault_locations.csv (already processed)
Skipping BiCG_v6_255941_fault_locations.csv (already processed)
Skipping BiCG_v8_157293_fault_locations.csv (already processed)
Skipping Biconnected_Components_v10_773604_fault_locations.csv (already processed)
Skipping Biconnected_Components_v1_4167893_fault_locations.csv (already processed)
Skipping Biconnected_Components_v2_584563_fault_locations.csv (already processed)
Skipping Biconnected_Components_v5_1069600_fault_locations.csv (already processed)
Skipping Biconnected_Components_v6_356491_fault_locations.csv (already processed)
Skipping Biconnected_Components_v7_3954557_fault_locations.csv (already processed)
Skipping Biconnected_Components_v8_60139_fault_locations.csv (already processed)
Skipping Biconnected_Components_v9_923591_fault_locations.csv (already processed)
Skipping Bidirectional_Dijkstra_v10_700049_fault_locations.csv (already processed)
Skipping Bidirectional_Dijkstra_v1_4144402_fault_locations.csv (already processed)
Skipping Bidirectional_Dijkstra_v2_603404_fault_locations.csv (already processed)
Skipping Bidirectional_Dijkstra_v4_453703_fault_locations.csv (already processed)
Skipping Bidirectional_Dijkstra_v5_1060020_fault_locations.csv (already processed)
Skipping Bidirectional_Dijkstra_v6_368409_fault_locations.csv (already processed)
Skipping Bidirectional_Dijkstra_v8_88698_fault_locations.csv (already processed)
Skipping Bidirectional_RNN_v3_3881957_fault_locations.csv (already processed)
Skipping Bidirectional_RNN_v7_3932895_fault_locations.csv (already processed)
Skipping Bidirectional_RNN_v8_186579_fault_locations.csv (already processed)
Skipping Bidirectional_Search_v10_773860_fault_locations.csv (already processed)
Skipping Bidirectional_Search_v1_4116272_fault_locations.csv (already processed)
Skipping Bidirectional_Search_v2_568715_fault_locations.csv (already processed)
Skipping Bidirectional_Search_v3_3928082_fault_locations.csv (already processed)
Skipping Bidirectional_Search_v4_490426_fault_locations.csv (already processed)
Skipping Bidirectional_Search_v5_997104_fault_locations.csv (already processed)
Skipping Bidirectional_Search_v6_271280_fault_locations.csv (already processed)
Skipping Bidirectional_Search_v8_71961_fault_locations.csv (already processed)
Skipping Bidirectional_Search_v9_975566_fault_locations.csv (already processed)
Skipping BigGAN_v2_549609_fault_locations.csv (already processed)
Skipping Binary_Exponentiation_Exponentiation_by_Squaring_v10_759721_fault_locations.csv (already processed)
Skipping Binary_Exponentiation_Exponentiation_by_Squaring_v1_4093398_fault_locations.csv (already processed)
Skipping Binary_Exponentiation_Exponentiation_by_Squaring_v2_633285_fault_locations.csv (already processed)
Skipping Binary_Exponentiation_Exponentiation_by_Squaring_v3_3827878_fault_locations.csv (already processed)
Skipping Binary_Exponentiation_Exponentiation_by_Squaring_v4_453453_fault_locations.csv (already processed)
Skipping Binary_Exponentiation_Exponentiation_by_Squaring_v5_1097553_fault_locations.csv (already processed)
Skipping Binary_Exponentiation_Exponentiation_by_Squaring_v6_272156_fault_locations.csv (already processed)
Skipping Binary_Exponentiation_Exponentiation_by_Squaring_v7_4063073_fault_locations.csv (already processed)
Skipping Binary_Exponentiation_Exponentiation_by_Squaring_v8_208051_fault_locations.csv (already processed)
Skipping Binary_Exponentiation_Exponentiation_by_Squaring_v9_859339_fault_locations.csv (already processed)
Skipping Binary_GCD_Algorithm_v10_793066_fault_locations.csv (already processed)
Skipping Binary_GCD_Algorithm_v1_4136586_fault_locations.csv (already processed)
Skipping Binary_GCD_Algorithm_v2_561527_fault_locations.csv (already processed)
Skipping Binary_GCD_Algorithm_v3_3913002_fault_locations.csv (already processed)
Skipping Binary_GCD_Algorithm_v4_446214_fault_locations.csv (already processed)
Skipping Binary_GCD_Algorithm_v6_258317_fault_locations.csv (already processed)
Skipping Binary_GCD_Algorithm_v7_3997124_fault_locations.csv (already processed)
Skipping Binary_GCD_Algorithm_v8_142875_fault_locations.csv (already processed)
Skipping Binary_GCD_Algorithm_v9_868206_fault_locations.csv (already processed)
Skipping Binary_Indexed_Tree_for_Path_Queries_v1_4188156_fault_locations.csv (already processed)
Skipping Binary_Indexed_Tree_for_Path_Queries_v2_622533_fault_locations.csv (already processed)
Skipping Binary_Indexed_Tree_for_Path_Queries_v3_3784035_fault_locations.csv (already processed)
Skipping Binary_Indexed_Tree_for_Path_Queries_v5_1085172_fault_locations.csv (already processed)
Skipping Binary_Indexed_Tree_for_Path_Queries_v6_370261_fault_locations.csv (already processed)
Skipping Binary_Indexed_Tree_for_Path_Queries_v7_4019065_fault_locations.csv (already processed)
Skipping Binary_Indexed_Tree_for_Path_Queries_v8_91947_fault_locations.csv (already processed)
Skipping Binary_Indexed_Tree_for_Path_Queries_v9_962903_fault_locations.csv (already processed)
Skipping Binary_Lifting_for_LCA_v10_680996_fault_locations.csv (already processed)
Skipping Binary_Lifting_for_LCA_v1_4098348_fault_locations.csv (already processed)
Skipping Binary_Lifting_for_LCA_v2_651721_fault_locations.csv (already processed)
Skipping Binary_Lifting_for_LCA_v3_3896469_fault_locations.csv (already processed)
Skipping Binary_Lifting_for_LCA_v5_1140155_fault_locations.csv (already processed)
Skipping Binary_Lifting_for_LCA_v7_4016488_fault_locations.csv (already processed)
Skipping Binary_Lifting_for_LCA_v8_125155_fault_locations.csv (already processed)
Skipping Binary_Lifting_for_LCA_v9_867926_fault_locations.csv (already processed)
Skipping Binary_Lifting_Path_Queries_v10_685264_fault_locations.csv (already processed)
Skipping Binary_Lifting_Path_Queries_v2_613513_fault_locations.csv (already processed)
Skipping Binary_Lifting_Path_Queries_v3_3790338_fault_locations.csv (already processed)
Skipping Binary_Lifting_Path_Queries_v4_515956_fault_locations.csv (already processed)
Skipping Binary_Lifting_Path_Queries_v6_279111_fault_locations.csv (already processed)
Skipping Binary_Lifting_Path_Queries_v7_3942669_fault_locations.csv (already processed)
Skipping Binary_Lifting_Path_Queries_v8_151831_fault_locations.csv (already processed)
Skipping Binary_Lifting_Path_Queries_v9_856076_fault_locations.csv (already processed)
Skipping Binary_Long_Division_v10_727744_fault_locations.csv (already processed)
Skipping Binary_Long_Division_v1_4176943_fault_locations.csv (already processed)
Skipping Binary_Long_Division_v2_632646_fault_locations.csv (already processed)
Skipping Binary_Long_Division_v3_3916089_fault_locations.csv (already processed)
Skipping Binary_Long_Division_v4_454503_fault_locations.csv (already processed)
Skipping Binary_Long_Division_v5_1063348_fault_locations.csv (already processed)
Skipping Binary_Long_Division_v6_211920_fault_locations.csv (already processed)
Skipping Binary_Long_Division_v7_3985733_fault_locations.csv (already processed)
Skipping Binary_Long_Division_v8_196421_fault_locations.csv (already processed)
Skipping Binary_Long_Division_v9_896553_fault_locations.csv (already processed)
Skipping Binary_Modular_Exponentiation_v10_679328_fault_locations.csv (already processed)
Skipping Binary_Modular_Exponentiation_v1_4144161_fault_locations.csv (already processed)
Skipping Binary_Modular_Exponentiation_v2_656288_fault_locations.csv (already processed)
Skipping Binary_Modular_Exponentiation_v3_3842235_fault_locations.csv (already processed)
Skipping Binary_Modular_Exponentiation_v4_387735_fault_locations.csv (already processed)
Skipping Binary_Modular_Exponentiation_v5_1043448_fault_locations.csv (already processed)
Skipping Binary_Modular_Exponentiation_v6_357222_fault_locations.csv (already processed)
Skipping Binary_Modular_Exponentiation_v7_4084717_fault_locations.csv (already processed)
Skipping Binary_Modular_Exponentiation_v8_173651_fault_locations.csv (already processed)
Skipping Binary_Modular_Exponentiation_v9_882258_fault_locations.csv (already processed)
Skipping Binary_Tree_Traversal_Inorder,_Preorder,_Postorder_v10_751568_fault_locations.csv (already processed)
Skipping Binary_Tree_Traversal_Inorder,_Preorder,_Postorder_v1_4130800_fault_locations.csv (already processed)
Skipping Binary_Tree_Traversal_Inorder,_Preorder,_Postorder_v2_672872_fault_locations.csv (already processed)
Skipping Binary_Tree_Traversal_Inorder,_Preorder,_Postorder_v3_3834445_fault_locations.csv (already processed)
Skipping Binary_Tree_Traversal_Inorder,_Preorder,_Postorder_v4_499779_fault_locations.csv (already processed)
Skipping Binary_Tree_Traversal_Inorder,_Preorder,_Postorder_v5_1106754_fault_locations.csv (already processed)
Skipping Binary_Tree_Traversal_Inorder,_Preorder,_Postorder_v6_214288_fault_locations.csv (already processed)
Skipping Binary_Tree_Traversal_Inorder,_Preorder,_Postorder_v7_4023241_fault_locations.csv (already processed)
Skipping Binary_Tree_Traversal_Inorder,_Preorder,_Postorder_v8_50575_fault_locations.csv (already processed)
Skipping Binary_Tree_Traversal_Inorder,_Preorder,_Postorder_v9_847896_fault_locations.csv (already processed)
Skipping Binet’s_Formula_v1_4173025_fault_locations.csv (already processed)
Skipping Binet’s_Formula_v2_596130_fault_locations.csv (already processed)
Skipping Binet’s_Formula_v3_3926580_fault_locations.csv (already processed)
Skipping Binet’s_Formula_v4_448063_fault_locations.csv (already processed)
Skipping Binet’s_Formula_v5_1030590_fault_locations.csv (already processed)
Skipping Binet’s_Formula_v6_239732_fault_locations.csv (already processed)
Skipping Binet’s_Formula_v7_4008541_fault_locations.csv (already processed)
Skipping Binet’s_Formula_v8_68706_fault_locations.csv (already processed)
Skipping Binet’s_Formula_v9_954402_fault_locations.csv (already processed)
Skipping Bipartite_Graph_Check_BFS_Coloring_v10_723990_fault_locations.csv (already processed)
Skipping Bipartite_Graph_Check_BFS_Coloring_v1_4173906_fault_locations.csv (already processed)
Skipping Bipartite_Graph_Check_BFS_Coloring_v2_644176_fault_locations.csv (already processed)
Skipping Bipartite_Graph_Check_BFS_Coloring_v3_3827217_fault_locations.csv (already processed)
Skipping Bipartite_Graph_Check_BFS_Coloring_v4_503659_fault_locations.csv (already processed)
Skipping Bipartite_Graph_Check_BFS_Coloring_v5_1141409_fault_locations.csv (already processed)
Skipping Bipartite_Graph_Check_BFS_Coloring_v6_257795_fault_locations.csv (already processed)
Skipping Bipartite_Graph_Check_BFS_Coloring_v7_3991334_fault_locations.csv (already processed)
Skipping Bipartite_Graph_Check_BFS_Coloring_v9_871587_fault_locations.csv (already processed)
Skipping Bisection_Method_v1_4117740_fault_locations.csv (already processed)
Skipping Bisection_Method_v2_575239_fault_locations.csv (already processed)
Skipping Bisection_Method_v3_3800429_fault_locations.csv (already processed)
Skipping Bisection_Method_v6_367158_fault_locations.csv (already processed)
Skipping Bisection_Method_v7_4041300_fault_locations.csv (already processed)
Skipping Bisection_Method_v9_911470_fault_locations.csv (already processed)
Skipping Bitwise_Sieve_of_Eratosthenes_v10_830004_fault_locations.csv (already processed)
Skipping Bitwise_Sieve_of_Eratosthenes_v1_4130332_fault_locations.csv (already processed)
Skipping Bitwise_Sieve_of_Eratosthenes_v2_622939_fault_locations.csv (already processed)
Skipping Bitwise_Sieve_of_Eratosthenes_v4_526272_fault_locations.csv (already processed)
Skipping Bitwise_Sieve_of_Eratosthenes_v5_995505_fault_locations.csv (already processed)
Skipping Bitwise_Sieve_of_Eratosthenes_v6_246180_fault_locations.csv (already processed)
Skipping Bitwise_Sieve_of_Eratosthenes_v7_4048560_fault_locations.csv (already processed)
Skipping Bitwise_Sieve_of_Eratosthenes_v8_98660_fault_locations.csv (already processed)
Skipping Blending_v2_571615_fault_locations.csv (already processed)
Skipping Blending_v3_3841235_fault_locations.csv (already processed)
Skipping Blending_v4_517383_fault_locations.csv (already processed)
Skipping Blending_v5_1033819_fault_locations.csv (already processed)
Skipping Blending_v7_3955589_fault_locations.csv (already processed)
Skipping Blending_v8_155536_fault_locations.csv (already processed)
Skipping Blending_v9_948029_fault_locations.csv (already processed)
Skipping BLIP_2_v10_751514_fault_locations.csv (already processed)
Skipping BLIP_2_v1_4129950_fault_locations.csv (already processed)
Skipping BLIP_2_v2_590242_fault_locations.csv (already processed)
Skipping BLIP_2_v3_3824875_fault_locations.csv (already processed)
Skipping BLIP_2_v4_502316_fault_locations.csv (already processed)
Skipping BLIP_2_v6_245296_fault_locations.csv (already processed)
Skipping BLIP_2_v7_4003233_fault_locations.csv (already processed)
Skipping BLIP_2_v8_129594_fault_locations.csv (already processed)
Skipping BLIP_v10_764748_fault_locations.csv (already processed)
Skipping BLIP_v2_638187_fault_locations.csv (already processed)
Skipping BLIP_v4_514191_fault_locations.csv (already processed)
Skipping BLIP_v5_1049800_fault_locations.csv (already processed)
Skipping BLIP_v6_328139_fault_locations.csv (already processed)
Skipping BLIP_v7_4061851_fault_locations.csv (already processed)
Skipping BLIP_v8_195144_fault_locations.csv (already processed)
Skipping Block_Cut_Tree_Construction_v10_777625_fault_locations.csv (already processed)
Skipping Block_Cut_Tree_Construction_v1_4103380_fault_locations.csv (already processed)
Skipping Block_Cut_Tree_Construction_v2_533688_fault_locations.csv (already processed)
Skipping Block_Cut_Tree_Construction_v3_3875808_fault_locations.csv (already processed)
Skipping Block_Cut_Tree_Construction_v5_1128690_fault_locations.csv (already processed)
Skipping Block_Cut_Tree_Construction_v6_353736_fault_locations.csv (already processed)
Skipping Block_Cut_Tree_Construction_v7_3951873_fault_locations.csv (already processed)
Skipping Block_Cut_Tree_Construction_v8_91867_fault_locations.csv (already processed)
Skipping Block_Cut_Tree_Construction_v9_898790_fault_locations.csv (already processed)
Skipping Block_Graph_Recognition_v10_743705_fault_locations.csv (already processed)
Skipping Block_Graph_Recognition_v2_593440_fault_locations.csv (already processed)
Skipping Block_Graph_Recognition_v3_3812087_fault_locations.csv (already processed)
Skipping Block_Graph_Recognition_v4_486453_fault_locations.csv (already processed)
Skipping Block_Graph_Recognition_v5_1129891_fault_locations.csv (already processed)
Skipping Block_Graph_Recognition_v7_3940682_fault_locations.csv (already processed)
Skipping Blocking_Flow_Construction_Dinic_v1_4156700_fault_locations.csv (already processed)
Skipping Blocking_Flow_Construction_Dinic_v5_1112378_fault_locations.csv (already processed)
Skipping Blocking_Flow_Construction_Dinic_v6_283182_fault_locations.csv (already processed)
Skipping Blocking_Flow_Construction_Dinic_v7_4030498_fault_locations.csv (already processed)
Skipping Blocking_Flow_Construction_Dinic_v8_78405_fault_locations.csv (already processed)
Skipping Blocking_Flow_Construction_Dinic_v9_906023_fault_locations.csv (already processed)
Skipping Block_Krylov_Solver_v10_735158_fault_locations.csv (already processed)
Skipping Block_Krylov_Solver_v2_617984_fault_locations.csv (already processed)
Skipping Block_Krylov_Solver_v3_3924542_fault_locations.csv (already processed)
Skipping Block_Krylov_Solver_v7_4028711_fault_locations.csv (already processed)
Skipping Block_LU_Factorization_v10_814961_fault_locations.csv (already processed)
Skipping Block_LU_Factorization_v1_4112340_fault_locations.csv (already processed)
Skipping Block_LU_Factorization_v2_662528_fault_locations.csv (already processed)
Skipping Block_LU_Factorization_v3_3843365_fault_locations.csv (already processed)
Skipping Block_LU_Factorization_v4_490388_fault_locations.csv (already processed)
Skipping Block_LU_Factorization_v5_1038598_fault_locations.csv (already processed)
Skipping Block_LU_Factorization_v7_3938032_fault_locations.csv (already processed)
Skipping Block_LU_Factorization_v8_157001_fault_locations.csv (already processed)
Skipping Block_Matrix_Multiplication_v10_791305_fault_locations.csv (already processed)
Skipping Block_Matrix_Multiplication_v1_4150643_fault_locations.csv (already processed)
Skipping Block_Matrix_Multiplication_v2_591677_fault_locations.csv (already processed)
Skipping Block_Matrix_Multiplication_v4_390954_fault_locations.csv (already processed)
Skipping Block_Matrix_Multiplication_v5_1117015_fault_locations.csv (already processed)
Skipping Block_Matrix_Multiplication_v6_353716_fault_locations.csv (already processed)
Skipping Block_Matrix_Multiplication_v7_4019612_fault_locations.csv (already processed)
Skipping Block_Matrix_Multiplication_v8_67242_fault_locations.csv (already processed)
Skipping Blowfish_256_v4_482898_fault_locations.csv (already processed)
Skipping Blowfish_CBC_v10_797018_fault_locations.csv (already processed)
Skipping Blowfish_CFB_v6_288592_fault_locations.csv (already processed)
Skipping Blowfish_v5_1132663_fault_locations.csv (already processed)
Skipping Blowfish_v6_319582_fault_locations.csv (already processed)
Skipping Boolean_Difference_of_Solids_v10_789141_fault_locations.csv (already processed)
Skipping Boolean_Difference_of_Solids_v2_656693_fault_locations.csv (already processed)
Skipping Boolean_Difference_of_Solids_v4_524943_fault_locations.csv (already processed)
Skipping Boolean_Difference_of_Solids_v5_1108488_fault_locations.csv (already processed)
Skipping Boolean_Difference_of_Solids_v6_356171_fault_locations.csv (already processed)
Skipping Boolean_Difference_of_Solids_v7_4019886_fault_locations.csv (already processed)
Skipping Boolean_Difference_of_Solids_v8_155964_fault_locations.csv (already processed)
Skipping Boolean_Difference_of_Solids_v9_949337_fault_locations.csv (already processed)
Skipping Boolean_Intersection_of_Solids_v10_690175_fault_locations.csv (already processed)
Skipping Boolean_Intersection_of_Solids_v1_4189772_fault_locations.csv (already processed)
Skipping Boolean_Intersection_of_Solids_v2_539202_fault_locations.csv (already processed)
Skipping Boolean_Intersection_of_Solids_v4_394059_fault_locations.csv (already processed)
Skipping Boolean_Intersection_of_Solids_v5_1128867_fault_locations.csv (already processed)
Skipping Boolean_Intersection_of_Solids_v6_298734_fault_locations.csv (already processed)
Skipping Boolean_Intersection_of_Solids_v7_4017390_fault_locations.csv (already processed)
Skipping Boolean_Intersection_of_Solids_v8_122401_fault_locations.csv (already processed)
Skipping Boolean_Intersection_of_Solids_v9_946896_fault_locations.csv (already processed)
Skipping Boolean_Operations_on_Polygons_v10_815649_fault_locations.csv (already processed)
Skipping Boolean_Operations_on_Polygons_v6_218676_fault_locations.csv (already processed)
Skipping Boolean_Operations_on_Polygons_v9_882272_fault_locations.csv (already processed)
Skipping Boolean_Union_of_Solids_v10_774389_fault_locations.csv (already processed)
Skipping Boolean_Union_of_Solids_v1_4193548_fault_locations.csv (already processed)
Skipping Boolean_Union_of_Solids_v4_399215_fault_locations.csv (already processed)
Skipping Boolean_Union_of_Solids_v7_4019739_fault_locations.csv (already processed)
Skipping Boolean_Union_of_Solids_v8_192498_fault_locations.csv (already processed)
Skipping Boole_Rule_v3_3928417_fault_locations.csv (already processed)
Skipping Boole_Rule_v4_526194_fault_locations.csv (already processed)
Skipping Boole_Rule_v5_1035725_fault_locations.csv (already processed)
Skipping Boole_Rule_v6_265230_fault_locations.csv (already processed)
Skipping Boosting_v6_291117_fault_locations.csv (already processed)
Skipping Booth’s_Multiplication_Algorithm_v10_773352_fault_locations.csv (already processed)
Skipping Booth’s_Multiplication_Algorithm_v1_4147413_fault_locations.csv (already processed)
Skipping Booth’s_Multiplication_Algorithm_v2_581611_fault_locations.csv (already processed)
Skipping Booth’s_Multiplication_Algorithm_v3_3850471_fault_locations.csv (already processed)
Skipping Booth’s_Multiplication_Algorithm_v4_480469_fault_locations.csv (already processed)
Skipping Booth’s_Multiplication_Algorithm_v5_1006571_fault_locations.csv (already processed)
Skipping Booth’s_Multiplication_Algorithm_v6_243711_fault_locations.csv (already processed)
Skipping Booth’s_Multiplication_Algorithm_v7_3946119_fault_locations.csv (already processed)
Skipping Booth’s_Multiplication_Algorithm_v8_103911_fault_locations.csv (already processed)
Skipping Booth’s_Multiplication_Algorithm_v9_934683_fault_locations.csv (already processed)
Skipping Boruvka’s_MST_Algorithm_v10_804945_fault_locations.csv (already processed)
Skipping Boruvka’s_MST_Algorithm_v2_531241_fault_locations.csv (already processed)
Skipping Boruvka’s_MST_Algorithm_v3_3831260_fault_locations.csv (already processed)
Skipping Boruvka’s_MST_Algorithm_v4_428217_fault_locations.csv (already processed)
Skipping Boruvka’s_MST_Algorithm_v5_991809_fault_locations.csv (already processed)
Skipping Boruvka’s_MST_Algorithm_v6_298655_fault_locations.csv (already processed)
Skipping Boruvka’s_MST_Algorithm_v7_3950170_fault_locations.csv (already processed)
Skipping Boruvka’s_MST_Algorithm_v8_75997_fault_locations.csv (already processed)
Skipping Boundary_Element_Method_v3_3808315_fault_locations.csv (already processed)
Skipping Boundary_Element_Method_v6_321805_fault_locations.csv (already processed)
Skipping Boundary_Extraction_v10_718521_fault_locations.csv (already processed)
Skipping Boundary_Extraction_v1_4139745_fault_locations.csv (already processed)
Skipping Boundary_Extraction_v2_596585_fault_locations.csv (already processed)
Skipping Boundary_Extraction_v3_3828271_fault_locations.csv (already processed)
Skipping Boundary_Extraction_v4_518831_fault_locations.csv (already processed)
Skipping Boundary_Extraction_v5_1045768_fault_locations.csv (already processed)
Skipping Boundary_Extraction_v6_272358_fault_locations.csv (already processed)
Skipping Boundary_Extraction_v7_3961952_fault_locations.csv (already processed)
Skipping Boundary_Extraction_v8_68022_fault_locations.csv (already processed)
Skipping Boundary_Extraction_v9_910906_fault_locations.csv (already processed)
Skipping Bounding_Box_Axis_Aligned_v10_822806_fault_locations.csv (already processed)
Skipping Bounding_Box_Axis_Aligned_v1_4094449_fault_locations.csv (already processed)
Skipping Bounding_Box_Axis_Aligned_v2_572804_fault_locations.csv (already processed)
Skipping Bounding_Box_Axis_Aligned_v3_3899873_fault_locations.csv (already processed)
Skipping Bounding_Box_Axis_Aligned_v4_397687_fault_locations.csv (already processed)
Skipping Bounding_Box_Axis_Aligned_v5_1071006_fault_locations.csv (already processed)
Skipping Bounding_Box_Axis_Aligned_v6_345099_fault_locations.csv (already processed)
Skipping Bounding_Box_Axis_Aligned_v9_871698_fault_locations.csv (already processed)
Skipping Bounding_Box_Oriented_v10_718805_fault_locations.csv (already processed)
Skipping Bounding_Box_Oriented_v6_343681_fault_locations.csv (already processed)
Skipping Branch_and_Bound_v10_690200_fault_locations.csv (already processed)
Skipping Branch_and_Bound_v1_34771_fault_locations.csv (already processed)
Skipping Branch_and_Bound_v2_634254_fault_locations.csv (already processed)
Skipping Branch_and_Bound_v5_1014940_fault_locations.csv (already processed)
Skipping Branch_and_Bound_v6_312380_fault_locations.csv (already processed)
Skipping Branch_and_Bound_v9_832331_fault_locations.csv (already processed)
Skipping Branch_and_Cut_v10_772862_fault_locations.csv (already processed)
Skipping Branch_and_Cut_v2_648874_fault_locations.csv (already processed)
Skipping Branch_and_Cut_v4_518221_fault_locations.csv (already processed)
Skipping Branch_and_Price_v7_4069486_fault_locations.csv (already processed)
Skipping Branch_and_Price_v8_139543_fault_locations.csv (already processed)
Skipping Breadth_First_Search_BFS_v10_729346_fault_locations.csv (already processed)
Skipping Breadth_First_Search_BFS_v1_4170156_fault_locations.csv (already processed)
Skipping Breadth_First_Search_BFS_v2_669317_fault_locations.csv (already processed)
Skipping Breadth_First_Search_BFS_v3_3875975_fault_locations.csv (already processed)
Skipping Breadth_First_Search_BFS_v4_453266_fault_locations.csv (already processed)
Skipping Breadth_First_Search_BFS_v5_1102660_fault_locations.csv (already processed)
Skipping Breadth_First_Search_BFS_v7_4035403_fault_locations.csv (already processed)
Skipping Breadth_First_Search_BFS_v8_173307_fault_locations.csv (already processed)
Skipping Breadth_First_Search_BFS_v9_855209_fault_locations.csv (already processed)
Skipping Brent’s_Method_for_Factorization_v2_663539_fault_locations.csv (already processed)
Skipping Brent’s_Method_for_Factorization_v4_455697_fault_locations.csv (already processed)
Skipping Brent’s_Method_for_Factorization_v5_1135630_fault_locations.csv (already processed)
Skipping Brent’s_Method_for_Factorization_v6_234091_fault_locations.csv (already processed)
Skipping Brent’s_Method_for_Factorization_v7_4063225_fault_locations.csv (already processed)
Skipping Brent’s_Method_v10_708720_fault_locations.csv (already processed)
Skipping Brent’s_Method_v1_4121461_fault_locations.csv (already processed)
Skipping Brent’s_Method_v2_632077_fault_locations.csv (already processed)
Skipping Brent’s_Method_v5_1064081_fault_locations.csv (already processed)
Skipping Brent’s_Method_v6_258840_fault_locations.csv (already processed)
Skipping Brent’s_Method_v9_902655_fault_locations.csv (already processed)
Skipping Bridge_Connectivity_Components_v10_695897_fault_locations.csv (already processed)
Skipping Bridge_Connectivity_Components_v1_4176273_fault_locations.csv (already processed)
Skipping Bridge_Connectivity_Components_v2_595442_fault_locations.csv (already processed)
Skipping Bridge_Connectivity_Components_v3_3888907_fault_locations.csv (already processed)
Skipping Bridge_Connectivity_Components_v4_472235_fault_locations.csv (already processed)
Skipping Bridge_Connectivity_Components_v6_217105_fault_locations.csv (already processed)
Skipping Bridge_Connectivity_Components_v7_3952511_fault_locations.csv (already processed)
Skipping Bridge_Finding_in_Dynamic_Graphs_v10_790247_fault_locations.csv (already processed)
Skipping Bridge_Finding_in_Dynamic_Graphs_v1_4154460_fault_locations.csv (already processed)
Skipping Bridge_Finding_in_Dynamic_Graphs_v2_531458_fault_locations.csv (already processed)
Skipping Bridge_Finding_in_Dynamic_Graphs_v3_3863653_fault_locations.csv (already processed)
Skipping Bridge_Finding_in_Dynamic_Graphs_v4_508535_fault_locations.csv (already processed)
Skipping Bridge_Finding_in_Dynamic_Graphs_v5_990600_fault_locations.csv (already processed)
Skipping Bridge_Finding_in_Dynamic_Graphs_v6_320282_fault_locations.csv (already processed)
Skipping Bridge_Finding_in_Dynamic_Graphs_v7_4063172_fault_locations.csv (already processed)
Skipping Bridge_Finding_in_Dynamic_Graphs_v8_127249_fault_locations.csv (already processed)
Skipping Bridge_Finding_in_Dynamic_Graphs_v9_965340_fault_locations.csv (already processed)
Skipping Bridges_in_Graph_Tarjan’s_Algorithm_v10_798295_fault_locations.csv (already processed)
Skipping Bridges_in_Graph_Tarjan’s_Algorithm_v1_4191289_fault_locations.csv (already processed)
Skipping Bridges_in_Graph_Tarjan’s_Algorithm_v2_653376_fault_locations.csv (already processed)
Skipping Bridges_in_Graph_Tarjan’s_Algorithm_v3_3851595_fault_locations.csv (already processed)
Skipping Bridges_in_Graph_Tarjan’s_Algorithm_v5_988599_fault_locations.csv (already processed)
Skipping Bridges_in_Graph_Tarjan’s_Algorithm_v6_214758_fault_locations.csv (already processed)
Skipping Bridges_in_Graph_Tarjan’s_Algorithm_v9_835821_fault_locations.csv (already processed)
Skipping Bridge_Tree_Construction_v10_790192_fault_locations.csv (already processed)
Skipping Bridge_Tree_Construction_v1_4154410_fault_locations.csv (already processed)
Skipping Bridge_Tree_Construction_v2_666525_fault_locations.csv (already processed)
Skipping Bridge_Tree_Construction_v3_3785153_fault_locations.csv (already processed)
Skipping Bridge_Tree_Construction_v4_471797_fault_locations.csv (already processed)
Skipping Bridge_Tree_Construction_v5_1028934_fault_locations.csv (already processed)
Skipping Bridge_Tree_Construction_v7_4065383_fault_locations.csv (already processed)
Skipping Bridge_Tree_Construction_v8_118861_fault_locations.csv (already processed)
Skipping Bridge_Tree_Construction_v9_857006_fault_locations.csv (already processed)
Skipping Brownian_Dynamics_v4_424005_fault_locations.csv (already processed)
Skipping B_Spline_Curve_Evaluation_v2_545913_fault_locations.csv (already processed)
Skipping B_Spline_Curve_Evaluation_v6_378148_fault_locations.csv (already processed)
Skipping B_Spline_Curve_Evaluation_v7_4044458_fault_locations.csv (already processed)
Skipping B_Spline_Curve_Evaluation_v9_902984_fault_locations.csv (already processed)
Skipping BSP_Tree_Construction_v2_530173_fault_locations.csv (already processed)
Skipping BSP_Tree_Construction_v4_432425_fault_locations.csv (already processed)
Skipping BSP_Tree_Construction_v6_380023_fault_locations.csv (already processed)
Skipping BSP_Tree_Construction_v7_3991231_fault_locations.csv (already processed)
Skipping Butterworth_Filter_v10_725691_fault_locations.csv (already processed)
Skipping Butterworth_Filter_v1_12049_fault_locations.csv (already processed)
Skipping Butterworth_Filter_v2_528970_fault_locations.csv (already processed)
Skipping Butterworth_Filter_v3_3858492_fault_locations.csv (already processed)
Skipping Butterworth_Filter_v5_983160_fault_locations.csv (already processed)
Skipping Butterworth_Filter_v6_226018_fault_locations.csv (already processed)
Skipping Butterworth_Filter_v8_70927_fault_locations.csv (already processed)
Skipping Butterworth_Filter_v9_859461_fault_locations.csv (already processed)
Skipping BYOL_Bootstrap_Your_Own_Latent_v1_25914_fault_locations.csv (already processed)
Skipping BYOL_Bootstrap_Your_Own_Latent_v4_389937_fault_locations.csv (already processed)
Skipping BYOL_Bootstrap_Your_Own_Latent_v6_213211_fault_locations.csv (already processed)
Skipping BYOL_Bootstrap_Your_Own_Latent_v9_965972_fault_locations.csv (already processed)
Skipping Cactus_Graph_Recognition_v10_793028_fault_locations.csv (already processed)
Skipping Cactus_Graph_Recognition_v1_4113473_fault_locations.csv (already processed)
Skipping Cactus_Graph_Recognition_v2_546266_fault_locations.csv (already processed)
Skipping Cactus_Graph_Recognition_v3_3866554_fault_locations.csv (already processed)
Skipping Cactus_Graph_Recognition_v4_526197_fault_locations.csv (already processed)
Skipping Cactus_Graph_Recognition_v5_979596_fault_locations.csv (already processed)
Skipping Cactus_Graph_Recognition_v6_320607_fault_locations.csv (already processed)
Skipping Cactus_Graph_Recognition_v7_4019764_fault_locations.csv (already processed)
Skipping Cactus_Graph_Recognition_v9_914990_fault_locations.csv (already processed)
Skipping Camellia_128_CBC_v10_718670_fault_locations.csv (already processed)
Skipping Camellia_128_CBC_v3_3838872_fault_locations.csv (already processed)
Skipping Camellia_128_CBC_v4_455629_fault_locations.csv (already processed)
Skipping Camellia_128_CBC_v6_231283_fault_locations.csv (already processed)
Skipping Camellia_128_ECB_v3_3843145_fault_locations.csv (already processed)
Skipping Camellia_128_ECB_v4_420047_fault_locations.csv (already processed)
Skipping Camellia_128_GCM_v10_694854_fault_locations.csv (already processed)
Skipping Camellia_128_GCM_v3_3848779_fault_locations.csv (already processed)
Skipping Camellia_128_GCM_v5_1114730_fault_locations.csv (already processed)
Skipping Camellia_128_GCM_v6_317015_fault_locations.csv (already processed)
Skipping Camellia_128_v4_527211_fault_locations.csv (already processed)
Skipping Camellia_128_v5_989322_fault_locations.csv (already processed)
Skipping Camellia_128_v6_281987_fault_locations.csv (already processed)
Skipping Camellia_128_v8_54258_fault_locations.csv (already processed)
Skipping Camellia_128_XTS_v10_798470_fault_locations.csv (already processed)
Skipping Camellia_128_XTS_v2_669236_fault_locations.csv (already processed)
Skipping Camellia_128_XTS_v3_3847283_fault_locations.csv (already processed)
Skipping Camellia_128_XTS_v4_415335_fault_locations.csv (already processed)
Skipping Camellia_128_XTS_v6_282059_fault_locations.csv (already processed)
Skipping Camellia_128_XTS_v9_954174_fault_locations.csv (already processed)
Skipping Camellia_192_v10_750561_fault_locations.csv (already processed)
Skipping Camellia_192_v5_982787_fault_locations.csv (already processed)
Skipping Camellia_192_v6_328916_fault_locations.csv (already processed)
Skipping Camellia_192_v7_4079765_fault_locations.csv (already processed)
Skipping Camellia_192_v8_103434_fault_locations.csv (already processed)
Skipping Camellia_256_GCM_v2_561461_fault_locations.csv (already processed)
Skipping Camellia_256_GCM_v3_3915326_fault_locations.csv (already processed)
Skipping Camellia_256_v10_788637_fault_locations.csv (already processed)
Skipping Camellia_256_v2_558086_fault_locations.csv (already processed)
Skipping Camellia_256_v5_1070631_fault_locations.csv (already processed)
Skipping Camellia_256_v6_249659_fault_locations.csv (already processed)
Skipping Camellia_256_v8_91539_fault_locations.csv (already processed)
Skipping Camellia_256_v9_848871_fault_locations.csv (already processed)
Skipping Camellia_256_XTS_v10_748938_fault_locations.csv (already processed)
Skipping Camellia_256_XTS_v1_4100910_fault_locations.csv (already processed)
Skipping Camellia_256_XTS_v2_655246_fault_locations.csv (already processed)
Skipping Camellia_256_XTS_v4_431739_fault_locations.csv (already processed)
Skipping Camellia_256_XTS_v6_214389_fault_locations.csv (already processed)
Skipping Camellia_256_XTS_v7_3934585_fault_locations.csv (already processed)
Skipping Camellia_256_XTS_v9_833715_fault_locations.csv (already processed)
Skipping Camellia_CBC_v10_804908_fault_locations.csv (already processed)
Skipping Camellia_CBC_v4_402367_fault_locations.csv (already processed)
Skipping Camellia_CBC_v5_1049756_fault_locations.csv (already processed)
Skipping Camellia_CBC_v7_3932539_fault_locations.csv (already processed)
Skipping Camellia_CFB_v3_3873554_fault_locations.csv (already processed)
Skipping Camellia_CFB_v4_501775_fault_locations.csv (already processed)
Skipping Camellia_CFB_v6_227226_fault_locations.csv (already processed)
Skipping Camellia_CFB_v7_4060033_fault_locations.csv (already processed)
Skipping Camellia_ECB_v4_402323_fault_locations.csv (already processed)
Skipping Camellia_ECB_v6_364050_fault_locations.csv (already processed)
Skipping Camellia_GCM_128_v6_312621_fault_locations.csv (already processed)
Skipping Camellia_GCM_128_v8_128358_fault_locations.csv (already processed)
Skipping Camellia_GCM_256_v10_722034_fault_locations.csv (already processed)
Skipping Camellia_GCM_256_v1_4140033_fault_locations.csv (already processed)
Skipping Camellia_GCM_256_v4_454920_fault_locations.csv (already processed)
Skipping Camellia_GCM_256_v6_214797_fault_locations.csv (already processed)
Skipping Camellia_OFB_v10_772835_fault_locations.csv (already processed)
Skipping Camellia_OFB_v1_33614_fault_locations.csv (already processed)
Skipping Camellia_OFB_v2_596508_fault_locations.csv (already processed)
Skipping Camellia_OFB_v4_460940_fault_locations.csv (already processed)
Skipping Camellia_OFB_v5_1128212_fault_locations.csv (already processed)
Skipping Camellia_OFB_v6_231847_fault_locations.csv (already processed)
Skipping Camellia_OFB_v7_3934964_fault_locations.csv (already processed)
Skipping Camellia_OFB_v9_958115_fault_locations.csv (already processed)
Skipping Camera_Projection_Matrix_v10_715820_fault_locations.csv (already processed)
Skipping Camera_Projection_Matrix_v1_16066_fault_locations.csv (already processed)
Skipping Camera_Projection_Matrix_v2_625481_fault_locations.csv (already processed)
Skipping Camera_Projection_Matrix_v3_3800997_fault_locations.csv (already processed)
Skipping Camera_Projection_Matrix_v4_392402_fault_locations.csv (already processed)
Skipping Camera_Projection_Matrix_v5_1066748_fault_locations.csv (already processed)
Skipping Camera_Projection_Matrix_v9_911156_fault_locations.csv (already processed)
Skipping Cannon_Matrix_Multiplication_v10_716762_fault_locations.csv (already processed)
Skipping Cannon_Matrix_Multiplication_v1_4149156_fault_locations.csv (already processed)
Skipping Cannon_Matrix_Multiplication_v2_634241_fault_locations.csv (already processed)
Skipping Cannon_Matrix_Multiplication_v3_3871448_fault_locations.csv (already processed)
Skipping Cannon_Matrix_Multiplication_v5_995417_fault_locations.csv (already processed)
Skipping Cannon_Matrix_Multiplication_v7_4068165_fault_locations.csv (already processed)
Skipping Cannon_Matrix_Multiplication_v8_204232_fault_locations.csv (already processed)
Skipping Cannon_Matrix_Multiplication_v9_854565_fault_locations.csv (already processed)
Skipping Capacity_Scaling_Maximum_Flow_v10_739521_fault_locations.csv (already processed)
Skipping Capacity_Scaling_Maximum_Flow_v1_4146393_fault_locations.csv (already processed)
Skipping Capacity_Scaling_Maximum_Flow_v2_630564_fault_locations.csv (already processed)
Skipping Capacity_Scaling_Maximum_Flow_v3_3794653_fault_locations.csv (already processed)
Skipping Capacity_Scaling_Maximum_Flow_v4_516386_fault_locations.csv (already processed)
Skipping Capacity_Scaling_Maximum_Flow_v6_342141_fault_locations.csv (already processed)
Skipping Capacity_Scaling_Maximum_Flow_v7_3989343_fault_locations.csv (already processed)
Skipping Capacity_Scaling_Maximum_Flow_v8_202935_fault_locations.csv (already processed)
Skipping Capacity_Scaling_Maximum_Flow_v9_854152_fault_locations.csv (already processed)
Skipping Capsule_Network_v3_3879175_fault_locations.csv (already processed)
Skipping Capsule_Network_v9_952475_fault_locations.csv (already processed)
Skipping Carmichael_Function_v10_772232_fault_locations.csv (already processed)
Skipping Carmichael_Function_v1_10165_fault_locations.csv (already processed)
Skipping Carmichael_Function_v2_622765_fault_locations.csv (already processed)
Skipping Carmichael_Function_v3_3846777_fault_locations.csv (already processed)
Skipping Carmichael_Function_v4_392059_fault_locations.csv (already processed)
Skipping Carmichael_Function_v5_989763_fault_locations.csv (already processed)
Skipping Carmichael_Function_v6_373950_fault_locations.csv (already processed)
Skipping Carmichael_Function_v7_4020572_fault_locations.csv (already processed)
Skipping Carmichael_Function_v8_98861_fault_locations.csv (already processed)
Skipping Carmichael_Function_v9_935404_fault_locations.csv (already processed)
Skipping Cartesian_Tree_Construction_v1_45926_fault_locations.csv (already processed)
Skipping Cartesian_Tree_Construction_v3_3818724_fault_locations.csv (already processed)
Skipping Cartesian_Tree_Construction_v4_407066_fault_locations.csv (already processed)
Skipping Cartesian_Tree_Construction_v5_1075883_fault_locations.csv (already processed)
Skipping Cartesian_Tree_Construction_v6_264602_fault_locations.csv (already processed)
Skipping Cartesian_Tree_Construction_v8_157253_fault_locations.csv (already processed)
Skipping CAST_128_128_v3_3923448_fault_locations.csv (already processed)
Skipping CAST_128_128_v4_508500_fault_locations.csv (already processed)
Skipping CAST_128_v5_1130560_fault_locations.csv (already processed)
Skipping CAST_256_128_v5_1053125_fault_locations.csv (already processed)
Skipping CAST_256_256_v1_46046_fault_locations.csv (already processed)
Skipping CAST_256_256_v4_470264_fault_locations.csv (already processed)
Skipping CAST_256_256_v7_3960740_fault_locations.csv (already processed)
Skipping CAST_256_256_v9_895060_fault_locations.csv (already processed)
Skipping CAST_256_v4_424642_fault_locations.csv (already processed)
Skipping CAST_256_v5_1139830_fault_locations.csv (already processed)
Skipping CAST_256_v9_833213_fault_locations.csv (already processed)
Skipping CAST_CBC_v1_38464_fault_locations.csv (already processed)
Skipping CAST_CBC_v3_3811445_fault_locations.csv (already processed)
Skipping CAST_CBC_v4_470862_fault_locations.csv (already processed)
Skipping CAST_CBC_v5_1032789_fault_locations.csv (already processed)
Skipping CAST_CBC_v6_343588_fault_locations.csv (already processed)
Skipping CAST_ECB_v10_745626_fault_locations.csv (already processed)
Skipping CAST_ECB_v1_4145032_fault_locations.csv (already processed)
Skipping CAST_ECB_v4_519611_fault_locations.csv (already processed)
Skipping CAST_ECB_v5_1129805_fault_locations.csv (already processed)
Skipping CAST_ECB_v9_860357_fault_locations.csv (already processed)
Skipping CatBoost_Regressor_v1_1659_fault_locations.csv (already processed)
Skipping CatBoost_Regressor_v2_561653_fault_locations.csv (already processed)
Skipping CatBoost_Regressor_v5_1131783_fault_locations.csv (already processed)
Skipping CatBoost_Regressor_v6_272965_fault_locations.csv (already processed)
Skipping CatBoost_Regressor_v8_86425_fault_locations.csv (already processed)
Skipping CatBoost_Regressor_v9_963393_fault_locations.csv (already processed)
Skipping CatBoost_v10_771473_fault_locations.csv (already processed)
Skipping CatBoost_v4_438161_fault_locations.csv (already processed)
Skipping CatBoost_v9_949787_fault_locations.csv (already processed)
Skipping Catmull_Rom_Splines_v10_797083_fault_locations.csv (already processed)
Skipping Catmull_Rom_Splines_v1_4129556_fault_locations.csv (already processed)
Skipping Catmull_Rom_Splines_v2_565263_fault_locations.csv (already processed)
Skipping Catmull_Rom_Splines_v4_446639_fault_locations.csv (already processed)
Skipping Catmull_Rom_Splines_v6_278437_fault_locations.csv (already processed)
Skipping Catmull_Rom_Splines_v8_55912_fault_locations.csv (already processed)
Skipping Catmull_Rom_Splines_v9_856922_fault_locations.csv (already processed)
Skipping CBOW_Model_v6_339638_fault_locations.csv (already processed)
Skipping Ceiling_Function_Algorithm_v10_784087_fault_locations.csv (already processed)
Skipping Ceiling_Function_Algorithm_v1_4114008_fault_locations.csv (already processed)
Skipping Ceiling_Function_Algorithm_v2_632573_fault_locations.csv (already processed)
Skipping Ceiling_Function_Algorithm_v3_3847687_fault_locations.csv (already processed)
Skipping Ceiling_Function_Algorithm_v5_992057_fault_locations.csv (already processed)
Skipping Ceiling_Function_Algorithm_v7_3977274_fault_locations.csv (already processed)
Skipping Ceiling_Function_Algorithm_v8_60609_fault_locations.csv (already processed)
Skipping Ceiling_Function_Algorithm_v9_908544_fault_locations.csv (already processed)
Skipping CenterNet_v1_4124590_fault_locations.csv (already processed)
Skipping CenterNet_v7_4052136_fault_locations.csv (already processed)
Skipping CenterNet_v8_155665_fault_locations.csv (already processed)
Skipping Central_Difference_Method_v2_622954_fault_locations.csv (already processed)
Skipping Central_Difference_Method_v4_410700_fault_locations.csv (already processed)
Skipping Central_Difference_Method_v7_3977233_fault_locations.csv (already processed)
Skipping Central_Difference_Method_v8_109137_fault_locations.csv (already processed)
Skipping Centroid_Decomposition_v1_44599_fault_locations.csv (already processed)
Skipping Centroid_Decomposition_v2_634755_fault_locations.csv (already processed)
Skipping Centroid_Decomposition_v3_3831180_fault_locations.csv (already processed)
Skipping Centroid_Decomposition_v4_438212_fault_locations.csv (already processed)
Skipping Centroid_Decomposition_v5_1131474_fault_locations.csv (already processed)
Skipping Centroid_Decomposition_v6_297378_fault_locations.csv (already processed)
Skipping Centroid_Decomposition_v7_4059868_fault_locations.csv (already processed)
Skipping Centroid_Decomposition_v9_952425_fault_locations.csv (already processed)
Skipping Centroid_of_Polygon_v10_791567_fault_locations.csv (already processed)
Skipping Centroid_of_Polygon_v2_624333_fault_locations.csv (already processed)
Skipping Centroid_of_Polygon_v3_3892822_fault_locations.csv (already processed)
Skipping Centroid_of_Polygon_v5_986759_fault_locations.csv (already processed)
Skipping Centroid_of_Polygon_v6_259110_fault_locations.csv (already processed)
Skipping Centroid_of_Polygon_v7_4026446_fault_locations.csv (already processed)
Skipping Centroid_of_Polygon_v9_878895_fault_locations.csv (already processed)
Skipping Centroid_Path_Decomposition_v10_678493_fault_locations.csv (already processed)
Skipping Centroid_Path_Decomposition_v1_33083_fault_locations.csv (already processed)
Skipping Centroid_Path_Decomposition_v2_628071_fault_locations.csv (already processed)
Skipping Centroid_Path_Decomposition_v3_3827801_fault_locations.csv (already processed)
Skipping Centroid_Path_Decomposition_v4_527242_fault_locations.csv (already processed)
Skipping Centroid_Path_Decomposition_v5_1049668_fault_locations.csv (already processed)
Skipping Centroid_Path_Decomposition_v7_4050934_fault_locations.csv (already processed)
Skipping Centroid_Path_Decomposition_v8_193994_fault_locations.csv (already processed)
Skipping Centroid_Path_Decomposition_v9_870552_fault_locations.csv (already processed)
Skipping ChaCha12_v10_777671_fault_locations.csv (already processed)
Skipping ChaCha12_v2_628752_fault_locations.csv (already processed)
Skipping ChaCha12_v4_448085_fault_locations.csv (already processed)
Skipping ChaCha12_v5_987265_fault_locations.csv (already processed)
Skipping ChaCha12_v6_224496_fault_locations.csv (already processed)
Skipping ChaCha12_v7_4086016_fault_locations.csv (already processed)
Skipping ChaCha12_v8_105677_fault_locations.csv (already processed)
Skipping ChaCha12_v9_976730_fault_locations.csv (already processed)
Skipping ChaCha20_CFB_v10_716948_fault_locations.csv (already processed)
Skipping ChaCha20_CFB_v1_12198_fault_locations.csv (already processed)
Skipping ChaCha20_CFB_v3_3796142_fault_locations.csv (already processed)
Skipping ChaCha20_CFB_v4_437207_fault_locations.csv (already processed)
Skipping ChaCha20_CFB_v5_1014066_fault_locations.csv (already processed)
Skipping ChaCha20_CFB_v6_374491_fault_locations.csv (already processed)
Skipping ChaCha20_CFB_v7_3951408_fault_locations.csv (already processed)
Skipping ChaCha20_CFB_v8_197693_fault_locations.csv (already processed)
Skipping ChaCha20_CFB_v9_938582_fault_locations.csv (already processed)
Skipping ChaCha20_GCM_v10_677248_fault_locations.csv (already processed)
Skipping ChaCha20_GCM_v2_640318_fault_locations.csv (already processed)
Skipping ChaCha20_GCM_v3_3924463_fault_locations.csv (already processed)
Skipping ChaCha20_GCM_v4_400532_fault_locations.csv (already processed)
Skipping ChaCha20_GCM_v5_982763_fault_locations.csv (already processed)
Skipping ChaCha20_GCM_v6_267279_fault_locations.csv (already processed)
Skipping ChaCha20_GCM_v7_3939111_fault_locations.csv (already processed)
Skipping ChaCha20_GCM_v8_156877_fault_locations.csv (already processed)
Skipping ChaCha20_GCM_v9_946540_fault_locations.csv (already processed)
Skipping ChaCha20_OFB_v10_822862_fault_locations.csv (already processed)
Skipping ChaCha20_OFB_v1_22379_fault_locations.csv (already processed)
Skipping ChaCha20_OFB_v3_3806305_fault_locations.csv (already processed)
Skipping ChaCha20_OFB_v4_445695_fault_locations.csv (already processed)
Skipping ChaCha20_OFB_v5_1140629_fault_locations.csv (already processed)
Skipping ChaCha20_OFB_v6_349862_fault_locations.csv (already processed)
Skipping ChaCha20_OFB_v7_3993371_fault_locations.csv (already processed)
Skipping ChaCha20_OFB_v8_154337_fault_locations.csv (already processed)
Skipping ChaCha20_OFB_v9_856767_fault_locations.csv (already processed)
Skipping ChaCha20_Poly1305_IETF_v10_828377_fault_locations.csv (already processed)
Skipping ChaCha20_Poly1305_IETF_v1_34233_fault_locations.csv (already processed)
Skipping ChaCha20_Poly1305_IETF_v2_650205_fault_locations.csv (already processed)
Skipping ChaCha20_Poly1305_IETF_v3_3787116_fault_locations.csv (already processed)
Skipping ChaCha20_Poly1305_IETF_v4_452728_fault_locations.csv (already processed)
Skipping ChaCha20_Poly1305_IETF_v5_997808_fault_locations.csv (already processed)
Skipping ChaCha20_Poly1305_IETF_v6_214365_fault_locations.csv (already processed)
Skipping ChaCha20_Poly1305_IETF_v7_4080489_fault_locations.csv (already processed)
Skipping ChaCha20_Poly1305_IETF_v8_143422_fault_locations.csv (already processed)
Skipping ChaCha20_Poly1305_IETF_v9_899771_fault_locations.csv (already processed)
Skipping ChaCha20_Poly1305_v1_4113228_fault_locations.csv (already processed)
Skipping ChaCha20_Poly1305_v2_612082_fault_locations.csv (already processed)
Skipping ChaCha20_Poly1305_v5_1138813_fault_locations.csv (already processed)
Skipping ChaCha20_Poly1305_v6_368951_fault_locations.csv (already processed)
Skipping ChaCha20_Poly1305_v9_861345_fault_locations.csv (already processed)
Skipping ChaCha20_v10_693373_fault_locations.csv (already processed)
Skipping ChaCha20_v1_4186816_fault_locations.csv (already processed)
Skipping ChaCha20_v2_640362_fault_locations.csv (already processed)
Skipping ChaCha20_v3_3928493_fault_locations.csv (already processed)
Skipping ChaCha20_v4_493370_fault_locations.csv (already processed)
Skipping ChaCha20_v5_1094450_fault_locations.csv (already processed)
Skipping ChaCha20_v6_233257_fault_locations.csv (already processed)
Skipping ChaCha20_v7_4078792_fault_locations.csv (already processed)
Skipping ChaCha20_v8_75507_fault_locations.csv (already processed)
Skipping ChaCha20_v9_921590_fault_locations.csv (already processed)
Skipping ChaCha20_XChaCha20_v2_629129_fault_locations.csv (already processed)
Skipping ChaCha20_XChaCha20_v4_516418_fault_locations.csv (already processed)
Skipping ChaCha20_XChaCha20_v5_1010199_fault_locations.csv (already processed)
Skipping ChaCha20_XChaCha20_v6_231951_fault_locations.csv (already processed)
Skipping ChaCha20_XChaCha20_v7_4063763_fault_locations.csv (already processed)
Skipping ChaCha20_XChaCha20_v8_147723_fault_locations.csv (already processed)
Skipping ChaCha20_XChaCha20_v9_946605_fault_locations.csv (already processed)
Skipping ChaCha8_v10_776290_fault_locations.csv (already processed)
Skipping ChaCha8_v1_4164488_fault_locations.csv (already processed)
Skipping ChaCha8_v2_670493_fault_locations.csv (already processed)
Skipping ChaCha8_v3_3920833_fault_locations.csv (already processed)
Skipping ChaCha8_v4_486303_fault_locations.csv (already processed)
Skipping ChaCha8_v5_1130629_fault_locations.csv (already processed)
Skipping ChaCha8_v6_373508_fault_locations.csv (already processed)
Skipping ChaCha8_v7_4038100_fault_locations.csv (already processed)
Skipping ChaCha8_v8_91979_fault_locations.csv (already processed)
Skipping ChaCha8_v9_881003_fault_locations.csv (already processed)
Skipping Chain_of_Thought_Reasoning_v1_4087750_fault_locations.csv (already processed)
Skipping Chain_of_Thought_Reasoning_v3_3843986_fault_locations.csv (already processed)
Skipping Chain_of_Thought_Reasoning_v4_499290_fault_locations.csv (already processed)
Skipping Chain_of_Thought_Reasoning_v5_1133614_fault_locations.csv (already processed)
Skipping Chain_of_Thought_Reasoning_v6_242330_fault_locations.csv (already processed)
Skipping Chain_of_Thought_Reasoning_v8_208792_fault_locations.csv (already processed)
Skipping CHAM_128_128_v10_812743_fault_locations.csv (already processed)
Skipping CHAM_128_128_v1_2904_fault_locations.csv (already processed)
Skipping CHAM_128_128_v3_3883179_fault_locations.csv (already processed)
Skipping CHAM_128_128_v4_419542_fault_locations.csv (already processed)
Skipping CHAM_128_128_v5_981910_fault_locations.csv (already processed)
Skipping CHAM_128_128_v6_298585_fault_locations.csv (already processed)
Skipping CHAM_128_128_v7_3932994_fault_locations.csv (already processed)
Skipping CHAM_128_128_v9_952377_fault_locations.csv (already processed)
Skipping CHAM_128_256_v10_754767_fault_locations.csv (already processed)
Skipping CHAM_128_256_v1_4101996_fault_locations.csv (already processed)
Skipping CHAM_128_256_v3_3819937_fault_locations.csv (already processed)
Skipping CHAM_128_256_v4_470739_fault_locations.csv (already processed)
Skipping CHAM_128_256_v5_1077341_fault_locations.csv (already processed)
Skipping CHAM_128_256_v7_4012812_fault_locations.csv (already processed)
Skipping CHAM_128_256_v8_133805_fault_locations.csv (already processed)
Skipping CHAM_64_128_v10_796935_fault_locations.csv (already processed)
Skipping CHAM_64_128_v1_4111766_fault_locations.csv (already processed)
Skipping CHAM_64_128_v2_545317_fault_locations.csv (already processed)
Skipping CHAM_64_128_v3_3876389_fault_locations.csv (already processed)
Skipping CHAM_64_128_v4_427462_fault_locations.csv (already processed)
Skipping CHAM_64_128_v5_1127126_fault_locations.csv (already processed)
Skipping CHAM_64_128_v7_4069637_fault_locations.csv (already processed)
Skipping CHAM_64_128_v9_853379_fault_locations.csv (already processed)
Skipping Chebyshev_Filter_v10_680613_fault_locations.csv (already processed)
Skipping Chebyshev_Filter_v1_4147639_fault_locations.csv (already processed)
Skipping Chebyshev_Filter_v4_499378_fault_locations.csv (already processed)
Skipping Chebyshev_Filter_v5_1044575_fault_locations.csv (already processed)
Skipping Chebyshev_Filter_v8_137222_fault_locations.csv (already processed)
Skipping Chebyshev_Filter_v9_870258_fault_locations.csv (already processed)
Skipping Chinese_Remainder_Reconstruction_v10_830749_fault_locations.csv (already processed)
Skipping Chinese_Remainder_Reconstruction_v1_3347_fault_locations.csv (already processed)
Skipping Chinese_Remainder_Reconstruction_v2_589814_fault_locations.csv (already processed)
Skipping Chinese_Remainder_Reconstruction_v3_3870833_fault_locations.csv (already processed)
Skipping Chinese_Remainder_Reconstruction_v4_495277_fault_locations.csv (already processed)
Skipping Chinese_Remainder_Reconstruction_v5_1102838_fault_locations.csv (already processed)
Skipping Chinese_Remainder_Reconstruction_v6_233620_fault_locations.csv (already processed)
Skipping Chinese_Remainder_Reconstruction_v7_4064592_fault_locations.csv (already processed)
Skipping Chinese_Remainder_Reconstruction_v9_878369_fault_locations.csv (already processed)
Skipping Chinese_Remainder_Theorem_v10_744511_fault_locations.csv (already processed)
Skipping Chinese_Remainder_Theorem_v1_4108569_fault_locations.csv (already processed)
Skipping Chinese_Remainder_Theorem_v2_614553_fault_locations.csv (already processed)
Skipping Chinese_Remainder_Theorem_v3_3784018_fault_locations.csv (already processed)
Skipping Chinese_Remainder_Theorem_v4_437859_fault_locations.csv (already processed)
Skipping Chinese_Remainder_Theorem_v5_1044941_fault_locations.csv (already processed)
Skipping Chinese_Remainder_Theorem_v6_235893_fault_locations.csv (already processed)
Skipping Chinese_Remainder_Theorem_v7_3967126_fault_locations.csv (already processed)
Skipping Chinese_Remainder_Theorem_v8_204817_fault_locations.csv (already processed)
Skipping Chinese_Remainder_Theorem_v9_932226_fault_locations.csv (already processed)
Skipping Cholesky_Decomposition_v3_3843999_fault_locations.csv (already processed)
Skipping Cholesky_Solver_for_SPD_Systems_v5_1017624_fault_locations.csv (already processed)
Skipping Cholesky_Solver_for_SPD_Systems_v7_3974383_fault_locations.csv (already processed)
Skipping Chordal_Graph_Recognition_v10_688764_fault_locations.csv (already processed)
Skipping Chordal_Graph_Recognition_v1_4146861_fault_locations.csv (already processed)
Skipping Chordal_Graph_Recognition_v3_3824369_fault_locations.csv (already processed)
Skipping Chordal_Graph_Recognition_v4_527280_fault_locations.csv (already processed)
Skipping Chordal_Graph_Recognition_v5_1074449_fault_locations.csv (already processed)
Skipping Chordal_Graph_Recognition_v6_341526_fault_locations.csv (already processed)
Skipping Chordal_Graph_Recognition_v7_4010440_fault_locations.csv (already processed)
Skipping Chordal_Graph_Recognition_v8_115975_fault_locations.csv (already processed)
Skipping Chordal_Graph_Recognition_v9_966590_fault_locations.csv (already processed)
Skipping Christofides_Algorithm_TSP_Approximation_v2_649602_fault_locations.csv (already processed)
Skipping Christofides_Algorithm_TSP_Approximation_v6_364980_fault_locations.csv (already processed)
Skipping Christofides_Algorithm_TSP_Approximation_v7_3984632_fault_locations.csv (already processed)
Skipping Christofides_Algorithm_TSP_Approximation_v8_147973_fault_locations.csv (already processed)
Skipping Circle_Circle_Intersection_v10_737012_fault_locations.csv (already processed)
Skipping Circle_Circle_Intersection_v2_637560_fault_locations.csv (already processed)
Skipping Circle_Circle_Intersection_v4_474656_fault_locations.csv (already processed)
Skipping Circle_Circle_Intersection_v5_991578_fault_locations.csv (already processed)
Skipping Circle_Circle_Intersection_v6_346605_fault_locations.csv (already processed)
Skipping Circle_Intersection_v1_24357_fault_locations.csv (already processed)
Skipping Circle_Intersection_v2_602150_fault_locations.csv (already processed)
Skipping Circle_Intersection_v3_3854744_fault_locations.csv (already processed)
Skipping Circle_Intersection_v5_1110460_fault_locations.csv (already processed)
Skipping Circle_Intersection_v7_4047748_fault_locations.csv (already processed)
Skipping Circle_Intersection_v8_113253_fault_locations.csv (already processed)
Skipping Circle_Line_Intersection_v2_625601_fault_locations.csv (already processed)
Skipping Circle_Line_Intersection_v3_3897491_fault_locations.csv (already processed)
Skipping Circle_Through_Three_Points_v1_4160677_fault_locations.csv (already processed)
Skipping Circle_Through_Three_Points_v2_591314_fault_locations.csv (already processed)
Skipping Circular_Arc_Approximation_v1_23306_fault_locations.csv (already processed)
Skipping Circular_Arc_Approximation_v3_3839487_fault_locations.csv (already processed)
Skipping Circular_Arc_Approximation_v4_449895_fault_locations.csv (already processed)
Skipping Circular_Arc_Approximation_v5_990572_fault_locations.csv (already processed)
Skipping Circular_Arc_Approximation_v8_68049_fault_locations.csv (already processed)
Skipping Claude_Model_v1_21947_fault_locations.csv (already processed)
Skipping Claude_v10_793590_fault_locations.csv (already processed)
Skipping Claude_v1_4133649_fault_locations.csv (already processed)
Skipping Claude_v2_540494_fault_locations.csv (already processed)
Skipping Claude_v4_522636_fault_locations.csv (already processed)
Skipping Claude_v8_158675_fault_locations.csv (already processed)
Skipping CLEFIA_128_v10_712048_fault_locations.csv (already processed)
Skipping CLEFIA_128_v2_648791_fault_locations.csv (already processed)
Skipping CLEFIA_128_v3_3878506_fault_locations.csv (already processed)
Skipping CLEFIA_128_v4_428923_fault_locations.csv (already processed)
Skipping CLEFIA_128_v5_1125791_fault_locations.csv (already processed)
Skipping CLEFIA_128_v8_87443_fault_locations.csv (already processed)
Skipping CLEFIA_192_v10_763790_fault_locations.csv (already processed)
Skipping CLEFIA_192_v1_5198_fault_locations.csv (already processed)
Skipping CLEFIA_192_v2_643066_fault_locations.csv (already processed)
Skipping CLEFIA_192_v4_437697_fault_locations.csv (already processed)
Skipping CLEFIA_192_v5_1094802_fault_locations.csv (already processed)
Skipping CLEFIA_192_v6_215831_fault_locations.csv (already processed)
Skipping CLEFIA_192_v7_3940940_fault_locations.csv (already processed)
Skipping CLEFIA_192_v8_55167_fault_locations.csv (already processed)
Skipping CLEFIA_256_v10_710061_fault_locations.csv (already processed)
Skipping CLEFIA_256_v2_629151_fault_locations.csv (already processed)
Skipping CLEFIA_256_v3_3906024_fault_locations.csv (already processed)
Skipping CLEFIA_256_v5_1114398_fault_locations.csv (already processed)
Skipping CLEFIA_256_v7_3992989_fault_locations.csv (already processed)
Skipping CLEFIA_256_v9_907816_fault_locations.csv (already processed)
Skipping Clenshaw_Curtis_Quadrature_v1_4174020_fault_locations.csv (already processed)
Skipping Clenshaw_Curtis_Quadrature_v7_3949653_fault_locations.csv (already processed)
Skipping CLIP_Contrastive_Language_Image_Pretraining_v2_541291_fault_locations.csv (already processed)
Skipping CLIP_Contrastive_Language_Image_Pretraining_v3_3913586_fault_locations.csv (already processed)
Skipping Clique_Percolation_Clustering_v2_576615_fault_locations.csv (already processed)
Skipping Clique_Percolation_Clustering_v3_3841669_fault_locations.csv (already processed)
Skipping Clique_Percolation_Clustering_v4_443358_fault_locations.csv (already processed)
Skipping Clique_Percolation_Clustering_v6_257904_fault_locations.csv (already processed)
Skipping Clique_Percolation_Clustering_v7_4050428_fault_locations.csv (already processed)
Skipping Clique_Percolation_Clustering_v8_155512_fault_locations.csv (already processed)
Skipping Clique_Percolation_Clustering_v9_923661_fault_locations.csv (already processed)
Skipping Closeness_Centrality_Computation_v10_698010_fault_locations.csv (already processed)
Skipping Closeness_Centrality_Computation_v1_4163512_fault_locations.csv (already processed)
Skipping Closeness_Centrality_Computation_v2_674477_fault_locations.csv (already processed)
Skipping Closeness_Centrality_Computation_v3_3832259_fault_locations.csv (already processed)
Skipping Closeness_Centrality_Computation_v4_486135_fault_locations.csv (already processed)
Skipping Closeness_Centrality_Computation_v5_1028195_fault_locations.csv (already processed)
Skipping Closeness_Centrality_Computation_v6_276954_fault_locations.csv (already processed)
Skipping Closeness_Centrality_Computation_v7_4030854_fault_locations.csv (already processed)
Skipping Closeness_Centrality_Computation_v8_137642_fault_locations.csv (already processed)
Skipping Closest_Pair_Clustered_Distribution_v8_53174_fault_locations.csv (already processed)
Skipping Closest_Pair_n=1000_v10_711816_fault_locations.csv (already processed)
Skipping Closest_Pair_n=100_v8_91229_fault_locations.csv (already processed)
Skipping Closest_Pair_n=10_v3_3887427_fault_locations.csv (already processed)
Skipping Closest_Pair_of_Points_Brute_Force_v1_22769_fault_locations.csv (already processed)
Skipping Closest_Pair_of_Points_Brute_Force_v2_606633_fault_locations.csv (already processed)
Skipping Closest_Pair_of_Points_Divide_&_Conquer_v5_1036831_fault_locations.csv (already processed)
Skipping Closest_Pair_Uniform_Distribution_v3_3918220_fault_locations.csv (already processed)
Skipping Closing_v10_720344_fault_locations.csv (already processed)
Skipping Closing_v1_4166418_fault_locations.csv (already processed)
Skipping Closing_v2_602834_fault_locations.csv (already processed)
Skipping Closing_v3_3888874_fault_locations.csv (already processed)
Skipping Closing_v4_520183_fault_locations.csv (already processed)
Skipping Closing_v5_1079674_fault_locations.csv (already processed)
Skipping Closing_v6_348523_fault_locations.csv (already processed)
Skipping Closing_v7_3931727_fault_locations.csv (already processed)
Skipping Closing_v8_197125_fault_locations.csv (already processed)
Skipping Closing_v9_889701_fault_locations.csv (already processed)
Skipping Clustering_Coefficient_Calculation_v10_784046_fault_locations.csv (already processed)
Skipping Clustering_Coefficient_Calculation_v1_4192299_fault_locations.csv (already processed)
Skipping Clustering_Coefficient_Calculation_v3_3888368_fault_locations.csv (already processed)
Skipping Clustering_Coefficient_Calculation_v4_404375_fault_locations.csv (already processed)
Skipping Clustering_Coefficient_Calculation_v6_364060_fault_locations.csv (already processed)
Skipping Clustering_Coefficient_Calculation_v9_920298_fault_locations.csv (already processed)
Skipping CodeBERT_v10_803036_fault_locations.csv (already processed)
Skipping CodeBERT_v4_501630_fault_locations.csv (already processed)
Skipping CodeBERT_v6_294246_fault_locations.csv (already processed)
Skipping CodeBERT_v7_3981909_fault_locations.csv (already processed)
Skipping CodeBERT_v8_187869_fault_locations.csv (already processed)
Skipping CodeLlama_v4_434833_fault_locations.csv (already processed)
Skipping CodeLlama_v6_229300_fault_locations.csv (already processed)
Skipping CodeLlama_v8_178927_fault_locations.csv (already processed)
Skipping CodeLlama_v9_914925_fault_locations.csv (already processed)
Skipping CodeT5_v3_3817791_fault_locations.csv (already processed)
Skipping CodeT5_v6_316432_fault_locations.csv (already processed)
Skipping Codex_v1_46022_fault_locations.csv (already processed)
Skipping Codex_v2_634267_fault_locations.csv (already processed)
Skipping Codex_v3_3863808_fault_locations.csv (already processed)
Skipping Codex_v4_435795_fault_locations.csv (already processed)
Skipping Codex_v6_339722_fault_locations.csv (already processed)
Skipping Codex_v8_190442_fault_locations.csv (already processed)
Skipping Coin_Change_DP_v10_772804_fault_locations.csv (already processed)
Skipping Coin_Change_DP_v1_4094772_fault_locations.csv (already processed)
Skipping Coin_Change_DP_v2_531878_fault_locations.csv (already processed)
Skipping Coin_Change_DP_v3_3864835_fault_locations.csv (already processed)
Skipping Coin_Change_DP_v4_507197_fault_locations.csv (already processed)
Skipping Coin_Change_DP_v5_1016346_fault_locations.csv (already processed)
Skipping Coin_Change_DP_v6_385632_fault_locations.csv (already processed)
Skipping Coin_Change_DP_v7_4009652_fault_locations.csv (already processed)
Skipping Coin_Change_DP_v8_129096_fault_locations.csv (already processed)
Skipping Coin_Change_DP_v9_936929_fault_locations.csv (already processed)
Skipping Collinearity_Check_v10_683418_fault_locations.csv (already processed)
Skipping Collinearity_Check_v1_4100043_fault_locations.csv (already processed)
Skipping Collinearity_Check_v2_566516_fault_locations.csv (already processed)
Skipping Collinearity_Check_v3_3890421_fault_locations.csv (already processed)
Skipping Collinearity_Check_v4_441819_fault_locations.csv (already processed)
Skipping Collinearity_Check_v5_982809_fault_locations.csv (already processed)
Skipping Collinearity_Check_v6_309356_fault_locations.csv (already processed)
Skipping Collinearity_Check_v7_4024136_fault_locations.csv (already processed)
Skipping Collinearity_Check_v8_102955_fault_locations.csv (already processed)
Skipping Collinearity_Check_v9_904440_fault_locations.csv (already processed)
Skipping Collision_Detection_AABB_v10_715563_fault_locations.csv (already processed)
Skipping Collision_Detection_AABB_v1_4823_fault_locations.csv (already processed)
Skipping Collision_Detection_AABB_v2_560191_fault_locations.csv (already processed)
Skipping Collision_Detection_AABB_v3_3785259_fault_locations.csv (already processed)
Skipping Collision_Detection_AABB_v4_389914_fault_locations.csv (already processed)
Skipping Collision_Detection_AABB_v5_987310_fault_locations.csv (already processed)
Skipping Collision_Detection_AABB_v6_250213_fault_locations.csv (already processed)
Skipping Collision_Detection_AABB_v8_199526_fault_locations.csv (already processed)
Skipping Collision_Detection_Circle_v10_818993_fault_locations.csv (already processed)
Skipping Collision_Detection_Circle_v1_4091520_fault_locations.csv (already processed)
Skipping Collision_Detection_Circle_v2_608464_fault_locations.csv (already processed)
Skipping Collision_Detection_Circle_v3_3896709_fault_locations.csv (already processed)
Skipping Collision_Detection_Circle_v4_422887_fault_locations.csv (already processed)
Skipping Collision_Detection_Circle_v6_234377_fault_locations.csv (already processed)
Skipping Collision_Detection_Circle_v7_4005837_fault_locations.csv (already processed)
Skipping Collision_Detection_Circle_v9_948819_fault_locations.csv (already processed)
Skipping Collision_Detection_OBB_v10_805379_fault_locations.csv (already processed)
Skipping Collision_Detection_OBB_v1_4177852_fault_locations.csv (already processed)
Skipping Collision_Detection_OBB_v6_235912_fault_locations.csv (already processed)
Skipping Collision_Detection_Polygon_v9_940081_fault_locations.csv (already processed)
Skipping Color_Refinement_Isomorphism_v10_824806_fault_locations.csv (already processed)
Skipping Color_Refinement_Isomorphism_v1_4133928_fault_locations.csv (already processed)
Skipping Color_Refinement_Isomorphism_v2_593853_fault_locations.csv (already processed)
Skipping Color_Refinement_Isomorphism_v4_444045_fault_locations.csv (already processed)
Skipping Color_Refinement_Isomorphism_v6_254386_fault_locations.csv (already processed)
Skipping Color_Refinement_Isomorphism_v7_4044247_fault_locations.csv (already processed)
Skipping Color_Refinement_Isomorphism_v8_161396_fault_locations.csv (already processed)
Skipping Color_Refinement_Isomorphism_v9_947982_fault_locations.csv (already processed)
Skipping Complement_Naive_Bayes_v1_40379_fault_locations.csv (already processed)
Skipping Complement_Naive_Bayes_v2_676172_fault_locations.csv (already processed)
Skipping Complement_Naive_Bayes_v3_3826383_fault_locations.csv (already processed)
Skipping Complement_Naive_Bayes_v4_488415_fault_locations.csv (already processed)
Skipping Complement_Naive_Bayes_v5_1054921_fault_locations.csv (already processed)
Skipping Complement_Naive_Bayes_v6_299062_fault_locations.csv (already processed)
Skipping Complement_Naive_Bayes_v9_844697_fault_locations.csv (already processed)
Skipping Component_Graph_Construction_v10_679535_fault_locations.csv (already processed)
Skipping Component_Graph_Construction_v1_18784_fault_locations.csv (already processed)
Skipping Component_Graph_Construction_v2_573680_fault_locations.csv (already processed)
Skipping Component_Graph_Construction_v3_3836132_fault_locations.csv (already processed)
Skipping Component_Graph_Construction_v4_446889_fault_locations.csv (already processed)
Skipping Component_Graph_Construction_v5_1082307_fault_locations.csv (already processed)
Skipping Component_Graph_Construction_v6_356694_fault_locations.csv (already processed)
Skipping Component_Graph_Construction_v7_4008199_fault_locations.csv (already processed)
Skipping Component_Graph_Construction_v8_114109_fault_locations.csv (already processed)
Skipping Component_Graph_Construction_v9_880325_fault_locations.csv (already processed)
Skipping Conditional_GAN_cGAN_v5_1025238_fault_locations.csv (already processed)
Skipping Conditional_GAN_cGAN_v8_188750_fault_locations.csv (already processed)
Skipping Configuration_Interaction_v1_4181493_fault_locations.csv (already processed)
Skipping Configuration_Interaction_v7_3935057_fault_locations.csv (already processed)
Skipping Configuration_Space_Sampling_v1_4102856_fault_locations.csv (already processed)
Skipping Configuration_Space_Sampling_v2_528911_fault_locations.csv (already processed)
Skipping Configuration_Space_Sampling_v8_81142_fault_locations.csv (already processed)
Skipping Conjugate_Gradient_Kernel_v10_729620_fault_locations.csv (already processed)
Skipping Conjugate_Gradient_Kernel_v1_4174019_fault_locations.csv (already processed)
Skipping Conjugate_Gradient_Kernel_v5_1079741_fault_locations.csv (already processed)
Skipping Conjugate_Gradient_Kernel_v6_323916_fault_locations.csv (already processed)
Skipping Conjugate_Gradient_Kernel_v8_93547_fault_locations.csv (already processed)
Skipping Conjugate_Gradient_Kernel_v9_857049_fault_locations.csv (already processed)
Skipping Conjugate_Gradient_Method_v4_399186_fault_locations.csv (already processed)
Skipping Conjugate_Gradient_Method_v6_364757_fault_locations.csv (already processed)
Skipping Conjugate_Gradient_Method_v7_4007178_fault_locations.csv (already processed)
Skipping Conjugate_Gradient_Method_v8_65134_fault_locations.csv (already processed)
Skipping Conjugate_Gradient_Method_v9_922892_fault_locations.csv (already processed)
Skipping Conjugate_Gradient_Optimization_v10_696113_fault_locations.csv (already processed)
Skipping Conjugate_Gradient_Optimization_v1_4137173_fault_locations.csv (already processed)
Skipping Conjugate_Gradient_Optimization_v2_532483_fault_locations.csv (already processed)
Skipping Conjugate_Gradient_Optimization_v6_328418_fault_locations.csv (already processed)
Skipping Conjugate_Gradient_Optimization_v8_182631_fault_locations.csv (already processed)
Skipping Conjugate_Gradient_Optimization_v9_853617_fault_locations.csv (already processed)
Skipping Conjugate_Gradient_v3_3807184_fault_locations.csv (already processed)
Skipping Conjugate_Gradient_v4_423401_fault_locations.csv (already processed)
Skipping Conjugate_Gradient_v5_1124278_fault_locations.csv (already processed)
Skipping Conjugate_Gradient_v7_4024887_fault_locations.csv (already processed)
Skipping Connected_Components_in_Mesh_v10_822837_fault_locations.csv (already processed)
Skipping Connected_Components_in_Mesh_v1_4150758_fault_locations.csv (already processed)
Skipping Connected_Components_in_Mesh_v3_3824441_fault_locations.csv (already processed)
Skipping Connected_Components_in_Mesh_v6_286475_fault_locations.csv (already processed)
Skipping Connected_Components_in_Mesh_v9_977269_fault_locations.csv (already processed)
Skipping Constrained_Delaunay_Triangulation_v3_3861177_fault_locations.csv (already processed)
Skipping Constrained_Delaunay_Triangulation_v9_914960_fault_locations.csv (already processed)
Skipping Continued_Fraction_Expansion_v10_782846_fault_locations.csv (already processed)
Skipping Continued_Fraction_Expansion_v1_4093765_fault_locations.csv (already processed)
Skipping Continued_Fraction_Expansion_v2_666862_fault_locations.csv (already processed)
Skipping Continued_Fraction_Expansion_v3_3848002_fault_locations.csv (already processed)
Skipping Continued_Fraction_Expansion_v4_526145_fault_locations.csv (already processed)
Skipping Continued_Fraction_Expansion_v5_1067583_fault_locations.csv (already processed)
Skipping Continued_Fraction_Expansion_v6_211752_fault_locations.csv (already processed)
Skipping Continued_Fraction_Expansion_v7_4029779_fault_locations.csv (already processed)
Skipping Continued_Fraction_Expansion_v8_54644_fault_locations.csv (already processed)
Skipping Continued_Fraction_Expansion_v9_971313_fault_locations.csv (already processed)
Skipping Continued_Fraction_Factorization_v1_43824_fault_locations.csv (already processed)
Skipping Continued_Fraction_Factorization_v2_624466_fault_locations.csv (already processed)
Skipping Continued_Fraction_Factorization_v5_1035534_fault_locations.csv (already processed)
Skipping Continued_Fraction_Factorization_v8_123844_fault_locations.csv (already processed)
Skipping Continued_Fraction_Factorization_v9_931330_fault_locations.csv (already processed)
Skipping Contour_Extraction_v10_694474_fault_locations.csv (already processed)
Skipping Contour_Extraction_v1_4144799_fault_locations.csv (already processed)
Skipping Contour_Extraction_v2_592833_fault_locations.csv (already processed)
Skipping Contour_Extraction_v5_1063026_fault_locations.csv (already processed)
Skipping Contour_Extraction_v6_341536_fault_locations.csv (already processed)
Skipping Contraction_Hierarchies_v10_769730_fault_locations.csv (already processed)
Skipping Contraction_Hierarchies_v3_3884353_fault_locations.csv (already processed)
Skipping Contraction_Hierarchies_v4_508360_fault_locations.csv (already processed)
Skipping Contraction_Hierarchies_v5_1065223_fault_locations.csv (already processed)
Skipping Contraction_Hierarchies_v7_4031869_fault_locations.csv (already processed)
Skipping Contraction_Hierarchies_v8_209313_fault_locations.csv (already processed)
Skipping Contraction_Hierarchies_v9_911172_fault_locations.csv (already processed)
Skipping Contrastive_Learning_v1_10107_fault_locations.csv (already processed)
Skipping Contrastive_Learning_v2_622585_fault_locations.csv (already processed)
Skipping Contrastive_Learning_v5_1067850_fault_locations.csv (already processed)
Skipping Contrastive_Learning_v8_59157_fault_locations.csv (already processed)
Skipping Contrastive_Predictive_Coding_v1_4119294_fault_locations.csv (already processed)
Skipping Contrastive_Predictive_Coding_v3_3813995_fault_locations.csv (already processed)
Skipping Contrastive_Predictive_Coding_v4_520773_fault_locations.csv (already processed)
Skipping Convex_Hull_3D_Gift_Wrapping_v10_730405_fault_locations.csv (already processed)
Skipping Convex_Hull_3D_Gift_Wrapping_v2_609883_fault_locations.csv (already processed)
Skipping Convex_Hull_3D_Gift_Wrapping_v6_272750_fault_locations.csv (already processed)
Skipping Convex_Hull_3D_Gift_Wrapping_v7_3972523_fault_locations.csv (already processed)
Skipping Convex_Hull_3D_Gift_Wrapping_v8_62721_fault_locations.csv (already processed)
Skipping Convex_Hull_3D_Gift_Wrapping_v9_859885_fault_locations.csv (already processed)
Skipping Convex_Hull_3D_QuickHull_v8_115093_fault_locations.csv (already processed)
Skipping Convex_Hull_Circular_Points_v10_758081_fault_locations.csv (already processed)
Skipping Convex_Hull_Circular_Points_v1_4168354_fault_locations.csv (already processed)
Skipping Convex_Hull_Circular_Points_v6_258438_fault_locations.csv (already processed)
Skipping Convex_Hull_Divide_&_Conquer_v3_3819092_fault_locations.csv (already processed)
Skipping Convex_Hull_Divide_&_Conquer_v4_498012_fault_locations.csv (already processed)
Skipping Convex_Hull_Divide_&_Conquer_v7_3933014_fault_locations.csv (already processed)
Skipping Convex_Hull_Divide_&_Conquer_v8_206042_fault_locations.csv (already processed)
Skipping Convex_Hull_Graham_Scan_v10_787735_fault_locations.csv (already processed)
Skipping Convex_Hull_Graham_Scan_v1_4188259_fault_locations.csv (already processed)
Skipping Convex_Hull_Graham_Scan_v2_638933_fault_locations.csv (already processed)
Skipping Convex_Hull_Graham_Scan_v3_3928096_fault_locations.csv (already processed)
Skipping Convex_Hull_Graham_Scan_v5_993293_fault_locations.csv (already processed)
Skipping Convex_Hull_Graham_Scan_v6_341326_fault_locations.csv (already processed)
Skipping Convex_Hull_Graham_Scan_v7_4029392_fault_locations.csv (already processed)
Skipping Convex_Hull_Graham_Scan_v9_881595_fault_locations.csv (already processed)
Skipping Convex_Hull_Grid_Points_v10_754073_fault_locations.csv (already processed)
Skipping Convex_Hull_Grid_Points_v1_4169731_fault_locations.csv (already processed)
Skipping Convex_Hull_Grid_Points_v2_600510_fault_locations.csv (already processed)
Skipping Convex_Hull_Grid_Points_v3_3821340_fault_locations.csv (already processed)
Skipping Convex_Hull_Grid_Points_v4_421845_fault_locations.csv (already processed)
Skipping Convex_Hull_Grid_Points_v5_1023584_fault_locations.csv (already processed)
Skipping Convex_Hull_Grid_Points_v6_373043_fault_locations.csv (already processed)
Skipping Convex_Hull_Grid_Points_v7_3953743_fault_locations.csv (already processed)
Skipping Convex_Hull_Grid_Points_v8_150159_fault_locations.csv (already processed)
Skipping Convex_Hull_Grid_Points_v9_976191_fault_locations.csv (already processed)
Skipping Convex_Hull_Incremental_v10_720857_fault_locations.csv (already processed)
Skipping Convex_Hull_Incremental_v1_4191549_fault_locations.csv (already processed)
Skipping Convex_Hull_Incremental_v2_602880_fault_locations.csv (already processed)
Skipping Convex_Hull_Incremental_v3_3792563_fault_locations.csv (already processed)
Skipping Convex_Hull_Incremental_v4_518557_fault_locations.csv (already processed)
Skipping Convex_Hull_Incremental_v5_1128632_fault_locations.csv (already processed)
Skipping Convex_Hull_Incremental_v6_258052_fault_locations.csv (already processed)
Skipping Convex_Hull_Incremental_v7_3975993_fault_locations.csv (already processed)
Skipping Convex_Hull_Incremental_v8_114355_fault_locations.csv (already processed)
Skipping Convex_Hull_Incremental_v9_908558_fault_locations.csv (already processed)
Skipping Convex_Hull_Jarvis_March_v1_4170467_fault_locations.csv (already processed)
Skipping Convex_Hull_Jarvis_March_v2_583408_fault_locations.csv (already processed)
Skipping Convex_Hull_Jarvis_March_v3_3807149_fault_locations.csv (already processed)
Skipping Convex_Hull_Jarvis_March_v4_426554_fault_locations.csv (already processed)
Skipping Convex_Hull_Jarvis_March_v5_1012617_fault_locations.csv (already processed)
Skipping Convex_Hull_Jarvis_March_v6_238030_fault_locations.csv (already processed)
Skipping Convex_Hull_Jarvis_March_v7_3940712_fault_locations.csv (already processed)
Skipping Convex_Hull_Jarvis_March_v8_73432_fault_locations.csv (already processed)
Skipping Convex_Hull_Jarvis_March_v9_923821_fault_locations.csv (already processed)
Skipping Convex_Hull_Monotonic_Chain_v1_4163792_fault_locations.csv (already processed)
Skipping Convex_Hull_Monotonic_Chain_v2_618058_fault_locations.csv (already processed)
Skipping Convex_Hull_Monotonic_Chain_v3_3844857_fault_locations.csv (already processed)
Skipping Convex_Hull_Monotonic_Chain_v4_414728_fault_locations.csv (already processed)
Skipping Convex_Hull_Monotonic_Chain_v6_330987_fault_locations.csv (already processed)
Skipping Convex_Hull_Monotonic_Chain_v7_4011848_fault_locations.csv (already processed)
Skipping Convex_Hull_Monotonic_Chain_v8_49336_fault_locations.csv (already processed)
Skipping Convex_Hull_Monotonic_Chain_v9_934749_fault_locations.csv (already processed)
Skipping Convex_Hull_n=1000_v10_696383_fault_locations.csv (already processed)
Skipping Convex_Hull_n_<=_1000_v10_725441_fault_locations.csv (already processed)
Skipping Convex_Hull_n=1000_v1_4142085_fault_locations.csv (already processed)
Skipping Convex_Hull_n_<=_1000_v1_44910_fault_locations.csv (already processed)
Skipping Convex_Hull_n=1000_v2_592542_fault_locations.csv (already processed)
Skipping Convex_Hull_n_<=_1000_v2_650613_fault_locations.csv (already processed)
Skipping Convex_Hull_n_<=_1000_v3_3826371_fault_locations.csv (already processed)
Skipping Convex_Hull_n=1000_v3_3843891_fault_locations.csv (already processed)
Skipping Convex_Hull_n_<=_1000_v4_411436_fault_locations.csv (already processed)
Skipping Convex_Hull_n=1000_v4_457448_fault_locations.csv (already processed)
Skipping Convex_Hull_n_<=_1000_v5_1070177_fault_locations.csv (already processed)
Skipping Convex_Hull_n=1000_v5_995207_fault_locations.csv (already processed)
Skipping Convex_Hull_n_<=_1000_v6_250270_fault_locations.csv (already processed)
Skipping Convex_Hull_n=1000_v7_3978078_fault_locations.csv (already processed)
Skipping Convex_Hull_n_<=_1000_v7_4049264_fault_locations.csv (already processed)
Skipping Convex_Hull_n_<=_1000_v8_140593_fault_locations.csv (already processed)
Skipping Convex_Hull_n=1000_v8_59697_fault_locations.csv (already processed)
Skipping Convex_Hull_n_<=_1000_v9_847925_fault_locations.csv (already processed)
Skipping Convex_Hull_n=1000_v9_901818_fault_locations.csv (already processed)
Skipping Convex_Hull_n=100_v10_742130_fault_locations.csv (already processed)
Skipping Convex_Hull_n_<=_100_v10_826225_fault_locations.csv (already processed)
Skipping Convex_Hull_n_<=_100_v1_4114142_fault_locations.csv (already processed)
Skipping Convex_Hull_n=100_v1_9612_fault_locations.csv (already processed)
Skipping Convex_Hull_n_<=_100_v2_534772_fault_locations.csv (already processed)
Skipping Convex_Hull_n=100_v2_562282_fault_locations.csv (already processed)
Skipping Convex_Hull_n_<=_100_v3_3802915_fault_locations.csv (already processed)
Skipping Convex_Hull_n=100_v3_3809705_fault_locations.csv (already processed)
Skipping Convex_Hull_n=100_v4_502334_fault_locations.csv (already processed)
Skipping Convex_Hull_n=100_v5_1013937_fault_locations.csv (already processed)
Skipping Convex_Hull_n=100_v6_338842_fault_locations.csv (already processed)
Skipping Convex_Hull_n_<=_100_v7_4064744_fault_locations.csv (already processed)
Skipping Convex_Hull_n_<=_100_v8_97067_fault_locations.csv (already processed)
Skipping Convex_Hull_n_<=_100_v9_848464_fault_locations.csv (already processed)
Skipping Convex_Hull_n=10_v1_4183552_fault_locations.csv (already processed)
Skipping Convex_Hull_n=10_v2_652434_fault_locations.csv (already processed)
Skipping Convex_Hull_n=10_v3_3797336_fault_locations.csv (already processed)
Skipping Convex_Hull_n=10_v4_388233_fault_locations.csv (already processed)
Skipping Convex_Hull_n=10_v8_58823_fault_locations.csv (already processed)
Skipping Convex_Hull_n=10_v9_874915_fault_locations.csv (already processed)
Skipping Convex_Hull_Random_Points_v10_744834_fault_locations.csv (already processed)
Skipping Convex_Hull_Random_Points_v1_4138182_fault_locations.csv (already processed)
Skipping Convex_Hull_Random_Points_v2_647905_fault_locations.csv (already processed)
Skipping Convex_Hull_Random_Points_v3_3805061_fault_locations.csv (already processed)
Skipping Convex_Hull_Random_Points_v5_984273_fault_locations.csv (already processed)
Skipping Convex_Hull_Random_Points_v7_3965557_fault_locations.csv (already processed)
Skipping Convex_Hull_Random_Points_v8_115146_fault_locations.csv (already processed)
Skipping Convex_Hull_Random_Points_v9_881080_fault_locations.csv (already processed)
Skipping Convex_Hull_Streaming_Points_v10_704121_fault_locations.csv (already processed)
Skipping Convex_Hull_Streaming_Points_v1_526_fault_locations.csv (already processed)
Skipping Convex_Hull_Streaming_Points_v3_3825956_fault_locations.csv (already processed)
Skipping Convex_Hull_Streaming_Points_v6_350907_fault_locations.csv (already processed)
Skipping Convex_Hull_Streaming_Points_v8_74315_fault_locations.csv (already processed)
Skipping Convex_Hull_Streaming_Points_v9_900857_fault_locations.csv (already processed)
Skipping ConvMixer_v10_684692_fault_locations.csv (already processed)
Skipping ConvMixer_v1_7415_fault_locations.csv (already processed)
Skipping ConvMixer_v8_206185_fault_locations.csv (already processed)
Skipping ConvNeXt_v10_699224_fault_locations.csv (already processed)
Skipping ConvNeXt_v1_4114287_fault_locations.csv (already processed)
Skipping ConvNeXt_v2_585074_fault_locations.csv (already processed)
Skipping ConvNeXt_v4_434412_fault_locations.csv (already processed)
Skipping ConvNeXt_v9_879110_fault_locations.csv (already processed)
Skipping Convolutional_Neural_Network_v1_40973_fault_locations.csv (already processed)
Skipping Convolutional_Neural_Network_v6_385108_fault_locations.csv (already processed)
Skipping Coppersmith_Winograd_Algorithm_v1_4095776_fault_locations.csv (already processed)
Skipping Coppersmith_Winograd_Algorithm_v8_176739_fault_locations.csv (already processed)
Skipping Coppersmith_Winograd_Algorithm_v9_953406_fault_locations.csv (already processed)
Skipping Correlation_Coefficient_Calculation_v4_411161_fault_locations.csv (already processed)
Skipping Coupled_Cluster_Method_v10_681416_fault_locations.csv (already processed)
Skipping Coupled_Cluster_Method_v1_4096591_fault_locations.csv (already processed)
Skipping Coupled_Cluster_Method_v2_676783_fault_locations.csv (already processed)
Skipping Coupled_Cluster_Method_v3_3874732_fault_locations.csv (already processed)
Skipping Coupled_Cluster_Method_v5_1011677_fault_locations.csv (already processed)
Skipping Coupled_Cluster_Method_v6_328965_fault_locations.csv (already processed)
Skipping Coupled_Cluster_Method_v7_3947187_fault_locations.csv (already processed)
Skipping Covariance_Matrix_Computation_v1_4102651_fault_locations.csv (already processed)
Skipping Covariance_Matrix_Computation_v3_3894988_fault_locations.csv (already processed)
Skipping Covariance_Matrix_Computation_v5_1133816_fault_locations.csv (already processed)
Skipping Covariance_Matrix_Computation_v6_314942_fault_locations.csv (already processed)
Skipping Covariance_Matrix_Computation_v7_3990727_fault_locations.csv (already processed)
Skipping Cramer’s_Rule_v10_692904_fault_locations.csv (already processed)
Skipping Cramer’s_Rule_v1_4139007_fault_locations.csv (already processed)
Skipping Cramer’s_Rule_v2_662307_fault_locations.csv (already processed)
Skipping Cramer’s_Rule_v3_3821681_fault_locations.csv (already processed)
Skipping Cramer’s_Rule_v5_1128800_fault_locations.csv (already processed)
Skipping Cramer’s_Rule_v6_250385_fault_locations.csv (already processed)
Skipping Cramer’s_Rule_v7_4037090_fault_locations.csv (already processed)
Skipping Crank_Nicolson_Scheme_v6_369554_fault_locations.csv (already processed)
Skipping Crank_Nicolson_Scheme_v8_186481_fault_locations.csv (already processed)
Skipping Crank_Nicolson_Scheme_v9_848268_fault_locations.csv (already processed)
Skipping Crank_Nicolson_v2_543659_fault_locations.csv (already processed)
Skipping Cross_Entropy_Loss_v2_615881_fault_locations.csv (already processed)
Skipping Cross_Entropy_Loss_v4_416417_fault_locations.csv (already processed)
Skipping Cross_Entropy_Loss_v5_1062463_fault_locations.csv (already processed)
Skipping Cross_Entropy_Loss_v7_3937018_fault_locations.csv (already processed)
Skipping Cross_Entropy_Loss_v8_177007_fault_locations.csv (already processed)
Skipping Cross_Entropy_Loss_v9_885212_fault_locations.csv (already processed)
Skipping Cross_Product_2D_v10_825533_fault_locations.csv (already processed)
Skipping Cross_Product_2D_v1_4162512_fault_locations.csv (already processed)
Skipping Cross_Product_2D_v2_593781_fault_locations.csv (already processed)
Skipping Cross_Product_2D_v3_3886742_fault_locations.csv (already processed)
Skipping Cross_Product_2D_v4_422967_fault_locations.csv (already processed)
Skipping Cross_Product_2D_v6_233862_fault_locations.csv (already processed)
Skipping Cross_Product_2D_v7_4080344_fault_locations.csv (already processed)
Skipping Cross_Product_2D_v8_161121_fault_locations.csv (already processed)
Skipping Cross_Product_2D_v9_878828_fault_locations.csv (already processed)
Skipping Cross_Product_3D_v10_696008_fault_locations.csv (already processed)
Skipping Cross_Product_3D_v1_24509_fault_locations.csv (already processed)
Skipping Cross_Product_3D_v2_560405_fault_locations.csv (already processed)
Skipping Cross_Product_3D_v3_3833478_fault_locations.csv (already processed)
Skipping Cross_Product_3D_v4_421007_fault_locations.csv (already processed)
Skipping Cross_Product_3D_v5_994718_fault_locations.csv (already processed)
Skipping Cross_Product_3D_v6_257831_fault_locations.csv (already processed)
Skipping Cross_Product_3D_v7_4067141_fault_locations.csv (already processed)
Skipping Cross_Product_3D_v8_89432_fault_locations.csv (already processed)
Skipping Cross_Product_3D_v9_954869_fault_locations.csv (already processed)
Skipping Cunningham_Chain_Test_v10_702451_fault_locations.csv (already processed)
Skipping Cunningham_Chain_Test_v1_4155705_fault_locations.csv (already processed)
Skipping Cunningham_Chain_Test_v2_615662_fault_locations.csv (already processed)
Skipping Cunningham_Chain_Test_v3_3817579_fault_locations.csv (already processed)
Skipping Cunningham_Chain_Test_v4_417516_fault_locations.csv (already processed)
Skipping Cunningham_Chain_Test_v5_992137_fault_locations.csv (already processed)
Skipping Cunningham_Chain_Test_v6_284430_fault_locations.csv (already processed)
Skipping Cunningham_Chain_Test_v7_3977687_fault_locations.csv (already processed)
Skipping Cunningham_Chain_Test_v8_68839_fault_locations.csv (already processed)
Skipping Cunningham_Chain_Test_v9_863267_fault_locations.csv (already processed)
Skipping Curve_Fitting_Least_Squares_v1_4126915_fault_locations.csv (already processed)
Skipping Curve_Fitting_Least_Squares_v2_618071_fault_locations.csv (already processed)
Skipping Curve_Fitting_Least_Squares_v3_3783117_fault_locations.csv (already processed)
Skipping Curve_Fitting_Least_Squares_v9_928160_fault_locations.csv (already processed)
Skipping Curve_Length_Approximation_v10_722491_fault_locations.csv (already processed)
Skipping Cycle_Canceling_Algorithm_v1_5251_fault_locations.csv (already processed)
Skipping Cycle_Canceling_Algorithm_v3_3852511_fault_locations.csv (already processed)
Skipping Cycle_Canceling_Algorithm_v4_506145_fault_locations.csv (already processed)
Skipping Cycle_Canceling_Algorithm_v6_225436_fault_locations.csv (already processed)
Skipping Cycle_Canceling_Algorithm_v9_868108_fault_locations.csv (already processed)
Skipping Cycle_Canceling_Flow_v3_3796661_fault_locations.csv (already processed)
Skipping Cycle_Canceling_Flow_v4_417338_fault_locations.csv (already processed)
Skipping Cycle_Canceling_Flow_v6_310679_fault_locations.csv (already processed)
Skipping CycleGAN_v10_791024_fault_locations.csv (already processed)
Skipping CycleGAN_v2_667925_fault_locations.csv (already processed)
Skipping CycleGAN_v5_1069408_fault_locations.csv (already processed)
Skipping CycleGAN_v6_319524_fault_locations.csv (already processed)
Skipping CycleGAN_v7_4068824_fault_locations.csv (already processed)
Skipping Cyclic_Reduction_v3_3924397_fault_locations.csv (already processed)
Skipping Cyclic_Reduction_v5_1112348_fault_locations.csv (already processed)
Skipping DBSCAN_v1_4141615_fault_locations.csv (already processed)
Skipping DBSCAN_v3_3844326_fault_locations.csv (already processed)
Skipping DBSCAN_v4_498149_fault_locations.csv (already processed)
Skipping DBSCAN_v5_1050101_fault_locations.csv (already processed)
Skipping DBSCAN_v7_4051698_fault_locations.csv (already processed)
Skipping DCEL_Construction_v2_562026_fault_locations.csv (already processed)
Skipping DCEL_Construction_v3_3854265_fault_locations.csv (already processed)
Skipping DCEL_Construction_v4_482153_fault_locations.csv (already processed)
Skipping DCEL_Construction_v5_1032455_fault_locations.csv (already processed)
Skipping DCEL_Construction_v7_4056454_fault_locations.csv (already processed)
Skipping DCEL_Construction_v8_206889_fault_locations.csv (already processed)
Skipping DCEL_Construction_v9_894289_fault_locations.csv (already processed)
Skipping DCGAN_v8_144932_fault_locations.csv (already processed)
Skipping DCGAN_v9_876086_fault_locations.csv (already processed)
Skipping DDIM_Deterministic_Diffusion_Model_v10_767310_fault_locations.csv (already processed)
Skipping DDPM_Denoising_Diffusion_Probabilistic_Model_v2_634572_fault_locations.csv (already processed)
Skipping DDPM_Denoising_Diffusion_Probabilistic_Model_v5_1061564_fault_locations.csv (already processed)
Skipping De_Boor_Algorithm_v2_615855_fault_locations.csv (already processed)
Skipping De_Boor_Algorithm_v3_3897060_fault_locations.csv (already processed)
Skipping De_Boor_Algorithm_v4_435563_fault_locations.csv (already processed)
Skipping De_Boor_Algorithm_v5_1134816_fault_locations.csv (already processed)
Skipping De_Boor_Algorithm_v8_185010_fault_locations.csv (already processed)
Skipping De_Boor_Algorithm_v9_975591_fault_locations.csv (already processed)
Skipping De_Casteljau_Algorithm_v10_706826_fault_locations.csv (already processed)
Skipping De_Casteljau_Algorithm_v1_4191575_fault_locations.csv (already processed)
Skipping De_Casteljau_Algorithm_v2_583347_fault_locations.csv (already processed)
Skipping De_Casteljau_Algorithm_v3_3836520_fault_locations.csv (already processed)
Skipping De_Casteljau_Algorithm_v4_416400_fault_locations.csv (already processed)
Skipping De_Casteljau_Algorithm_v5_1137144_fault_locations.csv (already processed)
Skipping De_Casteljau_Algorithm_v6_343202_fault_locations.csv (already processed)
Skipping De_Casteljau_Algorithm_v7_3990606_fault_locations.csv (already processed)
Skipping De_Casteljau_Algorithm_v9_855792_fault_locations.csv (already processed)
Skipping Decision_Tree_Regressor_v2_580171_fault_locations.csv (already processed)
Skipping Decision_Tree_Regressor_v4_448198_fault_locations.csv (already processed)
Skipping Decision_Tree_v3_3887144_fault_locations.csv (already processed)
Skipping Decision_Tree_v4_407449_fault_locations.csv (already processed)
Skipping Deep_Belief_Network_v10_696087_fault_locations.csv (already processed)
Skipping DeepCoder_v10_683027_fault_locations.csv (already processed)
Skipping DeepCoder_v3_3921408_fault_locations.csv (already processed)
Skipping DeepCoder_v4_476377_fault_locations.csv (already processed)
Skipping DeepCoder_v6_286649_fault_locations.csv (already processed)
Skipping DeepCoder_v7_4022005_fault_locations.csv (already processed)
Skipping DeepCoder_v8_93140_fault_locations.csv (already processed)
Skipping Deep_Convolutional_GAN_v6_224875_fault_locations.csv (already processed)
Skipping Deep_Deterministic_Policy_Gradient_v5_1033144_fault_locations.csv (already processed)
Skipping Deep_Deterministic_Policy_Gradient_v9_898767_fault_locations.csv (already processed)
Skipping DeepLabV3_v10_760852_fault_locations.csv (already processed)
Skipping DeepLabV3_v4_498985_fault_locations.csv (already processed)
Skipping DeepLabV3_v8_127700_fault_locations.csv (already processed)
Skipping DeepSeek_Model_v1_41221_fault_locations.csv (already processed)
Skipping DeepSeek_Model_v2_644203_fault_locations.csv (already processed)
Skipping DeepSeek_Model_v6_269447_fault_locations.csv (already processed)
Skipping DeepSeek_Model_v7_4024298_fault_locations.csv (already processed)
Skipping DeepWalk_Embedding_v10_760752_fault_locations.csv (already processed)
Skipping DeepWalk_Embedding_v1_13785_fault_locations.csv (already processed)
Skipping DeepWalk_Embedding_v6_319546_fault_locations.csv (already processed)
Skipping DeepWalk_Embedding_v8_97208_fault_locations.csv (already processed)
Skipping DeepWalk_v10_702711_fault_locations.csv (already processed)
Skipping DeepWalk_v1_4114106_fault_locations.csv (already processed)
Skipping DeepWalk_v3_3924139_fault_locations.csv (already processed)
Skipping DeepWalk_v4_386227_fault_locations.csv (already processed)
Skipping DeepWalk_v5_1017260_fault_locations.csv (already processed)
Skipping DeepWalk_v8_141641_fault_locations.csv (already processed)
Skipping Deflated_CG_v1_4109074_fault_locations.csv (already processed)
Skipping Deflation_Method_v1_4188932_fault_locations.csv (already processed)
Skipping Deflation_Method_v6_214026_fault_locations.csv (already processed)
Skipping Deflation_Method_v7_3933405_fault_locations.csv (already processed)
Skipping Degree_Centrality_Computation_v10_752531_fault_locations.csv (already processed)
Skipping Degree_Centrality_Computation_v2_551054_fault_locations.csv (already processed)
Skipping Degree_Centrality_Computation_v4_397941_fault_locations.csv (already processed)
Skipping Degree_Centrality_Computation_v5_1092749_fault_locations.csv (already processed)
Skipping Degree_Centrality_Computation_v6_370462_fault_locations.csv (already processed)
Skipping Degree_Centrality_Computation_v7_4049487_fault_locations.csv (already processed)
Skipping Degree_Centrality_Computation_v8_135893_fault_locations.csv (already processed)
Skipping Degree_Distribution_Estimation_v10_722983_fault_locations.csv (already processed)
Skipping Degree_Distribution_Estimation_v1_4146929_fault_locations.csv (already processed)
Skipping Degree_Distribution_Estimation_v2_629242_fault_locations.csv (already processed)
Skipping Degree_Distribution_Estimation_v3_3835804_fault_locations.csv (already processed)
Skipping Degree_Distribution_Estimation_v4_453730_fault_locations.csv (already processed)
Skipping Degree_Distribution_Estimation_v5_1075206_fault_locations.csv (already processed)
Skipping Degree_Distribution_Estimation_v6_278000_fault_locations.csv (already processed)
Skipping Degree_Distribution_Estimation_v8_87138_fault_locations.csv (already processed)
Skipping Degree_Distribution_Estimation_v9_910380_fault_locations.csv (already processed)
Skipping Degree_Preserving_Randomization_v10_683830_fault_locations.csv (already processed)
Skipping Degree_Preserving_Randomization_v1_5227_fault_locations.csv (already processed)
Skipping Degree_Preserving_Randomization_v2_614750_fault_locations.csv (already processed)
Skipping Degree_Preserving_Randomization_v3_3807343_fault_locations.csv (already processed)
Skipping Degree_Preserving_Randomization_v4_514797_fault_locations.csv (already processed)
Skipping Degree_Preserving_Randomization_v5_1112411_fault_locations.csv (already processed)
Skipping Degree_Preserving_Randomization_v6_219028_fault_locations.csv (already processed)
Skipping Degree_Preserving_Randomization_v7_4066891_fault_locations.csv (already processed)
Skipping Degree_Preserving_Randomization_v8_123798_fault_locations.csv (already processed)
Skipping Degree_Preserving_Randomization_v9_939753_fault_locations.csv (already processed)
Skipping Delaunay_Structured_Grid_v10_735372_fault_locations.csv (already processed)
Skipping Delaunay_Structured_Grid_v1_4153225_fault_locations.csv (already processed)
Skipping Delaunay_Structured_Grid_v2_654779_fault_locations.csv (already processed)
Skipping Delaunay_Structured_Grid_v3_3788937_fault_locations.csv (already processed)
Skipping Delaunay_Structured_Grid_v5_1050010_fault_locations.csv (already processed)
Skipping Delaunay_Structured_Grid_v6_382175_fault_locations.csv (already processed)
Skipping Delaunay_Structured_Grid_v7_4085843_fault_locations.csv (already processed)
Skipping Delaunay_Structured_Grid_v8_174896_fault_locations.csv (already processed)
Skipping Delaunay_Structured_Grid_v9_948877_fault_locations.csv (already processed)
Skipping Delaunay_Triangulation_Bowyer_Watson_v1_41783_fault_locations.csv (already processed)
Skipping Delaunay_Triangulation_Bowyer_Watson_v3_3876240_fault_locations.csv (already processed)
Skipping Delaunay_Triangulation_Bowyer_Watson_v5_1063388_fault_locations.csv (already processed)
Skipping Delaunay_Triangulation_Bowyer_Watson_v7_3948144_fault_locations.csv (already processed)
Skipping Delaunay_Triangulation_Bowyer_Watson_v8_131122_fault_locations.csv (already processed)
Skipping Delaunay_Triangulation_Bowyer_Watson_v9_929150_fault_locations.csv (already processed)
Skipping Delaunay_Triangulation_Divide_&_Conquer_v10_680817_fault_locations.csv (already processed)
Skipping Delaunay_Triangulation_Divide_&_Conquer_v6_372835_fault_locations.csv (already processed)
Skipping Delaunay_Triangulation_Divide_&_Conquer_v7_4061130_fault_locations.csv (already processed)
Skipping Delaunay_Triangulation_Divide_&_Conquer_v8_192938_fault_locations.csv (already processed)
Skipping Delaunay_Triangulation_n=500_v10_745518_fault_locations.csv (already processed)
Skipping Delaunay_Triangulation_n=500_v9_878800_fault_locations.csv (already processed)
Skipping Delaunay_Triangulation_n=50_v10_830416_fault_locations.csv (already processed)
Skipping Delaunay_Triangulation_n=50_v1_4096374_fault_locations.csv (already processed)
Skipping Delaunay_Triangulation_n=50_v3_3863794_fault_locations.csv (already processed)
Skipping Delaunay_Triangulation_n=50_v4_504855_fault_locations.csv (already processed)
Skipping Delaunay_Triangulation_n=50_v7_4001867_fault_locations.csv (already processed)
Skipping Delaunay_Triangulation_n=50_v8_93575_fault_locations.csv (already processed)
Skipping Dense_LU_Solver_v1_4193617_fault_locations.csv (already processed)
Skipping Dense_LU_Solver_v2_665234_fault_locations.csv (already processed)
Skipping Dense_LU_Solver_v3_3791934_fault_locations.csv (already processed)
Skipping Dense_LU_Solver_v4_514980_fault_locations.csv (already processed)
Skipping Dense_LU_Solver_v7_3964109_fault_locations.csv (already processed)
Skipping Dense_LU_Solver_v8_209969_fault_locations.csv (already processed)
Skipping Dense_Matrix_Multiplication_v1_4180877_fault_locations.csv (already processed)
Skipping Dense_Matrix_Multiplication_v2_594737_fault_locations.csv (already processed)
Skipping Dense_Matrix_Multiplication_v4_453599_fault_locations.csv (already processed)
Skipping Dense_Matrix_Multiplication_v5_1067632_fault_locations.csv (already processed)
Skipping Dense_Matrix_Multiplication_v7_4059342_fault_locations.csv (already processed)
Skipping DenseNet_v7_4054828_fault_locations.csv (already processed)
Skipping Density_Functional_Theory_v10_770512_fault_locations.csv (already processed)
Skipping Density_Functional_Theory_v1_4088199_fault_locations.csv (already processed)
Skipping Density_Functional_Theory_v4_394327_fault_locations.csv (already processed)
Skipping Density_Functional_Theory_v9_974209_fault_locations.csv (already processed)
Skipping Depth_First_Search_DFS_v10_790437_fault_locations.csv (already processed)
Skipping Depth_First_Search_DFS_v1_4139087_fault_locations.csv (already processed)
Skipping Depth_First_Search_DFS_v2_539279_fault_locations.csv (already processed)
Skipping Depth_First_Search_DFS_v3_3879414_fault_locations.csv (already processed)
Skipping Depth_First_Search_DFS_v4_515932_fault_locations.csv (already processed)
Skipping Depth_First_Search_DFS_v5_988164_fault_locations.csv (already processed)
Skipping Depth_First_Search_DFS_v7_4024070_fault_locations.csv (already processed)
Skipping Depth_First_Search_DFS_v8_61374_fault_locations.csv (already processed)
Skipping Depth_of_Arrangement_v10_818260_fault_locations.csv (already processed)
Skipping Depth_of_Arrangement_v1_4137123_fault_locations.csv (already processed)
Skipping Depth_of_Arrangement_v2_533091_fault_locations.csv (already processed)
Skipping Depth_of_Arrangement_v3_3822518_fault_locations.csv (already processed)
Skipping Depth_of_Arrangement_v4_392445_fault_locations.csv (already processed)
Skipping Depth_of_Arrangement_v5_1097544_fault_locations.csv (already processed)
Skipping Depth_of_Arrangement_v6_232520_fault_locations.csv (already processed)
Skipping Depth_of_Arrangement_v7_4010931_fault_locations.csv (already processed)
Skipping Depth_of_Arrangement_v8_198890_fault_locations.csv (already processed)
Skipping DES_112_v10_799133_fault_locations.csv (already processed)
Skipping DES_112_v1_4129909_fault_locations.csv (already processed)
Skipping DES_112_v3_3787194_fault_locations.csv (already processed)
Skipping DES_112_v4_457026_fault_locations.csv (already processed)
Skipping DES_112_v5_987688_fault_locations.csv (already processed)
Skipping DES_56_v1_4183885_fault_locations.csv (already processed)
Skipping DES_56_v2_544913_fault_locations.csv (already processed)
Skipping DES_56_v4_427577_fault_locations.csv (already processed)
Skipping DES_56_v5_988958_fault_locations.csv (already processed)
Skipping DES_56_v7_3962117_fault_locations.csv (already processed)
Skipping DES_56_v9_864937_fault_locations.csv (already processed)
Skipping DES_CBC_v1_4143810_fault_locations.csv (already processed)
Skipping DES_CBC_v3_3800934_fault_locations.csv (already processed)
Skipping DES_CBC_v4_387791_fault_locations.csv (already processed)
Skipping DES_CBC_v6_286675_fault_locations.csv (already processed)
Skipping DES_CBC_v8_99193_fault_locations.csv (already processed)
Skipping DES_CFB_v10_680524_fault_locations.csv (already processed)
Skipping DES_CFB_v1_4161746_fault_locations.csv (already processed)
Skipping DES_CFB_v4_515226_fault_locations.csv (already processed)
Skipping DES_CFB_v5_1100476_fault_locations.csv (already processed)
Skipping DES_CFB_v6_372848_fault_locations.csv (already processed)
Skipping DES_CFB_v7_3961900_fault_locations.csv (already processed)
Skipping DES_CFB_v8_69679_fault_locations.csv (already processed)
Skipping DES_CFB_v9_948606_fault_locations.csv (already processed)
Skipping DES_ECB_v10_709679_fault_locations.csv (already processed)
Skipping DES_ECB_v2_603265_fault_locations.csv (already processed)
Skipping DES_ECB_v3_3831915_fault_locations.csv (already processed)
Skipping DES_ECB_v4_444095_fault_locations.csv (already processed)
Skipping DES_ECB_v6_236122_fault_locations.csv (already processed)
Skipping DES_ECB_v7_3931333_fault_locations.csv (already processed)
Skipping DES_ECB_v8_64260_fault_locations.csv (already processed)
Skipping DES_ECB_v9_958343_fault_locations.csv (already processed)
Skipping DES_OFB_v10_786691_fault_locations.csv (already processed)
Skipping DES_OFB_v1_12937_fault_locations.csv (already processed)
Skipping DES_OFB_v2_536241_fault_locations.csv (already processed)
Skipping DES_OFB_v4_483130_fault_locations.csv (already processed)
Skipping DES_OFB_v5_1084253_fault_locations.csv (already processed)
Skipping DES_OFB_v6_365016_fault_locations.csv (already processed)
Skipping DES_OFB_v7_4010170_fault_locations.csv (already processed)
Skipping DES_v10_746296_fault_locations.csv (already processed)
Skipping DES_v2_673098_fault_locations.csv (already processed)
Skipping DES_v4_521933_fault_locations.csv (already processed)
Skipping DES_v5_1083962_fault_locations.csv (already processed)
Skipping DES_v6_345217_fault_locations.csv (already processed)
Skipping DES_v7_4066647_fault_locations.csv (already processed)
Skipping DESX_CBC_v10_745205_fault_locations.csv (already processed)
Skipping DESX_CBC_v3_3835762_fault_locations.csv (already processed)
Skipping DESX_CBC_v4_519967_fault_locations.csv (already processed)
Skipping DESX_CBC_v5_1104984_fault_locations.csv (already processed)
Skipping DESX_ECB_v10_710323_fault_locations.csv (already processed)
Skipping DESX_ECB_v3_3880857_fault_locations.csv (already processed)
Skipping DESX_ECB_v4_434435_fault_locations.csv (already processed)
Skipping DESX_ECB_v7_4066673_fault_locations.csv (already processed)
Skipping DESX_ECB_v8_201958_fault_locations.csv (already processed)
Skipping DES_X_v1_4188646_fault_locations.csv (already processed)
Skipping DES_X_v5_1023187_fault_locations.csv (already processed)
Skipping DES_X_v6_369707_fault_locations.csv (already processed)
Skipping DES_X_v9_973515_fault_locations.csv (already processed)
Skipping Determinant_via_LU_Decomposition_v10_791332_fault_locations.csv (already processed)
Skipping Determinant_via_LU_Decomposition_v1_4189311_fault_locations.csv (already processed)
Skipping Determinant_via_LU_Decomposition_v3_3925997_fault_locations.csv (already processed)
Skipping Determinant_via_LU_Decomposition_v4_482130_fault_locations.csv (already processed)
Skipping Determinant_via_LU_Decomposition_v5_1029485_fault_locations.csv (already processed)
Skipping Determinant_via_LU_Decomposition_v6_247716_fault_locations.csv (already processed)
Skipping Determinant_via_LU_Decomposition_v8_108164_fault_locations.csv (already processed)
Skipping DFS_Tree_Construction_v10_727722_fault_locations.csv (already processed)
Skipping DFS_Tree_Construction_v1_24390_fault_locations.csv (already processed)
Skipping DFS_Tree_Construction_v2_651982_fault_locations.csv (already processed)
Skipping DFS_Tree_Construction_v3_3817408_fault_locations.csv (already processed)
Skipping DFS_Tree_Construction_v4_416456_fault_locations.csv (already processed)
Skipping DFS_Tree_Construction_v5_1070242_fault_locations.csv (already processed)
Skipping DFS_Tree_Construction_v6_309560_fault_locations.csv (already processed)
Skipping DFS_Tree_Construction_v7_4042357_fault_locations.csv (already processed)
Skipping DFS_Tree_Construction_v8_75560_fault_locations.csv (already processed)
Skipping DFS_Tree_Construction_v9_907397_fault_locations.csv (already processed)
Skipping Diameter_of_Convex_Polygon_v2_624360_fault_locations.csv (already processed)
Skipping Diameter_of_Convex_Polygon_v4_464743_fault_locations.csv (already processed)
Skipping Dice_Loss_v10_820157_fault_locations.csv (already processed)
Skipping Dice_Loss_v1_4182004_fault_locations.csv (already processed)
Skipping Dice_Loss_v2_670374_fault_locations.csv (already processed)
Skipping Dice_Loss_v4_499421_fault_locations.csv (already processed)
Skipping Dice_Loss_v5_1085487_fault_locations.csv (already processed)
Skipping Dice_Loss_v6_272265_fault_locations.csv (already processed)
Skipping Dice_Loss_v8_91993_fault_locations.csv (already processed)
Skipping Dice_Loss_v9_847683_fault_locations.csv (already processed)
Skipping Differentiable_Neural_Computer_v10_737232_fault_locations.csv (already processed)
Skipping Differentiable_Neural_Computer_v1_4179874_fault_locations.csv (already processed)
Skipping Differentiable_Neural_Computer_v4_445831_fault_locations.csv (already processed)
Skipping Differentiable_Neural_Computer_v7_4039419_fault_locations.csv (already processed)
Skipping Differentiable_Neural_Computer_v9_912145_fault_locations.csv (already processed)
Skipping Differential_Evolution_v4_397120_fault_locations.csv (already processed)
Skipping Differential_Evolution_v8_155946_fault_locations.csv (already processed)
Skipping Differential_Evolution_v9_889357_fault_locations.csv (already processed)
Skipping Diffusion_Model_v10_693623_fault_locations.csv (already processed)
Skipping Diffusion_Model_v1_24485_fault_locations.csv (already processed)
Skipping Diffusion_Model_v4_518268_fault_locations.csv (already processed)
Skipping Diffusion_Model_v5_1107981_fault_locations.csv (already processed)
Skipping Diffusion_Model_v6_342107_fault_locations.csv (already processed)
Skipping Diffusion_Model_v9_960357_fault_locations.csv (already processed)
Skipping Dijkstra’s_Shortest_Path_Algorithm_v10_786921_fault_locations.csv (already processed)
Skipping Dijkstra’s_Shortest_Path_Algorithm_v1_4145302_fault_locations.csv (already processed)
Skipping Dijkstra’s_Shortest_Path_Algorithm_v2_619649_fault_locations.csv (already processed)
Skipping Dijkstra’s_Shortest_Path_Algorithm_v3_3888347_fault_locations.csv (already processed)
Skipping Dijkstra’s_Shortest_Path_Algorithm_v4_394853_fault_locations.csv (already processed)
Skipping Dijkstra’s_Shortest_Path_Algorithm_v5_1011698_fault_locations.csv (already processed)
Skipping Dijkstra’s_Shortest_Path_Algorithm_v6_252222_fault_locations.csv (already processed)
Skipping Dijkstra’s_Shortest_Path_Algorithm_v8_128748_fault_locations.csv (already processed)
Skipping Dijkstra’s_Shortest_Path_Algorithm_v9_900872_fault_locations.csv (already processed)
Skipping Dilation_Binary_v1_4181360_fault_locations.csv (already processed)
Skipping Dilation_Binary_v2_593691_fault_locations.csv (already processed)
Skipping Dilation_Binary_v4_469919_fault_locations.csv (already processed)
Skipping Dilation_Binary_v5_1091184_fault_locations.csv (already processed)
Skipping Dilation_Binary_v6_217050_fault_locations.csv (already processed)
Skipping Dilation_Binary_v7_4009424_fault_locations.csv (already processed)
Skipping Dilation_Binary_v8_106858_fault_locations.csv (already processed)
Skipping Dilation_Binary_v9_850690_fault_locations.csv (already processed)
Skipping Dinic’s_Maximum_Flow_Algorithm_v1_4147264_fault_locations.csv (already processed)
Skipping Dinic’s_Maximum_Flow_Algorithm_v3_3872534_fault_locations.csv (already processed)
Skipping Dinic’s_Maximum_Flow_Algorithm_v4_482826_fault_locations.csv (already processed)
Skipping Dinic’s_Maximum_Flow_Algorithm_v5_1086490_fault_locations.csv (already processed)
Skipping Dinic’s_Maximum_Flow_Algorithm_v6_384550_fault_locations.csv (already processed)
Skipping Dinic’s_Maximum_Flow_Algorithm_v7_3953867_fault_locations.csv (already processed)
Skipping Dinic’s_Maximum_Flow_Algorithm_v8_195444_fault_locations.csv (already processed)
Skipping Dinic’s_Maximum_Flow_Algorithm_v9_939494_fault_locations.csv (already processed)
Skipping Directed_Acyclic_Graph_Validation_v10_737470_fault_locations.csv (already processed)
Skipping Directed_Acyclic_Graph_Validation_v1_4141208_fault_locations.csv (already processed)
Skipping Directed_Acyclic_Graph_Validation_v3_3874709_fault_locations.csv (already processed)
Skipping Directed_Acyclic_Graph_Validation_v4_462711_fault_locations.csv (already processed)
Skipping Directed_Acyclic_Graph_Validation_v5_983109_fault_locations.csv (already processed)
Skipping Directed_Acyclic_Graph_Validation_v6_224577_fault_locations.csv (already processed)
Skipping Directed_Acyclic_Graph_Validation_v7_4027967_fault_locations.csv (already processed)
Skipping Directed_Acyclic_Graph_Validation_v9_924639_fault_locations.csv (already processed)
Skipping Disco_Diffusion_v10_716341_fault_locations.csv (already processed)
Skipping Disco_Diffusion_v3_3799165_fault_locations.csv (already processed)
Skipping Disco_Diffusion_v4_392343_fault_locations.csv (already processed)
Skipping Disco_Diffusion_v5_1042938_fault_locations.csv (already processed)
Skipping Disco_Diffusion_v7_4011801_fault_locations.csv (already processed)
Skipping Disco_Diffusion_v8_73405_fault_locations.csv (already processed)
Skipping Discontinuous_Galerkin_Method_v4_517441_fault_locations.csv (already processed)
Skipping Discontinuous_Galerkin_Method_v5_1138953_fault_locations.csv (already processed)
Skipping Discontinuous_Galerkin_Method_v9_860972_fault_locations.csv (already processed)
Skipping Discrete_Cosine_Transform_v1_4166777_fault_locations.csv (already processed)
Skipping Discrete_Cosine_Transform_v2_676320_fault_locations.csv (already processed)
Skipping Discrete_Cosine_Transform_v3_3842252_fault_locations.csv (already processed)
Skipping Discrete_Cosine_Transform_v6_350388_fault_locations.csv (already processed)
Skipping Discrete_Cosine_Transform_v7_4067269_fault_locations.csv (already processed)
Skipping Discrete_Cosine_Transform_v9_961302_fault_locations.csv (already processed)
Skipping Discrete_Fourier_Transform_v10_695555_fault_locations.csv (already processed)
Skipping Discrete_Fourier_Transform_v1_22423_fault_locations.csv (already processed)
Skipping Discrete_Fourier_Transform_v3_3816237_fault_locations.csv (already processed)
Skipping Discrete_Fourier_Transform_v7_3951816_fault_locations.csv (already processed)
Skipping Discrete_Fourier_Transform_v9_977474_fault_locations.csv (already processed)
Skipping Discrete_Laplace_Solver_v10_799062_fault_locations.csv (already processed)
Skipping Discrete_Laplace_Solver_v1_4106430_fault_locations.csv (already processed)
Skipping Discrete_Laplace_Solver_v2_604027_fault_locations.csv (already processed)
Skipping Discrete_Laplace_Solver_v5_1101656_fault_locations.csv (already processed)
Skipping Discrete_Laplace_Solver_v6_218978_fault_locations.csv (already processed)
Skipping Discrete_Laplace_Solver_v7_3954505_fault_locations.csv (already processed)
Skipping Discrete_Laplace_Solver_v8_127655_fault_locations.csv (already processed)
Skipping Discrete_Logarithm_via_Baby_Step_Giant_Step_v10_773666_fault_locations.csv (already processed)
Skipping Discrete_Logarithm_via_Baby_Step_Giant_Step_v1_4145740_fault_locations.csv (already processed)
Skipping Discrete_Logarithm_via_Baby_Step_Giant_Step_v3_3929111_fault_locations.csv (already processed)
Skipping Discrete_Logarithm_via_Baby_Step_Giant_Step_v4_524876_fault_locations.csv (already processed)
Skipping Discrete_Logarithm_via_Baby_Step_Giant_Step_v5_1019632_fault_locations.csv (already processed)
Skipping Discrete_Logarithm_via_Baby_Step_Giant_Step_v6_353539_fault_locations.csv (already processed)
Skipping Discrete_Logarithm_via_Baby_Step_Giant_Step_v7_3934593_fault_locations.csv (already processed)
Skipping Discrete_Logarithm_via_Baby_Step_Giant_Step_v8_97265_fault_locations.csv (already processed)
Skipping Discrete_Logarithm_via_Baby_Step_Giant_Step_v9_919112_fault_locations.csv (already processed)
Skipping Distance_Oracle_Construction_v10_719354_fault_locations.csv (already processed)
Skipping Distance_Oracle_Construction_v1_4188572_fault_locations.csv (already processed)
Skipping Distance_Oracle_Construction_v2_545384_fault_locations.csv (already processed)
Skipping Distance_Oracle_Construction_v4_415409_fault_locations.csv (already processed)
Skipping Distance_Oracle_Construction_v5_1097761_fault_locations.csv (already processed)
Skipping Distance_Oracle_Construction_v6_351906_fault_locations.csv (already processed)
Skipping Distance_Oracle_Construction_v7_3955628_fault_locations.csv (already processed)
Skipping Distance_Oracle_Construction_v8_78304_fault_locations.csv (already processed)
Skipping Distance_Oracle_Construction_v9_969518_fault_locations.csv (already processed)
Skipping Distance_Point_to_Line_v7_3967251_fault_locations.csv (already processed)
Skipping Distance_Point_to_Segment_v4_489311_fault_locations.csv (already processed)
Skipping Distance_Point_to_Segment_v9_905848_fault_locations.csv (already processed)
Skipping Divisive_Clustering_v10_721932_fault_locations.csv (already processed)
Skipping Divisive_Clustering_v2_621425_fault_locations.csv (already processed)
Skipping Divisive_Clustering_v4_497968_fault_locations.csv (already processed)
Skipping Divisive_Clustering_v7_4004318_fault_locations.csv (already processed)
Skipping Divisive_Clustering_v9_960068_fault_locations.csv (already processed)
Skipping Domain_Decomposition_v10_792976_fault_locations.csv (already processed)
Skipping Domain_Decomposition_v1_4147236_fault_locations.csv (already processed)
Skipping Domain_Decomposition_v2_659141_fault_locations.csv (already processed)
Skipping Domain_Decomposition_v3_3790794_fault_locations.csv (already processed)
Skipping Domain_Decomposition_v4_524715_fault_locations.csv (already processed)
Skipping Domain_Decomposition_v5_1121228_fault_locations.csv (already processed)
Skipping Domain_Decomposition_v7_3948749_fault_locations.csv (already processed)
Skipping Dormand_Prince_RK45_v2_645021_fault_locations.csv (already processed)
Skipping Dormand_Prince_RK45_v4_489925_fault_locations.csv (already processed)
Skipping Dot_Product_2D_v10_829175_fault_locations.csv (already processed)
Skipping Dot_Product_2D_v1_4151281_fault_locations.csv (already processed)
Skipping Dot_Product_2D_v3_3792541_fault_locations.csv (already processed)
Skipping Dot_Product_2D_v5_1090001_fault_locations.csv (already processed)
Skipping Dot_Product_2D_v6_250023_fault_locations.csv (already processed)
Skipping Dot_Product_2D_v7_4080250_fault_locations.csv (already processed)
Skipping Dot_Product_2D_v8_119917_fault_locations.csv (already processed)
Skipping Dot_Product_2D_v9_844665_fault_locations.csv (already processed)
Skipping Dot_Product_3D_v10_753118_fault_locations.csv (already processed)
Skipping Dot_Product_3D_v1_4128852_fault_locations.csv (already processed)
Skipping Dot_Product_3D_v2_584514_fault_locations.csv (already processed)
Skipping Dot_Product_3D_v3_3860857_fault_locations.csv (already processed)
Skipping Dot_Product_3D_v4_503234_fault_locations.csv (already processed)
Skipping Dot_Product_3D_v5_1135022_fault_locations.csv (already processed)
Skipping Dot_Product_3D_v6_232418_fault_locations.csv (already processed)
Skipping Dot_Product_3D_v7_4005990_fault_locations.csv (already processed)
Skipping Dot_Product_3D_v8_206017_fault_locations.csv (already processed)
Skipping Double_DQN_v3_3865187_fault_locations.csv (already processed)
Skipping Double_DQN_v4_465335_fault_locations.csv (already processed)
Skipping Double_DQN_v8_144462_fault_locations.csv (already processed)
Skipping DPO_Direct_Preference_Optimization_v10_721960_fault_locations.csv (already processed)
Skipping DPO_Direct_Preference_Optimization_v2_619155_fault_locations.csv (already processed)
Skipping DreamBooth_v2_601484_fault_locations.csv (already processed)
Skipping DreamBooth_v3_3837952_fault_locations.csv (already processed)
Skipping DreamBooth_v4_430235_fault_locations.csv (already processed)
Skipping DreamBooth_v5_1067651_fault_locations.csv (already processed)
Skipping DreamBooth_v7_4019378_fault_locations.csv (already processed)
Skipping DreamFusion_v7_4041496_fault_locations.csv (already processed)
Skipping DreamFusion_v8_111784_fault_locations.csv (already processed)
Skipping DreamFusion_v9_870445_fault_locations.csv (already processed)
Skipping Dropout_Regularization_v1_4160642_fault_locations.csv (already processed)
Skipping Dropout_Regularization_v7_4041985_fault_locations.csv (already processed)
Skipping DryGASCON_128_v10_730435_fault_locations.csv (already processed)
Skipping DryGASCON_128_v3_3791320_fault_locations.csv (already processed)
Skipping DryGASCON_128_v4_409034_fault_locations.csv (already processed)
Skipping DryGASCON_128_v5_988880_fault_locations.csv (already processed)
Skipping DryGASCON_256_v1_4175520_fault_locations.csv (already processed)
Skipping DryGASCON_256_v2_655311_fault_locations.csv (already processed)
Skipping DryGASCON_256_v4_418157_fault_locations.csv (already processed)
Skipping DryGASCON_256_v5_1130661_fault_locations.csv (already processed)
Skipping DryGASCON_256_v6_311506_fault_locations.csv (already processed)
Skipping DryGASCON_256_v7_4047355_fault_locations.csv (already processed)
Skipping DryGASCON_256_v8_53222_fault_locations.csv (already processed)
Skipping DryGASCON_256_v9_921039_fault_locations.csv (already processed)
Skipping DSATUR_Coloring_Algorithm_v10_818968_fault_locations.csv (already processed)
Skipping DSATUR_Coloring_Algorithm_v1_4104110_fault_locations.csv (already processed)
Skipping DSATUR_Coloring_Algorithm_v2_641794_fault_locations.csv (already processed)
Skipping DSATUR_Coloring_Algorithm_v3_3804172_fault_locations.csv (already processed)
Skipping DSATUR_Coloring_Algorithm_v4_432920_fault_locations.csv (already processed)
Skipping DSATUR_Coloring_Algorithm_v5_1113347_fault_locations.csv (already processed)
Skipping DSATUR_Coloring_Algorithm_v6_369685_fault_locations.csv (already processed)
Skipping DSATUR_Coloring_Algorithm_v7_3983540_fault_locations.csv (already processed)
Skipping DSATUR_Coloring_Algorithm_v8_147611_fault_locations.csv (already processed)
Skipping DSATUR_Coloring_Algorithm_v9_869228_fault_locations.csv (already processed)
Skipping DSU_Rollback_v10_747810_fault_locations.csv (already processed)
Skipping DSU_Rollback_v2_644190_fault_locations.csv (already processed)
Skipping DSU_Rollback_v3_3896805_fault_locations.csv (already processed)
Skipping DSU_Rollback_v4_425053_fault_locations.csv (already processed)
Skipping DSU_Rollback_v5_1123537_fault_locations.csv (already processed)
Skipping DSU_Rollback_v6_286390_fault_locations.csv (already processed)
Skipping DSU_Rollback_v9_907364_fault_locations.csv (already processed)
Skipping Dual_Graph_Construction_v10_737412_fault_locations.csv (already processed)
Skipping Dual_Graph_Construction_v1_4162597_fault_locations.csv (already processed)
Skipping Dual_Graph_Construction_v2_573581_fault_locations.csv (already processed)
Skipping Dual_Graph_Construction_v4_386839_fault_locations.csv (already processed)
Skipping Dual_Graph_Construction_v5_1003726_fault_locations.csv (already processed)
Skipping Dual_Graph_Construction_v7_4039673_fault_locations.csv (already processed)
Skipping Dual_Graph_Construction_v8_204652_fault_locations.csv (already processed)
Skipping Dual_Graph_Construction_v9_880623_fault_locations.csv (already processed)
Skipping Dual_Simplex_Method_v1_4092872_fault_locations.csv (already processed)
Skipping Dual_Simplex_Method_v2_615988_fault_locations.csv (already processed)
Skipping Dual_Simplex_Method_v3_3836194_fault_locations.csv (already processed)
Skipping Dual_Simplex_Method_v5_1109951_fault_locations.csv (already processed)
Skipping Dual_Simplex_Method_v7_4008240_fault_locations.csv (already processed)
Skipping Dual_Simplex_Method_v8_127931_fault_locations.csv (already processed)
Skipping Dual_Simplex_Method_v9_901938_fault_locations.csv (already processed)
Skipping Dueling_DQN_v1_4140575_fault_locations.csv (already processed)
Skipping Dueling_DQN_v9_868863_fault_locations.csv (already processed)
Skipping Durand_Kerner_Method_v1_14445_fault_locations.csv (already processed)
Skipping Durand_Kerner_Method_v5_1019499_fault_locations.csv (already processed)
Skipping Durand_Kerner_Method_v7_4002383_fault_locations.csv (already processed)
Skipping Dynamic_Articulation_Points_v10_787990_fault_locations.csv (already processed)
Skipping Dynamic_Articulation_Points_v1_26817_fault_locations.csv (already processed)
Skipping Dynamic_Articulation_Points_v3_3892411_fault_locations.csv (already processed)
Skipping Dynamic_Articulation_Points_v5_1084231_fault_locations.csv (already processed)
Skipping Dynamic_Articulation_Points_v6_362722_fault_locations.csv (already processed)
Skipping Dynamic_Articulation_Points_v7_4048382_fault_locations.csv (already processed)
Skipping Dynamic_Articulation_Points_v8_118615_fault_locations.csv (already processed)
Skipping Dynamic_Articulation_Points_v9_914275_fault_locations.csv (already processed)
Skipping Dynamic_Biconnected_Components_v10_717255_fault_locations.csv (already processed)
Skipping Dynamic_Biconnected_Components_v3_3854632_fault_locations.csv (already processed)
Skipping Dynamic_Biconnected_Components_v4_511855_fault_locations.csv (already processed)
Skipping Dynamic_Biconnected_Components_v6_223439_fault_locations.csv (already processed)
Skipping Dynamic_Biconnected_Components_v9_881987_fault_locations.csv (already processed)
Skipping Dynamic_Connectivity_Euler_Tour_Tree_v10_679428_fault_locations.csv (already processed)
Skipping Dynamic_Connectivity_Euler_Tour_Tree_v1_4102758_fault_locations.csv (already processed)
Skipping Dynamic_Connectivity_Euler_Tour_Tree_v2_627999_fault_locations.csv (already processed)
Skipping Dynamic_Connectivity_Euler_Tour_Tree_v3_3874791_fault_locations.csv (already processed)
Skipping Dynamic_Connectivity_Euler_Tour_Tree_v4_508331_fault_locations.csv (already processed)
Skipping Dynamic_Connectivity_Euler_Tour_Tree_v6_324787_fault_locations.csv (already processed)
Skipping Dynamic_Connectivity_Euler_Tour_Tree_v7_3937688_fault_locations.csv (already processed)
Skipping Dynamic_Connectivity_Euler_Tour_Tree_v9_916444_fault_locations.csv (already processed)
Skipping Dynamic_Connectivity_Update_v10_685336_fault_locations.csv (already processed)
Skipping Dynamic_Connectivity_Update_v1_18675_fault_locations.csv (already processed)
Skipping Dynamic_Connectivity_Update_v2_610947_fault_locations.csv (already processed)
Skipping Dynamic_Connectivity_Update_v3_3827203_fault_locations.csv (already processed)
Skipping Dynamic_Connectivity_Update_v4_509307_fault_locations.csv (already processed)
Skipping Dynamic_Connectivity_Update_v5_989640_fault_locations.csv (already processed)
Skipping Dynamic_Connectivity_Update_v6_218414_fault_locations.csv (already processed)
Skipping Dynamic_Connectivity_Update_v7_4051771_fault_locations.csv (already processed)
Skipping Dynamic_Connectivity_Update_v8_159549_fault_locations.csv (already processed)
Skipping Dynamic_Connectivity_Update_v9_977362_fault_locations.csv (already processed)
Skipping Dynamic_Convex_Hull_v10_782630_fault_locations.csv (already processed)
Skipping Dynamic_Convex_Hull_v2_591378_fault_locations.csv (already processed)
Skipping Dynamic_Convex_Hull_v3_3874192_fault_locations.csv (already processed)
Skipping Dynamic_Convex_Hull_v6_272693_fault_locations.csv (already processed)
Skipping Dynamic_Convex_Hull_v8_185954_fault_locations.csv (already processed)
Skipping Dynamic_Convex_Hull_v9_862643_fault_locations.csv (already processed)
Skipping Dynamic_Graph_Connectivity_via_Link_Cut_Trees_v10_701120_fault_locations.csv (already processed)
Skipping Dynamic_Graph_Connectivity_via_Link_Cut_Trees_v1_4118162_fault_locations.csv (already processed)
Skipping Dynamic_Graph_Connectivity_via_Link_Cut_Trees_v3_3789517_fault_locations.csv (already processed)
Skipping Dynamic_Graph_Connectivity_via_Link_Cut_Trees_v4_486089_fault_locations.csv (already processed)
Skipping Dynamic_Graph_Connectivity_via_Link_Cut_Trees_v6_218454_fault_locations.csv (already processed)
Skipping Dynamic_Graph_Connectivity_via_Link_Cut_Trees_v9_909002_fault_locations.csv (already processed)
Skipping Dynamic_MST_Update_v10_686288_fault_locations.csv (already processed)
Skipping Dynamic_MST_Update_v1_4110041_fault_locations.csv (already processed)
Skipping Dynamic_MST_Update_v2_561610_fault_locations.csv (already processed)
Skipping Dynamic_MST_Update_v3_3896746_fault_locations.csv (already processed)
Skipping Dynamic_MST_Update_v4_487074_fault_locations.csv (already processed)
Skipping Dynamic_MST_Update_v5_1128534_fault_locations.csv (already processed)
Skipping Dynamic_MST_Update_v6_229342_fault_locations.csv (already processed)
Skipping Dynamic_MST_Update_v9_902856_fault_locations.csv (already processed)
Skipping Dynamic_Programming_on_DAG_v10_780387_fault_locations.csv (already processed)
Skipping Dynamic_Programming_on_DAG_v2_584602_fault_locations.csv (already processed)
Skipping Dynamic_Programming_on_DAG_v3_3822439_fault_locations.csv (already processed)
Skipping Dynamic_Programming_on_DAG_v4_392533_fault_locations.csv (already processed)
Skipping Dynamic_Programming_on_DAG_v5_1098306_fault_locations.csv (already processed)
Skipping Dynamic_Programming_on_DAG_v6_220958_fault_locations.csv (already processed)
Skipping Dynamic_Programming_on_DAG_v7_4078051_fault_locations.csv (already processed)
Skipping Dynamic_Programming_on_DAG_v8_73977_fault_locations.csv (already processed)
Skipping Dynamic_Programming_on_DAG_v9_968408_fault_locations.csv (already processed)
Skipping Dynamic_Programming_Optimization_v10_703684_fault_locations.csv (already processed)
Skipping Dynamic_Programming_Optimization_v2_665487_fault_locations.csv (already processed)
Skipping Dynamic_Programming_Optimization_v3_3847745_fault_locations.csv (already processed)
Skipping Dynamic_Programming_Optimization_v4_389972_fault_locations.csv (already processed)
Skipping Dynamic_Programming_Optimization_v5_1047241_fault_locations.csv (already processed)
Skipping Dynamic_Programming_Optimization_v6_376874_fault_locations.csv (already processed)
Skipping Dynamic_Programming_Optimization_v7_4078414_fault_locations.csv (already processed)
Skipping Dynamic_Programming_Optimization_v8_98270_fault_locations.csv (already processed)
Skipping Dynamic_Shortest_Path_Recalculation_v10_830453_fault_locations.csv (already processed)
Skipping Dynamic_Shortest_Path_Recalculation_v2_541332_fault_locations.csv (already processed)
Skipping Dynamic_Shortest_Path_Recalculation_v3_3892455_fault_locations.csv (already processed)
Skipping Dynamic_Shortest_Path_Recalculation_v4_412881_fault_locations.csv (already processed)
Skipping Dynamic_Shortest_Path_Recalculation_v5_1028069_fault_locations.csv (already processed)
Skipping Dynamic_Shortest_Path_Recalculation_v6_356642_fault_locations.csv (already processed)
Skipping Dynamic_Shortest_Path_Recalculation_v7_4006005_fault_locations.csv (already processed)
Skipping Dynamic_Shortest_Path_Recalculation_v8_97150_fault_locations.csv (already processed)
Skipping Dynamic_Shortest_Path_Recalculation_v9_971474_fault_locations.csv (already processed)
Skipping Dynamic_Shortest_Path_Update_SPQR_Tree_v10_756342_fault_locations.csv (already processed)
Skipping Dynamic_Shortest_Path_Update_SPQR_Tree_v2_559756_fault_locations.csv (already processed)
Skipping Dynamic_Shortest_Path_Update_SPQR_Tree_v3_3844914_fault_locations.csv (already processed)
Skipping Dynamic_Shortest_Path_Update_SPQR_Tree_v5_979725_fault_locations.csv (already processed)
Skipping Dynamic_Shortest_Path_Update_SPQR_Tree_v7_4069088_fault_locations.csv (already processed)
Skipping Dynamic_Topological_Sort_via_DAG_Maintenance_v10_826179_fault_locations.csv (already processed)
Skipping Dynamic_Topological_Sort_via_DAG_Maintenance_v1_4163474_fault_locations.csv (already processed)
Skipping Dynamic_Topological_Sort_via_DAG_Maintenance_v3_3833468_fault_locations.csv (already processed)
Skipping Dynamic_Topological_Sort_via_DAG_Maintenance_v4_468057_fault_locations.csv (already processed)
Skipping Dynamic_Topological_Sort_via_DAG_Maintenance_v6_225039_fault_locations.csv (already processed)
Skipping Dynamic_Topological_Sort_via_DAG_Maintenance_v7_4009755_fault_locations.csv (already processed)
Skipping Dynamic_Topological_Sort_via_DAG_Maintenance_v8_114949_fault_locations.csv (already processed)
Skipping Dynamic_Topological_Sort_via_DAG_Maintenance_v9_886285_fault_locations.csv (already processed)
Skipping Dynamic_Tree_Link_Cut_Tree_v10_684851_fault_locations.csv (already processed)
Skipping Dynamic_Tree_Link_Cut_Tree_v1_4140642_fault_locations.csv (already processed)
Skipping Dynamic_Tree_Link_Cut_Tree_v2_559770_fault_locations.csv (already processed)
Skipping Dynamic_Tree_Link_Cut_Tree_v4_507334_fault_locations.csv (already processed)
Skipping Dynamic_Tree_Link_Cut_Tree_v5_1115337_fault_locations.csv (already processed)
Skipping Dynamic_Tree_Link_Cut_Tree_v6_367667_fault_locations.csv (already processed)
Skipping Dynamic_Tree_Link_Cut_Tree_v7_4039660_fault_locations.csv (already processed)
Skipping Dynamic_Tree_Link_Cut_Tree_v8_107217_fault_locations.csv (already processed)
Skipping Dynamic_Tree_Link_Cut_Tree_v9_871884_fault_locations.csv (already processed)
Skipping Echo_State_Network_v1_4125398_fault_locations.csv (already processed)
Skipping Echo_State_Network_v5_1053429_fault_locations.csv (already processed)
Skipping Edge_Betweenness_Clustering_Girvan_Newman_v1_34550_fault_locations.csv (already processed)
Skipping Edge_Betweenness_Clustering_Girvan_Newman_v3_3801322_fault_locations.csv (already processed)
Skipping Edge_Betweenness_Clustering_Girvan_Newman_v4_479484_fault_locations.csv (already processed)
Skipping Edge_Betweenness_Clustering_Girvan_Newman_v5_1137074_fault_locations.csv (already processed)
Skipping Edge_Betweenness_Clustering_Girvan_Newman_v6_276884_fault_locations.csv (already processed)
Skipping Edge_Betweenness_Clustering_Girvan_Newman_v7_4059829_fault_locations.csv (already processed)
Skipping Edge_Betweenness_Clustering_Girvan_Newman_v8_158393_fault_locations.csv (already processed)
Skipping Edge_Betweenness_Clustering_Girvan_Newman_v9_969599_fault_locations.csv (already processed)
Skipping Edge_Connectivity_via_Max_Flow_v10_797030_fault_locations.csv (already processed)
Skipping Edge_Connectivity_via_Max_Flow_v1_2965_fault_locations.csv (already processed)
Skipping Edge_Connectivity_via_Max_Flow_v4_525023_fault_locations.csv (already processed)
Skipping Edge_Connectivity_via_Max_Flow_v5_1037348_fault_locations.csv (already processed)
Skipping Edge_Connectivity_via_Max_Flow_v6_250593_fault_locations.csv (already processed)
Skipping Edge_Connectivity_via_Max_Flow_v8_112718_fault_locations.csv (already processed)
Skipping Edge_Connectivity_via_Max_Flow_v9_873170_fault_locations.csv (already processed)
Skipping Edge_Detection_Geometry_v2_560542_fault_locations.csv (already processed)
Skipping Edge_Detection_Geometry_v3_3782253_fault_locations.csv (already processed)
Skipping Edit_Distance_DP_v10_725613_fault_locations.csv (already processed)
Skipping Edit_Distance_DP_v1_4094961_fault_locations.csv (already processed)
Skipping Edit_Distance_DP_v2_675572_fault_locations.csv (already processed)
Skipping Edit_Distance_DP_v3_3834186_fault_locations.csv (already processed)
Skipping Edit_Distance_DP_v4_481271_fault_locations.csv (already processed)
Skipping Edit_Distance_DP_v6_216972_fault_locations.csv (already processed)
Skipping Edit_Distance_DP_v7_4063453_fault_locations.csv (already processed)
Skipping Edit_Distance_DP_v8_75274_fault_locations.csv (already processed)
Skipping Edit_Distance_DP_v9_954152_fault_locations.csv (already processed)
Skipping Edmonds’_Blossom_Algorithm_Maximum_Matching_v10_735344_fault_locations.csv (already processed)
Skipping Edmonds’_Blossom_Algorithm_Maximum_Matching_v2_544391_fault_locations.csv (already processed)
Skipping Edmonds’_Blossom_Algorithm_Maximum_Matching_v4_438124_fault_locations.csv (already processed)
Skipping Edmonds’_Blossom_Algorithm_Maximum_Matching_v5_1078590_fault_locations.csv (already processed)
Skipping Edmonds’_Blossom_Algorithm_Maximum_Matching_v7_4084875_fault_locations.csv (already processed)
Skipping Edmonds’_Blossom_Algorithm_Maximum_Matching_v8_131666_fault_locations.csv (already processed)
Skipping Edmonds’_Blossom_Algorithm_Maximum_Matching_v9_973606_fault_locations.csv (already processed)
Skipping Edmonds_Karp_Maximum_Flow_Algorithm_v10_728987_fault_locations.csv (already processed)
Skipping Edmonds_Karp_Maximum_Flow_Algorithm_v1_36667_fault_locations.csv (already processed)
Skipping Edmonds_Karp_Maximum_Flow_Algorithm_v2_633534_fault_locations.csv (already processed)
Skipping Edmonds_Karp_Maximum_Flow_Algorithm_v4_489899_fault_locations.csv (already processed)
Skipping Edmonds_Karp_Maximum_Flow_Algorithm_v5_1030284_fault_locations.csv (already processed)
Skipping Edmonds_Karp_Maximum_Flow_Algorithm_v6_281587_fault_locations.csv (already processed)
Skipping Edmonds_Karp_Maximum_Flow_Algorithm_v7_4047801_fault_locations.csv (already processed)
Skipping Edmonds_Karp_Maximum_Flow_Algorithm_v9_833569_fault_locations.csv (already processed)
Skipping EfficientNet_v2_573932_fault_locations.csv (already processed)
Skipping EfficientNet_v3_3892943_fault_locations.csv (already processed)
Skipping EfficientNet_v4_389059_fault_locations.csv (already processed)
Skipping EfficientNet_v7_4080321_fault_locations.csv (already processed)
Skipping Egyptian_Fraction_Decomposition_v10_819382_fault_locations.csv (already processed)
Skipping Egyptian_Fraction_Decomposition_v1_10987_fault_locations.csv (already processed)
Skipping Egyptian_Fraction_Decomposition_v2_582876_fault_locations.csv (already processed)
Skipping Egyptian_Fraction_Decomposition_v3_3817748_fault_locations.csv (already processed)
Skipping Egyptian_Fraction_Decomposition_v4_482167_fault_locations.csv (already processed)
Skipping Egyptian_Fraction_Decomposition_v5_1079652_fault_locations.csv (already processed)
Skipping Egyptian_Fraction_Decomposition_v6_233828_fault_locations.csv (already processed)
Skipping Egyptian_Fraction_Decomposition_v7_3953756_fault_locations.csv (already processed)
Skipping Egyptian_Fraction_Decomposition_v8_74011_fault_locations.csv (already processed)
Skipping Egyptian_Fraction_Decomposition_v9_871055_fault_locations.csv (already processed)
Skipping Eigenvalue_Decomposition_v4_430562_fault_locations.csv (already processed)
Skipping Eigenvalue_Decomposition_v8_191839_fault_locations.csv (already processed)
Skipping Eigenvalue_Decomposition_v9_850160_fault_locations.csv (already processed)
Skipping Eigenvector_Centrality_v10_794590_fault_locations.csv (already processed)
Skipping Eigenvector_Centrality_v3_3828467_fault_locations.csv (already processed)
Skipping Eigenvector_Centrality_v4_453626_fault_locations.csv (already processed)
Skipping Eigenvector_Centrality_v8_172743_fault_locations.csv (already processed)
Skipping Eigenvector_Centrality_v9_897691_fault_locations.csv (already processed)
Skipping Elastic_Net_Classifier_v1_4174971_fault_locations.csv (already processed)
Skipping Elastic_Net_Classifier_v4_438483_fault_locations.csv (already processed)
Skipping Elastic_Net_Classifier_v7_4063416_fault_locations.csv (already processed)
Skipping Elastic_Net_Classifier_v8_156504_fault_locations.csv (already processed)
Skipping Elastic_Net_Regression_v10_688533_fault_locations.csv (already processed)
Skipping Elastic_Net_Regression_v3_3900363_fault_locations.csv (already processed)
Skipping Elastic_Net_Regression_v5_1098205_fault_locations.csv (already processed)
Skipping Elastic_Net_Regression_v6_229276_fault_locations.csv (already processed)
Skipping Elastic_Net_Regressor_v2_600476_fault_locations.csv (already processed)
Skipping Elastic_Net_Regressor_v4_498416_fault_locations.csv (already processed)
Skipping Elastic_Net_Regressor_v8_182579_fault_locations.csv (already processed)
Skipping Ellipse_Fitting_v7_4061069_fault_locations.csv (already processed)
Skipping Ellipse_Fitting_v8_199356_fault_locations.csv (already processed)
Skipping Ellipse_Line_Intersection_v6_345159_fault_locations.csv (already processed)
Skipping Ellipse_Line_Intersection_v8_157456_fault_locations.csv (already processed)
Skipping Ellipse_Line_Intersection_v9_892536_fault_locations.csv (already processed)
Skipping Ellipsoid_Method_v3_3792825_fault_locations.csv (already processed)
Skipping Ellipsoid_Method_v4_458395_fault_locations.csv (already processed)
Skipping Ellipsoid_Method_v6_238387_fault_locations.csv (already processed)
Skipping Ellipsoid_Method_v8_149153_fault_locations.csv (already processed)
Skipping Elliptic_Curve_Method_ECM_v10_739354_fault_locations.csv (already processed)
Skipping Elliptic_Curve_Method_ECM_v1_4167497_fault_locations.csv (already processed)
Skipping Elliptic_Curve_Method_ECM_v2_629481_fault_locations.csv (already processed)
Skipping Elliptic_Curve_Method_ECM_v3_3923178_fault_locations.csv (already processed)
Skipping Elliptic_Curve_Method_ECM_v5_994974_fault_locations.csv (already processed)
Skipping Elliptic_Curve_Method_ECM_v7_4055991_fault_locations.csv (already processed)
Skipping Elliptic_Curve_Method_ECM_v8_98770_fault_locations.csv (already processed)
Skipping Elliptic_Curve_Primality_Proving_ECPP_v10_804978_fault_locations.csv (already processed)
Skipping Elliptic_Curve_Primality_Proving_ECPP_v1_4143734_fault_locations.csv (already processed)
Skipping Elliptic_Curve_Primality_Proving_ECPP_v2_574390_fault_locations.csv (already processed)
Skipping Elliptic_Curve_Primality_Proving_ECPP_v3_3828375_fault_locations.csv (already processed)
Skipping Elliptic_Curve_Primality_Proving_ECPP_v4_494210_fault_locations.csv (already processed)
Skipping Elliptic_Curve_Primality_Proving_ECPP_v5_1115321_fault_locations.csv (already processed)
Skipping Elliptic_Curve_Primality_Proving_ECPP_v6_377180_fault_locations.csv (already processed)
Skipping Elliptic_Curve_Primality_Proving_ECPP_v7_3987916_fault_locations.csv (already processed)
Skipping Elliptic_Curve_Primality_Proving_ECPP_v8_76985_fault_locations.csv (already processed)
Skipping Elliptic_Filter_v10_725858_fault_locations.csv (already processed)
Skipping Elliptic_Filter_v1_10736_fault_locations.csv (already processed)
Skipping Elliptic_Filter_v2_623417_fault_locations.csv (already processed)
Skipping Elliptic_Filter_v3_3813419_fault_locations.csv (already processed)
Skipping Elliptic_Filter_v4_400651_fault_locations.csv (already processed)
Skipping Elliptic_Filter_v6_320162_fault_locations.csv (already processed)
Skipping Elliptic_Filter_v7_3978057_fault_locations.csv (already processed)
Skipping Elliptic_Filter_v9_871453_fault_locations.csv (already processed)
Skipping ELMo_v2_670945_fault_locations.csv (already processed)
Skipping ELMo_v5_997815_fault_locations.csv (already processed)
Skipping Energy_Based_GAN_v4_455724_fault_locations.csv (already processed)
Skipping Energy_Based_GAN_v7_3994177_fault_locations.csv (already processed)
Skipping Ensemble_Averaging_v2_568754_fault_locations.csv (already processed)
Skipping Ensemble_Averaging_v3_3834479_fault_locations.csv (already processed)
Skipping Ensemble_Averaging_v4_461053_fault_locations.csv (already processed)
Skipping Ensemble_Averaging_v5_995573_fault_locations.csv (already processed)
Skipping Ensemble_Averaging_v6_250072_fault_locations.csv (already processed)
Skipping Ensemble_Averaging_v7_3976127_fault_locations.csv (already processed)
Skipping Ensemble_Averaging_v9_972829_fault_locations.csv (already processed)
Skipping Eppstein’s_K_Shortest_Paths_Algorithm_v10_751902_fault_locations.csv (already processed)
Skipping Eppstein’s_K_Shortest_Paths_Algorithm_v3_3824611_fault_locations.csv (already processed)
Skipping Erosion_Binary_v10_792020_fault_locations.csv (already processed)
Skipping Erosion_Binary_v1_39680_fault_locations.csv (already processed)
Skipping Erosion_Binary_v2_599812_fault_locations.csv (already processed)
Skipping Erosion_Binary_v3_3913523_fault_locations.csv (already processed)
Skipping Erosion_Binary_v4_500159_fault_locations.csv (already processed)
Skipping Erosion_Binary_v5_989882_fault_locations.csv (already processed)
Skipping Erosion_Binary_v6_296265_fault_locations.csv (already processed)
Skipping Erosion_Binary_v7_4019318_fault_locations.csv (already processed)
Skipping Erosion_Binary_v8_85939_fault_locations.csv (already processed)
Skipping ESRGAN_v2_647346_fault_locations.csv (already processed)
Skipping ESRGAN_v9_841246_fault_locations.csv (already processed)
Skipping Euclidean_Algorithm_v10_778662_fault_locations.csv (already processed)
Skipping Euclidean_Algorithm_v3_3824094_fault_locations.csv (already processed)
Skipping Euclidean_Algorithm_v4_415030_fault_locations.csv (already processed)
Skipping Euclidean_Algorithm_v5_1116895_fault_locations.csv (already processed)
Skipping Euclidean_Algorithm_v6_213966_fault_locations.csv (already processed)
Skipping Euclidean_Algorithm_v7_4064166_fault_locations.csv (already processed)
Skipping Euclidean_Algorithm_v8_129303_fault_locations.csv (already processed)
Skipping Euclidean_Algorithm_v9_907442_fault_locations.csv (already processed)
Skipping Euclidean_Division_Algorithm_v10_683917_fault_locations.csv (already processed)
Skipping Euclidean_Division_Algorithm_v1_33816_fault_locations.csv (already processed)
Skipping Euclidean_Division_Algorithm_v2_538435_fault_locations.csv (already processed)
Skipping Euclidean_Division_Algorithm_v4_472259_fault_locations.csv (already processed)
Skipping Euclidean_Division_Algorithm_v5_1015979_fault_locations.csv (already processed)
Skipping Euclidean_Division_Algorithm_v6_377998_fault_locations.csv (already processed)
Skipping Euclidean_Division_Algorithm_v7_4058612_fault_locations.csv (already processed)
Skipping Euclidean_Division_Algorithm_v9_832608_fault_locations.csv (already processed)
Skipping Euler_Characteristic_v10_710976_fault_locations.csv (already processed)
Skipping Euler_Characteristic_v1_4147298_fault_locations.csv (already processed)
Skipping Euler_Characteristic_v2_629107_fault_locations.csv (already processed)
Skipping Euler_Characteristic_v3_3849328_fault_locations.csv (already processed)
Skipping Euler_Characteristic_v4_409056_fault_locations.csv (already processed)
Skipping Euler_Characteristic_v5_1019596_fault_locations.csv (already processed)
Skipping Euler_Characteristic_v6_282968_fault_locations.csv (already processed)
Skipping Euler_Characteristic_v7_4040168_fault_locations.csv (already processed)
Skipping Euler_Characteristic_v8_114244_fault_locations.csv (already processed)
Skipping Euler_Characteristic_v9_973619_fault_locations.csv (already processed)
Skipping Eulerian_Circuit_Algorithm_v10_693937_fault_locations.csv (already processed)
Skipping Eulerian_Circuit_Algorithm_v1_28181_fault_locations.csv (already processed)
Skipping Eulerian_Circuit_Algorithm_v2_653718_fault_locations.csv (already processed)
Skipping Eulerian_Circuit_Algorithm_v3_3914016_fault_locations.csv (already processed)
Skipping Eulerian_Circuit_Algorithm_v4_476743_fault_locations.csv (already processed)
Skipping Eulerian_Circuit_Algorithm_v5_1046794_fault_locations.csv (already processed)
Skipping Eulerian_Circuit_Algorithm_v6_269248_fault_locations.csv (already processed)
Skipping Eulerian_Circuit_Algorithm_v7_4049735_fault_locations.csv (already processed)
Skipping Eulerian_Circuit_Algorithm_v9_882550_fault_locations.csv (already processed)
Skipping Eulerian_Path_Algorithm_Hierholzer’s_v10_704466_fault_locations.csv (already processed)
Skipping Eulerian_Path_Algorithm_Hierholzer’s_v1_4093719_fault_locations.csv (already processed)
Skipping Eulerian_Path_Algorithm_Hierholzer’s_v2_545453_fault_locations.csv (already processed)
Skipping Eulerian_Path_Algorithm_Hierholzer’s_v3_3863932_fault_locations.csv (already processed)
Skipping Eulerian_Path_Algorithm_Hierholzer’s_v4_460985_fault_locations.csv (already processed)
Skipping Eulerian_Path_Algorithm_Hierholzer’s_v5_996215_fault_locations.csv (already processed)
Skipping Eulerian_Path_Algorithm_Hierholzer’s_v6_323771_fault_locations.csv (already processed)
Skipping Eulerian_Path_Algorithm_Hierholzer’s_v7_4053974_fault_locations.csv (already processed)
Skipping Eulerian_Path_Algorithm_Hierholzer’s_v8_47626_fault_locations.csv (already processed)
Skipping Eulerian_Path_Algorithm_Hierholzer’s_v9_936765_fault_locations.csv (already processed)
Skipping Eulerian_Trail_Construction_v10_773028_fault_locations.csv (already processed)
Skipping Eulerian_Trail_Construction_v1_4165788_fault_locations.csv (already processed)
Skipping Eulerian_Trail_Construction_v2_614737_fault_locations.csv (already processed)
Skipping Eulerian_Trail_Construction_v3_3895731_fault_locations.csv (already processed)
Skipping Eulerian_Trail_Construction_v4_519565_fault_locations.csv (already processed)
Skipping Eulerian_Trail_Construction_v5_1097724_fault_locations.csv (already processed)
Skipping Eulerian_Trail_Construction_v6_280332_fault_locations.csv (already processed)
Skipping Eulerian_Trail_Construction_v7_4045942_fault_locations.csv (already processed)
Skipping Eulerian_Trail_Construction_v9_877819_fault_locations.csv (already processed)
Skipping Euler_Method_v1_4128122_fault_locations.csv (already processed)
Skipping Euler_Method_v2_549901_fault_locations.csv (already processed)
Skipping Euler_Method_v3_3785908_fault_locations.csv (already processed)
Skipping Euler_Method_v5_1086859_fault_locations.csv (already processed)
Skipping Euler_Method_v6_309426_fault_locations.csv (already processed)
Skipping Euler_Method_v8_209286_fault_locations.csv (already processed)
Skipping Euler’s_Method_v10_746939_fault_locations.csv (already processed)
Skipping Euler’s_Method_v1_4131215_fault_locations.csv (already processed)
Skipping Euler’s_Method_v2_593227_fault_locations.csv (already processed)
Skipping Euler’s_Method_v4_413820_fault_locations.csv (already processed)
Skipping Euler’s_Method_v6_294652_fault_locations.csv (already processed)
Skipping Euler’s_Method_v7_3981943_fault_locations.csv (already processed)
Skipping Euler’s_Method_v9_944651_fault_locations.csv (already processed)
Skipping Euler’s_Theorem_v10_797531_fault_locations.csv (already processed)
Skipping Euler’s_Theorem_v1_4139513_fault_locations.csv (already processed)
Skipping Euler’s_Theorem_v2_671502_fault_locations.csv (already processed)
Skipping Euler’s_Theorem_v3_3828560_fault_locations.csv (already processed)
Skipping Euler’s_Theorem_v4_391014_fault_locations.csv (already processed)
Skipping Euler’s_Theorem_v5_1131488_fault_locations.csv (already processed)
Skipping Euler’s_Theorem_v6_269563_fault_locations.csv (already processed)
Skipping Euler’s_Theorem_v7_3941227_fault_locations.csv (already processed)
Skipping Euler’s_Theorem_v8_194732_fault_locations.csv (already processed)
Skipping Euler’s_Theorem_v9_893927_fault_locations.csv (already processed)
Skipping Euler’s_Totient_Function_v10_719021_fault_locations.csv (already processed)
Skipping Euler’s_Totient_Function_v1_4126889_fault_locations.csv (already processed)
Skipping Euler’s_Totient_Function_v2_614934_fault_locations.csv (already processed)
Skipping Euler’s_Totient_Function_v3_3796535_fault_locations.csv (already processed)
Skipping Euler’s_Totient_Function_v4_518297_fault_locations.csv (already processed)
Skipping Euler’s_Totient_Function_v5_982673_fault_locations.csv (already processed)
Skipping Euler’s_Totient_Function_v6_256024_fault_locations.csv (already processed)
Skipping Euler’s_Totient_Function_v7_4067322_fault_locations.csv (already processed)
Skipping Euler’s_Totient_Function_v8_113826_fault_locations.csv (already processed)
Skipping Euler_Tour_+_RMQ_for_LCA_v10_730361_fault_locations.csv (already processed)
Skipping Euler_Tour_+_RMQ_for_LCA_v2_573888_fault_locations.csv (already processed)
Skipping Euler_Tour_+_RMQ_for_LCA_v4_396805_fault_locations.csv (already processed)
Skipping Euler_Tour_+_RMQ_for_LCA_v5_1123652_fault_locations.csv (already processed)
Skipping Euler_Tour_+_RMQ_for_LCA_v8_115175_fault_locations.csv (already processed)
Skipping Euler_Tour_+_RMQ_for_LCA_v9_952458_fault_locations.csv (already processed)
Skipping Euler_Tour_Tree_v10_746382_fault_locations.csv (already processed)
Skipping Euler_Tour_Tree_v1_4174094_fault_locations.csv (already processed)
Skipping Euler_Tour_Tree_v2_535164_fault_locations.csv (already processed)
Skipping Euler_Tour_Tree_v3_3880904_fault_locations.csv (already processed)
Skipping Euler_Tour_Tree_v4_459997_fault_locations.csv (already processed)
Skipping Euler_Tour_Tree_v6_327895_fault_locations.csv (already processed)
Skipping Euler_Tour_Tree_v8_161898_fault_locations.csv (already processed)
Skipping Euler_Tour_Tree_v9_846450_fault_locations.csv (already processed)
Skipping Evolutionary_NAS_v10_693962_fault_locations.csv (already processed)
Skipping Evolutionary_NAS_v3_3819971_fault_locations.csv (already processed)
Skipping Evolutionary_NAS_v7_4080427_fault_locations.csv (already processed)
Skipping Evolution_Strategies_v10_741810_fault_locations.csv (already processed)
Skipping Evolution_Strategies_v8_95706_fault_locations.csv (already processed)
Skipping Expectation_Propagation_v10_685597_fault_locations.csv (already processed)
Skipping Expectation_Propagation_v3_3831223_fault_locations.csv (already processed)
Skipping Expectation_Propagation_v4_456523_fault_locations.csv (already processed)
Skipping Expectation_Propagation_v5_1008363_fault_locations.csv (already processed)
Skipping Expectation_Propagation_v6_324640_fault_locations.csv (already processed)
Skipping Expectation_Propagation_v7_3932253_fault_locations.csv (already processed)
Skipping Expectation_Propagation_v8_71906_fault_locations.csv (already processed)
Skipping Extended_Euclidean_Algorithm_v10_816814_fault_locations.csv (already processed)
Skipping Extended_Euclidean_Algorithm_v1_4095397_fault_locations.csv (already processed)
Skipping Extended_Euclidean_Algorithm_v2_640413_fault_locations.csv (already processed)
Skipping Extended_Euclidean_Algorithm_v4_408698_fault_locations.csv (already processed)
Skipping Extended_Euclidean_Algorithm_v5_1111371_fault_locations.csv (already processed)
Skipping Extended_Euclidean_Algorithm_v6_246015_fault_locations.csv (already processed)
Skipping Extended_Euclidean_Algorithm_v7_3953664_fault_locations.csv (already processed)
Skipping Extended_Euclidean_Algorithm_v8_148110_fault_locations.csv (already processed)
Skipping Extended_Euclidean_Algorithm_v9_958250_fault_locations.csv (already processed)
Skipping Extended_Kalman_Control_v1_4119228_fault_locations.csv (already processed)
Skipping Extended_Kalman_Control_v4_418662_fault_locations.csv (already processed)
Skipping Extended_Kalman_Control_v5_1021603_fault_locations.csv (already processed)
Skipping Extended_Kalman_Filter_v3_3788741_fault_locations.csv (already processed)
Skipping Extended_Kalman_Filter_v6_317612_fault_locations.csv (already processed)
Skipping Extended_Kalman_Filter_v7_3993119_fault_locations.csv (already processed)
Skipping Extended_Kalman_Filter_v8_82545_fault_locations.csv (already processed)
Skipping Extra_Trees_Regressor_v1_4193641_fault_locations.csv (already processed)
Skipping Extra_Trees_Regressor_v7_3947598_fault_locations.csv (already processed)
Skipping Extra_Trees_v2_568519_fault_locations.csv (already processed)
Skipping Extra_Trees_v6_216096_fault_locations.csv (already processed)
Skipping Factor_Analysis_v2_627888_fault_locations.csv (already processed)
Skipping Factor_Analysis_v6_231027_fault_locations.csv (already processed)
Skipping Falcon_v1_16280_fault_locations.csv (already processed)
Skipping Falcon_v2_597210_fault_locations.csv (already processed)
Skipping Falcon_v4_453245_fault_locations.csv (already processed)
Skipping Falcon_v5_1141208_fault_locations.csv (already processed)
Skipping Falcon_v6_312172_fault_locations.csv (already processed)
Skipping Falcon_v7_3965801_fault_locations.csv (already processed)
Skipping Falcon_v9_938291_fault_locations.csv (already processed)
Skipping Farey_Sequence_Generation_v1_4169784_fault_locations.csv (already processed)
Skipping Farey_Sequence_Generation_v2_529722_fault_locations.csv (already processed)
Skipping Farey_Sequence_Generation_v4_436549_fault_locations.csv (already processed)
Skipping Farey_Sequence_Generation_v5_988649_fault_locations.csv (already processed)
Skipping Farey_Sequence_Generation_v6_353597_fault_locations.csv (already processed)
Skipping Farey_Sequence_Generation_v7_3942987_fault_locations.csv (already processed)
Skipping Farey_Sequence_Generation_v8_152934_fault_locations.csv (already processed)
Skipping Farey_Sequence_Generation_v9_854212_fault_locations.csv (already processed)
Skipping Farthest_Pair_of_Points_v4_458037_fault_locations.csv (already processed)
Skipping Farthest_Pair_of_Points_v5_1013909_fault_locations.csv (already processed)
Skipping Fast_Determinant_via_Gaussian_Elimination_v10_750381_fault_locations.csv (already processed)
Skipping Fast_Determinant_via_Gaussian_Elimination_v2_666677_fault_locations.csv (already processed)
Skipping Fast_Determinant_via_Gaussian_Elimination_v3_3923458_fault_locations.csv (already processed)
Skipping Fast_Determinant_via_Gaussian_Elimination_v5_1133829_fault_locations.csv (already processed)
Skipping Fast_Determinant_via_Gaussian_Elimination_v6_347860_fault_locations.csv (already processed)
Skipping Fast_Determinant_via_Gaussian_Elimination_v7_3961913_fault_locations.csv (already processed)
Skipping Fast_Determinant_via_Gaussian_Elimination_v8_83506_fault_locations.csv (already processed)
Skipping Fast_Doubling_for_Fibonacci_Numbers_v10_768862_fault_locations.csv (already processed)
Skipping Fast_Doubling_for_Fibonacci_Numbers_v1_4161614_fault_locations.csv (already processed)
Skipping Fast_Doubling_for_Fibonacci_Numbers_v2_668326_fault_locations.csv (already processed)
Skipping Fast_Doubling_for_Fibonacci_Numbers_v3_3848413_fault_locations.csv (already processed)
Skipping Fast_Doubling_for_Fibonacci_Numbers_v4_476398_fault_locations.csv (already processed)
Skipping Fast_Doubling_for_Fibonacci_Numbers_v5_988713_fault_locations.csv (already processed)
Skipping Fast_Doubling_for_Fibonacci_Numbers_v6_324165_fault_locations.csv (already processed)
Skipping Fast_Doubling_for_Fibonacci_Numbers_v7_4011872_fault_locations.csv (already processed)
Skipping Fast_Doubling_for_Fibonacci_Numbers_v9_874114_fault_locations.csv (already processed)
Skipping Faster_R_CNN_v1_4128886_fault_locations.csv (already processed)
Skipping Faster_R_CNN_v2_673048_fault_locations.csv (already processed)
Skipping Faster_R_CNN_v5_1015966_fault_locations.csv (already processed)
Skipping Faster_R_CNN_v8_57106_fault_locations.csv (already processed)
Skipping Fast_Floating_Point_Multiplication_v10_718571_fault_locations.csv (already processed)
Skipping Fast_Floating_Point_Multiplication_v1_4086219_fault_locations.csv (already processed)
Skipping Fast_Floating_Point_Multiplication_v3_3841009_fault_locations.csv (already processed)
Skipping Fast_Floating_Point_Multiplication_v4_496713_fault_locations.csv (already processed)
Skipping Fast_Floating_Point_Multiplication_v5_981289_fault_locations.csv (already processed)
Skipping Fast_Floating_Point_Multiplication_v6_211192_fault_locations.csv (already processed)
Skipping Fast_Floating_Point_Multiplication_v8_202981_fault_locations.csv (already processed)
Skipping Fast_Floating_Point_Multiplication_v9_920904_fault_locations.csv (already processed)
Skipping Fast_Fourier_Transform_v2_535463_fault_locations.csv (already processed)
Skipping Fast_Fourier_Transform_v3_3787638_fault_locations.csv (already processed)
Skipping Fast_Fourier_Transform_v6_227183_fault_locations.csv (already processed)
Skipping Fast_Fourier_Transform_v7_3962282_fault_locations.csv (already processed)
Skipping Fast_Fourier_Transform_v8_131182_fault_locations.csv (already processed)
Skipping Fast_Marching_Method_v6_363946_fault_locations.csv (already processed)
Skipping Fast_Marching_Method_v9_954462_fault_locations.csv (already processed)
Skipping Fast_Modular_Reduction_Montgomery_v10_685107_fault_locations.csv (already processed)
Skipping Fast_Modular_Reduction_Montgomery_v1_4173956_fault_locations.csv (already processed)
Skipping Fast_Modular_Reduction_Montgomery_v2_652207_fault_locations.csv (already processed)
Skipping Fast_Modular_Reduction_Montgomery_v3_3787917_fault_locations.csv (already processed)
Skipping Fast_Modular_Reduction_Montgomery_v4_402347_fault_locations.csv (already processed)
Skipping Fast_Modular_Reduction_Montgomery_v5_1133873_fault_locations.csv (already processed)
Skipping Fast_Modular_Reduction_Montgomery_v6_271168_fault_locations.csv (already processed)
Skipping Fast_Modular_Reduction_Montgomery_v7_4017462_fault_locations.csv (already processed)
Skipping Fast_Modular_Reduction_Montgomery_v8_68106_fault_locations.csv (already processed)
Skipping Fast_Modular_Reduction_Montgomery_v9_849018_fault_locations.csv (already processed)
Skipping Fast_Multipole_Method_v10_746208_fault_locations.csv (already processed)
Skipping Fast_Multipole_Method_v5_1056939_fault_locations.csv (already processed)
Skipping Fast_Poisson_Solver_v1_4117298_fault_locations.csv (already processed)
Skipping Fast_Poisson_Solver_v8_110946_fault_locations.csv (already processed)
Skipping Fast_Power_Mod_v10_823434_fault_locations.csv (already processed)
Skipping Fast_Power_Mod_v1_21971_fault_locations.csv (already processed)
Skipping Fast_Power_Mod_v2_645346_fault_locations.csv (already processed)
Skipping Fast_Power_Mod_v3_3834545_fault_locations.csv (already processed)
Skipping Fast_Power_Mod_v4_487092_fault_locations.csv (already processed)
Skipping Fast_Power_Mod_v5_1130600_fault_locations.csv (already processed)
Skipping Fast_Power_Mod_v6_366469_fault_locations.csv (already processed)
Skipping Fast_Power_Mod_v7_3948295_fault_locations.csv (already processed)
Skipping Fast_Power_Mod_v8_131577_fault_locations.csv (already processed)
Skipping Fast_Power_Mod_v9_860933_fault_locations.csv (already processed)
Skipping FastText_v3_3820821_fault_locations.csv (already processed)
Skipping FastText_v7_3980069_fault_locations.csv (already processed)
Skipping FastText_v9_896104_fault_locations.csv (already processed)
Skipping Fast_Walsh_Hadamard_Transform_v10_690607_fault_locations.csv (already processed)
Skipping Fast_Walsh_Hadamard_Transform_v1_34041_fault_locations.csv (already processed)
Skipping Fast_Walsh_Hadamard_Transform_v2_653398_fault_locations.csv (already processed)
Skipping Fast_Walsh_Hadamard_Transform_v3_3854405_fault_locations.csv (already processed)
Skipping Fast_Walsh_Hadamard_Transform_v4_395165_fault_locations.csv (already processed)
Skipping Fast_Walsh_Hadamard_Transform_v5_1126975_fault_locations.csv (already processed)
Skipping Fast_Walsh_Hadamard_Transform_v6_351890_fault_locations.csv (already processed)
Skipping Fast_Walsh_Hadamard_Transform_v7_4052306_fault_locations.csv (already processed)
Skipping Fast_Walsh_Hadamard_Transform_v8_122292_fault_locations.csv (already processed)
Skipping Fast_Walsh_Hadamard_Transform_v9_943005_fault_locations.csv (already processed)
Skipping FEAL_8_v10_765057_fault_locations.csv (already processed)
Skipping FEAL_8_v1_4167412_fault_locations.csv (already processed)
Skipping FEAL_8_v2_658790_fault_locations.csv (already processed)
Skipping FEAL_8_v3_3893841_fault_locations.csv (already processed)
Skipping FEAL_8_v4_522225_fault_locations.csv (already processed)
Skipping FEAL_8_v5_1017508_fault_locations.csv (already processed)
Skipping FEAL_8_v6_316686_fault_locations.csv (already processed)
Skipping FEAL_8_v7_4005472_fault_locations.csv (already processed)
Skipping FEAL_8_v8_177866_fault_locations.csv (already processed)
Skipping FEAL_8_v9_891295_fault_locations.csv (already processed)
Skipping FEAL_N_v10_789390_fault_locations.csv (already processed)
Skipping FEAL_N_v1_4929_fault_locations.csv (already processed)
Skipping FEAL_N_v3_3872208_fault_locations.csv (already processed)
Skipping FEAL_N_v4_423242_fault_locations.csv (already processed)
Skipping FEAL_N_v5_1048417_fault_locations.csv (already processed)
Skipping FEAL_N_v6_286606_fault_locations.csv (already processed)
Skipping FEAL_N_v7_4054447_fault_locations.csv (already processed)
Skipping FEAL_N_v8_143303_fault_locations.csv (already processed)
Skipping FEAL_N_v9_963663_fault_locations.csv (already processed)
Skipping Feature_Matching_Geometry_v10_774083_fault_locations.csv (already processed)
Skipping Feature_Matching_Geometry_v7_3980185_fault_locations.csv (already processed)
Skipping Feature_Matching_Geometry_v9_926808_fault_locations.csv (already processed)
Skipping Feedback_Arc_Set_Heuristic_v10_770130_fault_locations.csv (already processed)
Skipping Feedback_Arc_Set_Heuristic_v1_4152550_fault_locations.csv (already processed)
Skipping Feedback_Arc_Set_Heuristic_v2_565220_fault_locations.csv (already processed)
Skipping Feedback_Arc_Set_Heuristic_v3_3924313_fault_locations.csv (already processed)
Skipping Feedback_Arc_Set_Heuristic_v4_458873_fault_locations.csv (already processed)
Skipping Feedback_Arc_Set_Heuristic_v5_1137468_fault_locations.csv (already processed)
Skipping Feedback_Arc_Set_Heuristic_v6_247823_fault_locations.csv (already processed)
Skipping Feedback_Arc_Set_Heuristic_v7_3940430_fault_locations.csv (already processed)
Skipping Feedback_Arc_Set_Heuristic_v8_187900_fault_locations.csv (already processed)
Skipping Feedback_Arc_Set_Heuristic_v9_908112_fault_locations.csv (already processed)
Skipping Feedback_Vertex_Set_Approximation_v10_729336_fault_locations.csv (already processed)
Skipping Feedback_Vertex_Set_Approximation_v1_4114533_fault_locations.csv (already processed)
Skipping Feedback_Vertex_Set_Approximation_v2_529012_fault_locations.csv (already processed)
Skipping Feedback_Vertex_Set_Approximation_v3_3799076_fault_locations.csv (already processed)
Skipping Feedback_Vertex_Set_Approximation_v4_391034_fault_locations.csv (already processed)
Skipping Feedback_Vertex_Set_Approximation_v5_978345_fault_locations.csv (already processed)
Skipping Feedback_Vertex_Set_Approximation_v6_368484_fault_locations.csv (already processed)
Skipping Feedback_Vertex_Set_Approximation_v7_4062520_fault_locations.csv (already processed)
Skipping Feedback_Vertex_Set_Approximation_v8_114056_fault_locations.csv (already processed)
Skipping Feedback_Vertex_Set_Approximation_v9_906401_fault_locations.csv (already processed)
Skipping Feedforward_Neural_Network_v10_762670_fault_locations.csv (already processed)
Skipping Feedforward_Neural_Network_v3_3916647_fault_locations.csv (already processed)
Skipping Feedforward_Neural_Network_v4_468071_fault_locations.csv (already processed)
Skipping Feedforward_Neural_Network_v9_936833_fault_locations.csv (already processed)
Skipping Fehlberg_RK45_v10_688500_fault_locations.csv (already processed)
Skipping Fehlberg_RK45_v3_3818566_fault_locations.csv (already processed)
Skipping Fehlberg_RK45_v4_511843_fault_locations.csv (already processed)
Skipping Fehlberg_RK45_v5_1034250_fault_locations.csv (already processed)
Skipping Fehlberg_RK45_v6_228955_fault_locations.csv (already processed)
Skipping Fehlberg_RK45_v7_3935777_fault_locations.csv (already processed)
Skipping Fehlberg_RK45_v8_122334_fault_locations.csv (already processed)
Skipping Fehlberg_RK45_v9_866226_fault_locations.csv (already processed)
Skipping Fenwick_Tree_for_LCA_Distance_v1_19327_fault_locations.csv (already processed)
Skipping Fenwick_Tree_for_LCA_Distance_v2_630165_fault_locations.csv (already processed)
Skipping Fenwick_Tree_for_LCA_Distance_v3_3905812_fault_locations.csv (already processed)
Skipping Fenwick_Tree_for_LCA_Distance_v5_1053383_fault_locations.csv (already processed)
Skipping Fenwick_Tree_for_LCA_Distance_v6_267264_fault_locations.csv (already processed)
Skipping Fenwick_Tree_for_LCA_Distance_v7_3989415_fault_locations.csv (already processed)
Skipping Fenwick_Tree_for_LCA_Distance_v8_156853_fault_locations.csv (already processed)
Skipping Fenwick_Tree_for_LCA_Distance_v9_923109_fault_locations.csv (already processed)
Skipping Fenwick_Tree_Geometry_Query_v10_796303_fault_locations.csv (already processed)
Skipping Fenwick_Tree_Geometry_Query_v1_4128908_fault_locations.csv (already processed)
Skipping Fenwick_Tree_Geometry_Query_v2_544069_fault_locations.csv (already processed)
Skipping Fenwick_Tree_Geometry_Query_v3_3904481_fault_locations.csv (already processed)
Skipping Fenwick_Tree_Geometry_Query_v4_448176_fault_locations.csv (already processed)
Skipping Fenwick_Tree_Geometry_Query_v5_995382_fault_locations.csv (already processed)
Skipping Fenwick_Tree_Geometry_Query_v6_254880_fault_locations.csv (already processed)
Skipping Fenwick_Tree_Geometry_Query_v7_4019006_fault_locations.csv (already processed)
Skipping Fenwick_Tree_Geometry_Query_v8_60587_fault_locations.csv (already processed)
Skipping Fenwick_Tree_Geometry_Query_v9_907062_fault_locations.csv (already processed)
Skipping Fermat_Factorization_Method_v1_4137202_fault_locations.csv (already processed)
Skipping Fermat_Factorization_Method_v4_482851_fault_locations.csv (already processed)
Skipping Fermat_Factorization_Method_v5_1100697_fault_locations.csv (already processed)
Skipping Fermat_Factorization_Method_v6_280466_fault_locations.csv (already processed)
Skipping Fermat_Factorization_Method_v7_4058809_fault_locations.csv (already processed)
Skipping Fermat_Factorization_Method_v8_123450_fault_locations.csv (already processed)
Skipping Fermat_Factorization_Method_v9_879079_fault_locations.csv (already processed)
Skipping Fermat_Point_Computation_v3_3856657_fault_locations.csv (already processed)
Skipping Fermat_Point_Computation_v9_966323_fault_locations.csv (already processed)
Skipping Fermat_Primality_Test_v10_819335_fault_locations.csv (already processed)
Skipping Fermat_Primality_Test_v1_34423_fault_locations.csv (already processed)
Skipping Fermat_Primality_Test_v2_570997_fault_locations.csv (already processed)
Skipping Fermat_Primality_Test_v3_3878960_fault_locations.csv (already processed)
Skipping Fermat_Primality_Test_v5_1105830_fault_locations.csv (already processed)
Skipping Fermat_Primality_Test_v6_311871_fault_locations.csv (already processed)
Skipping Fermat_Primality_Test_v7_3958298_fault_locations.csv (already processed)
Skipping Fermat_Primality_Test_v8_161292_fault_locations.csv (already processed)
Skipping Fermat_Primality_Test_v9_884498_fault_locations.csv (already processed)
Skipping Fermat’s_Little_Theorem_v10_734266_fault_locations.csv (already processed)
Skipping Fermat’s_Little_Theorem_v1_4093903_fault_locations.csv (already processed)
Skipping Fermat’s_Little_Theorem_v2_573702_fault_locations.csv (already processed)
Skipping Fermat’s_Little_Theorem_v3_3868979_fault_locations.csv (already processed)
Skipping Fermat’s_Little_Theorem_v4_415969_fault_locations.csv (already processed)
Skipping Fermat’s_Little_Theorem_v5_1033168_fault_locations.csv (already processed)
Skipping Fermat’s_Little_Theorem_v6_384408_fault_locations.csv (already processed)
Skipping Fermat’s_Little_Theorem_v7_3992737_fault_locations.csv (already processed)
Skipping Fermat’s_Little_Theorem_v8_50553_fault_locations.csv (already processed)
Skipping Fermat’s_Little_Theorem_v9_848409_fault_locations.csv (already processed)
Skipping FFT_Based_Multiplication_v5_1138830_fault_locations.csv (already processed)
Skipping FFT_Based_Multiplication_v6_316502_fault_locations.csv (already processed)
Skipping FFT_Based_Multiplication_v7_4020659_fault_locations.csv (already processed)
Skipping FFT_Based_Multiplication_v8_162064_fault_locations.csv (already processed)
Skipping FFT_Benchmark_Kernel_v3_3828525_fault_locations.csv (already processed)
Skipping FFT_Benchmark_Kernel_v6_364687_fault_locations.csv (already processed)
Skipping FFT_Benchmark_Kernel_v7_4038306_fault_locations.csv (already processed)
Skipping FFT_Benchmark_Kernel_v8_70945_fault_locations.csv (already processed)
Skipping Finite_Difference_Method_v7_4010599_fault_locations.csv (already processed)
Skipping Finite_Element_Method_FEM_v1_44418_fault_locations.csv (already processed)
Skipping Finite_Element_Method_FEM_v2_615953_fault_locations.csv (already processed)
Skipping Finite_Element_Method_FEM_v3_3820526_fault_locations.csv (already processed)
Skipping Finite_Element_Method_FEM_v5_1103386_fault_locations.csv (already processed)
Skipping Finite_Element_Method_FEM_v6_286827_fault_locations.csv (already processed)
Skipping Finite_Element_Method_FEM_v7_3993493_fault_locations.csv (already processed)
Skipping Finite_Element_Method_v1_44393_fault_locations.csv (already processed)
Skipping Finite_Element_Method_v3_3834505_fault_locations.csv (already processed)
Skipping Finite_Element_Method_v4_501629_fault_locations.csv (already processed)
Skipping Finite_Element_Method_v5_1014333_fault_locations.csv (already processed)
Skipping Finite_Element_Method_v8_141664_fault_locations.csv (already processed)
Skipping Finite_Element_Method_v9_839743_fault_locations.csv (already processed)
Skipping Finite_Impulse_Response_Filter_v10_706144_fault_locations.csv (already processed)
Skipping Finite_Impulse_Response_Filter_v3_3820085_fault_locations.csv (already processed)
Skipping Finite_Impulse_Response_Filter_v5_1048552_fault_locations.csv (already processed)
Skipping Finite_Impulse_Response_Filter_v7_3934356_fault_locations.csv (already processed)
Skipping Finite_Impulse_Response_Filter_v9_843659_fault_locations.csv (already processed)
Skipping Finite_Volume_Method_v1_4113350_fault_locations.csv (already processed)
Skipping Finite_Volume_Method_v3_3851442_fault_locations.csv (already processed)
Skipping Finite_Volume_Method_v7_4079037_fault_locations.csv (already processed)
Skipping Finite_Volume_Method_v9_904257_fault_locations.csv (already processed)
Skipping FISH_Cipher_v10_685159_fault_locations.csv (already processed)
Skipping FISH_Cipher_v2_531666_fault_locations.csv (already processed)
Skipping FISH_Cipher_v3_3848792_fault_locations.csv (already processed)
Skipping FISH_Cipher_v4_453327_fault_locations.csv (already processed)
Skipping FISH_Cipher_v5_1131029_fault_locations.csv (already processed)
Skipping FISH_Cipher_v6_278491_fault_locations.csv (already processed)
Skipping FISH_Cipher_v7_3978100_fault_locations.csv (already processed)
Skipping FISH_Cipher_v8_162039_fault_locations.csv (already processed)
Skipping FISH_Cipher_v9_919294_fault_locations.csv (already processed)
Skipping Fixed_Point_Iteration_v1_4143824_fault_locations.csv (already processed)
Skipping Fixed_Point_Iteration_v3_3827763_fault_locations.csv (already processed)
Skipping Fixed_Point_Iteration_v4_456042_fault_locations.csv (already processed)
Skipping Fixed_Point_Iteration_v5_1079590_fault_locations.csv (already processed)
Skipping Fixed_Point_Iteration_v6_356569_fault_locations.csv (already processed)
Skipping Fixed_Point_Iteration_v9_912100_fault_locations.csv (already processed)
Skipping Flamingo_v10_699976_fault_locations.csv (already processed)
Skipping Flamingo_v1_4165465_fault_locations.csv (already processed)
Skipping Flamingo_v2_658841_fault_locations.csv (already processed)
Skipping Flamingo_v3_3801371_fault_locations.csv (already processed)
Skipping Flamingo_v4_466412_fault_locations.csv (already processed)
Skipping Flamingo_v5_1069442_fault_locations.csv (already processed)
Skipping Flamingo_v7_4019031_fault_locations.csv (already processed)
Skipping Flamingo_v8_119690_fault_locations.csv (already processed)
Skipping Flamingo_v9_916162_fault_locations.csv (already processed)
Skipping Floor_Division_Algorithm_v10_790669_fault_locations.csv (already processed)
Skipping Floor_Division_Algorithm_v1_4118212_fault_locations.csv (already processed)
Skipping Floor_Division_Algorithm_v2_528023_fault_locations.csv (already processed)
Skipping Floor_Division_Algorithm_v3_3795532_fault_locations.csv (already processed)
Skipping Floor_Division_Algorithm_v4_448297_fault_locations.csv (already processed)
Skipping Floor_Division_Algorithm_v5_1106050_fault_locations.csv (already processed)
Skipping Floor_Division_Algorithm_v6_380341_fault_locations.csv (already processed)
Skipping Floor_Division_Algorithm_v7_4013147_fault_locations.csv (already processed)
Skipping Floor_Division_Algorithm_v8_172312_fault_locations.csv (already processed)
Skipping Floor_Division_Algorithm_v9_902521_fault_locations.csv (already processed)
Skipping Flow_Augmentation_v10_762213_fault_locations.csv (already processed)
Skipping Flow_Augmentation_v2_537192_fault_locations.csv (already processed)
Skipping Flow_Augmentation_v3_3842864_fault_locations.csv (already processed)
Skipping Flow_Augmentation_v4_426518_fault_locations.csv (already processed)
Skipping Flow_Augmentation_v6_321308_fault_locations.csv (already processed)
Skipping Flow_Augmentation_v7_3985087_fault_locations.csv (already processed)
Skipping Flow_Augmentation_v8_176539_fault_locations.csv (already processed)
Skipping Flow_Augmentation_v9_947234_fault_locations.csv (already processed)
Skipping Flow_Decomposition_Algorithm_v10_700170_fault_locations.csv (already processed)
Skipping Flow_Decomposition_Algorithm_v1_4117787_fault_locations.csv (already processed)
Skipping Flow_Decomposition_Algorithm_v4_494403_fault_locations.csv (already processed)
Skipping Flow_Decomposition_Algorithm_v6_254525_fault_locations.csv (already processed)
Skipping Flow_Decomposition_Algorithm_v7_4003855_fault_locations.csv (already processed)
Skipping Flow_Decomposition_Algorithm_v8_71180_fault_locations.csv (already processed)
Skipping Flow_Network_Residual_Graph_Construction_v10_780251_fault_locations.csv (already processed)
Skipping Flow_Network_Residual_Graph_Construction_v1_4124039_fault_locations.csv (already processed)
Skipping Flow_Network_Residual_Graph_Construction_v2_600018_fault_locations.csv (already processed)
Skipping Flow_Network_Residual_Graph_Construction_v3_3844876_fault_locations.csv (already processed)
Skipping Flow_Network_Residual_Graph_Construction_v4_415364_fault_locations.csv (already processed)
Skipping Flow_Network_Residual_Graph_Construction_v5_1133786_fault_locations.csv (already processed)
Skipping Flow_Network_Residual_Graph_Construction_v6_252885_fault_locations.csv (already processed)
Skipping Flow_Network_Residual_Graph_Construction_v7_4029937_fault_locations.csv (already processed)
Skipping Flow_Network_Residual_Graph_Construction_v8_111946_fault_locations.csv (already processed)
Skipping Flow_Network_Residual_Graph_Construction_v9_945073_fault_locations.csv (already processed)
Skipping Floyd_Warshall_Algorithm_v10_680511_fault_locations.csv (already processed)
Skipping Floyd_Warshall_Algorithm_v1_27129_fault_locations.csv (already processed)
Skipping Floyd_Warshall_Algorithm_v3_3805011_fault_locations.csv (already processed)
Skipping Floyd_Warshall_Algorithm_v4_440624_fault_locations.csv (already processed)
Skipping Floyd_Warshall_Algorithm_v6_260931_fault_locations.csv (already processed)
Skipping Floyd_Warshall_Algorithm_v7_4026870_fault_locations.csv (already processed)
Skipping Floyd_Warshall_Algorithm_v8_113317_fault_locations.csv (already processed)
Skipping Floyd_Warshall_Algorithm_v9_853586_fault_locations.csv (already processed)
Skipping Floyd_Warshall_for_Transitive_Closure_v10_715358_fault_locations.csv (already processed)
Skipping Floyd_Warshall_for_Transitive_Closure_v1_4112546_fault_locations.csv (already processed)
Skipping Floyd_Warshall_for_Transitive_Closure_v2_592777_fault_locations.csv (already processed)
Skipping Floyd_Warshall_for_Transitive_Closure_v3_3824669_fault_locations.csv (already processed)
Skipping Floyd_Warshall_for_Transitive_Closure_v4_427011_fault_locations.csv (already processed)
Skipping Floyd_Warshall_for_Transitive_Closure_v5_1035750_fault_locations.csv (already processed)
Skipping Floyd_Warshall_for_Transitive_Closure_v6_312145_fault_locations.csv (already processed)
Skipping Floyd_Warshall_for_Transitive_Closure_v7_3951930_fault_locations.csv (already processed)
Skipping Floyd_Warshall_for_Transitive_Closure_v8_182543_fault_locations.csv (already processed)
Skipping Floyd_Warshall_for_Transitive_Closure_v9_845768_fault_locations.csv (already processed)
Skipping Ford_Fulkerson_Method_v10_725752_fault_locations.csv (already processed)
Skipping Ford_Fulkerson_Method_v1_4189743_fault_locations.csv (already processed)
Skipping Ford_Fulkerson_Method_v2_561686_fault_locations.csv (already processed)
Skipping Ford_Fulkerson_Method_v5_1085428_fault_locations.csv (already processed)
Skipping Ford_Fulkerson_Method_v6_376382_fault_locations.csv (already processed)
Skipping Ford_Fulkerson_Method_v7_4052496_fault_locations.csv (already processed)
Skipping Ford_Fulkerson_Method_v8_122777_fault_locations.csv (already processed)
Skipping Ford_Fulkerson_Method_v9_961042_fault_locations.csv (already processed)
Skipping Forward_Euler_v10_788434_fault_locations.csv (already processed)
Skipping Forward_Euler_v1_19301_fault_locations.csv (already processed)
Skipping Forward_Euler_v2_536658_fault_locations.csv (already processed)
Skipping Forward_Euler_v8_83793_fault_locations.csv (already processed)
Skipping Forward_Kinematics_2D_v10_791268_fault_locations.csv (already processed)
Skipping Forward_Kinematics_2D_v3_3840431_fault_locations.csv (already processed)
Skipping Forward_Kinematics_2D_v4_479123_fault_locations.csv (already processed)
Skipping Forward_Kinematics_2D_v6_215916_fault_locations.csv (already processed)
Skipping Forward_Kinematics_2D_v7_3990665_fault_locations.csv (already processed)
Skipping Forward_Kinematics_2D_v8_71946_fault_locations.csv (already processed)
Skipping Forward_Kinematics_2D_v9_902828_fault_locations.csv (already processed)
Skipping Forward_Kinematics_3D_v10_680487_fault_locations.csv (already processed)
Skipping Forward_Kinematics_3D_v1_10032_fault_locations.csv (already processed)
Skipping Forward_Kinematics_3D_v4_469087_fault_locations.csv (already processed)
Skipping Forward_Kinematics_3D_v7_4021910_fault_locations.csv (already processed)
Skipping Fourier_Shape_Descriptor_v10_715766_fault_locations.csv (already processed)
Skipping Fox_Matrix_Multiplication_v2_597277_fault_locations.csv (already processed)
Skipping Fox_Matrix_Multiplication_v4_466402_fault_locations.csv (already processed)
Skipping Fox_Matrix_Multiplication_v6_269500_fault_locations.csv (already processed)
Skipping Fox_Matrix_Multiplication_v8_123174_fault_locations.csv (already processed)
Skipping Fox_Matrix_Multiplication_v9_923558_fault_locations.csv (already processed)
Skipping FOX_Safer++_v1_4128574_fault_locations.csv (already processed)
Skipping FOX_Safer++_v3_3922544_fault_locations.csv (already processed)
Skipping FOX_Safer++_v4_430222_fault_locations.csv (already processed)
Skipping FOX_Safer++_v5_1028880_fault_locations.csv (already processed)
Skipping FOX_Safer++_v6_277052_fault_locations.csv (already processed)
Skipping FOX_Safer++_v8_82589_fault_locations.csv (already processed)
Skipping FTRL_Optimizer_v10_770674_fault_locations.csv (already processed)
Skipping Fully_Dynamic_Graph_Algorithm_v10_811613_fault_locations.csv (already processed)
Skipping Fully_Dynamic_Graph_Algorithm_v1_4164914_fault_locations.csv (already processed)
Skipping Fully_Dynamic_Graph_Algorithm_v4_461012_fault_locations.csv (already processed)
Skipping Fully_Dynamic_Graph_Algorithm_v5_1070696_fault_locations.csv (already processed)
Skipping Fully_Dynamic_Graph_Algorithm_v7_4048805_fault_locations.csv (already processed)
Skipping Fully_Dynamic_Graph_Algorithm_v8_131400_fault_locations.csv (already processed)
Skipping Fully_Dynamic_Graph_Algorithm_v9_948470_fault_locations.csv (already processed)
Skipping Fürer’s_Algorithm_v10_704570_fault_locations.csv (already processed)
Skipping Fürer’s_Algorithm_v1_4137044_fault_locations.csv (already processed)
Skipping Fürer’s_Algorithm_v5_1043371_fault_locations.csv (already processed)
Skipping Fürer’s_Algorithm_v6_265996_fault_locations.csv (already processed)
Skipping Fürer’s_Algorithm_v8_75170_fault_locations.csv (already processed)
Skipping Fuzzy_C_Means_v4_413075_fault_locations.csv (already processed)
Skipping Fuzzy_C_Means_v6_250133_fault_locations.csv (already processed)
Skipping Fuzzy_C_Means_v8_54612_fault_locations.csv (already processed)
Skipping Fuzzy_C_Means_v9_833867_fault_locations.csv (already processed)
Skipping Gabow’s_SCC_Algorithm_v10_743911_fault_locations.csv (already processed)
Skipping Gabow’s_SCC_Algorithm_v1_4112313_fault_locations.csv (already processed)
Skipping Gabow’s_SCC_Algorithm_v2_590270_fault_locations.csv (already processed)
Skipping Gabow’s_SCC_Algorithm_v3_3831156_fault_locations.csv (already processed)
Skipping Gabow’s_SCC_Algorithm_v4_457052_fault_locations.csv (already processed)
Skipping Gabow’s_SCC_Algorithm_v5_1079640_fault_locations.csv (already processed)
Skipping Gabow’s_SCC_Algorithm_v6_297104_fault_locations.csv (already processed)
Skipping Gabow’s_SCC_Algorithm_v7_3964528_fault_locations.csv (already processed)
Skipping Gabow’s_SCC_Algorithm_v8_161928_fault_locations.csv (already processed)
Skipping Gabow’s_SCC_Algorithm_v9_922368_fault_locations.csv (already processed)
Skipping GANomaly_v10_797007_fault_locations.csv (already processed)
Skipping GANomaly_v2_666924_fault_locations.csv (already processed)
Skipping GANomaly_v3_3782431_fault_locations.csv (already processed)
Skipping GANomaly_v6_378205_fault_locations.csv (already processed)
Skipping GANomaly_v7_4037145_fault_locations.csv (already processed)
Skipping GANomaly_v9_844074_fault_locations.csv (already processed)
Skipping Garner’s_Algorithm_v10_695580_fault_locations.csv (already processed)
Skipping Garner’s_Algorithm_v1_4100970_fault_locations.csv (already processed)
Skipping Garner’s_Algorithm_v2_654239_fault_locations.csv (already processed)
Skipping Garner’s_Algorithm_v3_3929677_fault_locations.csv (already processed)
Skipping Garner’s_Algorithm_v4_486001_fault_locations.csv (already processed)
Skipping Garner’s_Algorithm_v5_984384_fault_locations.csv (already processed)
Skipping Garner’s_Algorithm_v6_272848_fault_locations.csv (already processed)
Skipping Garner’s_Algorithm_v7_4068305_fault_locations.csv (already processed)
Skipping Garner’s_Algorithm_v8_187288_fault_locations.csv (already processed)
Skipping Garner’s_Algorithm_v9_932830_fault_locations.csv (already processed)
Skipping Gated_Recurrent_Unit_GRU_v1_4142484_fault_locations.csv (already processed)
Skipping Gated_Recurrent_Unit_GRU_v2_608331_fault_locations.csv (already processed)
Skipping Gated_Recurrent_Unit_GRU_v7_3953711_fault_locations.csv (already processed)
Skipping Gated_Recurrent_Unit_v2_593611_fault_locations.csv (already processed)
Skipping GAT_Message_Passing_v1_4134514_fault_locations.csv (already processed)
Skipping GAT_Message_Passing_v5_1021620_fault_locations.csv (already processed)
Skipping GAT_Message_Passing_v9_844004_fault_locations.csv (already processed)
Skipping Gauss_Hermite_Quadrature_v10_799531_fault_locations.csv (already processed)
Skipping Gauss_Hermite_Quadrature_v1_4093805_fault_locations.csv (already processed)
Skipping Gauss_Hermite_Quadrature_v2_575487_fault_locations.csv (already processed)
Skipping Gauss_Hermite_Quadrature_v3_3882654_fault_locations.csv (already processed)
Skipping Gauss_Hermite_Quadrature_v4_494940_fault_locations.csv (already processed)
Skipping Gauss_Hermite_Quadrature_v7_3970800_fault_locations.csv (already processed)
Skipping Gauss_Hermite_Quadrature_v9_958593_fault_locations.csv (already processed)
Skipping Gaussian_Blur_v10_717286_fault_locations.csv (already processed)
Skipping Gaussian_Blur_v1_8440_fault_locations.csv (already processed)
Skipping Gaussian_Blur_v2_666951_fault_locations.csv (already processed)
Skipping Gaussian_Blur_v3_3921619_fault_locations.csv (already processed)
Skipping Gaussian_Blur_v4_494376_fault_locations.csv (already processed)
Skipping Gaussian_Blur_v5_1087386_fault_locations.csv (already processed)
Skipping Gaussian_Blur_v7_4049433_fault_locations.csv (already processed)
Skipping Gaussian_Blur_v8_162231_fault_locations.csv (already processed)
Skipping Gaussian_Blur_v9_977375_fault_locations.csv (already processed)
Skipping Gaussian_Curvature_Approximation_v10_804993_fault_locations.csv (already processed)
Skipping Gaussian_Curvature_Approximation_v1_21457_fault_locations.csv (already processed)
Skipping Gaussian_Curvature_Approximation_v3_3924448_fault_locations.csv (already processed)
Skipping Gaussian_Curvature_Approximation_v6_211026_fault_locations.csv (already processed)
Skipping Gaussian_Curvature_Approximation_v7_4024920_fault_locations.csv (already processed)
Skipping Gaussian_Curvature_Approximation_v9_850122_fault_locations.csv (already processed)
Skipping Gaussian_Elimination_v10_693817_fault_locations.csv (already processed)
Skipping Gaussian_Elimination_v1_4151057_fault_locations.csv (already processed)
Skipping Gaussian_Elimination_v2_610736_fault_locations.csv (already processed)
Skipping Gaussian_Elimination_v3_3800976_fault_locations.csv (already processed)
Skipping Gaussian_Elimination_v4_455994_fault_locations.csv (already processed)
Skipping Gaussian_Elimination_v5_1130856_fault_locations.csv (already processed)
Skipping Gaussian_Elimination_v8_104721_fault_locations.csv (already processed)
Skipping Gaussian_Elimination_v9_899453_fault_locations.csv (already processed)
Skipping Gaussian_Elimination_with_Pivoting_v10_801552_fault_locations.csv (already processed)
Skipping Gaussian_Elimination_with_Pivoting_v1_4163590_fault_locations.csv (already processed)
Skipping Gaussian_Elimination_with_Pivoting_v2_616454_fault_locations.csv (already processed)
Skipping Gaussian_Elimination_with_Pivoting_v3_3880306_fault_locations.csv (already processed)
Skipping Gaussian_Elimination_with_Pivoting_v4_401904_fault_locations.csv (already processed)
Skipping Gaussian_Elimination_with_Pivoting_v5_993632_fault_locations.csv (already processed)
Skipping Gaussian_Elimination_with_Pivoting_v6_284154_fault_locations.csv (already processed)
Skipping Gaussian_Elimination_with_Pivoting_v7_3947216_fault_locations.csv (already processed)
Skipping Gaussian_Elimination_with_Pivoting_v8_198905_fault_locations.csv (already processed)
Skipping Gaussian_Elimination_with_Pivoting_v9_969546_fault_locations.csv (already processed)
Skipping Gaussian_Mixture_Model_v10_819892_fault_locations.csv (already processed)
Skipping Gaussian_Naive_Bayes_Regressor_v2_652781_fault_locations.csv (already processed)
Skipping Gaussian_Naive_Bayes_Regressor_v5_1013992_fault_locations.csv (already processed)
Skipping Gaussian_Naive_Bayes_v10_801977_fault_locations.csv (already processed)
Skipping Gaussian_Naive_Bayes_v1_4108173_fault_locations.csv (already processed)
Skipping Gaussian_Process_Regression_v1_4091965_fault_locations.csv (already processed)
Skipping Gaussian_Process_Regression_v6_261157_fault_locations.csv (already processed)
Skipping Gaussian_Process_Regression_v8_190922_fault_locations.csv (already processed)
Skipping Gaussian_Quadrature_v10_750045_fault_locations.csv (already processed)
Skipping Gaussian_Quadrature_v2_648982_fault_locations.csv (already processed)
Skipping Gaussian_Quadrature_v4_391002_fault_locations.csv (already processed)
Skipping Gaussian_Quadrature_v5_994637_fault_locations.csv (already processed)
Skipping Gaussian_Quadrature_v7_4059747_fault_locations.csv (already processed)
Skipping Gaussian_Quadrature_v9_959389_fault_locations.csv (already processed)
Skipping Gauss_Jordan_Elimination_v10_710416_fault_locations.csv (already processed)
Skipping Gauss_Jordan_Elimination_v2_582504_fault_locations.csv (already processed)
Skipping Gauss_Jordan_Elimination_v3_3788835_fault_locations.csv (already processed)
Skipping Gauss_Jordan_Elimination_v4_445509_fault_locations.csv (already processed)
Skipping Gauss_Jordan_Elimination_v5_1020536_fault_locations.csv (already processed)
Skipping Gauss_Laguerre_Quadrature_v10_827826_fault_locations.csv (already processed)
Skipping Gauss_Laguerre_Quadrature_v1_18646_fault_locations.csv (already processed)
Skipping Gauss_Laguerre_Quadrature_v2_603438_fault_locations.csv (already processed)
Skipping Gauss_Laguerre_Quadrature_v4_442031_fault_locations.csv (already processed)
Skipping Gauss_Laguerre_Quadrature_v5_1067549_fault_locations.csv (already processed)
Skipping Gauss_Laguerre_Quadrature_v7_4078447_fault_locations.csv (already processed)
Skipping Gauss_Laguerre_Quadrature_v8_107002_fault_locations.csv (already processed)
Skipping Gauss_Laguerre_Quadrature_v9_933500_fault_locations.csv (already processed)
Skipping Gauss_Legendre_Quadrature_v1_4121545_fault_locations.csv (already processed)
Skipping Gauss_Legendre_Quadrature_v2_596420_fault_locations.csv (already processed)
Skipping Gauss_Legendre_Quadrature_v5_1015479_fault_locations.csv (already processed)
Skipping Gauss_Legendre_Quadrature_v6_343302_fault_locations.csv (already processed)
Skipping Gauss_Legendre_Quadrature_v7_4077284_fault_locations.csv (already processed)
Skipping Gauss_Legendre_Quadrature_v8_101659_fault_locations.csv (already processed)
Skipping Gauss_Newton_Method_v2_659414_fault_locations.csv (already processed)
Skipping Gauss_Newton_Method_v3_3821649_fault_locations.csv (already processed)
Skipping Gauss_Seidel_Iteration_v1_31425_fault_locations.csv (already processed)
Skipping Gauss_Seidel_Iteration_v2_647191_fault_locations.csv (already processed)
Skipping Gauss_Seidel_Iteration_v3_3921506_fault_locations.csv (already processed)
Skipping Gauss_Seidel_Iteration_v4_458684_fault_locations.csv (already processed)
Skipping Gauss_Seidel_Iteration_v6_278410_fault_locations.csv (already processed)
Skipping Gauss_Seidel_Iteration_v7_4014982_fault_locations.csv (already processed)
Skipping Gauss_Seidel_Iteration_v8_52414_fault_locations.csv (already processed)
Skipping Gauss_Seidel_Iteration_v9_909413_fault_locations.csv (already processed)
Skipping Gauss_Seidel_Method_v1_16511_fault_locations.csv (already processed)
Skipping Gauss_Seidel_Method_v5_1028266_fault_locations.csv (already processed)
Skipping Gauss_Seidel_Method_v9_924289_fault_locations.csv (already processed)
Skipping Gauss_Seidel_Stencil_v10_708436_fault_locations.csv (already processed)
Skipping Gauss_Seidel_Stencil_v3_3838848_fault_locations.csv (already processed)
Skipping Gauss_Seidel_Stencil_v4_413833_fault_locations.csv (already processed)
Skipping Gauss_Seidel_Stencil_v5_1129285_fault_locations.csv (already processed)
Skipping Gauss_Seidel_Stencil_v6_310782_fault_locations.csv (already processed)
Skipping Gauss_Seidel_Stencil_v7_4005911_fault_locations.csv (already processed)
Skipping Gauss_Seidel_Stencil_v8_134825_fault_locations.csv (already processed)
Skipping Gemini_Model_v10_774157_fault_locations.csv (already processed)
Skipping Gemini_Model_v1_18641_fault_locations.csv (already processed)
Skipping Gemini_Model_v2_634504_fault_locations.csv (already processed)
Skipping Gemini_Model_v3_3922406_fault_locations.csv (already processed)
Skipping Gemini_Model_v4_451381_fault_locations.csv (already processed)
Skipping Gemini_Model_v7_3947291_fault_locations.csv (already processed)
Skipping Gemini_Model_v8_109487_fault_locations.csv (already processed)
Skipping Generalized_Continued_Fraction_v10_755659_fault_locations.csv (already processed)
Skipping Generalized_Continued_Fraction_v1_4163561_fault_locations.csv (already processed)
Skipping Generalized_Continued_Fraction_v2_652693_fault_locations.csv (already processed)
Skipping Generalized_Continued_Fraction_v3_3784639_fault_locations.csv (already processed)
Skipping Generalized_Continued_Fraction_v4_389881_fault_locations.csv (already processed)
Skipping Generalized_Continued_Fraction_v5_1005918_fault_locations.csv (already processed)
Skipping Generalized_Continued_Fraction_v6_282005_fault_locations.csv (already processed)
Skipping Generalized_Continued_Fraction_v7_4009037_fault_locations.csv (already processed)
Skipping Generalized_Continued_Fraction_v8_130903_fault_locations.csv (already processed)
Skipping General_Number_Field_Sieve_v5_1052789_fault_locations.csv (already processed)
Skipping General_Number_Field_Sieve_v8_62194_fault_locations.csv (already processed)
Skipping General_Number_Field_Sieve_v9_966040_fault_locations.csv (already processed)
Skipping Genetic_Algorithm_v10_825088_fault_locations.csv (already processed)
Skipping Genetic_Algorithm_v1_4091507_fault_locations.csv (already processed)
Skipping Genus_Computation_v10_800878_fault_locations.csv (already processed)
Skipping Genus_Computation_v1_24536_fault_locations.csv (already processed)
Skipping Genus_Computation_v2_662584_fault_locations.csv (already processed)
Skipping Genus_Computation_v3_3912986_fault_locations.csv (already processed)
Skipping Genus_Computation_v4_386932_fault_locations.csv (already processed)
Skipping Genus_Computation_v5_1044612_fault_locations.csv (already processed)
Skipping Genus_Computation_v6_280008_fault_locations.csv (already processed)
Skipping Genus_Computation_v7_4060314_fault_locations.csv (already processed)
Skipping Genus_Computation_v8_147739_fault_locations.csv (already processed)
Skipping Genus_Computation_v9_956149_fault_locations.csv (already processed)
Skipping Geodesic_Path_Approximation_v10_717356_fault_locations.csv (already processed)
Skipping Geodesic_Path_Approximation_v5_992089_fault_locations.csv (already processed)
Skipping Geodesic_Path_Approximation_v7_3995887_fault_locations.csv (already processed)
Skipping Geodesic_Path_Approximation_v9_878701_fault_locations.csv (already processed)
Skipping Geometric_Feature_Extraction_v1_4181667_fault_locations.csv (already processed)
Skipping Geometric_Feature_Extraction_v5_1072853_fault_locations.csv (already processed)
Skipping Geometric_Feature_Extraction_v6_293623_fault_locations.csv (already processed)
Skipping Geometric_Feature_Extraction_v8_131997_fault_locations.csv (already processed)
Skipping Geometric_Heat_Flow_v10_814897_fault_locations.csv (already processed)
Skipping Geometric_Heat_Flow_v1_31539_fault_locations.csv (already processed)
Skipping Geometric_Heat_Flow_v2_571555_fault_locations.csv (already processed)
Skipping Geometric_Heat_Flow_v3_3796215_fault_locations.csv (already processed)
Skipping Geometric_Heat_Flow_v6_327922_fault_locations.csv (already processed)
Skipping Geometric_Heat_Flow_v7_4058540_fault_locations.csv (already processed)
Skipping Geometric_Heat_Flow_v8_95225_fault_locations.csv (already processed)
Skipping Geometric_Hitting_Set_v10_741074_fault_locations.csv (already processed)
Skipping Geometric_Hitting_Set_v1_4120086_fault_locations.csv (already processed)
Skipping Geometric_Hitting_Set_v2_610080_fault_locations.csv (already processed)
Skipping Geometric_Hitting_Set_v3_3865379_fault_locations.csv (already processed)
Skipping Geometric_Hitting_Set_v4_421421_fault_locations.csv (already processed)
Skipping Geometric_Hitting_Set_v5_1126535_fault_locations.csv (already processed)
Skipping Geometric_Hitting_Set_v6_219219_fault_locations.csv (already processed)
Skipping Geometric_Hitting_Set_v7_3932348_fault_locations.csv (already processed)
Skipping Geometric_Hitting_Set_v8_115594_fault_locations.csv (already processed)
Skipping Geometric_Hitting_Set_v9_972385_fault_locations.csv (already processed)
Skipping Geometric_Multigrid_v7_4008580_fault_locations.csv (already processed)
Skipping Geometric_Multigrid_v8_204664_fault_locations.csv (already processed)
Skipping Geometric_Multigrid_v9_884827_fault_locations.csv (already processed)
Skipping Geometric_PDE_Simulation_v1_4165510_fault_locations.csv (already processed)
Skipping Geometric_PDE_Simulation_v4_453754_fault_locations.csv (already processed)
Skipping Geometric_PDE_Simulation_v5_1063991_fault_locations.csv (already processed)
Skipping Geometric_PDE_Simulation_v6_348827_fault_locations.csv (already processed)
Skipping Geometric_PDE_Simulation_v7_3986972_fault_locations.csv (already processed)
Skipping Geometric_PDE_Simulation_v8_186650_fault_locations.csv (already processed)
Skipping Geometric_Set_Cover_v10_749362_fault_locations.csv (already processed)
Skipping Geometric_Set_Cover_v1_39146_fault_locations.csv (already processed)
Skipping Geometric_Set_Cover_v2_542166_fault_locations.csv (already processed)
Skipping Geometric_Set_Cover_v4_454138_fault_locations.csv (already processed)
Skipping Geometric_Set_Cover_v5_1061921_fault_locations.csv (already processed)
Skipping Geometric_Set_Cover_v6_291830_fault_locations.csv (already processed)
Skipping Gibbs_Sampling_v5_1097436_fault_locations.csv (already processed)
Skipping Gibbs_Sampling_v7_3955994_fault_locations.csv (already processed)
Skipping Gibbs_Sampling_v8_182325_fault_locations.csv (already processed)
Skipping GIFT_128_v10_789376_fault_locations.csv (already processed)
Skipping GIFT_128_v2_586377_fault_locations.csv (already processed)
Skipping GIFT_128_v3_3839416_fault_locations.csv (already processed)
Skipping GIFT_128_v4_466078_fault_locations.csv (already processed)
Skipping GIFT_128_v5_1035519_fault_locations.csv (already processed)
Skipping GIFT_128_v6_245180_fault_locations.csv (already processed)
Skipping GIFT_128_v7_4064798_fault_locations.csv (already processed)
Skipping GIFT_128_v8_69797_fault_locations.csv (already processed)
Skipping GIFT_128_v9_910746_fault_locations.csv (already processed)
Skipping GIFT_64_v10_819904_fault_locations.csv (already processed)
Skipping GIFT_64_v1_4137676_fault_locations.csv (already processed)
Skipping GIFT_64_v4_407626_fault_locations.csv (already processed)
Skipping GIFT_64_v5_1084207_fault_locations.csv (already processed)
Skipping GIFT_64_v6_368543_fault_locations.csv (already processed)
Skipping GIFT_64_v7_4011142_fault_locations.csv (already processed)
Skipping GIFT_64_v8_73818_fault_locations.csv (already processed)
Skipping Givens_Rotation_v1_4167436_fault_locations.csv (already processed)
Skipping Givens_Rotation_v2_609371_fault_locations.csv (already processed)
Skipping Givens_Rotation_v4_504503_fault_locations.csv (already processed)
Skipping Givens_Rotation_v6_321884_fault_locations.csv (already processed)
Skipping Givens_Rotation_v9_956117_fault_locations.csv (already processed)
Skipping GMRES_Algorithm_v10_770236_fault_locations.csv (already processed)
Skipping GMRES_Algorithm_v1_4108639_fault_locations.csv (already processed)
Skipping GMRES_Algorithm_v2_606130_fault_locations.csv (already processed)
Skipping GMRES_Algorithm_v3_3889277_fault_locations.csv (already processed)
Skipping GMRES_v1_4099551_fault_locations.csv (already processed)
Skipping GMRES_v4_400607_fault_locations.csv (already processed)
Skipping Godunov_Scheme_v10_820077_fault_locations.csv (already processed)
Skipping Godunov_Scheme_v2_527880_fault_locations.csv (already processed)
Skipping Godunov_Scheme_v3_3835102_fault_locations.csv (already processed)
Skipping Gomory_Hu_Tree_Algorithm_v10_687491_fault_locations.csv (already processed)
Skipping Gomory_Hu_Tree_Algorithm_v1_4101551_fault_locations.csv (already processed)
Skipping Gomory_Hu_Tree_Algorithm_v3_3895643_fault_locations.csv (already processed)
Skipping Gomory_Hu_Tree_Algorithm_v4_394243_fault_locations.csv (already processed)
Skipping Gomory_Hu_Tree_Algorithm_v5_982880_fault_locations.csv (already processed)
Skipping Gomory_Hu_Tree_Algorithm_v6_231864_fault_locations.csv (already processed)
Skipping Gomory_Hu_Tree_Algorithm_v7_4063442_fault_locations.csv (already processed)
Skipping GoogLeNet_v3_3816516_fault_locations.csv (already processed)
Skipping GoogLeNet_v4_415539_fault_locations.csv (already processed)
Skipping GoogLeNet_v7_3966286_fault_locations.csv (already processed)
Skipping Gouraud_Shading_v6_314342_fault_locations.csv (already processed)
Skipping GPT_2_v5_1120698_fault_locations.csv (already processed)
Skipping GPT_3_v3_3824686_fault_locations.csv (already processed)
Skipping GPT_3_v4_435285_fault_locations.csv (already processed)
Skipping GPT_4_v2_654328_fault_locations.csv (already processed)
Skipping GPT_4_v3_3876250_fault_locations.csv (already processed)
Skipping GPT_4_v4_395200_fault_locations.csv (already processed)
Skipping GPT_v5_995949_fault_locations.csv (already processed)
Skipping GPT_v9_956095_fault_locations.csv (already processed)
Skipping Grade_School_Division_v10_803057_fault_locations.csv (already processed)
Skipping Grade_School_Division_v1_4160448_fault_locations.csv (already processed)
Skipping Grade_School_Division_v2_575811_fault_locations.csv (already processed)
Skipping Grade_School_Division_v4_431717_fault_locations.csv (already processed)
Skipping Grade_School_Division_v5_1050142_fault_locations.csv (already processed)
Skipping Grade_School_Division_v6_253734_fault_locations.csv (already processed)
Skipping Grade_School_Division_v7_4040619_fault_locations.csv (already processed)
Skipping Grade_School_Division_v8_104069_fault_locations.csv (already processed)
Skipping Grade_School_Division_v9_887375_fault_locations.csv (already processed)
Skipping Gradient_Based_NAS_v1_4147966_fault_locations.csv (already processed)
Skipping Gradient_Based_NAS_v3_3866852_fault_locations.csv (already processed)
Skipping Gradient_Based_NAS_v4_448709_fault_locations.csv (already processed)
Skipping Gradient_Based_NAS_v5_1074392_fault_locations.csv (already processed)
Skipping Gradient_Based_NAS_v8_169865_fault_locations.csv (already processed)
Skipping Gradient_Boosting_Regressor_v10_715704_fault_locations.csv (already processed)
Skipping Gradient_Boosting_Regressor_v4_407295_fault_locations.csv (already processed)
Skipping Gradient_Boosting_Regressor_v8_197637_fault_locations.csv (already processed)
Skipping Gradient_Boosting_v3_3809008_fault_locations.csv (already processed)
Skipping Gradient_Boosting_v5_1070680_fault_locations.csv (already processed)
Skipping Gradient_Boosting_v7_4016284_fault_locations.csv (already processed)
Skipping Gradient_Descent_Optimization_v3_3900362_fault_locations.csv (already processed)
Skipping Gradient_Descent_Optimization_v4_432448_fault_locations.csv (already processed)
Skipping Gradient_Descent_Optimization_v5_1080042_fault_locations.csv (already processed)
Skipping Gradient_Descent_Optimization_v6_254904_fault_locations.csv (already processed)
Skipping Gradient_Descent_Optimization_v7_4010232_fault_locations.csv (already processed)
Skipping Gradient_Descent_Optimization_v9_867500_fault_locations.csv (already processed)
Skipping Gradient_Descent_v1_4134059_fault_locations.csv (already processed)
Skipping Gradient_Descent_v2_547103_fault_locations.csv (already processed)
Skipping Gradient_Descent_v3_3873454_fault_locations.csv (already processed)
Skipping Gradient_Descent_v5_1016306_fault_locations.csv (already processed)
Skipping Grain_128a_v10_725358_fault_locations.csv (already processed)
Skipping Grain_128a_v1_26779_fault_locations.csv (already processed)
Skipping Grain_128a_v2_671017_fault_locations.csv (already processed)
Skipping Grain_128a_v3_3913631_fault_locations.csv (already processed)
Skipping Grain_128a_v4_453201_fault_locations.csv (already processed)
Skipping Grain_128a_v5_1125421_fault_locations.csv (already processed)
Skipping Grain_128a_v6_221516_fault_locations.csv (already processed)
Skipping Grain_128a_v7_3997394_fault_locations.csv (already processed)
Skipping Grain_128a_v8_181101_fault_locations.csv (already processed)
Skipping Grain_128a_v9_919719_fault_locations.csv (already processed)
Skipping Grain_v1_v1_4172179_fault_locations.csv (already processed)
Skipping Grain_v1_v2_603376_fault_locations.csv (already processed)
Skipping Grain_v1_v3_3828673_fault_locations.csv (already processed)
Skipping Grain_v1_v4_420759_fault_locations.csv (already processed)
Skipping Grain_v1_v5_996273_fault_locations.csv (already processed)
Skipping Grain_v1_v6_290290_fault_locations.csv (already processed)
Skipping Grain_v1_v7_3976600_fault_locations.csv (already processed)
Skipping Grain_v1_v8_153781_fault_locations.csv (already processed)
Skipping Grain_v1_v9_929237_fault_locations.csv (already processed)
Skipping Gram_Matrix_Computation_v1_4090302_fault_locations.csv (already processed)
Skipping Gram_Matrix_Computation_v2_669421_fault_locations.csv (already processed)
Skipping Gram_Matrix_Computation_v3_3921698_fault_locations.csv (already processed)
Skipping Gram_Matrix_Computation_v4_470275_fault_locations.csv (already processed)
Skipping Gram_Matrix_Computation_v5_1057987_fault_locations.csv (already processed)
Skipping Gram_Matrix_Computation_v6_227172_fault_locations.csv (already processed)
Skipping Gram_Matrix_Computation_v8_115123_fault_locations.csv (already processed)
Skipping Gram_Matrix_Computation_v9_843953_fault_locations.csv (already processed)
Skipping Gram_Schmidt_Orthogonalization_v1_4170183_fault_locations.csv (already processed)
Skipping Gram_Schmidt_Orthogonalization_v6_241997_fault_locations.csv (already processed)
Skipping Gram_Schmidt_Orthogonalization_v7_4015013_fault_locations.csv (already processed)
Skipping Gram_Schmidt_Orthogonalization_v8_56909_fault_locations.csv (already processed)
Skipping Gram_Schmidt_Orthogonalization_v9_975407_fault_locations.csv (already processed)
Skipping Graph_Acyclicity_Check_v10_692198_fault_locations.csv (already processed)
Skipping Graph_Acyclicity_Check_v1_4156900_fault_locations.csv (already processed)
Skipping Graph_Acyclicity_Check_v2_583434_fault_locations.csv (already processed)
Skipping Graph_Acyclicity_Check_v3_3800459_fault_locations.csv (already processed)
Skipping Graph_Acyclicity_Check_v4_508350_fault_locations.csv (already processed)
Skipping Graph_Acyclicity_Check_v6_212833_fault_locations.csv (already processed)
Skipping Graph_Acyclicity_Check_v7_3963891_fault_locations.csv (already processed)
Skipping Graph_Acyclicity_Check_v8_69720_fault_locations.csv (already processed)
Skipping Graph_Attention_Mechanism_v4_517321_fault_locations.csv (already processed)
Skipping Graph_Attention_Mechanism_v7_3987593_fault_locations.csv (already processed)
Skipping Graph_Attention_Network_GAT_v2_661234_fault_locations.csv (already processed)
Skipping Graph_Augmentation_Edge_Swaps_v10_820647_fault_locations.csv (already processed)
Skipping Graph_Augmentation_Edge_Swaps_v1_9565_fault_locations.csv (already processed)
Skipping Graph_Augmentation_Edge_Swaps_v2_541356_fault_locations.csv (already processed)
Skipping Graph_Augmentation_Edge_Swaps_v3_3913414_fault_locations.csv (already processed)
Skipping Graph_Augmentation_Edge_Swaps_v4_453140_fault_locations.csv (already processed)
Skipping Graph_Augmentation_Edge_Swaps_v5_1013835_fault_locations.csv (already processed)
Skipping Graph_Augmentation_Edge_Swaps_v6_312654_fault_locations.csv (already processed)
Skipping Graph_Augmentation_Edge_Swaps_v7_3987160_fault_locations.csv (already processed)
Skipping Graph_Augmentation_Edge_Swaps_v8_122358_fault_locations.csv (already processed)
Skipping Graph_Augmentation_Edge_Swaps_v9_902496_fault_locations.csv (already processed)
Skipping Graph_Autoencoder_Reconstruction_v3_3849533_fault_locations.csv (already processed)
Skipping Graph_Autoencoder_Reconstruction_v7_4064856_fault_locations.csv (already processed)
Skipping Graph_Coloring_Greedy_v10_751527_fault_locations.csv (already processed)
Skipping Graph_Coloring_Greedy_v1_40839_fault_locations.csv (already processed)
Skipping Graph_Coloring_Greedy_v2_594069_fault_locations.csv (already processed)
Skipping Graph_Coloring_Greedy_v3_3868896_fault_locations.csv (already processed)
Skipping Graph_Coloring_Greedy_v4_418792_fault_locations.csv (already processed)
Skipping Graph_Coloring_Greedy_v5_1115144_fault_locations.csv (already processed)
Skipping Graph_Coloring_Greedy_v6_331022_fault_locations.csv (already processed)
Skipping Graph_Coloring_Greedy_v7_3997376_fault_locations.csv (already processed)
Skipping Graph_Coloring_Greedy_v9_972595_fault_locations.csv (already processed)
Skipping Graph_Complement_Construction_v10_786598_fault_locations.csv (already processed)
Skipping Graph_Complement_Construction_v1_33269_fault_locations.csv (already processed)
Skipping Graph_Complement_Construction_v2_572623_fault_locations.csv (already processed)
Skipping Graph_Complement_Construction_v4_389294_fault_locations.csv (already processed)
Skipping Graph_Complement_Construction_v5_1044017_fault_locations.csv (already processed)
Skipping Graph_Complement_Construction_v6_271530_fault_locations.csv (already processed)
Skipping Graph_Complement_Construction_v7_4017525_fault_locations.csv (already processed)
Skipping Graph_Complement_Construction_v8_197030_fault_locations.csv (already processed)
Skipping Graph_Complement_Construction_v9_908257_fault_locations.csv (already processed)
Skipping Graph_Compression_by_Edge_Merging_v10_724714_fault_locations.csv (already processed)
Skipping Graph_Compression_by_Edge_Merging_v1_8052_fault_locations.csv (already processed)
Skipping Graph_Compression_by_Edge_Merging_v2_532718_fault_locations.csv (already processed)
Skipping Graph_Compression_by_Edge_Merging_v3_3850528_fault_locations.csv (already processed)
Skipping Graph_Compression_by_Edge_Merging_v4_404573_fault_locations.csv (already processed)
Skipping Graph_Compression_by_Edge_Merging_v5_1043647_fault_locations.csv (already processed)
Skipping Graph_Compression_by_Edge_Merging_v6_258783_fault_locations.csv (already processed)
Skipping Graph_Compression_by_Edge_Merging_v7_4080059_fault_locations.csv (already processed)
Skipping Graph_Compression_by_Edge_Merging_v8_51852_fault_locations.csv (already processed)
Skipping Graph_Compression_via_SCCs_v10_792349_fault_locations.csv (already processed)
Skipping Graph_Compression_via_SCCs_v1_4119255_fault_locations.csv (already processed)
Skipping Graph_Compression_via_SCCs_v5_1097034_fault_locations.csv (already processed)
Skipping Graph_Compression_via_SCCs_v6_217376_fault_locations.csv (already processed)
Skipping Graph_Compression_via_SCCs_v7_4044162_fault_locations.csv (already processed)
Skipping Graph_Compression_via_SCCs_v8_210828_fault_locations.csv (already processed)
Skipping Graph_Compression_via_SCCs_v9_901773_fault_locations.csv (already processed)
Skipping Graph_Density_Computation_v10_692141_fault_locations.csv (already processed)
Skipping Graph_Density_Computation_v1_4093623_fault_locations.csv (already processed)
Skipping Graph_Density_Computation_v2_661511_fault_locations.csv (already processed)
Skipping Graph_Density_Computation_v3_3781933_fault_locations.csv (already processed)
Skipping Graph_Density_Computation_v6_366801_fault_locations.csv (already processed)
Skipping Graph_Density_Computation_v8_158035_fault_locations.csv (already processed)
Skipping Graph_Diameter_Estimation_v10_707941_fault_locations.csv (already processed)
Skipping Graph_Diameter_Estimation_v1_4192211_fault_locations.csv (already processed)
Skipping Graph_Diameter_Estimation_v2_642811_fault_locations.csv (already processed)
Skipping Graph_Diameter_Estimation_v3_3865326_fault_locations.csv (already processed)
Skipping Graph_Diameter_Estimation_v4_477427_fault_locations.csv (already processed)
Skipping Graph_Diameter_Estimation_v6_297503_fault_locations.csv (already processed)
Skipping Graph_Diameter_Estimation_v7_3972835_fault_locations.csv (already processed)
Skipping Graph_Diameter_Estimation_v9_922915_fault_locations.csv (already processed)
Skipping Graph_Diffusion_Process_v1_4121606_fault_locations.csv (already processed)
Skipping Graph_Diffusion_Process_v3_3816585_fault_locations.csv (already processed)
Skipping Graph_Diffusion_Process_v4_438966_fault_locations.csv (already processed)
Skipping Graph_Diffusion_Process_v5_979409_fault_locations.csv (already processed)
Skipping Graph_Diffusion_Process_v6_354229_fault_locations.csv (already processed)
Skipping Graph_Diffusion_Process_v7_3932262_fault_locations.csv (already processed)
Skipping Graph_Diffusion_Process_v8_129228_fault_locations.csv (already processed)
Skipping Graph_Diffusion_Process_v9_907021_fault_locations.csv (already processed)
Skipping Graph_Edit_Distance_v10_793309_fault_locations.csv (already processed)
Skipping Graph_Edit_Distance_v2_615342_fault_locations.csv (already processed)
Skipping Graph_Edit_Distance_v3_3850101_fault_locations.csv (already processed)
Skipping Graph_Edit_Distance_v6_254991_fault_locations.csv (already processed)
Skipping Graph_Edit_Distance_v7_4023255_fault_locations.csv (already processed)
Skipping Graph_Edit_Distance_v8_155103_fault_locations.csv (already processed)
Skipping Graph_Embedding_via_Node2Vec_v1_4172383_fault_locations.csv (already processed)
Skipping Graph_Embedding_via_Node2Vec_v3_3814677_fault_locations.csv (already processed)
Skipping Graph_Embedding_via_Node2Vec_v4_524758_fault_locations.csv (already processed)
Skipping Graph_Embedding_via_Node2Vec_v5_1113848_fault_locations.csv (already processed)
Skipping Graph_Embedding_via_Node2Vec_v9_961075_fault_locations.csv (already processed)
Skipping Graph_Generator_Barabási_Albert_v10_758640_fault_locations.csv (already processed)
Skipping Graph_Generator_Barabási_Albert_v1_4091295_fault_locations.csv (already processed)
Skipping Graph_Generator_Barabási_Albert_v2_554163_fault_locations.csv (already processed)
Skipping Graph_Generator_Barabási_Albert_v3_3790401_fault_locations.csv (already processed)
Skipping Graph_Generator_Barabási_Albert_v4_392028_fault_locations.csv (already processed)
Skipping Graph_Generator_Barabási_Albert_v5_1065336_fault_locations.csv (already processed)
Skipping Graph_Generator_Barabási_Albert_v6_311638_fault_locations.csv (already processed)
Skipping Graph_Generator_Barabási_Albert_v7_3962030_fault_locations.csv (already processed)
Skipping Graph_Generator_Barabási_Albert_v8_69753_fault_locations.csv (already processed)
Skipping Graph_Generator_Erdos_Rényi_v10_706162_fault_locations.csv (already processed)
Skipping Graph_Generator_Erdos_Rényi_v2_665200_fault_locations.csv (already processed)
Skipping Graph_Generator_Erdos_Rényi_v3_3791352_fault_locations.csv (already processed)
Skipping Graph_Generator_Erdos_Rényi_v5_992830_fault_locations.csv (already processed)
Skipping Graph_Generator_Erdos_Rényi_v6_275111_fault_locations.csv (already processed)
Skipping Graph_Generator_Erdos_Rényi_v7_4008840_fault_locations.csv (already processed)
Skipping Graph_Generator_Erdos_Rényi_v9_872227_fault_locations.csv (already processed)
Skipping Graph_Generator_Watts_Strogatz_v10_787701_fault_locations.csv (already processed)
Skipping Graph_Generator_Watts_Strogatz_v1_4186840_fault_locations.csv (already processed)
Skipping Graph_Generator_Watts_Strogatz_v3_3899543_fault_locations.csv (already processed)
Skipping Graph_Generator_Watts_Strogatz_v5_1097722_fault_locations.csv (already processed)
Skipping Graph_Generator_Watts_Strogatz_v6_280653_fault_locations.csv (already processed)
Skipping Graph_Generator_Watts_Strogatz_v7_3973270_fault_locations.csv (already processed)
Skipping Graph_Generator_Watts_Strogatz_v8_109163_fault_locations.csv (already processed)
Skipping Graph_Generator_Watts_Strogatz_v9_949394_fault_locations.csv (already processed)
Skipping Graph_Incidence_Matrix_Construction_v10_714420_fault_locations.csv (already processed)
Skipping Graph_Incidence_Matrix_Construction_v1_4131125_fault_locations.csv (already processed)
Skipping Graph_Incidence_Matrix_Construction_v2_535126_fault_locations.csv (already processed)
Skipping Graph_Incidence_Matrix_Construction_v3_3782615_fault_locations.csv (already processed)
Skipping Graph_Incidence_Matrix_Construction_v4_524804_fault_locations.csv (already processed)
Skipping Graph_Incidence_Matrix_Construction_v5_1125668_fault_locations.csv (already processed)
Skipping Graph_Incidence_Matrix_Construction_v6_281092_fault_locations.csv (already processed)
Skipping Graph_Incidence_Matrix_Construction_v7_3953677_fault_locations.csv (already processed)
Skipping Graph_Incidence_Matrix_Construction_v8_122550_fault_locations.csv (already processed)
Skipping Graph_Incidence_Matrix_Construction_v9_939780_fault_locations.csv (already processed)
Skipping Graph_Isomorphism_Canonical_Form_v10_725843_fault_locations.csv (already processed)
Skipping Graph_Isomorphism_Canonical_Form_v1_17215_fault_locations.csv (already processed)
Skipping Graph_Isomorphism_Canonical_Form_v3_3924496_fault_locations.csv (already processed)
Skipping Graph_Isomorphism_Canonical_Form_v4_449436_fault_locations.csv (already processed)
Skipping Graph_Isomorphism_Canonical_Form_v5_995227_fault_locations.csv (already processed)
Skipping Graph_Isomorphism_Canonical_Form_v7_3994308_fault_locations.csv (already processed)
Skipping Graph_Isomorphism_Canonical_Form_v8_118521_fault_locations.csv (already processed)
Skipping Graph_Isomorphism_Canonical_Form_v9_972630_fault_locations.csv (already processed)
Skipping Graph_Isomorphism_Nauty_Algorithm_v10_691495_fault_locations.csv (already processed)
Skipping Graph_Isomorphism_Nauty_Algorithm_v3_3828365_fault_locations.csv (already processed)
Skipping Graph_Isomorphism_Nauty_Algorithm_v5_1116704_fault_locations.csv (already processed)
Skipping Graph_Isomorphism_Nauty_Algorithm_v6_357831_fault_locations.csv (already processed)
Skipping Graph_Isomorphism_Nauty_Algorithm_v8_88225_fault_locations.csv (already processed)
Skipping Graph_Laplacian_Eigen_Solver_v4_462562_fault_locations.csv (already processed)
Skipping Graph_Laplacian_Eigen_Solver_v5_1007827_fault_locations.csv (already processed)
Skipping Graph_Laplacian_Eigen_Solver_v7_4083246_fault_locations.csv (already processed)
Skipping Graph_Laplacian_Eigen_Solver_v9_838348_fault_locations.csv (already processed)
Skipping Graph_Laplacian_Matrix_Computation_v1_4131957_fault_locations.csv (already processed)
Skipping Graph_Laplacian_Matrix_Computation_v2_581643_fault_locations.csv (already processed)
Skipping Graph_Laplacian_Matrix_Computation_v3_3831133_fault_locations.csv (already processed)
Skipping Graph_Laplacian_Matrix_Computation_v4_486682_fault_locations.csv (already processed)
Skipping Graph_Laplacian_Matrix_Computation_v5_1105682_fault_locations.csv (already processed)
Skipping Graph_Laplacian_Matrix_Computation_v6_218925_fault_locations.csv (already processed)
Skipping Graph_Laplacian_Matrix_Computation_v7_4010479_fault_locations.csv (already processed)
Skipping Graph_Laplacian_Matrix_Computation_v8_181558_fault_locations.csv (already processed)
Skipping Graph_Laplacian_Matrix_Computation_v9_920164_fault_locations.csv (already processed)
Skipping Graphlet_Kernel_v1_4102595_fault_locations.csv (already processed)
Skipping Graphlet_Kernel_v3_3921646_fault_locations.csv (already processed)
Skipping Graphlet_Kernel_v4_469105_fault_locations.csv (already processed)
Skipping Graphlet_Kernel_v5_1108437_fault_locations.csv (already processed)
Skipping Graphlet_Kernel_v6_256135_fault_locations.csv (already processed)
Skipping Graphlet_Kernel_v7_3941304_fault_locations.csv (already processed)
Skipping Graphlet_Kernel_v8_197749_fault_locations.csv (already processed)
Skipping Graphlet_Kernel_v9_920728_fault_locations.csv (already processed)
Skipping Graph_Line_Graph_Construction_v10_801825_fault_locations.csv (already processed)
Skipping Graph_Line_Graph_Construction_v1_4141670_fault_locations.csv (already processed)
Skipping Graph_Line_Graph_Construction_v2_637497_fault_locations.csv (already processed)
Skipping Graph_Line_Graph_Construction_v3_3928973_fault_locations.csv (already processed)
Skipping Graph_Line_Graph_Construction_v4_497747_fault_locations.csv (already processed)
Skipping Graph_Line_Graph_Construction_v5_1031435_fault_locations.csv (already processed)
Skipping Graph_Line_Graph_Construction_v6_368981_fault_locations.csv (already processed)
Skipping Graph_Line_Graph_Construction_v7_4073296_fault_locations.csv (already processed)
Skipping Graph_Line_Graph_Construction_v8_86457_fault_locations.csv (already processed)
Skipping Graph_Line_Graph_Construction_v9_849220_fault_locations.csv (already processed)
Skipping Graph_Minor_Reduction_v10_776581_fault_locations.csv (already processed)
Skipping Graph_Minor_Reduction_v2_533899_fault_locations.csv (already processed)
Skipping Graph_Minor_Reduction_v3_3874000_fault_locations.csv (already processed)
Skipping Graph_Minor_Reduction_v4_508271_fault_locations.csv (already processed)
Skipping Graph_Minor_Reduction_v5_1012681_fault_locations.csv (already processed)
Skipping Graph_Minor_Reduction_v6_267199_fault_locations.csv (already processed)
Skipping Graph_Minor_Reduction_v7_4055134_fault_locations.csv (already processed)
Skipping Graph_Minor_Reduction_v8_128031_fault_locations.csv (already processed)
Skipping Graph_Minor_Reduction_v9_898732_fault_locations.csv (already processed)
Skipping Graph_Neural_Network_v1_4147943_fault_locations.csv (already processed)
Skipping Graph_Neural_Network_v2_656703_fault_locations.csv (already processed)
Skipping Graph_Neural_Network_v3_3837433_fault_locations.csv (already processed)
Skipping Graph_Partitioning_Kernighan_Lin_v1_4088544_fault_locations.csv (already processed)
Skipping Graph_Partitioning_Kernighan_Lin_v2_665811_fault_locations.csv (already processed)
Skipping Graph_Partitioning_Kernighan_Lin_v3_3880386_fault_locations.csv (already processed)
Skipping Graph_Partitioning_Kernighan_Lin_v8_177768_fault_locations.csv (already processed)
Skipping Graph_Partitioning_Kernighan_Lin_v9_892466_fault_locations.csv (already processed)
Skipping Graph_Power_Computation_v1_4182340_fault_locations.csv (already processed)
Skipping Graph_Power_Computation_v2_633651_fault_locations.csv (already processed)
Skipping Graph_Power_Computation_v3_3803330_fault_locations.csv (already processed)
Skipping Graph_Power_Computation_v4_504211_fault_locations.csv (already processed)
Skipping Graph_Power_Computation_v5_1108504_fault_locations.csv (already processed)
Skipping Graph_Power_Computation_v6_342535_fault_locations.csv (already processed)
Skipping Graph_Power_Computation_v7_3999883_fault_locations.csv (already processed)
Skipping Graph_Power_Computation_v8_161342_fault_locations.csv (already processed)
Skipping Graph_Power_Computation_v9_924107_fault_locations.csv (already processed)
Skipping Graph_Rewiring_Algorithm_v10_814789_fault_locations.csv (already processed)
Skipping Graph_Rewiring_Algorithm_v1_2821_fault_locations.csv (already processed)
Skipping Graph_Rewiring_Algorithm_v4_519499_fault_locations.csv (already processed)
Skipping Graph_Rewiring_Algorithm_v5_1054851_fault_locations.csv (already processed)
Skipping Graph_Rewiring_Algorithm_v6_277907_fault_locations.csv (already processed)
Skipping Graph_Rewiring_Algorithm_v8_118660_fault_locations.csv (already processed)
Skipping Graph_Rewiring_Algorithm_v9_940484_fault_locations.csv (already processed)
Skipping GraphSAGE_Sampling_v10_749484_fault_locations.csv (already processed)
Skipping GraphSAGE_Sampling_v2_562408_fault_locations.csv (already processed)
Skipping GraphSAGE_Sampling_v4_459690_fault_locations.csv (already processed)
Skipping GraphSAGE_Sampling_v6_367265_fault_locations.csv (already processed)
Skipping GraphSAGE_Sampling_v7_4038279_fault_locations.csv (already processed)
Skipping GraphSAGE_Sampling_v9_949104_fault_locations.csv (already processed)
Skipping Graph_Sampling_via_Random_Edge_v10_831959_fault_locations.csv (already processed)
Skipping Graph_Sampling_via_Random_Edge_v1_4117364_fault_locations.csv (already processed)
Skipping Graph_Sampling_via_Random_Edge_v3_3885872_fault_locations.csv (already processed)
Skipping Graph_Sampling_via_Random_Edge_v4_521644_fault_locations.csv (already processed)
Skipping Graph_Sampling_via_Random_Edge_v5_1014152_fault_locations.csv (already processed)
Skipping Graph_Sampling_via_Random_Edge_v6_326836_fault_locations.csv (already processed)
Skipping Graph_Sampling_via_Random_Edge_v7_4065448_fault_locations.csv (already processed)
Skipping Graph_Sampling_via_Random_Edge_v8_92353_fault_locations.csv (already processed)
Skipping Graph_Sampling_via_Random_Edge_v9_870956_fault_locations.csv (already processed)
Skipping Graph_Sampling_via_Random_Node_v1_33894_fault_locations.csv (already processed)
Skipping Graph_Sampling_via_Random_Node_v2_630579_fault_locations.csv (already processed)
Skipping Graph_Sampling_via_Random_Node_v3_3913312_fault_locations.csv (already processed)
Skipping Graph_Sampling_via_Random_Node_v5_1140645_fault_locations.csv (already processed)
Skipping Graph_Sampling_via_Random_Node_v6_244826_fault_locations.csv (already processed)
Skipping Graph_Sampling_via_Random_Node_v7_4062910_fault_locations.csv (already processed)
Skipping Graph_Sampling_via_Random_Node_v8_174290_fault_locations.csv (already processed)
Skipping Graph_Sampling_via_Random_Node_v9_847814_fault_locations.csv (already processed)
Skipping Graph_Similarity_GED_v10_768875_fault_locations.csv (already processed)
Skipping Graph_Similarity_GED_v1_4121568_fault_locations.csv (already processed)
Skipping Graph_Similarity_GED_v2_666471_fault_locations.csv (already processed)
Skipping Graph_Similarity_GED_v3_3882362_fault_locations.csv (already processed)
Skipping Graph_Similarity_GED_v4_428113_fault_locations.csv (already processed)
Skipping Graph_Similarity_GED_v5_1011663_fault_locations.csv (already processed)
Skipping Graph_Similarity_GED_v6_366121_fault_locations.csv (already processed)
Skipping Graph_Similarity_GED_v7_4056013_fault_locations.csv (already processed)
Skipping Graph_Similarity_GED_v8_123696_fault_locations.csv (already processed)
Skipping Graph_Similarity_GED_v9_967514_fault_locations.csv (already processed)
Skipping Graph_Simplification_via_Edge_Removal_v1_4139038_fault_locations.csv (already processed)
Skipping Graph_Simplification_via_Edge_Removal_v2_604313_fault_locations.csv (already processed)
Skipping Graph_Simplification_via_Edge_Removal_v3_3870727_fault_locations.csv (already processed)
Skipping Graph_Simplification_via_Edge_Removal_v4_481128_fault_locations.csv (already processed)
Skipping Graph_Simplification_via_Edge_Removal_v5_1096974_fault_locations.csv (already processed)
Skipping Graph_Simplification_via_Edge_Removal_v6_218532_fault_locations.csv (already processed)
Skipping Graph_Simplification_via_Edge_Removal_v7_4050879_fault_locations.csv (already processed)
Skipping Graph_Simplification_via_Edge_Removal_v8_154276_fault_locations.csv (already processed)
Skipping Graph_Simplification_via_Edge_Removal_v9_888029_fault_locations.csv (already processed)
Skipping Graph_Spanner_Computation_v10_710482_fault_locations.csv (already processed)
Skipping Graph_Spanner_Computation_v1_4126714_fault_locations.csv (already processed)
Skipping Graph_Spanner_Computation_v3_3914809_fault_locations.csv (already processed)
Skipping Graph_Spanner_Computation_v4_494276_fault_locations.csv (already processed)
Skipping Graph_Spanner_Computation_v5_1072826_fault_locations.csv (already processed)
Skipping Graph_Spanner_Computation_v6_360054_fault_locations.csv (already processed)
Skipping Graph_Spanner_Computation_v7_3991819_fault_locations.csv (already processed)
Skipping Graph_Spanner_Computation_v8_92967_fault_locations.csv (already processed)
Skipping Graph_Spanner_Computation_v9_849456_fault_locations.csv (already processed)
Skipping Graph_Sparsification_v10_703458_fault_locations.csv (already processed)
Skipping Graph_Sparsification_v1_11905_fault_locations.csv (already processed)
Skipping Graph_Sparsification_v2_542723_fault_locations.csv (already processed)
Skipping Graph_Sparsification_v3_3891781_fault_locations.csv (already processed)
Skipping Graph_Sparsification_v4_520599_fault_locations.csv (already processed)
Skipping Graph_Sparsification_v5_1099555_fault_locations.csv (already processed)
Skipping Graph_Sparsification_v6_258449_fault_locations.csv (already processed)
Skipping Graph_Sparsification_v7_3954069_fault_locations.csv (already processed)
Skipping Graph_Sparsification_v8_182655_fault_locations.csv (already processed)
Skipping Graph_Sparsification_v9_861818_fault_locations.csv (already processed)
Skipping Graph_Transposition_v1_4143268_fault_locations.csv (already processed)
Skipping Graph_Transposition_v2_550308_fault_locations.csv (already processed)
Skipping Graph_Transposition_v3_3914672_fault_locations.csv (already processed)
Skipping Graph_Transposition_v4_426659_fault_locations.csv (already processed)
Skipping Graph_Transposition_v5_1106251_fault_locations.csv (already processed)
Skipping Graph_Transposition_v6_272646_fault_locations.csv (already processed)
Skipping Graph_Transposition_v7_3942972_fault_locations.csv (already processed)
Skipping Graph_Transposition_v9_873885_fault_locations.csv (already processed)
Skipping Great_Circle_Distance_v2_658732_fault_locations.csv (already processed)
Skipping Great_Circle_Distance_v4_513566_fault_locations.csv (already processed)
Skipping Great_Circle_Distance_v5_1030492_fault_locations.csv (already processed)
Skipping Great_Circle_Distance_v8_48307_fault_locations.csv (already processed)
Skipping Great_Circle_Distance_v9_944861_fault_locations.csv (already processed)
Skipping Greedy_Best_First_Search_v10_709752_fault_locations.csv (already processed)
Skipping Greedy_Best_First_Search_v1_4125841_fault_locations.csv (already processed)
Skipping Greedy_Best_First_Search_v2_669346_fault_locations.csv (already processed)
Skipping Greedy_Best_First_Search_v3_3891279_fault_locations.csv (already processed)
Skipping Greedy_Best_First_Search_v4_503362_fault_locations.csv (already processed)
Skipping Greedy_Best_First_Search_v5_993614_fault_locations.csv (already processed)
Skipping Greedy_Best_First_Search_v7_3987844_fault_locations.csv (already processed)
Skipping Greedy_Best_First_Search_v8_50201_fault_locations.csv (already processed)
Skipping Greedy_Best_First_Search_v9_844640_fault_locations.csv (already processed)
Skipping Grid_Search_v10_699942_fault_locations.csv (already processed)
Skipping Grid_Search_v1_4165868_fault_locations.csv (already processed)
Skipping Grid_Search_v2_650486_fault_locations.csv (already processed)
Skipping Grid_Search_v3_3788623_fault_locations.csv (already processed)
Skipping Grid_Search_v4_477959_fault_locations.csv (already processed)
Skipping Grid_Search_v5_1126501_fault_locations.csv (already processed)
Skipping Grid_Search_v7_4013711_fault_locations.csv (already processed)
Skipping Grid_Search_v9_832472_fault_locations.csv (already processed)
Skipping Groq_Transformer_v6_321251_fault_locations.csv (already processed)
Skipping Guard_Placement_Problem_v10_789330_fault_locations.csv (already processed)
Skipping Guard_Placement_Problem_v1_4099983_fault_locations.csv (already processed)
Skipping Guard_Placement_Problem_v2_572846_fault_locations.csv (already processed)
Skipping Guard_Placement_Problem_v3_3827625_fault_locations.csv (already processed)
Skipping Guard_Placement_Problem_v4_501171_fault_locations.csv (already processed)
Skipping Guard_Placement_Problem_v5_1045722_fault_locations.csv (already processed)
Skipping Guard_Placement_Problem_v6_321022_fault_locations.csv (already processed)
Skipping Guard_Placement_Problem_v7_3978253_fault_locations.csv (already processed)
Skipping Guard_Placement_Problem_v8_107600_fault_locations.csv (already processed)
Skipping Guard_Placement_Problem_v9_909437_fault_locations.csv (already processed)
Skipping Gusfield’s_Cut_Tree_v2_649326_fault_locations.csv (already processed)
Skipping Gusfield’s_Cut_Tree_v4_489383_fault_locations.csv (already processed)
Skipping Gusfield’s_Cut_Tree_v6_327992_fault_locations.csv (already processed)
Skipping Gusfield’s_Cut_Tree_v9_926717_fault_locations.csv (already processed)
Skipping Hadamard_Product_v10_756084_fault_locations.csv (already processed)
Skipping Hadamard_Product_v1_4133949_fault_locations.csv (already processed)
Skipping Hadamard_Product_v3_3800877_fault_locations.csv (already processed)
Skipping Hadamard_Product_v4_479076_fault_locations.csv (already processed)
Skipping Hadamard_Product_v5_978999_fault_locations.csv (already processed)
Skipping Hadamard_Product_v6_227145_fault_locations.csv (already processed)
Skipping Hadamard_Product_v7_4038920_fault_locations.csv (already processed)
Skipping Hadamard_Product_v8_146180_fault_locations.csv (already processed)
Skipping Hadamard_Product_v9_917502_fault_locations.csv (already processed)
Skipping Half_Edge_Data_Structure_v10_740634_fault_locations.csv (already processed)
Skipping Half_Edge_Data_Structure_v1_4113256_fault_locations.csv (already processed)
Skipping Half_Edge_Data_Structure_v2_547584_fault_locations.csv (already processed)
Skipping Half_Edge_Data_Structure_v3_3827831_fault_locations.csv (already processed)
Skipping Half_Edge_Data_Structure_v4_395725_fault_locations.csv (already processed)
Skipping Half_Edge_Data_Structure_v5_982929_fault_locations.csv (already processed)
Skipping Half_Edge_Data_Structure_v6_280171_fault_locations.csv (already processed)
Skipping Half_Edge_Data_Structure_v7_4078736_fault_locations.csv (already processed)
Skipping Half_Plane_Intersection_v1_4134151_fault_locations.csv (already processed)
Skipping Half_Plane_Intersection_v2_612465_fault_locations.csv (already processed)
Skipping Half_Plane_Intersection_v3_3784925_fault_locations.csv (already processed)
Skipping Half_Plane_Intersection_v9_839690_fault_locations.csv (already processed)
Skipping Hamiltonian_Cycle_Dynamic_Programming_v10_745108_fault_locations.csv (already processed)
Skipping Hamiltonian_Cycle_Dynamic_Programming_v1_27765_fault_locations.csv (already processed)
Skipping Hamiltonian_Cycle_Dynamic_Programming_v2_634301_fault_locations.csv (already processed)
Skipping Hamiltonian_Cycle_Dynamic_Programming_v4_430586_fault_locations.csv (already processed)
Skipping Hamiltonian_Cycle_Dynamic_Programming_v5_1128578_fault_locations.csv (already processed)
Skipping Hamiltonian_Cycle_Dynamic_Programming_v6_264661_fault_locations.csv (already processed)
Skipping Hamiltonian_Cycle_Dynamic_Programming_v7_4076275_fault_locations.csv (already processed)
Skipping Hamiltonian_Cycle_Dynamic_Programming_v8_178143_fault_locations.csv (already processed)
Skipping Hamiltonian_Cycle_Dynamic_Programming_v9_885738_fault_locations.csv (already processed)
Skipping Hamiltonian_Path_Backtracking_v10_803878_fault_locations.csv (already processed)
Skipping Hamiltonian_Path_Backtracking_v1_4186862_fault_locations.csv (already processed)
Skipping Hamiltonian_Path_Backtracking_v2_644885_fault_locations.csv (already processed)
Skipping Hamiltonian_Path_Backtracking_v3_3879447_fault_locations.csv (already processed)
Skipping Hamiltonian_Path_Backtracking_v4_495275_fault_locations.csv (already processed)
Skipping Hamiltonian_Path_Backtracking_v6_364181_fault_locations.csv (already processed)
Skipping Hamiltonian_Path_Backtracking_v7_4082958_fault_locations.csv (already processed)
Skipping Hamiltonian_Path_Backtracking_v8_198753_fault_locations.csv (already processed)
Skipping Hamiltonian_Path_Backtracking_v9_968754_fault_locations.csv (already processed)
Skipping Hard_Margin_SVM_v8_171502_fault_locations.csv (already processed)
Skipping Harmonic_Centrality_v10_714088_fault_locations.csv (already processed)
Skipping Harmonic_Centrality_v1_16141_fault_locations.csv (already processed)
Skipping Harmonic_Centrality_v2_558135_fault_locations.csv (already processed)
Skipping Harmonic_Centrality_v3_3863521_fault_locations.csv (already processed)
Skipping Harmonic_Centrality_v4_396359_fault_locations.csv (already processed)
Skipping Harmonic_Centrality_v5_1019262_fault_locations.csv (already processed)
Skipping Harmonic_Centrality_v6_342068_fault_locations.csv (already processed)
Skipping Harmonic_Centrality_v8_129271_fault_locations.csv (already processed)
Skipping Harmonic_Centrality_v9_864962_fault_locations.csv (already processed)
Skipping Harris_Corner_Detector_v3_3918662_fault_locations.csv (already processed)
Skipping Harris_Corner_Detector_v4_504618_fault_locations.csv (already processed)
Skipping Harris_Corner_Detector_v6_366030_fault_locations.csv (already processed)
Skipping Hartree_Fock_Method_v5_1050032_fault_locations.csv (already processed)
Skipping HC_128_Cipher_v10_822699_fault_locations.csv (already processed)
Skipping HC_128_Cipher_v1_4089134_fault_locations.csv (already processed)
Skipping HC_128_Cipher_v2_652241_fault_locations.csv (already processed)
Skipping HC_128_Cipher_v3_3921541_fault_locations.csv (already processed)
Skipping HC_128_Cipher_v4_508383_fault_locations.csv (already processed)
Skipping HC_128_Cipher_v5_1141294_fault_locations.csv (already processed)
Skipping HC_128_Cipher_v6_385059_fault_locations.csv (already processed)
Skipping HC_128_Cipher_v7_4019477_fault_locations.csv (already processed)
Skipping HC_128_Cipher_v8_163493_fault_locations.csv (already processed)
Skipping HC_128_Cipher_v9_887990_fault_locations.csv (already processed)
Skipping HC_128_v10_772705_fault_locations.csv (already processed)
Skipping HC_128_v1_4116672_fault_locations.csv (already processed)
Skipping HC_128_v2_640749_fault_locations.csv (already processed)
Skipping HC_128_v3_3923029_fault_locations.csv (already processed)
Skipping HC_128_v4_476215_fault_locations.csv (already processed)
Skipping HC_128_v5_988678_fault_locations.csv (already processed)
Skipping HC_128_v6_213414_fault_locations.csv (already processed)
Skipping HC_128_v7_4019392_fault_locations.csv (already processed)
Skipping HC_128_v8_147455_fault_locations.csv (already processed)
Skipping HC_128_v9_868658_fault_locations.csv (already processed)
Skipping HC_256_128_v10_722914_fault_locations.csv (already processed)
Skipping HC_256_128_v3_3898893_fault_locations.csv (already processed)
Skipping HC_256_128_v4_468497_fault_locations.csv (already processed)
Skipping HC_256_128_v6_287733_fault_locations.csv (already processed)
Skipping HC_256_128_v7_3944337_fault_locations.csv (already processed)
Skipping HC_256_128_v8_65069_fault_locations.csv (already processed)
Skipping HC_256_128_v9_850150_fault_locations.csv (already processed)
Skipping HC_256_80_v10_752018_fault_locations.csv (already processed)
Skipping HC_256_80_v2_527998_fault_locations.csv (already processed)
Skipping HC_256_80_v3_3845168_fault_locations.csv (already processed)
Skipping HC_256_80_v4_483160_fault_locations.csv (already processed)
Skipping HC_256_80_v5_1127230_fault_locations.csv (already processed)
Skipping HC_256_80_v6_248447_fault_locations.csv (already processed)
Skipping HC_256_80_v7_4073360_fault_locations.csv (already processed)
Skipping HC_256_80_v8_90567_fault_locations.csv (already processed)
Skipping HC_256_80_v9_947289_fault_locations.csv (already processed)
Skipping HC_256_Cipher_v10_688966_fault_locations.csv (already processed)
Skipping HC_256_Cipher_v1_4113113_fault_locations.csv (already processed)
Skipping HC_256_Cipher_v2_535053_fault_locations.csv (already processed)
Skipping HC_256_Cipher_v3_3836360_fault_locations.csv (already processed)
Skipping HC_256_Cipher_v4_485813_fault_locations.csv (already processed)
Skipping HC_256_Cipher_v5_984337_fault_locations.csv (already processed)
Skipping HC_256_Cipher_v6_378227_fault_locations.csv (already processed)
Skipping HC_256_Cipher_v7_3965647_fault_locations.csv (already processed)
Skipping HC_256_Cipher_v8_87424_fault_locations.csv (already processed)
Skipping HC_256_Cipher_v9_896838_fault_locations.csv (already processed)
Skipping HC_256_v10_795119_fault_locations.csv (already processed)
Skipping HC_256_v2_667793_fault_locations.csv (already processed)
Skipping HC_256_v3_3846271_fault_locations.csv (already processed)
Skipping HC_256_v5_1108131_fault_locations.csv (already processed)
Skipping HC_256_v7_4052961_fault_locations.csv (already processed)
Skipping HC_256_v8_117631_fault_locations.csv (already processed)
Skipping HC_256_v9_878008_fault_locations.csv (already processed)
Skipping HDBSCAN_v10_733866_fault_locations.csv (already processed)
Skipping Heat_Diffusion_Solver_v10_766046_fault_locations.csv (already processed)
Skipping Heat_Diffusion_Solver_v1_23356_fault_locations.csv (already processed)
Skipping Heat_Diffusion_Solver_v3_3889116_fault_locations.csv (already processed)
Skipping Heat_Diffusion_Solver_v4_475553_fault_locations.csv (already processed)
Skipping Heat_Diffusion_Solver_v5_1085358_fault_locations.csv (already processed)
Skipping Heat_Diffusion_Solver_v7_4074543_fault_locations.csv (already processed)
Skipping Heat_Diffusion_Solver_v8_60981_fault_locations.csv (already processed)
Skipping Heat_Kernel_Diffusion_v10_725091_fault_locations.csv (already processed)
Skipping Heat_Kernel_Diffusion_v2_565546_fault_locations.csv (already processed)
Skipping Heat_Kernel_Diffusion_v3_3797178_fault_locations.csv (already processed)
Skipping Heat_Kernel_Diffusion_v4_398107_fault_locations.csv (already processed)
Skipping Heat_Kernel_Diffusion_v5_1020375_fault_locations.csv (already processed)
Skipping Heat_Kernel_Diffusion_v6_363917_fault_locations.csv (already processed)
Skipping Heat_Kernel_Diffusion_v7_4068219_fault_locations.csv (already processed)
Skipping Heat_Kernel_Diffusion_v8_112957_fault_locations.csv (already processed)
Skipping Heat_Kernel_Diffusion_v9_916791_fault_locations.csv (already processed)
Skipping Heavy_Light_Decomposition_v10_789494_fault_locations.csv (already processed)
Skipping Heavy_Light_Decomposition_v1_4090098_fault_locations.csv (already processed)
Skipping Heavy_Light_Decomposition_v2_559655_fault_locations.csv (already processed)
Skipping Heavy_Light_Decomposition_v3_3849558_fault_locations.csv (already processed)
Skipping Heavy_Light_Decomposition_v5_979516_fault_locations.csv (already processed)
Skipping Heavy_Light_Decomposition_v6_261279_fault_locations.csv (already processed)
Skipping Heavy_Light_Decomposition_v7_3981214_fault_locations.csv (already processed)
Skipping Heavy_Light_Decomposition_v8_75002_fault_locations.csv (already processed)
Skipping Heavy_Light_Decomposition_v9_845460_fault_locations.csv (already processed)
Skipping Heun_Method_v10_682328_fault_locations.csv (already processed)
Skipping Heun_Method_v1_19124_fault_locations.csv (already processed)
Skipping Heun_Method_v2_666442_fault_locations.csv (already processed)
Skipping Heun_Method_v5_1114456_fault_locations.csv (already processed)
Skipping Heun_Method_v6_379776_fault_locations.csv (already processed)
Skipping Heun_Method_v8_74337_fault_locations.csv (already processed)
Skipping Heun_Method_v9_834461_fault_locations.csv (already processed)
Skipping Heun’s_Method_v10_734708_fault_locations.csv (already processed)
Skipping Heun’s_Method_v1_4160692_fault_locations.csv (already processed)
Skipping Heun’s_Method_v4_454808_fault_locations.csv (already processed)
Skipping Heun’s_Method_v5_1069058_fault_locations.csv (already processed)
Skipping Heun’s_Method_v7_4033775_fault_locations.csv (already processed)
Skipping Heun’s_Method_v8_134065_fault_locations.csv (already processed)
Skipping Heun’s_Method_v9_937482_fault_locations.csv (already processed)
Skipping Hierarchical_Clustering_v1_33285_fault_locations.csv (already processed)
Skipping Hierarchical_Clustering_v3_3892898_fault_locations.csv (already processed)
Skipping Hierarchical_Clustering_v9_838860_fault_locations.csv (already processed)
Skipping HIGHT_64_v10_772897_fault_locations.csv (already processed)
Skipping HIGHT_64_v1_37067_fault_locations.csv (already processed)
Skipping HIGHT_64_v3_3820271_fault_locations.csv (already processed)
Skipping HIGHT_64_v4_431833_fault_locations.csv (already processed)
Skipping HIGHT_64_v5_1066744_fault_locations.csv (already processed)
Skipping HIGHT_64_v6_217141_fault_locations.csv (already processed)
Skipping HIGHT_64_v7_3931935_fault_locations.csv (already processed)
Skipping HIGHT_64_v8_104189_fault_locations.csv (already processed)
Skipping HIGHT_64_v9_880371_fault_locations.csv (already processed)
Skipping Highway_Hierarchies_v10_744542_fault_locations.csv (already processed)
Skipping Highway_Hierarchies_v4_520154_fault_locations.csv (already processed)
Skipping Highway_Hierarchies_v5_1049679_fault_locations.csv (already processed)
Skipping Highway_Hierarchies_v6_293589_fault_locations.csv (already processed)
Skipping Hilbert_Transform_v10_770474_fault_locations.csv (already processed)
Skipping Hilbert_Transform_v2_655284_fault_locations.csv (already processed)
Skipping Hilbert_Transform_v4_491959_fault_locations.csv (already processed)
Skipping Hilbert_Transform_v5_1055042_fault_locations.csv (already processed)
Skipping Hilbert_Transform_v9_835864_fault_locations.csv (already processed)
Skipping Hinge_Loss_v7_3996153_fault_locations.csv (already processed)
Skipping Histogram_Based_Gradient_Boosting_v10_739638_fault_locations.csv (already processed)
Skipping Histogram_Based_Gradient_Boosting_v4_472021_fault_locations.csv (already processed)
Skipping Histogram_Based_Gradient_Boosting_v6_354467_fault_locations.csv (already processed)
Skipping Histogram_Based_Gradient_Boosting_v7_4085481_fault_locations.csv (already processed)
Skipping HITS_Algorithm_v1_1411_fault_locations.csv (already processed)
Skipping HITS_Algorithm_v2_601802_fault_locations.csv (already processed)
Skipping HOG_Feature_Descriptor_v4_513901_fault_locations.csv (already processed)
Skipping Hole_Detection_in_Polygon_v1_4101370_fault_locations.csv (already processed)
Skipping Hole_Detection_in_Polygon_v3_3850642_fault_locations.csv (already processed)
Skipping Hole_Detection_in_Polygon_v4_481338_fault_locations.csv (already processed)
Skipping Hole_Detection_in_Polygon_v5_1074329_fault_locations.csv (already processed)
Skipping Hole_Detection_in_Polygon_v6_260949_fault_locations.csv (already processed)
Skipping Hole_Detection_in_Polygon_v7_3929738_fault_locations.csv (already processed)
Skipping Hole_Detection_in_Polygon_v8_95551_fault_locations.csv (already processed)
Skipping Hole_Detection_in_Polygon_v9_874262_fault_locations.csv (already processed)
Skipping Homogeneous_Coordinate_Transformation_v2_610586_fault_locations.csv (already processed)
Skipping Homogeneous_Coordinate_Transformation_v4_477696_fault_locations.csv (already processed)
Skipping Homogeneous_Coordinate_Transformation_v5_1039507_fault_locations.csv (already processed)
Skipping Homogeneous_Coordinate_Transformation_v6_244304_fault_locations.csv (already processed)
Skipping Homogeneous_Coordinate_Transformation_v7_3997415_fault_locations.csv (already processed)
Skipping Homogeneous_Coordinate_Transformation_v8_103958_fault_locations.csv (already processed)
Skipping Homogeneous_Coordinate_Transformation_v9_863876_fault_locations.csv (already processed)
Skipping Homogeneous_Coordinate_Transform_v10_746816_fault_locations.csv (already processed)
Skipping Homogeneous_Coordinate_Transform_v2_629746_fault_locations.csv (already processed)
Skipping Homogeneous_Coordinate_Transform_v3_3847336_fault_locations.csv (already processed)
Skipping Homogeneous_Coordinate_Transform_v4_397598_fault_locations.csv (already processed)
Skipping Homogeneous_Coordinate_Transform_v6_278995_fault_locations.csv (already processed)
Skipping Homogeneous_Coordinate_Transform_v8_151786_fault_locations.csv (already processed)
Skipping Homogeneous_Coordinate_Transform_v9_917334_fault_locations.csv (already processed)
Skipping Homography_Estimation_v10_741614_fault_locations.csv (already processed)
Skipping Homography_Estimation_v1_37470_fault_locations.csv (already processed)
Skipping Homography_Estimation_v2_597849_fault_locations.csv (already processed)
Skipping Homography_Estimation_v3_3811529_fault_locations.csv (already processed)
Skipping Homography_Estimation_v6_325719_fault_locations.csv (already processed)
Skipping Homography_Estimation_v7_3937837_fault_locations.csv (already processed)
Skipping Homography_Estimation_v9_968918_fault_locations.csv (already processed)
Skipping Hopcroft_Karp_Algorithm_Bipartite_Matching_v10_698902_fault_locations.csv (already processed)
Skipping Hopcroft_Karp_Algorithm_Bipartite_Matching_v1_4165823_fault_locations.csv (already processed)
Skipping Hopcroft_Karp_Algorithm_Bipartite_Matching_v2_629598_fault_locations.csv (already processed)
Skipping Hopcroft_Karp_Algorithm_Bipartite_Matching_v4_405347_fault_locations.csv (already processed)
Skipping Hopcroft_Karp_Algorithm_Bipartite_Matching_v5_1112391_fault_locations.csv (already processed)
Skipping Hopcroft_Karp_Algorithm_Bipartite_Matching_v6_245272_fault_locations.csv (already processed)
Skipping Hopcroft_Karp_Algorithm_Bipartite_Matching_v7_4054856_fault_locations.csv (already processed)
Skipping Hopcroft_Karp_Algorithm_Bipartite_Matching_v9_973642_fault_locations.csv (already processed)
Skipping Hopcroft_Tarjan_Planarity_Testing_v2_593747_fault_locations.csv (already processed)
Skipping Hopcroft_Tarjan_Planarity_Testing_v3_3875919_fault_locations.csv (already processed)
Skipping Hopcroft_Tarjan_Planarity_Testing_v4_487149_fault_locations.csv (already processed)
Skipping Hopcroft_Tarjan_Planarity_Testing_v5_983607_fault_locations.csv (already processed)
Skipping Hopcroft_Tarjan_Planarity_Testing_v6_234292_fault_locations.csv (already processed)
Skipping Hopcroft_Tarjan_Planarity_Testing_v7_3965751_fault_locations.csv (already processed)
Skipping Horn_Schunck_Optical_Flow_v10_798364_fault_locations.csv (already processed)
Skipping Horn_Schunck_Optical_Flow_v2_604281_fault_locations.csv (already processed)
Skipping Horn_Schunck_Optical_Flow_v3_3824644_fault_locations.csv (already processed)
Skipping Horn_Schunck_Optical_Flow_v6_289358_fault_locations.csv (already processed)
Skipping Horn_Schunck_Optical_Flow_v8_164014_fault_locations.csv (already processed)
Skipping Horn_Schunck_Optical_Flow_v9_888005_fault_locations.csv (already processed)
Skipping Hough_Transform_Circle_v1_4184625_fault_locations.csv (already processed)
Skipping Hough_Transform_Circle_v4_438356_fault_locations.csv (already processed)
Skipping Hough_Transform_Circle_v6_362613_fault_locations.csv (already processed)
Skipping Hough_Transform_Circle_v7_4070844_fault_locations.csv (already processed)
Skipping Hough_Transform_Line_v10_754825_fault_locations.csv (already processed)
Skipping Hough_Transform_Line_v2_640726_fault_locations.csv (already processed)
Skipping Hough_Transform_Line_v5_983231_fault_locations.csv (already processed)
Skipping Householder_QR_Factorization_v7_3973349_fault_locations.csv (already processed)
Skipping Householder_Transformation_v10_798568_fault_locations.csv (already processed)
Skipping Householder_Transformation_v5_997668_fault_locations.csv (already processed)
Skipping Huber_Regressor_v6_291510_fault_locations.csv (already processed)
Skipping Huber_Regressor_v7_3933942_fault_locations.csv (already processed)
Skipping Huber_Regressor_v9_954695_fault_locations.csv (already processed)
Skipping HuBERT_v6_285696_fault_locations.csv (already processed)
Skipping Hungarian_Algorithm_Assignment_Problem_v10_691457_fault_locations.csv (already processed)
Skipping Hungarian_Algorithm_Assignment_Problem_v1_4090045_fault_locations.csv (already processed)
Skipping Hungarian_Algorithm_Assignment_Problem_v2_619130_fault_locations.csv (already processed)
Skipping Hungarian_Algorithm_Assignment_Problem_v3_3848865_fault_locations.csv (already processed)
Skipping Hungarian_Algorithm_Assignment_Problem_v7_4032627_fault_locations.csv (already processed)
Skipping Hungarian_Algorithm_Assignment_Problem_v8_61709_fault_locations.csv (already processed)
Skipping Hungarian_Algorithm_Assignment_Problem_v9_878007_fault_locations.csv (already processed)
Skipping Hybrid_Monte_Carlo_v5_1070797_fault_locations.csv (already processed)
Skipping Hyperband_v10_679559_fault_locations.csv (already processed)
Skipping Hyperband_v1_4107946_fault_locations.csv (already processed)
Skipping Hyperband_v3_3854338_fault_locations.csv (already processed)
Skipping Hyperband_v4_520633_fault_locations.csv (already processed)
Skipping Hyperband_v5_1121316_fault_locations.csv (already processed)
Skipping Hyperband_v7_3930741_fault_locations.csv (already processed)
Skipping Hyperband_v9_946571_fault_locations.csv (already processed)
Skipping ICP_Alignment_v1_4165540_fault_locations.csv (already processed)
Skipping ICP_Alignment_v4_494999_fault_locations.csv (already processed)
Skipping ICP_Alignment_v6_317580_fault_locations.csv (already processed)
Skipping ICP_Alignment_v8_73676_fault_locations.csv (already processed)
Skipping IDA*_Iterative_Deepening_A*_v1_4749_fault_locations.csv (already processed)
Skipping IDA*_Iterative_Deepening_A*_v2_593580_fault_locations.csv (already processed)
Skipping IDA*_Iterative_Deepening_A*_v4_453172_fault_locations.csv (already processed)
Skipping IDA*_Iterative_Deepening_A*_v6_360257_fault_locations.csv (already processed)
Skipping IDA*_Iterative_Deepening_A*_v8_151802_fault_locations.csv (already processed)
Skipping IDA*_Iterative_Deepening_A*_v9_952356_fault_locations.csv (already processed)
Skipping IDEA_128_v10_704166_fault_locations.csv (already processed)
Skipping IDEA_128_v1_4108692_fault_locations.csv (already processed)
Skipping IDEA_128_v2_592859_fault_locations.csv (already processed)
Skipping IDEA_128_v3_3793948_fault_locations.csv (already processed)
Skipping IDEA_128_v4_481163_fault_locations.csv (already processed)
Skipping IDEA_128_v5_1040259_fault_locations.csv (already processed)
Skipping IDEA_128_v6_356273_fault_locations.csv (already processed)
Skipping IDEA_128_v7_4057109_fault_locations.csv (already processed)
Skipping IDEA_128_v8_52019_fault_locations.csv (already processed)
Skipping IDEA_128_v9_973914_fault_locations.csv (already processed)
Skipping IDEA_CBC_v10_829502_fault_locations.csv (already processed)
Skipping IDEA_CBC_v1_4117666_fault_locations.csv (already processed)
Skipping IDEA_CBC_v3_3892558_fault_locations.csv (already processed)
Skipping IDEA_CBC_v4_462549_fault_locations.csv (already processed)
Skipping IDEA_CBC_v6_277034_fault_locations.csv (already processed)
Skipping IDEA_CBC_v7_4024094_fault_locations.csv (already processed)
Skipping IDEA_CBC_v8_147824_fault_locations.csv (already processed)
Skipping IDEA_ECB_v10_695484_fault_locations.csv (already processed)
Skipping IDEA_ECB_v1_4113319_fault_locations.csv (already processed)
Skipping IDEA_ECB_v2_637644_fault_locations.csv (already processed)
Skipping IDEA_ECB_v3_3794187_fault_locations.csv (already processed)
Skipping IDEA_ECB_v4_413745_fault_locations.csv (already processed)
Skipping IDEA_ECB_v5_1050164_fault_locations.csv (already processed)
Skipping IDEA_ECB_v6_352415_fault_locations.csv (already processed)
Skipping IDEA_ECB_v7_4060910_fault_locations.csv (already processed)
Skipping IDEA_International_Data_Encryption_Algorithm_v10_700116_fault_locations.csv (already processed)
Skipping IDEA_International_Data_Encryption_Algorithm_v1_4143942_fault_locations.csv (already processed)
Skipping IDEA_International_Data_Encryption_Algorithm_v2_621628_fault_locations.csv (already processed)
Skipping IDEA_International_Data_Encryption_Algorithm_v3_3844799_fault_locations.csv (already processed)
Skipping IDEA_International_Data_Encryption_Algorithm_v5_1091957_fault_locations.csv (already processed)
Skipping IDEA_International_Data_Encryption_Algorithm_v6_384352_fault_locations.csv (already processed)
Skipping IDEA_International_Data_Encryption_Algorithm_v7_4043362_fault_locations.csv (already processed)
Skipping IDEA_International_Data_Encryption_Algorithm_v9_911190_fault_locations.csv (already processed)
Skipping IDEA_NXT_128_v10_702364_fault_locations.csv (already processed)
Skipping IDEA_NXT_128_v1_4188260_fault_locations.csv (already processed)
Skipping IDEA_NXT_128_v2_600591_fault_locations.csv (already processed)
Skipping IDEA_NXT_128_v3_3901340_fault_locations.csv (already processed)
Skipping IDEA_NXT_128_v4_396424_fault_locations.csv (already processed)
Skipping IDEA_NXT_128_v6_319913_fault_locations.csv (already processed)
Skipping IDEA_NXT_128_v7_3933949_fault_locations.csv (already processed)
Skipping IDEA_NXT_128_v8_147567_fault_locations.csv (already processed)
Skipping IDEA_NXT_128_v9_902067_fault_locations.csv (already processed)
Skipping IDEA_NXT_256_v10_725465_fault_locations.csv (already processed)
Skipping IDEA_NXT_256_v1_23529_fault_locations.csv (already processed)
Skipping IDEA_NXT_256_v2_574165_fault_locations.csv (already processed)
Skipping IDEA_NXT_256_v3_3925401_fault_locations.csv (already processed)
Skipping IDEA_NXT_256_v4_509872_fault_locations.csv (already processed)
Skipping IDEA_NXT_256_v5_1060590_fault_locations.csv (already processed)
Skipping IDEA_NXT_256_v6_261253_fault_locations.csv (already processed)
Skipping IDEA_NXT_256_v7_4066596_fault_locations.csv (already processed)
Skipping IDEA_NXT_256_v9_894194_fault_locations.csv (already processed)
Skipping IDR_v10_698145_fault_locations.csv (already processed)
Skipping IDR_v2_531879_fault_locations.csv (already processed)
Skipping IDR_v3_3788710_fault_locations.csv (already processed)
Skipping IDR_v6_365670_fault_locations.csv (already processed)
Skipping IDR_v7_4011382_fault_locations.csv (already processed)
Skipping IDR_v9_902010_fault_locations.csv (already processed)
Skipping Immersed_Boundary_Method_v10_746096_fault_locations.csv (already processed)
Skipping Immersed_Boundary_Method_v4_467551_fault_locations.csv (already processed)
Skipping Immersed_Boundary_Method_v7_3935034_fault_locations.csv (already processed)
Skipping Immersed_Boundary_Method_v9_891110_fault_locations.csv (already processed)
Skipping Implicit_Midpoint_Method_v10_692356_fault_locations.csv (already processed)
Skipping Implicit_Midpoint_Method_v1_33923_fault_locations.csv (already processed)
Skipping Implicit_Midpoint_Method_v2_660085_fault_locations.csv (already processed)
Skipping Implicit_Midpoint_Method_v4_442857_fault_locations.csv (already processed)
Skipping Implicit_Midpoint_Method_v5_1091942_fault_locations.csv (already processed)
Skipping Implicit_Midpoint_Method_v6_298846_fault_locations.csv (already processed)
Skipping Implicit_Midpoint_Method_v9_972671_fault_locations.csv (already processed)
Skipping Implicit_Surface_Rendering_v2_586479_fault_locations.csv (already processed)
Skipping Inception_Network_v10_755878_fault_locations.csv (already processed)
Skipping Inception_Network_v1_4118740_fault_locations.csv (already processed)
Skipping Inception_Network_v2_633132_fault_locations.csv (already processed)
Skipping Inception_Network_v4_450378_fault_locations.csv (already processed)
Skipping Inception_Network_v7_3969185_fault_locations.csv (already processed)
Skipping Inception_Network_v8_206102_fault_locations.csv (already processed)
Skipping Inception_Network_v9_938563_fault_locations.csv (already processed)
Skipping Incremental_Graph_Coloring_v10_679372_fault_locations.csv (already processed)
Skipping Incremental_Graph_Coloring_v1_8583_fault_locations.csv (already processed)
Skipping Incremental_Graph_Coloring_v3_3904569_fault_locations.csv (already processed)
Skipping Incremental_Graph_Coloring_v4_439118_fault_locations.csv (already processed)
Skipping Incremental_Graph_Coloring_v5_1102733_fault_locations.csv (already processed)
Skipping Incremental_Graph_Coloring_v6_218102_fault_locations.csv (already processed)
Skipping Incremental_Graph_Coloring_v7_3981247_fault_locations.csv (already processed)
Skipping Incremental_Graph_Coloring_v8_160514_fault_locations.csv (already processed)
Skipping Incremental_Graph_Coloring_v9_879167_fault_locations.csv (already processed)
Skipping Incremental_PCA_v10_753777_fault_locations.csv (already processed)
Skipping Incremental_PCA_v6_274065_fault_locations.csv (already processed)
Skipping Incremental_Topological_Sorting_v10_825758_fault_locations.csv (already processed)
Skipping Incremental_Topological_Sorting_v1_12175_fault_locations.csv (already processed)
Skipping Incremental_Topological_Sorting_v2_532646_fault_locations.csv (already processed)
Skipping Incremental_Topological_Sorting_v3_3891479_fault_locations.csv (already processed)
Skipping Incremental_Topological_Sorting_v4_441940_fault_locations.csv (already processed)
Skipping Incremental_Topological_Sorting_v5_1131409_fault_locations.csv (already processed)
Skipping Incremental_Topological_Sorting_v6_282146_fault_locations.csv (already processed)
Skipping Incremental_Topological_Sorting_v7_4073015_fault_locations.csv (already processed)
Skipping Incremental_Topological_Sorting_v8_127950_fault_locations.csv (already processed)
Skipping Incremental_Topological_Sorting_v9_860869_fault_locations.csv (already processed)
Skipping Independent_Component_Analysis_ICA_v2_645129_fault_locations.csv (already processed)
Skipping Independent_Component_Analysis_v7_4009839_fault_locations.csv (already processed)
Skipping Independent_Set_Enumeration_v10_724254_fault_locations.csv (already processed)
Skipping Independent_Set_Enumeration_v1_45968_fault_locations.csv (already processed)
Skipping Independent_Set_Enumeration_v2_602526_fault_locations.csv (already processed)
Skipping Independent_Set_Enumeration_v3_3913484_fault_locations.csv (already processed)
Skipping Independent_Set_Enumeration_v4_504099_fault_locations.csv (already processed)
Skipping Independent_Set_Enumeration_v5_1047596_fault_locations.csv (already processed)
Skipping Independent_Set_Enumeration_v6_233578_fault_locations.csv (already processed)
Skipping Independent_Set_Enumeration_v7_4078467_fault_locations.csv (already processed)
Skipping Independent_Set_Enumeration_v8_176921_fault_locations.csv (already processed)
Skipping Independent_Set_Enumeration_v9_874381_fault_locations.csv (already processed)
Skipping Index_Calculus_Method_v10_826709_fault_locations.csv (already processed)
Skipping Index_Calculus_Method_v1_20250_fault_locations.csv (already processed)
Skipping Index_Calculus_Method_v2_531207_fault_locations.csv (already processed)
Skipping Index_Calculus_Method_v3_3927807_fault_locations.csv (already processed)
Skipping Index_Calculus_Method_v5_1068478_fault_locations.csv (already processed)
Skipping Index_Calculus_Method_v6_210867_fault_locations.csv (already processed)
Skipping Index_Calculus_Method_v7_3990968_fault_locations.csv (already processed)
Skipping Index_Calculus_Method_v8_73446_fault_locations.csv (already processed)
Skipping Index_Calculus_Method_v9_976814_fault_locations.csv (already processed)
Skipping Induced_Subgraph_Extraction_v10_819029_fault_locations.csv (already processed)
Skipping Induced_Subgraph_Extraction_v1_4094828_fault_locations.csv (already processed)
Skipping Induced_Subgraph_Extraction_v2_603739_fault_locations.csv (already processed)
Skipping Induced_Subgraph_Extraction_v3_3800250_fault_locations.csv (already processed)
Skipping Induced_Subgraph_Extraction_v4_386544_fault_locations.csv (already processed)
Skipping Induced_Subgraph_Extraction_v5_1070158_fault_locations.csv (already processed)
Skipping Induced_Subgraph_Extraction_v6_324501_fault_locations.csv (already processed)
Skipping Induced_Subgraph_Extraction_v8_111157_fault_locations.csv (already processed)
Skipping Induced_Subgraph_Extraction_v9_971538_fault_locations.csv (already processed)
Skipping Infinite_Impulse_Response_Filter_v1_42001_fault_locations.csv (already processed)
Skipping Infinite_Impulse_Response_Filter_v2_625230_fault_locations.csv (already processed)
Skipping Infinite_Impulse_Response_Filter_v3_3924058_fault_locations.csv (already processed)
Skipping Infinite_Impulse_Response_Filter_v4_403460_fault_locations.csv (already processed)
Skipping Infinite_Impulse_Response_Filter_v6_324527_fault_locations.csv (already processed)
Skipping Infinite_Impulse_Response_Filter_v7_4051827_fault_locations.csv (already processed)
Skipping Infinite_Impulse_Response_Filter_v9_847786_fault_locations.csv (already processed)
Skipping InfoGAN_v6_331404_fault_locations.csv (already processed)
Skipping Interest_Rate_Models_v10_801121_fault_locations.csv (already processed)
Skipping Interest_Rate_Models_v9_923762_fault_locations.csv (already processed)
Skipping Interior_Point_Method_v1_13386_fault_locations.csv (already processed)
Skipping Interior_Point_Method_v4_487120_fault_locations.csv (already processed)
Skipping Interior_Point_Method_v5_1099820_fault_locations.csv (already processed)
Skipping Interior_Point_Method_v6_357237_fault_locations.csv (already processed)
Skipping Interior_Point_Method_v7_4033899_fault_locations.csv (already processed)
Skipping Interior_Point_Method_v8_105452_fault_locations.csv (already processed)
Skipping Intersection_Area_of_Polygons_v3_3855069_fault_locations.csv (already processed)
Skipping Intersection_Area_of_Polygons_v9_973553_fault_locations.csv (already processed)
Skipping Interval_Graph_Recognition_v10_724300_fault_locations.csv (already processed)
Skipping Interval_Graph_Recognition_v1_4088249_fault_locations.csv (already processed)
Skipping Interval_Graph_Recognition_v2_528572_fault_locations.csv (already processed)
Skipping Interval_Graph_Recognition_v4_471344_fault_locations.csv (already processed)
Skipping Interval_Graph_Recognition_v5_1091279_fault_locations.csv (already processed)
Skipping Interval_Graph_Recognition_v8_190882_fault_locations.csv (already processed)
Skipping Interval_Graph_Recognition_v9_898873_fault_locations.csv (already processed)
Skipping Interval_Tree_Geometry_Query_v1_4102740_fault_locations.csv (already processed)
Skipping Interval_Tree_Geometry_Query_v2_582830_fault_locations.csv (already processed)
Skipping Interval_Tree_Geometry_Query_v4_430405_fault_locations.csv (already processed)
Skipping Interval_Tree_Geometry_Query_v5_1084694_fault_locations.csv (already processed)
Skipping Interval_Tree_Geometry_Query_v6_224911_fault_locations.csv (already processed)
Skipping Interval_Tree_Geometry_Query_v9_862766_fault_locations.csv (already processed)
Skipping Inverse_Discrete_Cosine_Transform_v10_739553_fault_locations.csv (already processed)
Skipping Inverse_Discrete_Cosine_Transform_v4_469136_fault_locations.csv (already processed)
Skipping Inverse_Discrete_Cosine_Transform_v6_370603_fault_locations.csv (already processed)
Skipping Inverse_Discrete_Cosine_Transform_v8_92510_fault_locations.csv (already processed)
Skipping Inverse_Fast_Fourier_Transform_v10_717064_fault_locations.csv (already processed)
Skipping Inverse_Fast_Fourier_Transform_v1_4963_fault_locations.csv (already processed)
Skipping Inverse_Fast_Fourier_Transform_v4_440065_fault_locations.csv (already processed)
Skipping Inverse_Fast_Fourier_Transform_v5_1129329_fault_locations.csv (already processed)
Skipping Inverse_Fast_Fourier_Transform_v6_271186_fault_locations.csv (already processed)
Skipping Inverse_Fast_Fourier_Transform_v7_3999819_fault_locations.csv (already processed)
Skipping Inverse_Fast_Fourier_Transform_v8_151961_fault_locations.csv (already processed)
Skipping Inverse_Fast_Fourier_Transform_v9_899841_fault_locations.csv (already processed)
Skipping Inverse_FFT_v2_563092_fault_locations.csv (already processed)
Skipping Inverse_FFT_v3_3796384_fault_locations.csv (already processed)
Skipping Inverse_FFT_v6_265490_fault_locations.csv (already processed)
Skipping Inverse_FFT_v8_116829_fault_locations.csv (already processed)
Skipping Inverse_Kinematics_v10_677377_fault_locations.csv (already processed)
Skipping Inverse_Kinematics_v2_549243_fault_locations.csv (already processed)
Skipping Inverse_Kinematics_v5_1000345_fault_locations.csv (already processed)
Skipping Inverse_Kinematics_v6_366506_fault_locations.csv (already processed)
Skipping ISAP_K_128_v2_541890_fault_locations.csv (already processed)
Skipping ISAP_K_128_v3_3811665_fault_locations.csv (already processed)
Skipping ISAP_K_128_v6_356467_fault_locations.csv (already processed)
Skipping ISAP_K_128_v7_4052986_fault_locations.csv (already processed)
Skipping ISAP_K_128_v8_83398_fault_locations.csv (already processed)
Skipping ISAP_K_128_v9_844052_fault_locations.csv (already processed)
Skipping ISAP_KA_128_v10_684728_fault_locations.csv (already processed)
Skipping ISAP_KA_128_v1_4146888_fault_locations.csv (already processed)
Skipping ISAP_KA_128_v2_629863_fault_locations.csv (already processed)
Skipping ISAP_KA_128_v3_3828586_fault_locations.csv (already processed)
Skipping ISAP_KA_128_v4_482615_fault_locations.csv (already processed)
Skipping ISAP_KA_128_v7_4084265_fault_locations.csv (already processed)
Skipping ISAP_KA_128_v8_93241_fault_locations.csv (already processed)
Skipping ISAP_KA_128_v9_933455_fault_locations.csv (already processed)
Skipping Isolation_Forest_v1_4108998_fault_locations.csv (already processed)
Skipping Isolation_Forest_v2_552513_fault_locations.csv (already processed)
Skipping Isolation_Forest_v8_203829_fault_locations.csv (already processed)
Skipping Iso_Line_Generation_v1_4189680_fault_locations.csv (already processed)
Skipping Iso_Line_Generation_v2_545845_fault_locations.csv (already processed)
Skipping Iso_Line_Generation_v6_217260_fault_locations.csv (already processed)
Skipping Iso_Line_Generation_v7_4013180_fault_locations.csv (already processed)
Skipping Iso_Line_Generation_v9_920831_fault_locations.csv (already processed)
Skipping ISOMAP_v1_19266_fault_locations.csv (already processed)
Skipping ISOMAP_v5_1066622_fault_locations.csv (already processed)
Skipping ISOMAP_v7_4067167_fault_locations.csv (already processed)
Skipping Iso_Surface_Generation_v2_644022_fault_locations.csv (already processed)
Skipping Iso_Surface_Generation_v5_1033641_fault_locations.csv (already processed)
Skipping Iso_Surface_Generation_v6_281115_fault_locations.csv (already processed)
Skipping Iso_Surface_Generation_v8_54667_fault_locations.csv (already processed)
Skipping Iterative_DFS_v10_737534_fault_locations.csv (already processed)
Skipping Iterative_DFS_v1_39104_fault_locations.csv (already processed)
Skipping Iterative_DFS_v2_606069_fault_locations.csv (already processed)
Skipping Iterative_DFS_v3_3880332_fault_locations.csv (already processed)
Skipping Iterative_DFS_v4_500724_fault_locations.csv (already processed)
Skipping Iterative_DFS_v5_1004400_fault_locations.csv (already processed)
Skipping Iterative_DFS_v6_213680_fault_locations.csv (already processed)
Skipping Iterative_DFS_v7_4031888_fault_locations.csv (already processed)
Skipping Iterative_DFS_v8_199305_fault_locations.csv (already processed)
Skipping Iterative_DFS_v9_852203_fault_locations.csv (already processed)
Skipping Iterative_Refinement_for_Linear_Systems_v1_4155895_fault_locations.csv (already processed)
Skipping Iterative_Refinement_for_Linear_Systems_v2_574342_fault_locations.csv (already processed)
Skipping Iterative_Refinement_for_Linear_Systems_v5_1104931_fault_locations.csv (already processed)
Skipping Iterative_Refinement_for_Linear_Systems_v8_89979_fault_locations.csv (already processed)
Skipping Iterative_Refinement_for_Linear_Systems_v9_912032_fault_locations.csv (already processed)
Skipping Jacobian_Matrix_Geometry_v10_771191_fault_locations.csv (already processed)
Skipping Jacobian_Matrix_Geometry_v1_4167839_fault_locations.csv (already processed)
Skipping Jacobian_Matrix_Geometry_v2_567035_fault_locations.csv (already processed)
Skipping Jacobian_Matrix_Geometry_v4_519541_fault_locations.csv (already processed)
Skipping Jacobian_Matrix_Geometry_v5_1100377_fault_locations.csv (already processed)
Skipping Jacobian_Matrix_Geometry_v6_333903_fault_locations.csv (already processed)
Skipping Jacobian_Matrix_Geometry_v7_4058580_fault_locations.csv (already processed)
Skipping Jacobian_Matrix_Geometry_v8_99264_fault_locations.csv (already processed)
Skipping Jacobian_Matrix_Geometry_v9_836899_fault_locations.csv (already processed)
Skipping Jacobi_Eigenvalue_Algorithm_v10_722502_fault_locations.csv (already processed)
Skipping Jacobi_Eigenvalue_Algorithm_v1_4101072_fault_locations.csv (already processed)
Skipping Jacobi_Eigenvalue_Algorithm_v3_3911758_fault_locations.csv (already processed)
Skipping Jacobi_Eigenvalue_Algorithm_v7_3943324_fault_locations.csv (already processed)
Skipping Jacobi_Eigenvalue_Algorithm_v8_138209_fault_locations.csv (already processed)
Skipping Jacobi_Iteration_v2_610922_fault_locations.csv (already processed)
Skipping Jacobi_Iteration_v3_3839650_fault_locations.csv (already processed)
Skipping Jacobi_Iteration_v4_402390_fault_locations.csv (already processed)
Skipping Jacobi_Iteration_v6_251009_fault_locations.csv (already processed)
Skipping Jacobi_Iteration_v9_925938_fault_locations.csv (already processed)
Skipping Jacobi_Stencil_v10_787098_fault_locations.csv (already processed)
Skipping Jacobi_Stencil_v1_16082_fault_locations.csv (already processed)
Skipping Jacobi_Stencil_v2_611386_fault_locations.csv (already processed)
Skipping Jacobi_Stencil_v3_3836223_fault_locations.csv (already processed)
Skipping Jacobi_Stencil_v7_4039237_fault_locations.csv (already processed)
Skipping Jacobi_Stencil_v9_845561_fault_locations.csv (already processed)
Skipping Jacobi_Symbol_Computation_v10_708766_fault_locations.csv (already processed)
Skipping Jacobi_Symbol_Computation_v1_31235_fault_locations.csv (already processed)
Skipping Jacobi_Symbol_Computation_v2_537962_fault_locations.csv (already processed)
Skipping Jacobi_Symbol_Computation_v3_3781926_fault_locations.csv (already processed)
Skipping Jacobi_Symbol_Computation_v4_478153_fault_locations.csv (already processed)
Skipping Jacobi_Symbol_Computation_v5_1128653_fault_locations.csv (already processed)
Skipping Jacobi_Symbol_Computation_v6_234185_fault_locations.csv (already processed)
Skipping Jacobi_Symbol_Computation_v7_3969370_fault_locations.csv (already processed)
Skipping Jacobi_Symbol_Computation_v8_184390_fault_locations.csv (already processed)
Skipping Jacobi_Symbol_Computation_v9_950159_fault_locations.csv (already processed)
Skipping Johnson’s_Algorithm_v10_708798_fault_locations.csv (already processed)
Skipping Johnson’s_Algorithm_v1_4107108_fault_locations.csv (already processed)
Skipping Johnson’s_Algorithm_v2_587846_fault_locations.csv (already processed)
Skipping Johnson’s_Algorithm_v3_3824780_fault_locations.csv (already processed)
Skipping Johnson’s_Algorithm_v4_391137_fault_locations.csv (already processed)
Skipping Johnson’s_Algorithm_v5_1111298_fault_locations.csv (already processed)
Skipping Johnson’s_Algorithm_v7_4067116_fault_locations.csv (already processed)
Skipping Johnson’s_Algorithm_v9_854737_fault_locations.csv (already processed)
Skipping Johnson’s_Reweighting_for_All_Pairs_Shortest_Path_v10_821819_fault_locations.csv (already processed)
Skipping Johnson’s_Reweighting_for_All_Pairs_Shortest_Path_v2_638643_fault_locations.csv (already processed)
Skipping Johnson’s_Reweighting_for_All_Pairs_Shortest_Path_v3_3827746_fault_locations.csv (already processed)
Skipping Johnson’s_Reweighting_for_All_Pairs_Shortest_Path_v4_498705_fault_locations.csv (already processed)
Skipping Johnson’s_Reweighting_for_All_Pairs_Shortest_Path_v6_329173_fault_locations.csv (already processed)
Skipping Johnson’s_Reweighting_for_All_Pairs_Shortest_Path_v7_3980480_fault_locations.csv (already processed)
Skipping Johnson’s_Reweighting_for_All_Pairs_Shortest_Path_v8_69966_fault_locations.csv (already processed)
Skipping Jordan_Normal_Form_v2_565688_fault_locations.csv (already processed)
Skipping Jordan_Normal_Form_v4_505632_fault_locations.csv (already processed)
Skipping Jordan_Normal_Form_v5_999755_fault_locations.csv (already processed)
Skipping Jordan_Normal_Form_v7_3946532_fault_locations.csv (already processed)
Skipping Jordan_Normal_Form_v9_901638_fault_locations.csv (already processed)
Skipping Julia_Set_v8_195453_fault_locations.csv (already processed)
Skipping Julia_Set_v9_948771_fault_locations.csv (already processed)
Skipping Kahn’s_Topological_Sort_v10_820061_fault_locations.csv (already processed)
Skipping Kahn’s_Topological_Sort_v1_4190950_fault_locations.csv (already processed)
Skipping Kahn’s_Topological_Sort_v2_615929_fault_locations.csv (already processed)
Skipping Kahn’s_Topological_Sort_v3_3833323_fault_locations.csv (already processed)
Skipping Kahn’s_Topological_Sort_v4_440681_fault_locations.csv (already processed)
Skipping Kahn’s_Topological_Sort_v5_1123331_fault_locations.csv (already processed)
Skipping Kahn’s_Topological_Sort_v6_356195_fault_locations.csv (already processed)
Skipping Kahn’s_Topological_Sort_v7_3975480_fault_locations.csv (already processed)
Skipping Kahn’s_Topological_Sort_v8_181056_fault_locations.csv (already processed)
Skipping Kahn’s_Topological_Sort_v9_950750_fault_locations.csv (already processed)
Skipping Kalman_Filter_v2_665739_fault_locations.csv (already processed)
Skipping Kalman_Filter_v5_994493_fault_locations.csv (already processed)
Skipping Kalman_Filter_v6_370528_fault_locations.csv (already processed)
Skipping Kalman_Filter_v7_3958275_fault_locations.csv (already processed)
Skipping Kalman_Filter_v9_930915_fault_locations.csv (already processed)
Skipping Karatsuba_Multiplication_v1_4135031_fault_locations.csv (already processed)
Skipping Karatsuba_Multiplication_v3_3889085_fault_locations.csv (already processed)
Skipping Karatsuba_Multiplication_v4_441406_fault_locations.csv (already processed)
Skipping Karatsuba_Multiplication_v8_137309_fault_locations.csv (already processed)
Skipping Karger’s_Randomized_Min_Cut_v10_728197_fault_locations.csv (already processed)
Skipping Karger’s_Randomized_Min_Cut_v1_19093_fault_locations.csv (already processed)
Skipping Karger’s_Randomized_Min_Cut_v2_543401_fault_locations.csv (already processed)
Skipping Karger’s_Randomized_Min_Cut_v3_3797671_fault_locations.csv (already processed)
Skipping Karger’s_Randomized_Min_Cut_v5_1126455_fault_locations.csv (already processed)
Skipping Karger’s_Randomized_Min_Cut_v6_227490_fault_locations.csv (already processed)
Skipping Karger’s_Randomized_Min_Cut_v7_4005705_fault_locations.csv (already processed)
Skipping Karger’s_Randomized_Min_Cut_v9_889668_fault_locations.csv (already processed)
Skipping KATAN_32_v2_584854_fault_locations.csv (already processed)
Skipping KATAN_32_v3_3818769_fault_locations.csv (already processed)
Skipping KATAN_32_v4_420842_fault_locations.csv (already processed)
Skipping KATAN_32_v5_987732_fault_locations.csv (already processed)
Skipping KATAN_32_v6_341434_fault_locations.csv (already processed)
Skipping KATAN_32_v7_4029835_fault_locations.csv (already processed)
Skipping KATAN_32_v8_138865_fault_locations.csv (already processed)
Skipping KATAN_32_v9_968637_fault_locations.csv (already processed)
Skipping KATAN_48_v10_790516_fault_locations.csv (already processed)
Skipping KATAN_48_v1_2479_fault_locations.csv (already processed)
Skipping KATAN_48_v2_658923_fault_locations.csv (already processed)
Skipping KATAN_48_v3_3837379_fault_locations.csv (already processed)
Skipping KATAN_48_v4_497625_fault_locations.csv (already processed)
Skipping KATAN_48_v5_1091048_fault_locations.csv (already processed)
Skipping KATAN_48_v6_275027_fault_locations.csv (already processed)
Skipping KATAN_48_v7_4016214_fault_locations.csv (already processed)
Skipping KATAN_48_v8_54026_fault_locations.csv (already processed)
Skipping KATAN_48_v9_972520_fault_locations.csv (already processed)
Skipping KATAN_64_v10_726606_fault_locations.csv (already processed)
Skipping KATAN_64_v1_26165_fault_locations.csv (already processed)
Skipping KATAN_64_v2_618395_fault_locations.csv (already processed)
Skipping KATAN_64_v3_3876043_fault_locations.csv (already processed)
Skipping KATAN_64_v4_490168_fault_locations.csv (already processed)
Skipping KATAN_64_v5_1135328_fault_locations.csv (already processed)
Skipping KATAN_64_v6_322698_fault_locations.csv (already processed)
Skipping KATAN_64_v7_3952001_fault_locations.csv (already processed)
Skipping KATAN_64_v8_172389_fault_locations.csv (already processed)
Skipping KATAN_64_v9_952637_fault_locations.csv (already processed)
Skipping Katz_Centrality_v10_701342_fault_locations.csv (already processed)
Skipping Katz_Centrality_v2_531163_fault_locations.csv (already processed)
Skipping Katz_Centrality_v5_1021123_fault_locations.csv (already processed)
Skipping Katz_Centrality_v6_379693_fault_locations.csv (already processed)
Skipping Katz_Centrality_v8_183283_fault_locations.csv (already processed)
Skipping Katz_Centrality_v9_976121_fault_locations.csv (already processed)
Skipping K_Core_Decomposition_v1_4170212_fault_locations.csv (already processed)
Skipping K_Core_Decomposition_v2_615635_fault_locations.csv (already processed)
Skipping K_Core_Decomposition_v3_3915135_fault_locations.csv (already processed)
Skipping K_Core_Decomposition_v4_430047_fault_locations.csv (already processed)
Skipping K_Core_Decomposition_v5_1026097_fault_locations.csv (already processed)
Skipping K_Core_Decomposition_v7_4053372_fault_locations.csv (already processed)
Skipping K_Core_Decomposition_v8_206033_fault_locations.csv (already processed)
Skipping k_d_Tree_Construction_v10_777996_fault_locations.csv (already processed)
Skipping k_d_Tree_Construction_v1_4105560_fault_locations.csv (already processed)
Skipping k_d_Tree_Construction_v2_608063_fault_locations.csv (already processed)
Skipping k_d_Tree_Construction_v3_3902745_fault_locations.csv (already processed)
Skipping k_d_Tree_Construction_v4_508579_fault_locations.csv (already processed)
Skipping k_d_Tree_Construction_v5_1130715_fault_locations.csv (already processed)
Skipping k_d_Tree_Construction_v6_310719_fault_locations.csv (already processed)
Skipping k_d_Tree_Construction_v7_3970644_fault_locations.csv (already processed)
Skipping k_d_Tree_Construction_v9_859358_fault_locations.csv (already processed)
Skipping k_d_Tree_k=2_v10_725675_fault_locations.csv (already processed)
Skipping k_d_Tree_k=2_v2_612930_fault_locations.csv (already processed)
Skipping k_d_Tree_k=2_v4_414384_fault_locations.csv (already processed)
Skipping k_d_Tree_k=2_v7_4063105_fault_locations.csv (already processed)
Skipping k_d_Tree_k=3_v10_678507_fault_locations.csv (already processed)
Skipping k_d_Tree_k=3_v2_569554_fault_locations.csv (already processed)
Skipping k_d_Tree_k=3_v3_3790663_fault_locations.csv (already processed)
Skipping k_d_Tree_k=3_v4_427272_fault_locations.csv (already processed)
Skipping k_d_Tree_k=3_v6_384398_fault_locations.csv (already processed)
Skipping k_d_Tree_k=3_v9_933807_fault_locations.csv (already processed)
Skipping k_d_Tree_k=5_v4_417505_fault_locations.csv (already processed)
Skipping k_d_Tree_k=5_v7_4019229_fault_locations.csv (already processed)
Skipping k_d_Tree_k=5_v8_90438_fault_locations.csv (already processed)
Skipping k_d_Tree_Range_Query_v10_722642_fault_locations.csv (already processed)
Skipping k_d_Tree_Range_Query_v1_4174984_fault_locations.csv (already processed)
Skipping k_d_Tree_Range_Query_v3_3820400_fault_locations.csv (already processed)
Skipping k_d_Tree_Range_Query_v4_511391_fault_locations.csv (already processed)
Skipping k_d_Tree_Range_Query_v5_1053270_fault_locations.csv (already processed)
Skipping k_d_Tree_Range_Query_v6_212573_fault_locations.csv (already processed)
Skipping k_d_Tree_Range_Query_v7_4078508_fault_locations.csv (already processed)
Skipping Kernel_of_Polygon_v2_575212_fault_locations.csv (already processed)
Skipping Kernel_of_Polygon_v7_4074560_fault_locations.csv (already processed)
Skipping Kernel_PCA_v1_28301_fault_locations.csv (already processed)
Skipping Kernel_PCA_v2_568558_fault_locations.csv (already processed)
Skipping Kernel_PCA_v5_1058728_fault_locations.csv (already processed)
Skipping Kernel_PCA_v8_110439_fault_locations.csv (already processed)
Skipping Kernel_Ridge_Regression_v3_3917591_fault_locations.csv (already processed)
Skipping Kernel_Ridge_Regression_v8_152969_fault_locations.csv (already processed)
Skipping Kernel_Support_Vector_Machine_v3_3876305_fault_locations.csv (already processed)
Skipping Khafre_v10_728325_fault_locations.csv (already processed)
Skipping Khafre_v1_4158389_fault_locations.csv (already processed)
Skipping Khafre_v2_537140_fault_locations.csv (already processed)
Skipping Khafre_v3_3900230_fault_locations.csv (already processed)
Skipping Khafre_v4_475819_fault_locations.csv (already processed)
Skipping Khafre_v6_277864_fault_locations.csv (already processed)
Skipping Khafre_v7_4019515_fault_locations.csv (already processed)
Skipping Khafre_v8_134151_fault_locations.csv (already processed)
Skipping Khufu_v10_700076_fault_locations.csv (already processed)
Skipping Khufu_v1_4186084_fault_locations.csv (already processed)
Skipping Khufu_v2_549823_fault_locations.csv (already processed)
Skipping Khufu_v4_388260_fault_locations.csv (already processed)
Skipping Khufu_v5_1047264_fault_locations.csv (already processed)
Skipping Khufu_v6_294434_fault_locations.csv (already processed)
Skipping Khufu_v7_4012494_fault_locations.csv (already processed)
Skipping Khufu_v8_152875_fault_locations.csv (already processed)
Skipping k_Means_Clustering_v10_759836_fault_locations.csv (already processed)
Skipping K_Means_Clustering_v3_3836923_fault_locations.csv (already processed)
Skipping K_Means_Clustering_v4_517274_fault_locations.csv (already processed)
Skipping k_Means_Clustering_v6_221462_fault_locations.csv (already processed)
Skipping K_Means_Clustering_v6_284230_fault_locations.csv (already processed)
Skipping k_Means_Clustering_v7_3935086_fault_locations.csv (already processed)
Skipping K_Means_Clustering_v9_863416_fault_locations.csv (already processed)
Skipping K_Means_Lloyd_Algorithm_v1_4128759_fault_locations.csv (already processed)
Skipping K_Means_Lloyd_Algorithm_v2_616344_fault_locations.csv (already processed)
Skipping K_Means_Lloyd_Algorithm_v4_475438_fault_locations.csv (already processed)
Skipping K_Means_Lloyd_Algorithm_v6_256864_fault_locations.csv (already processed)
Skipping K_Means_Lloyd_Algorithm_v9_960045_fault_locations.csv (already processed)
Skipping K_Medoids_Clustering_v10_722052_fault_locations.csv (already processed)
Skipping K_Medoids_Clustering_v3_3782682_fault_locations.csv (already processed)
Skipping K_Medoids_Clustering_v4_427595_fault_locations.csv (already processed)
Skipping K_Medoids_Clustering_v8_125148_fault_locations.csv (already processed)
Skipping Knapsack_Problem_Solver_v10_739920_fault_locations.csv (already processed)
Skipping Knapsack_Problem_Solver_v1_4171846_fault_locations.csv (already processed)
Skipping Knapsack_Problem_Solver_v2_676743_fault_locations.csv (already processed)
Skipping Knapsack_Problem_Solver_v3_3820224_fault_locations.csv (already processed)
Skipping Knapsack_Problem_Solver_v4_502401_fault_locations.csv (already processed)
Skipping Knapsack_Problem_Solver_v5_997172_fault_locations.csv (already processed)
Skipping Knapsack_Problem_Solver_v6_316330_fault_locations.csv (already processed)
Skipping Knapsack_Problem_Solver_v7_4054646_fault_locations.csv (already processed)
Skipping Knapsack_Problem_Solver_v8_70738_fault_locations.csv (already processed)
Skipping Knapsack_Problem_Solver_v9_869708_fault_locations.csv (already processed)
Skipping K_Nearest_Neighbors_KNN_v10_710457_fault_locations.csv (already processed)
Skipping K_Nearest_Neighbors_KNN_v1_4168310_fault_locations.csv (already processed)
Skipping K_Nearest_Neighbors_KNN_v2_644619_fault_locations.csv (already processed)
Skipping K_Nearest_Neighbors_KNN_v3_3872403_fault_locations.csv (already processed)
Skipping K_Nearest_Neighbors_KNN_v4_519725_fault_locations.csv (already processed)
Skipping K_Nearest_Neighbors_KNN_v5_1014588_fault_locations.csv (already processed)
Skipping K_Nearest_Neighbors_KNN_v6_340438_fault_locations.csv (already processed)
Skipping K_Nearest_Neighbors_KNN_v7_4013063_fault_locations.csv (already processed)
Skipping K_Nearest_Neighbors_KNN_v8_119953_fault_locations.csv (already processed)
Skipping K_Nearest_Neighbors_KNN_v9_955873_fault_locations.csv (already processed)
Skipping K_Nearest_Neighbors_Regressor_v1_4184600_fault_locations.csv (already processed)
Skipping K_Nearest_Neighbors_Regressor_v2_529596_fault_locations.csv (already processed)
Skipping K_Nearest_Neighbors_Regressor_v3_3929566_fault_locations.csv (already processed)
Skipping K_Nearest_Neighbors_Regressor_v5_1127944_fault_locations.csv (already processed)
Skipping K_Nearest_Neighbors_Regressor_v6_354811_fault_locations.csv (already processed)
Skipping k_Nearest_Neighbor_v1_4088099_fault_locations.csv (already processed)
Skipping k_Nearest_Neighbor_v2_642127_fault_locations.csv (already processed)
Skipping k_Nearest_Neighbor_v3_3843454_fault_locations.csv (already processed)
Skipping k_Nearest_Neighbor_v4_482637_fault_locations.csv (already processed)
Skipping k_Nearest_Neighbor_v6_278471_fault_locations.csv (already processed)
Skipping k_Nearest_Neighbor_v7_4016517_fault_locations.csv (already processed)
Skipping Knowledge_Distillation_v2_597182_fault_locations.csv (already processed)
Skipping Knowledge_Distillation_v7_4040223_fault_locations.csv (already processed)
Skipping Knowledge_Distillation_v9_946492_fault_locations.csv (already processed)
Skipping Koch_Snowflake_v1_4145322_fault_locations.csv (already processed)
Skipping Koch_Snowflake_v2_542792_fault_locations.csv (already processed)
Skipping Koch_Snowflake_v3_3841534_fault_locations.csv (already processed)
Skipping Koch_Snowflake_v4_509778_fault_locations.csv (already processed)
Skipping Koch_Snowflake_v5_1074631_fault_locations.csv (already processed)
Skipping Koch_Snowflake_v6_329037_fault_locations.csv (already processed)
Skipping Koch_Snowflake_v7_3957334_fault_locations.csv (already processed)
Skipping Koch_Snowflake_v8_136873_fault_locations.csv (already processed)
Skipping Koch_Snowflake_v9_958559_fault_locations.csv (already processed)
Skipping Kosaraju’s_Strongly_Connected_Components_Algorithm_v10_688694_fault_locations.csv (already processed)
Skipping Kosaraju’s_Strongly_Connected_Components_Algorithm_v3_3840741_fault_locations.csv (already processed)
Skipping Kosaraju’s_Strongly_Connected_Components_Algorithm_v4_520763_fault_locations.csv (already processed)
Skipping Kosaraju’s_Strongly_Connected_Components_Algorithm_v5_1130921_fault_locations.csv (already processed)
Skipping Kosaraju’s_Strongly_Connected_Components_Algorithm_v7_4063362_fault_locations.csv (already processed)
Skipping Kronecker_Product_v10_814103_fault_locations.csv (already processed)
Skipping Kronecker_Product_v1_4137707_fault_locations.csv (already processed)
Skipping Kronecker_Product_v2_634165_fault_locations.csv (already processed)
Skipping Kronecker_Product_v3_3889287_fault_locations.csv (already processed)
Skipping Kronecker_Product_v4_485784_fault_locations.csv (already processed)
Skipping Kronecker_Product_v5_1032837_fault_locations.csv (already processed)
Skipping Kronecker_Product_v6_324760_fault_locations.csv (already processed)
Skipping Kronecker_Product_v7_3987043_fault_locations.csv (already processed)
Skipping Kronecker_Product_v8_61672_fault_locations.csv (already processed)
Skipping Kronecker_Product_v9_868255_fault_locations.csv (already processed)
Skipping Kronecker_Symbol_Computation_v4_478824_fault_locations.csv (already processed)
Skipping Kronecker_Symbol_Computation_v5_1104743_fault_locations.csv (already processed)
Skipping Kronecker_Symbol_Computation_v7_4028498_fault_locations.csv (already processed)
Skipping Kruskal’s_Minimum_Spanning_Tree_Algorithm_v10_680455_fault_locations.csv (already processed)
Skipping Kruskal’s_Minimum_Spanning_Tree_Algorithm_v1_4103049_fault_locations.csv (already processed)
Skipping Kruskal’s_Minimum_Spanning_Tree_Algorithm_v2_586540_fault_locations.csv (already processed)
Skipping Kruskal’s_Minimum_Spanning_Tree_Algorithm_v3_3804150_fault_locations.csv (already processed)
Skipping Kruskal’s_Minimum_Spanning_Tree_Algorithm_v4_507231_fault_locations.csv (already processed)
Skipping Kruskal’s_Minimum_Spanning_Tree_Algorithm_v5_1106409_fault_locations.csv (already processed)
Skipping Kruskal’s_Minimum_Spanning_Tree_Algorithm_v6_246487_fault_locations.csv (already processed)
Skipping Kruskal’s_Minimum_Spanning_Tree_Algorithm_v7_4068272_fault_locations.csv (already processed)
Skipping Kruskal’s_Minimum_Spanning_Tree_Algorithm_v8_73240_fault_locations.csv (already processed)
Skipping Kruskal’s_Minimum_Spanning_Tree_Algorithm_v9_924976_fault_locations.csv (already processed)
Skipping KTANTAN_32_v10_739488_fault_locations.csv (already processed)
Skipping KTANTAN_32_v4_403489_fault_locations.csv (already processed)
Skipping KTANTAN_32_v5_1073412_fault_locations.csv (already processed)
Skipping KTANTAN_32_v6_226110_fault_locations.csv (already processed)
Skipping KTANTAN_32_v7_3977375_fault_locations.csv (already processed)
Skipping KTANTAN_32_v9_926763_fault_locations.csv (already processed)
Skipping KTANTAN_48_v10_709728_fault_locations.csv (already processed)
Skipping KTANTAN_48_v1_4097203_fault_locations.csv (already processed)
Skipping KTANTAN_48_v2_629324_fault_locations.csv (already processed)
Skipping KTANTAN_48_v3_3809553_fault_locations.csv (already processed)
Skipping KTANTAN_48_v4_404786_fault_locations.csv (already processed)
Skipping KTANTAN_48_v5_1089904_fault_locations.csv (already processed)
Skipping KTANTAN_48_v6_323972_fault_locations.csv (already processed)
Skipping KTANTAN_48_v7_4084700_fault_locations.csv (already processed)
Skipping KTANTAN_48_v8_49272_fault_locations.csv (already processed)
Skipping KTANTAN_48_v9_897722_fault_locations.csv (already processed)
Skipping KTANTAN_64_v10_714133_fault_locations.csv (already processed)
Skipping KTANTAN_64_v1_11890_fault_locations.csv (already processed)
Skipping KTANTAN_64_v3_3851000_fault_locations.csv (already processed)
Skipping KTANTAN_64_v5_1097512_fault_locations.csv (already processed)
Skipping KTANTAN_64_v6_334635_fault_locations.csv (already processed)
Skipping KTANTAN_64_v7_3933859_fault_locations.csv (already processed)
Skipping KTANTAN_64_v9_903842_fault_locations.csv (already processed)
Skipping K_Truss_Decomposition_v10_823472_fault_locations.csv (already processed)
Skipping K_Truss_Decomposition_v1_4166343_fault_locations.csv (already processed)
Skipping K_Truss_Decomposition_v2_593313_fault_locations.csv (already processed)
Skipping K_Truss_Decomposition_v3_3836105_fault_locations.csv (already processed)
Skipping K_Truss_Decomposition_v4_397107_fault_locations.csv (already processed)
Skipping K_Truss_Decomposition_v5_1024453_fault_locations.csv (already processed)
Skipping K_Truss_Decomposition_v6_261117_fault_locations.csv (already processed)
Skipping K_Truss_Decomposition_v7_3998349_fault_locations.csv (already processed)
Skipping K_Truss_Decomposition_v9_946850_fault_locations.csv (already processed)
Skipping Kuhn_Munkres_Algorithm_v2_589152_fault_locations.csv (already processed)
Skipping Kuhn_Munkres_Algorithm_v3_3924161_fault_locations.csv (already processed)
Skipping Kuhn_Munkres_Algorithm_v4_419526_fault_locations.csv (already processed)
Skipping Kuhn_Munkres_Algorithm_v5_979368_fault_locations.csv (already processed)
Skipping Kuhn_Munkres_Algorithm_v6_283105_fault_locations.csv (already processed)
Skipping Kuhn_Munkres_Algorithm_v7_4016247_fault_locations.csv (already processed)
Skipping Kuhn_Munkres_Algorithm_v8_199569_fault_locations.csv (already processed)
Skipping Kuhn_Munkres_Algorithm_v9_973127_fault_locations.csv (already processed)
Skipping Label_Propagation_Clustering_v1_17605_fault_locations.csv (already processed)
Skipping Label_Propagation_Clustering_v2_530286_fault_locations.csv (already processed)
Skipping Label_Propagation_Clustering_v4_417102_fault_locations.csv (already processed)
Skipping Label_Propagation_Clustering_v5_1120121_fault_locations.csv (already processed)
Skipping Label_Propagation_Clustering_v7_3964089_fault_locations.csv (already processed)
Skipping Label_Propagation_Clustering_v8_143659_fault_locations.csv (already processed)
Skipping Label_Propagation_Clustering_v9_874461_fault_locations.csv (already processed)
Skipping Lagrangian_Mechanics_Solver_v10_696337_fault_locations.csv (already processed)
Skipping Lagrangian_Mechanics_Solver_v1_4112612_fault_locations.csv (already processed)
Skipping Lagrangian_Mechanics_Solver_v2_592707_fault_locations.csv (already processed)
Skipping Lagrangian_Mechanics_Solver_v5_1097625_fault_locations.csv (already processed)
Skipping Lagrangian_Mechanics_Solver_v6_364771_fault_locations.csv (already processed)
Skipping Lagrangian_Mechanics_Solver_v7_4049602_fault_locations.csv (already processed)
Skipping Lagrangian_Mechanics_Solver_v9_847162_fault_locations.csv (already processed)
Skipping Lanczos_Algorithm_v10_753148_fault_locations.csv (already processed)
Skipping Lanczos_Algorithm_v1_12067_fault_locations.csv (already processed)
Skipping Lanczos_Algorithm_v5_987370_fault_locations.csv (already processed)
Skipping Lanczos_Algorithm_v7_4085052_fault_locations.csv (already processed)
Skipping Laplacian_Eigenmap_Embedding_v4_411722_fault_locations.csv (already processed)
Skipping Laplacian_Filter_v10_718829_fault_locations.csv (already processed)
Skipping Laplacian_Filter_v1_4145663_fault_locations.csv (already processed)
Skipping Laplacian_Filter_v2_533188_fault_locations.csv (already processed)
Skipping Laplacian_Filter_v3_3903216_fault_locations.csv (already processed)
Skipping Laplacian_Filter_v4_431085_fault_locations.csv (already processed)
Skipping Laplacian_Filter_v5_1091580_fault_locations.csv (already processed)
Skipping Laplacian_Filter_v6_296816_fault_locations.csv (already processed)
Skipping Laplacian_Filter_v7_3980019_fault_locations.csv (already processed)
Skipping Laplacian_Filter_v8_181158_fault_locations.csv (already processed)
Skipping Laplacian_Filter_v9_884853_fault_locations.csv (already processed)
Skipping LARS_Least_Angle_Regression_v1_41546_fault_locations.csv (already processed)
Skipping LARS_Least_Angle_Regression_v5_1135288_fault_locations.csv (already processed)
Skipping LassoLars_v2_562214_fault_locations.csv (already processed)
Skipping LassoLars_v3_3785296_fault_locations.csv (already processed)
Skipping LassoLars_v4_497889_fault_locations.csv (already processed)
Skipping LassoLars_v5_1133722_fault_locations.csv (already processed)
Skipping LassoLars_v7_3958205_fault_locations.csv (already processed)
Skipping Lasso_Regression_v3_3888310_fault_locations.csv (already processed)
Skipping Lasso_Regression_v6_287299_fault_locations.csv (already processed)
Skipping Lasso_Regression_v8_196293_fault_locations.csv (already processed)
Skipping Latent_Diffusion_Model_v1_4147741_fault_locations.csv (already processed)
Skipping Latent_Diffusion_Model_v5_1096823_fault_locations.csv (already processed)
Skipping Lattice_Boltzmann_Method_v1_4095799_fault_locations.csv (already processed)
Skipping Lax_Friedrichs_Scheme_v2_573961_fault_locations.csv (already processed)
Skipping Lax_Friedrichs_Scheme_v3_3865307_fault_locations.csv (already processed)
Skipping Lax_Friedrichs_Scheme_v7_4049193_fault_locations.csv (already processed)
Skipping Lax_Wendroff_Scheme_v1_4181563_fault_locations.csv (already processed)
Skipping Lax_Wendroff_Scheme_v2_643202_fault_locations.csv (already processed)
Skipping Lax_Wendroff_Scheme_v5_992206_fault_locations.csv (already processed)
Skipping Lax_Wendroff_Scheme_v7_3950022_fault_locations.csv (already processed)
Skipping Layer_Normalization_v3_3854604_fault_locations.csv (already processed)
Skipping Layer_Normalization_v4_459343_fault_locations.csv (already processed)
Skipping Layer_Normalization_v6_280271_fault_locations.csv (already processed)
Skipping Lazy_Random_Walk_v10_724899_fault_locations.csv (already processed)
Skipping Lazy_Random_Walk_v1_22953_fault_locations.csv (already processed)
Skipping Lazy_Random_Walk_v3_3843558_fault_locations.csv (already processed)
Skipping Lazy_Random_Walk_v5_1079727_fault_locations.csv (already processed)
Skipping Lazy_Random_Walk_v6_242713_fault_locations.csv (already processed)
Skipping Lazy_Random_Walk_v7_3959487_fault_locations.csv (already processed)
Skipping Lazy_Random_Walk_v8_144830_fault_locations.csv (already processed)
Skipping L_BFGS_Algorithm_v1_4189459_fault_locations.csv (already processed)
Skipping LEA_128_v1_43969_fault_locations.csv (already processed)
Skipping LEA_128_v2_587425_fault_locations.csv (already processed)
Skipping LEA_128_v5_1069049_fault_locations.csv (already processed)
Skipping LEA_128_v9_928655_fault_locations.csv (already processed)
Skipping LEA_192_v2_597402_fault_locations.csv (already processed)
Skipping LEA_192_v6_216140_fault_locations.csv (already processed)
Skipping LEA_192_v8_143672_fault_locations.csv (already processed)
Skipping LEA_192_v9_872568_fault_locations.csv (already processed)
Skipping LEA_256_v1_4124616_fault_locations.csv (already processed)
Skipping LEA_256_v3_3848084_fault_locations.csv (already processed)
Skipping LEA_256_v7_3954048_fault_locations.csv (already processed)
Skipping LEA_256_v8_205982_fault_locations.csv (already processed)
Skipping LEA_256_v9_968443_fault_locations.csv (already processed)
Skipping LEA_CBC_v3_3834432_fault_locations.csv (already processed)
Skipping LEA_CBC_v6_233563_fault_locations.csv (already processed)
Skipping LEA_CBC_v8_181643_fault_locations.csv (already processed)
Skipping LEA_CFB_v3_3790756_fault_locations.csv (already processed)
Skipping LEA_CFB_v6_272303_fault_locations.csv (already processed)
Skipping LEA_CFB_v7_3961820_fault_locations.csv (already processed)
Skipping LEA_CFB_v8_132856_fault_locations.csv (already processed)
Skipping LEA_CFB_v9_934424_fault_locations.csv (already processed)
Skipping LEA_ECB_v10_722206_fault_locations.csv (already processed)
Skipping LEA_ECB_v1_21970_fault_locations.csv (already processed)
Skipping LEA_ECB_v3_3827924_fault_locations.csv (already processed)
Skipping LEA_ECB_v5_1129610_fault_locations.csv (already processed)
Skipping LEA_ECB_v7_3944379_fault_locations.csv (already processed)
Skipping LEA_ECB_v9_874359_fault_locations.csv (already processed)
Skipping LEA_GCM_v10_796413_fault_locations.csv (already processed)
Skipping LEA_GCM_v2_532091_fault_locations.csv (already processed)
Skipping LEA_GCM_v3_3913609_fault_locations.csv (already processed)
Skipping LEA_GCM_v4_519444_fault_locations.csv (already processed)
Skipping LEA_GCM_v5_1071719_fault_locations.csv (already processed)
Skipping LEA_GCM_v7_3941647_fault_locations.csv (already processed)
Skipping LEA_OFB_v10_745487_fault_locations.csv (already processed)
Skipping LEA_OFB_v1_4088072_fault_locations.csv (already processed)
Skipping LEA_OFB_v2_624202_fault_locations.csv (already processed)
Skipping LEA_OFB_v3_3845725_fault_locations.csv (already processed)
Skipping LEA_OFB_v5_1002517_fault_locations.csv (already processed)
Skipping LEA_OFB_v6_378662_fault_locations.csv (already processed)
Skipping LEA_OFB_v8_79323_fault_locations.csv (already processed)
Skipping LEA_OFB_v9_939740_fault_locations.csv (already processed)
Skipping Leapfrog_Method_v1_4093777_fault_locations.csv (already processed)
Skipping Leapfrog_Method_v2_550275_fault_locations.csv (already processed)
Skipping Leapfrog_Method_v3_3838897_fault_locations.csv (already processed)
Skipping Leapfrog_Method_v5_981256_fault_locations.csv (already processed)
Skipping Leapfrog_Method_v6_272884_fault_locations.csv (already processed)
Skipping Leapfrog_Method_v7_3987881_fault_locations.csv (already processed)
Skipping Least_Squares_Fit_v10_825066_fault_locations.csv (already processed)
Skipping Least_Squares_Fit_v2_604257_fault_locations.csv (already processed)
Skipping Least_Squares_Fit_v3_3914987_fault_locations.csv (already processed)
Skipping Least_Squares_Fit_v4_408730_fault_locations.csv (already processed)
Skipping Least_Squares_Fit_v6_243102_fault_locations.csv (already processed)
Skipping Least_Squares_Fit_v8_174774_fault_locations.csv (already processed)
Skipping LEA_XTS_v10_739367_fault_locations.csv (already processed)
Skipping LEA_XTS_v2_630550_fault_locations.csv (already processed)
Skipping LEA_XTS_v3_3810746_fault_locations.csv (already processed)
Skipping LEA_XTS_v4_470889_fault_locations.csv (already processed)
Skipping LEA_XTS_v5_1103498_fault_locations.csv (already processed)
Skipping LEA_XTS_v7_3982676_fault_locations.csv (already processed)
Skipping LEA_XTS_v9_877098_fault_locations.csv (already processed)
Skipping Legendre_Symbol_Computation_v10_733662_fault_locations.csv (already processed)
Skipping Legendre_Symbol_Computation_v1_4092150_fault_locations.csv (already processed)
Skipping Legendre_Symbol_Computation_v2_615385_fault_locations.csv (already processed)
Skipping Legendre_Symbol_Computation_v3_3828175_fault_locations.csv (already processed)
Skipping Legendre_Symbol_Computation_v4_511777_fault_locations.csv (already processed)
Skipping Legendre_Symbol_Computation_v5_1127031_fault_locations.csv (already processed)
Skipping Legendre_Symbol_Computation_v6_233897_fault_locations.csv (already processed)
Skipping Legendre_Symbol_Computation_v7_4013222_fault_locations.csv (already processed)
Skipping Legendre_Symbol_Computation_v8_156828_fault_locations.csv (already processed)
Skipping Legendre_Symbol_Computation_v9_932250_fault_locations.csv (already processed)
Skipping Leiden_Algorithm_for_Communities_v1_6342_fault_locations.csv (already processed)
Skipping Leiden_Algorithm_for_Communities_v2_559808_fault_locations.csv (already processed)
Skipping Leiden_Algorithm_for_Communities_v4_527796_fault_locations.csv (already processed)
Skipping Leiden_Algorithm_for_Communities_v6_273933_fault_locations.csv (already processed)
Skipping Leiden_Algorithm_for_Communities_v7_4042637_fault_locations.csv (already processed)
Skipping Leiden_Algorithm_for_Communities_v9_871981_fault_locations.csv (already processed)
Skipping LeNet_5_v4_489924_fault_locations.csv (already processed)
Skipping LeNet_5_v6_290379_fault_locations.csv (already processed)
Skipping LeNet_5_v8_98335_fault_locations.csv (already processed)
Skipping Lenstra_Elliptic_Curve_Factorization_v10_819712_fault_locations.csv (already processed)
Skipping Lenstra_Elliptic_Curve_Factorization_v2_531740_fault_locations.csv (already processed)
Skipping Lenstra_Elliptic_Curve_Factorization_v3_3865202_fault_locations.csv (already processed)
Skipping Lenstra_Elliptic_Curve_Factorization_v4_458510_fault_locations.csv (already processed)
Skipping Lenstra_Elliptic_Curve_Factorization_v5_1125889_fault_locations.csv (already processed)
Skipping Lenstra_Elliptic_Curve_Factorization_v6_291353_fault_locations.csv (already processed)
Skipping Lenstra_Elliptic_Curve_Factorization_v7_4034091_fault_locations.csv (already processed)
Skipping Lenstra_Elliptic_Curve_Factorization_v9_865489_fault_locations.csv (already processed)
Skipping Level_Set_Methods_v7_4080735_fault_locations.csv (already processed)
Skipping Level_Set_Methods_v9_968909_fault_locations.csv (already processed)
Skipping Level_Set_Method_v2_587434_fault_locations.csv (already processed)
Skipping Levenberg_Marquardt_Algorithm_v2_547601_fault_locations.csv (already processed)
Skipping Levenberg_Marquardt_v3_3915378_fault_locations.csv (already processed)
Skipping LightGBM_Regressor_v1_2419_fault_locations.csv (already processed)
Skipping LightGBM_Regressor_v3_3848619_fault_locations.csv (already processed)
Skipping LightGBM_Regressor_v4_444138_fault_locations.csv (already processed)
Skipping LightGBM_Regressor_v5_989900_fault_locations.csv (already processed)
Skipping LightGBM_Regressor_v7_3993880_fault_locations.csv (already processed)
Skipping LightGBM_Regressor_v9_833741_fault_locations.csv (already processed)
Skipping LightGBM_v10_701014_fault_locations.csv (already processed)
Skipping LightGBM_v1_17682_fault_locations.csv (already processed)
Skipping LightGBM_v2_656929_fault_locations.csv (already processed)
Skipping Limited_Memory_BFGS_v10_753076_fault_locations.csv (already processed)
Skipping Limited_Memory_BFGS_v2_640027_fault_locations.csv (already processed)
Skipping Linear_Discriminant_Analysis_LDA_v1_24431_fault_locations.csv (already processed)
Skipping Linear_Discriminant_Analysis_LDA_v8_170891_fault_locations.csv (already processed)
Skipping Linear_Discriminant_Analysis_v10_779947_fault_locations.csv (already processed)
Skipping Linear_Discriminant_Analysis_v2_548482_fault_locations.csv (already processed)
Skipping Linear_Discriminant_Analysis_v4_441484_fault_locations.csv (already processed)
Skipping Linear_Discriminant_Classifier_v2_649632_fault_locations.csv (already processed)
Skipping Linear_Discriminant_Classifier_v3_3833394_fault_locations.csv (already processed)
Skipping Linear_Discriminant_Classifier_v5_1009474_fault_locations.csv (already processed)
Skipping Linear_Discriminant_Classifier_v8_82105_fault_locations.csv (already processed)
Skipping Linear_Discriminant_Classifier_v9_944824_fault_locations.csv (already processed)
Skipping Linear_Quadratic_Regulator_v10_733809_fault_locations.csv (already processed)
Skipping Linear_Quadratic_Regulator_v1_4131521_fault_locations.csv (already processed)
Skipping Linear_Quadratic_Regulator_v4_516342_fault_locations.csv (already processed)
Skipping Linear_Quadratic_Regulator_v5_1049946_fault_locations.csv (already processed)
Skipping Linear_Quadratic_Regulator_v6_349978_fault_locations.csv (already processed)
Skipping Linear_Quadratic_Regulator_v7_4070014_fault_locations.csv (already processed)
Skipping Linear_Quadratic_Regulator_v9_939662_fault_locations.csv (already processed)
Skipping Linear_Recurrence_Solver_v10_694596_fault_locations.csv (already processed)
Skipping Linear_Recurrence_Solver_v1_4179865_fault_locations.csv (already processed)
Skipping Linear_Recurrence_Solver_v2_574828_fault_locations.csv (already processed)
Skipping Linear_Recurrence_Solver_v3_3838062_fault_locations.csv (already processed)
Skipping Linear_Recurrence_Solver_v4_495488_fault_locations.csv (already processed)
Skipping Linear_Recurrence_Solver_v5_1049587_fault_locations.csv (already processed)
Skipping Linear_Recurrence_Solver_v6_348493_fault_locations.csv (already processed)
Skipping Linear_Recurrence_Solver_v7_3936711_fault_locations.csv (already processed)
Skipping Linear_Recurrence_Solver_v8_51753_fault_locations.csv (already processed)
Skipping Linear_Recurrence_Solver_v9_936695_fault_locations.csv (already processed)
Skipping Linear_Regression_Fit_v1_40330_fault_locations.csv (already processed)
Skipping Linear_Regression_Fit_v2_622708_fault_locations.csv (already processed)
Skipping Linear_Regression_Fit_v4_466350_fault_locations.csv (already processed)
Skipping Linear_Regression_Fit_v5_1017827_fault_locations.csv (already processed)
Skipping Linear_Regression_Fit_v7_4037963_fault_locations.csv (already processed)
Skipping Linear_Regression_Fit_v8_152842_fault_locations.csv (already processed)
Skipping Linear_Regression_v1_4088187_fault_locations.csv (already processed)
Skipping Linear_Regression_v3_3896532_fault_locations.csv (already processed)
Skipping Linear_Regression_v6_245369_fault_locations.csv (already processed)
Skipping Linear_Regression_v8_119903_fault_locations.csv (already processed)
Skipping Linear_Regression_v9_868699_fault_locations.csv (already processed)
Skipping Linear_Sieve_v10_715872_fault_locations.csv (already processed)
Skipping Linear_Sieve_v1_4154691_fault_locations.csv (already processed)
Skipping Linear_Sieve_v2_676251_fault_locations.csv (already processed)
Skipping Linear_Sieve_v3_3899947_fault_locations.csv (already processed)
Skipping Linear_Sieve_v5_1109997_fault_locations.csv (already processed)
Skipping Linear_Sieve_v6_315863_fault_locations.csv (already processed)
Skipping Linear_Sieve_v7_4053440_fault_locations.csv (already processed)
Skipping Linear_Sieve_v8_202352_fault_locations.csv (already processed)
Skipping Linear_Sieve_v9_852229_fault_locations.csv (already processed)
Skipping Line_Clipping_Cohen_Sutherland_v10_750958_fault_locations.csv (already processed)
Skipping Line_Clipping_Cohen_Sutherland_v2_599669_fault_locations.csv (already processed)
Skipping Line_Clipping_Cohen_Sutherland_v3_3870060_fault_locations.csv (already processed)
Skipping Line_Clipping_Cohen_Sutherland_v5_1069457_fault_locations.csv (already processed)
Skipping Line_Clipping_Cohen_Sutherland_v6_214842_fault_locations.csv (already processed)
Skipping Line_Clipping_Cohen_Sutherland_v7_4040569_fault_locations.csv (already processed)
Skipping Line_Clipping_Cohen_Sutherland_v8_129161_fault_locations.csv (already processed)
Skipping Line_Clipping_Cohen_Sutherland_v9_965049_fault_locations.csv (already processed)
Skipping Line_Clipping_Liang_Barsky_v1_24453_fault_locations.csv (already processed)
Skipping Line_Clipping_Liang_Barsky_v2_608850_fault_locations.csv (already processed)
Skipping Line_Clipping_Liang_Barsky_v3_3861237_fault_locations.csv (already processed)
Skipping Line_Clipping_Liang_Barsky_v4_419999_fault_locations.csv (already processed)
Skipping Line_Clipping_Liang_Barsky_v5_1125266_fault_locations.csv (already processed)
Skipping Line_Clipping_Liang_Barsky_v6_368462_fault_locations.csv (already processed)
Skipping Line_Clipping_Liang_Barsky_v7_4023185_fault_locations.csv (already processed)
Skipping Line_Clipping_Liang_Barsky_v8_153268_fault_locations.csv (already processed)
Skipping Line_Clipping_Liang_Barsky_v9_897834_fault_locations.csv (already processed)
Skipping Line_Equation_from_Two_Points_v2_612380_fault_locations.csv (already processed)
Skipping Line_Equation_from_Two_Points_v4_423437_fault_locations.csv (already processed)
Skipping Line_Equation_from_Two_Points_v5_1063957_fault_locations.csv (already processed)
Skipping Line_Equation_from_Two_Points_v6_258304_fault_locations.csv (already processed)
Skipping Line_Equation_from_Two_Points_v7_3966388_fault_locations.csv (already processed)
Skipping Line_Equation_from_Two_Points_v8_62095_fault_locations.csv (already processed)
Skipping Line_Equation_from_Two_Points_v9_885234_fault_locations.csv (already processed)
Skipping Line_Intersection_Infinite_v10_706622_fault_locations.csv (already processed)
Skipping Line_Intersection_Infinite_v1_4129449_fault_locations.csv (already processed)
Skipping Line_Intersection_Infinite_v2_667278_fault_locations.csv (already processed)
Skipping Line_Intersection_Infinite_v3_3782046_fault_locations.csv (already processed)
Skipping Line_Intersection_Infinite_v4_402623_fault_locations.csv (already processed)
Skipping Line_Intersection_Infinite_v5_1077967_fault_locations.csv (already processed)
Skipping Line_Intersection_Infinite_v7_3980224_fault_locations.csv (already processed)
Skipping Line_Intersection_Infinite_v9_850310_fault_locations.csv (already processed)
Skipping Line_Segment_Intersection_v4_521148_fault_locations.csv (already processed)
Skipping Line_Segment_Intersection_v6_355130_fault_locations.csv (already processed)
Skipping Line_Segment_Intersection_v7_3950879_fault_locations.csv (already processed)
Skipping Line_Sweep_Event_Sorting_v10_819743_fault_locations.csv (already processed)
Skipping Line_Sweep_Event_Sorting_v1_43697_fault_locations.csv (already processed)
Skipping Line_Sweep_Event_Sorting_v2_629389_fault_locations.csv (already processed)
Skipping Line_Sweep_Event_Sorting_v3_3797012_fault_locations.csv (already processed)
Skipping Line_Sweep_Event_Sorting_v4_504127_fault_locations.csv (already processed)
Skipping Line_Sweep_Event_Sorting_v5_1077515_fault_locations.csv (already processed)
Skipping Line_Sweep_Event_Sorting_v6_357182_fault_locations.csv (already processed)
Skipping Line_Sweep_Event_Sorting_v7_4005765_fault_locations.csv (already processed)
Skipping Line_Sweep_Event_Sorting_v8_177967_fault_locations.csv (already processed)
Skipping Line_Sweep_Event_Sorting_v9_892465_fault_locations.csv (already processed)
Skipping Line_Sweep_Intersection_Detection_v3_3824906_fault_locations.csv (already processed)
Skipping LLaMA_v5_998167_fault_locations.csv (already processed)
Skipping LLaMA_v7_4074628_fault_locations.csv (already processed)
Skipping LLaVA_v1_5847_fault_locations.csv (already processed)
Skipping LLaVA_v5_1071781_fault_locations.csv (already processed)
Skipping LLaVA_v8_144904_fault_locations.csv (already processed)
Skipping Locally_Linear_Embedding_LLE_v10_826591_fault_locations.csv (already processed)
Skipping Locally_Linear_Embedding_LLE_v5_979458_fault_locations.csv (already processed)
Skipping Locally_Linear_Embedding_LLE_v6_348425_fault_locations.csv (already processed)
Skipping Locally_Linear_Embedding_LLE_v8_62130_fault_locations.csv (already processed)
Skipping Locally_Linear_Embedding_LLE_v9_862662_fault_locations.csv (already processed)
Skipping Local_Outlier_Factor_v5_1032276_fault_locations.csv (already processed)
Skipping LOD_Mesh_Simplification_v1_4092685_fault_locations.csv (already processed)
Skipping LOD_Mesh_Simplification_v2_535233_fault_locations.csv (already processed)
Skipping LOD_Mesh_Simplification_v3_3897163_fault_locations.csv (already processed)
Skipping LOD_Mesh_Simplification_v4_506652_fault_locations.csv (already processed)
Skipping LOD_Mesh_Simplification_v6_256011_fault_locations.csv (already processed)
Skipping LOD_Mesh_Simplification_v7_3973017_fault_locations.csv (already processed)
Skipping LOD_Mesh_Simplification_v8_109113_fault_locations.csv (already processed)
Skipping Logistic_Regression_Classifier_v1_4124635_fault_locations.csv (already processed)
Skipping Logistic_Regression_v9_961397_fault_locations.csv (already processed)
Skipping LOKI89_v1_27187_fault_locations.csv (already processed)
Skipping LOKI89_v2_623868_fault_locations.csv (already processed)
Skipping LOKI89_v3_3918021_fault_locations.csv (already processed)
Skipping LOKI89_v4_507246_fault_locations.csv (already processed)
Skipping LOKI89_v5_1128766_fault_locations.csv (already processed)
Skipping LOKI89_v6_384604_fault_locations.csv (already processed)
Skipping LOKI89_v7_3950374_fault_locations.csv (already processed)
Skipping LOKI89_v8_95202_fault_locations.csv (already processed)
Skipping LOKI89_v9_887401_fault_locations.csv (already processed)
Skipping LOKI91_v10_761015_fault_locations.csv (already processed)
Skipping LOKI91_v1_7170_fault_locations.csv (already processed)
Skipping LOKI91_v2_596185_fault_locations.csv (already processed)
Skipping LOKI91_v4_403843_fault_locations.csv (already processed)
Skipping LOKI91_v5_982636_fault_locations.csv (already processed)
Skipping LOKI91_v7_4064566_fault_locations.csv (already processed)
Skipping LOKI91_v8_173901_fault_locations.csv (already processed)
Skipping LOKI91_v9_949891_fault_locations.csv (already processed)
Skipping LOKI97_v10_761584_fault_locations.csv (already processed)
Skipping LOKI97_v1_4107403_fault_locations.csv (already processed)
Skipping LOKI97_v3_3831070_fault_locations.csv (already processed)
Skipping LOKI97_v5_981786_fault_locations.csv (already processed)
Skipping LOKI97_v9_908579_fault_locations.csv (already processed)
Skipping Longest_Common_Subsequence_DP_v10_805537_fault_locations.csv (already processed)
Skipping Longest_Common_Subsequence_DP_v1_4906_fault_locations.csv (already processed)
Skipping Longest_Common_Subsequence_DP_v2_550467_fault_locations.csv (already processed)
Skipping Longest_Common_Subsequence_DP_v3_3836909_fault_locations.csv (already processed)
Skipping Longest_Common_Subsequence_DP_v4_458467_fault_locations.csv (already processed)
Skipping Longest_Common_Subsequence_DP_v5_1044599_fault_locations.csv (already processed)
Skipping Longest_Common_Subsequence_DP_v6_266060_fault_locations.csv (already processed)
Skipping Longest_Common_Subsequence_DP_v7_3989355_fault_locations.csv (already processed)
Skipping Longest_Common_Subsequence_DP_v8_82564_fault_locations.csv (already processed)
Skipping Longest_Common_Subsequence_DP_v9_892592_fault_locations.csv (already processed)
Skipping Long_Short_Term_Memory_LSTM_v5_1092647_fault_locations.csv (already processed)
Skipping Long_Short_Term_Memory_LSTM_v8_56154_fault_locations.csv (already processed)
Skipping Long_Short_Term_Memory_v6_351769_fault_locations.csv (already processed)
Skipping Long_Short_Term_Memory_v7_4014613_fault_locations.csv (already processed)
Skipping Long_Short_Term_Memory_v9_977446_fault_locations.csv (already processed)
Skipping LORA_Fine_Tuning_v10_691485_fault_locations.csv (already processed)
Skipping LORA_Fine_Tuning_v1_10141_fault_locations.csv (already processed)
Skipping LORA_Fine_Tuning_v3_3861214_fault_locations.csv (already processed)
Skipping LORA_Fine_Tuning_v6_296789_fault_locations.csv (already processed)
Skipping LORA_Fine_Tuning_v7_3970398_fault_locations.csv (already processed)
Skipping LORA_Fine_Tuning_v8_101775_fault_locations.csv (already processed)
Skipping LORA_Fine_Tuning_v9_844247_fault_locations.csv (already processed)
Skipping LoRA_with_QLoRA_v10_779693_fault_locations.csv (already processed)
Skipping LoRA_with_QLoRA_v2_666874_fault_locations.csv (already processed)
Skipping LoRA_with_QLoRA_v6_217232_fault_locations.csv (already processed)
Skipping LoRA_with_QLoRA_v9_964013_fault_locations.csv (already processed)
Skipping Louvain_Method_for_Community_Detection_v10_693993_fault_locations.csv (already processed)
Skipping Louvain_Method_for_Community_Detection_v3_3795136_fault_locations.csv (already processed)
Skipping Lowest_Common_Ancestor_via_Segment_Tree_v10_777733_fault_locations.csv (already processed)
Skipping Lowest_Common_Ancestor_via_Segment_Tree_v1_26362_fault_locations.csv (already processed)
Skipping Lowest_Common_Ancestor_via_Segment_Tree_v2_562561_fault_locations.csv (already processed)
Skipping Lowest_Common_Ancestor_via_Segment_Tree_v3_3810340_fault_locations.csv (already processed)
Skipping Lowest_Common_Ancestor_via_Segment_Tree_v6_334136_fault_locations.csv (already processed)
Skipping Lowest_Common_Ancestor_via_Segment_Tree_v7_3949900_fault_locations.csv (already processed)
Skipping Lowest_Common_Ancestor_via_Segment_Tree_v8_77140_fault_locations.csv (already processed)
Skipping Lowest_Common_Ancestor_via_Segment_Tree_v9_932190_fault_locations.csv (already processed)
Skipping LSMR_v6_331309_fault_locations.csv (already processed)
Skipping L_System_Fractals_v10_686898_fault_locations.csv (already processed)
Skipping L_System_Fractals_v1_4188305_fault_locations.csv (already processed)
Skipping L_System_Fractals_v3_3830027_fault_locations.csv (already processed)
Skipping L_System_Fractals_v4_413960_fault_locations.csv (already processed)
Skipping L_System_Fractals_v6_311490_fault_locations.csv (already processed)
Skipping Lucas_Lehmer_Primality_Test_v10_760817_fault_locations.csv (already processed)
Skipping Lucas_Lehmer_Primality_Test_v1_22482_fault_locations.csv (already processed)
Skipping Lucas_Lehmer_Primality_Test_v2_626174_fault_locations.csv (already processed)
Skipping Lucas_Lehmer_Primality_Test_v3_3888412_fault_locations.csv (already processed)
Skipping Lucas_Lehmer_Primality_Test_v4_425022_fault_locations.csv (already processed)
Skipping Lucas_Lehmer_Primality_Test_v5_1097782_fault_locations.csv (already processed)
Skipping Lucas_Lehmer_Primality_Test_v6_297308_fault_locations.csv (already processed)
Skipping Lucas_Lehmer_Primality_Test_v7_3962003_fault_locations.csv (already processed)
Skipping Lucas_Lehmer_Primality_Test_v8_162703_fault_locations.csv (already processed)
Skipping Lucas_Lehmer_Primality_Test_v9_962666_fault_locations.csv (already processed)
Skipping Lucas_Sequence_Generation_v10_714523_fault_locations.csv (already processed)
Skipping Lucas_Sequence_Generation_v1_4143855_fault_locations.csv (already processed)
Skipping Lucas_Sequence_Generation_v2_592902_fault_locations.csv (already processed)
Skipping Lucas_Sequence_Generation_v3_3791003_fault_locations.csv (already processed)
Skipping Lucas_Sequence_Generation_v4_454371_fault_locations.csv (already processed)
Skipping Lucas_Sequence_Generation_v5_1127251_fault_locations.csv (already processed)
Skipping Lucas_Sequence_Generation_v6_298640_fault_locations.csv (already processed)
Skipping Lucas_Sequence_Generation_v7_4012217_fault_locations.csv (already processed)
Skipping Lucas_Sequence_Generation_v8_147823_fault_locations.csv (already processed)
Skipping Lucas_Sequence_Generation_v9_862010_fault_locations.csv (already processed)
Skipping Lucas_Test_v10_802155_fault_locations.csv (already processed)
Skipping Lucas_Test_v1_4111941_fault_locations.csv (already processed)
Skipping Lucas_Test_v2_629579_fault_locations.csv (already processed)
Skipping Lucas_Test_v4_471937_fault_locations.csv (already processed)
Skipping Lucas_Test_v6_246679_fault_locations.csv (already processed)
Skipping Lucas_Test_v7_4024688_fault_locations.csv (already processed)
Skipping Lucas_Test_v8_174787_fault_locations.csv (already processed)
Skipping Lucas_Test_v9_843043_fault_locations.csv (already processed)
Skipping LU_Decomposition_v1_4125656_fault_locations.csv (already processed)
Skipping LU_Decomposition_v2_654306_fault_locations.csv (already processed)
Skipping LU_Decomposition_v3_3929597_fault_locations.csv (already processed)
Skipping LU_Decomposition_v4_397337_fault_locations.csv (already processed)
Skipping LU_Decomposition_v9_951936_fault_locations.csv (already processed)
Skipping LU_Solver_for_Linear_System_v10_814815_fault_locations.csv (already processed)
Skipping LU_Solver_for_Linear_System_v1_4191594_fault_locations.csv (already processed)
Skipping LU_Solver_for_Linear_System_v3_3843860_fault_locations.csv (already processed)
Skipping LU_Solver_for_Linear_System_v4_454555_fault_locations.csv (already processed)
Skipping LU_Solver_for_Linear_System_v5_1010580_fault_locations.csv (already processed)
Skipping LU_Solver_for_Linear_System_v7_3931665_fault_locations.csv (already processed)
Skipping LU_Solver_for_Linear_System_v8_105524_fault_locations.csv (already processed)
Skipping LU_Solver_for_Linear_System_v9_928219_fault_locations.csv (already processed)
Skipping MacCormack_Method_v10_754327_fault_locations.csv (already processed)
Skipping MacCormack_Method_v4_508371_fault_locations.csv (already processed)
Skipping MacCormack_Method_v6_271146_fault_locations.csv (already processed)
Skipping MacCormack_Method_v8_120830_fault_locations.csv (already processed)
Skipping Mandelbrot_Set_v6_271983_fault_locations.csv (already processed)
Skipping Marching_Cubes_v2_649260_fault_locations.csv (already processed)
Skipping Marching_Cubes_v5_1124669_fault_locations.csv (already processed)
Skipping Markov_Chain_Monte_Carlo_v3_3889031_fault_locations.csv (already processed)
Skipping Markov_Chain_Monte_Carlo_v4_423378_fault_locations.csv (already processed)
Skipping Markov_Chain_Monte_Carlo_v6_354838_fault_locations.csv (already processed)
Skipping Markov_Chain_Stationary_Distribution_v10_709388_fault_locations.csv (already processed)
Skipping Markov_Chain_Stationary_Distribution_v1_4114340_fault_locations.csv (already processed)
Skipping Markov_Chain_Stationary_Distribution_v2_652544_fault_locations.csv (already processed)
Skipping Markov_Chain_Stationary_Distribution_v3_3899511_fault_locations.csv (already processed)
Skipping Markov_Chain_Stationary_Distribution_v4_487193_fault_locations.csv (already processed)
Skipping Markov_Chain_Stationary_Distribution_v6_298817_fault_locations.csv (already processed)
Skipping Markov_Chain_Stationary_Distribution_v7_4051401_fault_locations.csv (already processed)
Skipping Markov_Chain_Stationary_Distribution_v8_181247_fault_locations.csv (already processed)
Skipping Markov_Chain_Stationary_Distribution_v9_944677_fault_locations.csv (already processed)
Skipping MARS_Cipher_v2_592964_fault_locations.csv (already processed)
Skipping MARS_Cipher_v4_389146_fault_locations.csv (already processed)
Skipping MARS_Cipher_v5_1066522_fault_locations.csv (already processed)
Skipping MARS_Cipher_v6_257844_fault_locations.csv (already processed)
Skipping MARS_Cipher_v7_4031367_fault_locations.csv (already processed)
Skipping MARS_Cipher_v9_866058_fault_locations.csv (already processed)
Skipping Mask_R_CNN_v1_4114120_fault_locations.csv (already processed)
Skipping Mask_R_CNN_v3_3834897_fault_locations.csv (already processed)
Skipping Mask_R_CNN_v7_3952289_fault_locations.csv (already processed)
Skipping Matching_Network_v1_4102673_fault_locations.csv (already processed)
Skipping Matching_Network_v3_3826806_fault_locations.csv (already processed)
Skipping Matching_Network_v7_4065438_fault_locations.csv (already processed)
Skipping Matching_Network_v8_127096_fault_locations.csv (already processed)
Skipping Matching_Network_v9_860828_fault_locations.csv (already processed)
Skipping Matrix_Chain_Multiplication_DP_v1_4128056_fault_locations.csv (already processed)
Skipping Matrix_Chain_Multiplication_DP_v2_640802_fault_locations.csv (already processed)
Skipping Matrix_Chain_Multiplication_DP_v5_1128615_fault_locations.csv (already processed)
Skipping Matrix_Chain_Multiplication_DP_v6_368565_fault_locations.csv (already processed)
Skipping Matrix_Chain_Multiplication_DP_v9_852256_fault_locations.csv (already processed)
Skipping Matrix_Completion_v10_739724_fault_locations.csv (already processed)
Skipping Matrix_Completion_v2_561566_fault_locations.csv (already processed)
Skipping Matrix_Completion_v4_416514_fault_locations.csv (already processed)
Skipping Matrix_Completion_v5_981932_fault_locations.csv (already processed)
Skipping Matrix_Completion_v9_878765_fault_locations.csv (already processed)
Skipping Matrix_Determinant_via_Cofactors_v10_827878_fault_locations.csv (already processed)
Skipping Matrix_Determinant_via_Cofactors_v2_658891_fault_locations.csv (already processed)
Skipping Matrix_Determinant_via_Cofactors_v3_3867779_fault_locations.csv (already processed)
Skipping Matrix_Determinant_via_Cofactors_v4_511278_fault_locations.csv (already processed)
Skipping Matrix_Determinant_via_Cofactors_v8_148024_fault_locations.csv (already processed)
Skipping Matrix_Determinant_via_Cofactors_v9_859682_fault_locations.csv (already processed)
Skipping Matrix_Exponentiation_for_Fibonacci_Numbers_v10_746407_fault_locations.csv (already processed)
Skipping Matrix_Exponentiation_for_Fibonacci_Numbers_v1_6570_fault_locations.csv (already processed)
Skipping Matrix_Exponentiation_for_Fibonacci_Numbers_v2_583286_fault_locations.csv (already processed)
Skipping Matrix_Exponentiation_for_Fibonacci_Numbers_v3_3828608_fault_locations.csv (already processed)
Skipping Matrix_Exponentiation_for_Fibonacci_Numbers_v4_388960_fault_locations.csv (already processed)
Skipping Matrix_Exponentiation_for_Fibonacci_Numbers_v5_1114793_fault_locations.csv (already processed)
Skipping Matrix_Exponentiation_for_Fibonacci_Numbers_v6_295044_fault_locations.csv (already processed)
Skipping Matrix_Exponentiation_for_Fibonacci_Numbers_v7_4030562_fault_locations.csv (already processed)
Skipping Matrix_Exponentiation_for_Fibonacci_Numbers_v8_97088_fault_locations.csv (already processed)
Skipping Matrix_Exponentiation_for_Fibonacci_Numbers_v9_922230_fault_locations.csv (already processed)
Skipping Matrix_Exponentiation_v10_710694_fault_locations.csv (already processed)
Skipping Matrix_Exponentiation_v2_634098_fault_locations.csv (already processed)
Skipping Matrix_Exponentiation_v3_3835561_fault_locations.csv (already processed)
Skipping Matrix_Exponentiation_v4_422748_fault_locations.csv (already processed)
Skipping Matrix_Exponentiation_v5_1087534_fault_locations.csv (already processed)
Skipping Matrix_Exponentiation_v6_316094_fault_locations.csv (already processed)
Skipping Matrix_Exponentiation_v7_4052037_fault_locations.csv (already processed)
Skipping Matrix_Inversion_v1_13331_fault_locations.csv (already processed)
Skipping Matrix_Inversion_v2_584920_fault_locations.csv (already processed)
Skipping Matrix_Inversion_v3_3879842_fault_locations.csv (already processed)
Skipping Matrix_Inversion_v4_386202_fault_locations.csv (already processed)
Skipping Matrix_Inversion_v7_4007268_fault_locations.csv (already processed)
Skipping Matrix_Inversion_v8_93072_fault_locations.csv (already processed)
Skipping Matrix_Inversion_v9_968353_fault_locations.csv (already processed)
Skipping Matrix_Inversion_via_Adjugate_v1_46493_fault_locations.csv (already processed)
Skipping Matrix_Inversion_via_Adjugate_v5_1122788_fault_locations.csv (already processed)
Skipping Matrix_Inversion_via_Adjugate_v7_4008697_fault_locations.csv (already processed)
Skipping Matrix_Inversion_via_Adjugate_v8_106405_fault_locations.csv (already processed)
Skipping Matrix_Logarithm_Series_v10_775085_fault_locations.csv (already processed)
Skipping Matrix_Logarithm_Series_v1_6627_fault_locations.csv (already processed)
Skipping Matrix_Logarithm_Series_v2_672942_fault_locations.csv (already processed)
Skipping Matrix_Logarithm_Series_v4_445871_fault_locations.csv (already processed)
Skipping Matrix_Logarithm_Series_v5_1138323_fault_locations.csv (already processed)
Skipping Matrix_Logarithm_Series_v6_269401_fault_locations.csv (already processed)
Skipping Matrix_Logarithm_Series_v8_121133_fault_locations.csv (already processed)
Skipping Matrix_Logarithm_Series_v9_925069_fault_locations.csv (already processed)
Skipping Matrix_Pseudoinverse_Moore_Penrose_v10_688324_fault_locations.csv (already processed)
Skipping Matrix_Pseudoinverse_Moore_Penrose_v3_3791807_fault_locations.csv (already processed)
Skipping Matrix_Pseudoinverse_Moore_Penrose_v4_526241_fault_locations.csv (already processed)
Skipping Matrix_Pseudoinverse_Moore_Penrose_v6_286679_fault_locations.csv (already processed)
Skipping Matrix_Pseudoinverse_Moore_Penrose_v8_206089_fault_locations.csv (already processed)
Skipping Matrix_Pseudoinverse_Moore_Penrose_v9_909207_fault_locations.csv (already processed)
Skipping Matrix_Rank_Computation_v1_46103_fault_locations.csv (already processed)
Skipping Matrix_Rank_Computation_v4_395278_fault_locations.csv (already processed)
Skipping Matrix_Rank_Computation_v5_1105976_fault_locations.csv (already processed)
Skipping Matrix_Rank_Computation_v6_223073_fault_locations.csv (already processed)
Skipping Matrix_Rank_Computation_v7_4004600_fault_locations.csv (already processed)
Skipping Matrix_Rank_Computation_v8_101752_fault_locations.csv (already processed)
Skipping Matrix_Rank_Computation_v9_938866_fault_locations.csv (already processed)
Skipping Matrix_Scaling_Algorithm_v1_42308_fault_locations.csv (already processed)
Skipping Matrix_Scaling_Algorithm_v5_1025932_fault_locations.csv (already processed)
Skipping Matrix_Square_Root_Denman_Beavers_v10_802848_fault_locations.csv (already processed)
Skipping Matrix_Square_Root_Denman_Beavers_v1_4159612_fault_locations.csv (already processed)
Skipping Matrix_Square_Root_Denman_Beavers_v2_651364_fault_locations.csv (already processed)
Skipping Matrix_Square_Root_Denman_Beavers_v3_3873534_fault_locations.csv (already processed)
Skipping Matrix_Square_Root_Denman_Beavers_v5_1038447_fault_locations.csv (already processed)
Skipping Matrix_Square_Root_Denman_Beavers_v6_213257_fault_locations.csv (already processed)
Skipping Matrix_Square_Root_Denman_Beavers_v9_840708_fault_locations.csv (already processed)
Skipping Maximum_Bipartite_Matching_via_DFS_v10_728259_fault_locations.csv (already processed)
Skipping Maximum_Bipartite_Matching_via_DFS_v1_4182028_fault_locations.csv (already processed)
Skipping Maximum_Bipartite_Matching_via_DFS_v2_651221_fault_locations.csv (already processed)
Skipping Maximum_Bipartite_Matching_via_DFS_v3_3820794_fault_locations.csv (already processed)
Skipping Maximum_Bipartite_Matching_via_DFS_v4_389106_fault_locations.csv (already processed)
Skipping Maximum_Bipartite_Matching_via_DFS_v5_1123677_fault_locations.csv (already processed)
Skipping Maximum_Bipartite_Matching_via_DFS_v6_295436_fault_locations.csv (already processed)
Skipping Maximum_Bipartite_Matching_via_DFS_v7_4010620_fault_locations.csv (already processed)
Skipping Maximum_Bipartite_Matching_via_DFS_v8_73718_fault_locations.csv (already processed)
Skipping Maximum_Bipartite_Matching_via_DFS_v9_935492_fault_locations.csv (already processed)
Skipping Maximum_Clique_Bron_Kerbosch_v10_791516_fault_locations.csv (already processed)
Skipping Maximum_Clique_Bron_Kerbosch_v1_2409_fault_locations.csv (already processed)
Skipping Maximum_Clique_Bron_Kerbosch_v2_540997_fault_locations.csv (already processed)
Skipping Maximum_Clique_Bron_Kerbosch_v3_3885729_fault_locations.csv (already processed)
Skipping Maximum_Clique_Bron_Kerbosch_v7_3993467_fault_locations.csv (already processed)
Skipping Maximum_Clique_Bron_Kerbosch_v8_176797_fault_locations.csv (already processed)
Skipping Maximum_Clique_Bron_Kerbosch_v9_924051_fault_locations.csv (already processed)
Skipping Maximum_Cut_Goemans_Williamson_v1_18987_fault_locations.csv (already processed)
Skipping Maximum_Empty_Circle_v10_823182_fault_locations.csv (already processed)
Skipping Maximum_Empty_Circle_v1_4096050_fault_locations.csv (already processed)
Skipping Maximum_Empty_Circle_v2_638857_fault_locations.csv (already processed)
Skipping Maximum_Empty_Circle_v3_3858614_fault_locations.csv (already processed)
Skipping Maximum_Empty_Circle_v6_242712_fault_locations.csv (already processed)
Skipping Maximum_Independent_Set_Branch_&_Bound_v10_684604_fault_locations.csv (already processed)
Skipping Maximum_Independent_Set_Branch_&_Bound_v1_4176117_fault_locations.csv (already processed)
Skipping Maximum_Independent_Set_Branch_&_Bound_v3_3818086_fault_locations.csv (already processed)
Skipping Maximum_Independent_Set_Branch_&_Bound_v5_1128474_fault_locations.csv (already processed)
Skipping Maximum_Independent_Set_Branch_&_Bound_v6_253268_fault_locations.csv (already processed)
Skipping Maximum_Independent_Set_Branch_&_Bound_v7_3976413_fault_locations.csv (already processed)
Skipping Maximum_Independent_Set_Branch_&_Bound_v8_56243_fault_locations.csv (already processed)
Skipping Maximum_Independent_Set_Branch_&_Bound_v9_859632_fault_locations.csv (already processed)
Skipping Maximum_Likelihood_Estimation_v10_790045_fault_locations.csv (already processed)
Skipping Maximum_Likelihood_Estimation_v2_671863_fault_locations.csv (already processed)
Skipping Maximum_Likelihood_Estimation_v4_422655_fault_locations.csv (already processed)
Skipping Maximum_Likelihood_Estimation_v6_279648_fault_locations.csv (already processed)
Skipping Maximum_Likelihood_Estimation_v7_4078389_fault_locations.csv (already processed)
Skipping Maximum_Likelihood_Estimation_v9_840686_fault_locations.csv (already processed)
Skipping Maximum_Matching_in_DAG_v10_776537_fault_locations.csv (already processed)
Skipping Maximum_Matching_in_DAG_v1_4142949_fault_locations.csv (already processed)
Skipping Maximum_Matching_in_DAG_v4_418127_fault_locations.csv (already processed)
Skipping Maximum_Matching_in_DAG_v9_874136_fault_locations.csv (already processed)
Skipping Maximum_Planar_Subgraph_v1_4114577_fault_locations.csv (already processed)
Skipping Maximum_Planar_Subgraph_v2_530632_fault_locations.csv (already processed)
Skipping Maximum_Planar_Subgraph_v3_3784066_fault_locations.csv (already processed)
Skipping Maximum_Planar_Subgraph_v5_1103084_fault_locations.csv (already processed)
Skipping Maximum_Planar_Subgraph_v7_4046685_fault_locations.csv (already processed)
Skipping Maximum_Planar_Subgraph_v9_938119_fault_locations.csv (already processed)
Skipping Mean_Curvature_Approximation_v4_448384_fault_locations.csv (already processed)
Skipping Mean_Curvature_Approximation_v5_1047197_fault_locations.csv (already processed)
Skipping Mean_Shift_Clustering_v1_4174998_fault_locations.csv (already processed)
Skipping Mean_Shift_Clustering_v2_659091_fault_locations.csv (already processed)
Skipping Mean_Shift_Clustering_v3_3849273_fault_locations.csv (already processed)
Skipping Mean_Shift_Clustering_v5_1030970_fault_locations.csv (already processed)
Skipping Mean_Shift_Clustering_v9_849234_fault_locations.csv (already processed)
Skipping Mean_Squared_Error_Loss_v10_819102_fault_locations.csv (already processed)
Skipping Mean_Squared_Error_Loss_v1_2607_fault_locations.csv (already processed)
Skipping Mean_Squared_Error_Loss_v5_1127442_fault_locations.csv (already processed)
Skipping Mean_Squared_Error_Loss_v7_4078030_fault_locations.csv (already processed)
Skipping Mean_Squared_Error_Loss_v8_50151_fault_locations.csv (already processed)
Skipping Mean_Squared_Error_Loss_v9_847970_fault_locations.csv (already processed)
Skipping Medial_Axis_Pruning_v2_590634_fault_locations.csv (already processed)
Skipping Medial_Axis_Pruning_v9_926976_fault_locations.csv (already processed)
Skipping Medial_Axis_Transform_v1_4167058_fault_locations.csv (already processed)
Skipping Medial_Axis_Transform_v3_3811862_fault_locations.csv (already processed)
Skipping Medial_Axis_Transform_v4_453027_fault_locations.csv (already processed)
Skipping Medial_Axis_Transform_v5_1053550_fault_locations.csv (already processed)
Skipping Medial_Axis_Transform_v9_859475_fault_locations.csv (already processed)
Skipping Mesh_Generation_2D_v2_665958_fault_locations.csv (already processed)
Skipping Mesh_Generation_2D_v4_470151_fault_locations.csv (already processed)
Skipping Mesh_Generation_2D_v9_894826_fault_locations.csv (already processed)
Skipping Mesh_Intersection_Detection_v2_630630_fault_locations.csv (already processed)
Skipping Mesh_Intersection_Detection_v4_479233_fault_locations.csv (already processed)
Skipping Mesh_Intersection_Detection_v5_1136928_fault_locations.csv (already processed)
Skipping Mesh_Intersection_Detection_v6_324616_fault_locations.csv (already processed)
Skipping Mesh_Intersection_Detection_v7_4017409_fault_locations.csv (already processed)
Skipping Mesh_Laplacian_Smoothing_v1_4144365_fault_locations.csv (already processed)
Skipping Mesh_Laplacian_Smoothing_v2_596435_fault_locations.csv (already processed)
Skipping Mesh_Laplacian_Smoothing_v4_478069_fault_locations.csv (already processed)
Skipping Mesh_Laplacian_Smoothing_v5_989803_fault_locations.csv (already processed)
Skipping Mesh_Laplacian_Smoothing_v6_213228_fault_locations.csv (already processed)
Skipping Mesh_Laplacian_Smoothing_v8_88727_fault_locations.csv (already processed)
Skipping Mesh_Normal_Computation_v9_874960_fault_locations.csv (already processed)
Skipping Mesh_Simplification_v1_38002_fault_locations.csv (already processed)
Skipping Mesh_Simplification_v2_667855_fault_locations.csv (already processed)
Skipping Mesh_Simplification_v3_3892275_fault_locations.csv (already processed)
Skipping Mesh_Simplification_v4_462320_fault_locations.csv (already processed)
Skipping Mesh_Simplification_v5_990024_fault_locations.csv (already processed)
Skipping Mesh_Simplification_v7_3981323_fault_locations.csv (already processed)
Skipping Mesh_Simplification_v8_54676_fault_locations.csv (already processed)
Skipping Mesh_Simplification_v9_974329_fault_locations.csv (already processed)
Skipping Message_Passing_Neural_Network_MPNN_v1_4111680_fault_locations.csv (already processed)
Skipping Message_Passing_Neural_Network_MPNN_v4_430621_fault_locations.csv (already processed)
Skipping Message_Passing_Neural_Network_MPNN_v5_1092021_fault_locations.csv (already processed)
Skipping Message_Passing_Neural_Network_MPNN_v6_369612_fault_locations.csv (already processed)
Skipping Message_Passing_Neural_Network_MPNN_v7_4063405_fault_locations.csv (already processed)
Skipping Message_Passing_Neural_Network_MPNN_v9_966191_fault_locations.csv (already processed)
Skipping Metaballs_Surface_v10_769178_fault_locations.csv (already processed)
Skipping Metaballs_Surface_v2_594267_fault_locations.csv (already processed)
Skipping Metaballs_Surface_v3_3782104_fault_locations.csv (already processed)
Skipping Metaballs_Surface_v5_985709_fault_locations.csv (already processed)
Skipping Metaballs_Surface_v6_312105_fault_locations.csv (already processed)
Skipping Metaballs_Surface_v7_4053961_fault_locations.csv (already processed)
Skipping Metaballs_Surface_v8_77049_fault_locations.csv (already processed)
Skipping Metaballs_Surface_v9_832357_fault_locations.csv (already processed)
Skipping Meta_Learning_MAML_v1_27037_fault_locations.csv (already processed)
Skipping Meta_Learning_MAML_v6_282605_fault_locations.csv (already processed)
Skipping Meta_Learning_MAML_v7_3953953_fault_locations.csv (already processed)
Skipping Meta_Learning_MAML_v8_69065_fault_locations.csv (already processed)
Skipping Method_of_Lines_v9_907180_fault_locations.csv (already processed)
Skipping Metis_Graph_Partitioning_v10_822114_fault_locations.csv (already processed)
Skipping Metis_Graph_Partitioning_v1_4146821_fault_locations.csv (already processed)
Skipping Metis_Graph_Partitioning_v2_546253_fault_locations.csv (already processed)
Skipping Metis_Graph_Partitioning_v4_516457_fault_locations.csv (already processed)
Skipping Metis_Graph_Partitioning_v5_1072876_fault_locations.csv (already processed)
Skipping Metis_Graph_Partitioning_v6_340237_fault_locations.csv (already processed)
Skipping Metis_Graph_Partitioning_v8_201588_fault_locations.csv (already processed)
Skipping Metis_Graph_Partitioning_v9_853652_fault_locations.csv (already processed)
Skipping Metropolis_Algorithm_v1_4149441_fault_locations.csv (already processed)
Skipping Metropolis_Algorithm_v7_4068281_fault_locations.csv (already processed)
Skipping Metropolis_Hastings_Random_Walk_v8_92387_fault_locations.csv (already processed)
Skipping Metropolis_Hastings_v1_4124672_fault_locations.csv (already processed)
Skipping MICKEY_2.0_v10_710717_fault_locations.csv (already processed)
Skipping MICKEY_2.0_v1_34254_fault_locations.csv (already processed)
Skipping MICKEY_2.0_v3_3881974_fault_locations.csv (already processed)
Skipping MICKEY_2.0_v4_399543_fault_locations.csv (already processed)
Skipping MICKEY_2.0_v5_1074588_fault_locations.csv (already processed)
Skipping MICKEY_2.0_v6_215807_fault_locations.csv (already processed)
Skipping MICKEY_2.0_v7_3958760_fault_locations.csv (already processed)
Skipping MICKEY_2.0_v8_171620_fault_locations.csv (already processed)
Skipping Midori_128_v1_15728_fault_locations.csv (already processed)
Skipping Midori_128_v3_3874871_fault_locations.csv (already processed)
Skipping Midori_128_v4_497423_fault_locations.csv (already processed)
Skipping Midori_128_v5_1059928_fault_locations.csv (already processed)
Skipping Midori_128_v6_290216_fault_locations.csv (already processed)
Skipping Midori_128_v7_4084142_fault_locations.csv (already processed)
Skipping Midori_128_v8_86835_fault_locations.csv (already processed)
Skipping Midori_128_v9_863341_fault_locations.csv (already processed)
Skipping Midori_64_v10_777955_fault_locations.csv (already processed)
Skipping Midori_64_v1_17466_fault_locations.csv (already processed)
Skipping Midori_64_v2_530750_fault_locations.csv (already processed)
Skipping Midori_64_v3_3896840_fault_locations.csv (already processed)
Skipping Midori_64_v4_497333_fault_locations.csv (already processed)
Skipping Midori_64_v6_313502_fault_locations.csv (already processed)
Skipping Midori_64_v7_4009643_fault_locations.csv (already processed)
Skipping Midori_64_v8_60570_fault_locations.csv (already processed)
Skipping Midpoint_Method_v10_790259_fault_locations.csv (already processed)
Skipping Midpoint_Method_v1_23283_fault_locations.csv (already processed)
Skipping Midpoint_Method_v2_531730_fault_locations.csv (already processed)
Skipping Midpoint_Method_v5_992857_fault_locations.csv (already processed)
Skipping Midpoint_Method_v6_284066_fault_locations.csv (already processed)
Skipping Midpoint_Method_v8_156530_fault_locations.csv (already processed)
Skipping Midpoint_Method_v9_869216_fault_locations.csv (already processed)
Skipping Midpoint_of_Two_Points_v10_728338_fault_locations.csv (already processed)
Skipping Midpoint_of_Two_Points_v1_4174814_fault_locations.csv (already processed)
Skipping Midpoint_of_Two_Points_v2_644225_fault_locations.csv (already processed)
Skipping Midpoint_of_Two_Points_v3_3854373_fault_locations.csv (already processed)
Skipping Midpoint_of_Two_Points_v4_511150_fault_locations.csv (already processed)
Skipping Midpoint_of_Two_Points_v5_988816_fault_locations.csv (already processed)
Skipping Midpoint_of_Two_Points_v6_374139_fault_locations.csv (already processed)
Skipping Midpoint_of_Two_Points_v7_4080991_fault_locations.csv (already processed)
Skipping Midpoint_of_Two_Points_v8_209502_fault_locations.csv (already processed)
Skipping Midpoint_of_Two_Points_v9_834856_fault_locations.csv (already processed)
Skipping Midpoint_Rule_Integration_v10_702725_fault_locations.csv (already processed)
Skipping Midpoint_Rule_Integration_v1_4107045_fault_locations.csv (already processed)
Skipping Midpoint_Rule_Integration_v3_3882598_fault_locations.csv (already processed)
Skipping Midpoint_Rule_Integration_v5_996870_fault_locations.csv (already processed)
Skipping Midpoint_Rule_Integration_v6_370556_fault_locations.csv (already processed)
Skipping Midpoint_Rule_Integration_v7_3981762_fault_locations.csv (already processed)
Skipping Midpoint_Rule_Integration_v8_197754_fault_locations.csv (already processed)
Skipping Miller_Rabin_Primality_Test_v10_813162_fault_locations.csv (already processed)
Skipping Miller_Rabin_Primality_Test_v1_12592_fault_locations.csv (already processed)
Skipping Miller_Rabin_Primality_Test_v2_601613_fault_locations.csv (already processed)
Skipping Miller_Rabin_Primality_Test_v3_3872428_fault_locations.csv (already processed)
Skipping Miller_Rabin_Primality_Test_v4_476686_fault_locations.csv (already processed)
Skipping Miller_Rabin_Primality_Test_v5_1052069_fault_locations.csv (already processed)
Skipping Miller_Rabin_Primality_Test_v6_217804_fault_locations.csv (already processed)
Skipping Miller_Rabin_Primality_Test_v7_3934704_fault_locations.csv (already processed)
Skipping Miller_Rabin_Primality_Test_v8_115928_fault_locations.csv (already processed)
Skipping Miller_Rabin_Primality_Test_v9_864425_fault_locations.csv (already processed)
Skipping Min_Cost_Max_Flow_Successive_Shortest_Path_v1_11076_fault_locations.csv (already processed)
Skipping Min_Cost_Max_Flow_Successive_Shortest_Path_v2_644799_fault_locations.csv (already processed)
Skipping Min_Cost_Max_Flow_Successive_Shortest_Path_v3_3811629_fault_locations.csv (already processed)
Skipping Min_Cost_Max_Flow_Successive_Shortest_Path_v5_991534_fault_locations.csv (already processed)
Skipping Min_Cost_Max_Flow_Successive_Shortest_Path_v6_214550_fault_locations.csv (already processed)
Skipping Min_Cost_Max_Flow_Successive_Shortest_Path_v7_4019450_fault_locations.csv (already processed)
Skipping Min_Cost_Max_Flow_Successive_Shortest_Path_v8_98370_fault_locations.csv (already processed)
Skipping Mini_Batch_Gradient_Descent_v10_749562_fault_locations.csv (already processed)
Skipping Mini_Batch_Gradient_Descent_v1_4127031_fault_locations.csv (already processed)
Skipping Mini_Batch_Gradient_Descent_v3_3821592_fault_locations.csv (already processed)
Skipping Mini_Batch_Gradient_Descent_v4_514915_fault_locations.csv (already processed)
Skipping Mini_Batch_Gradient_Descent_v5_1106007_fault_locations.csv (already processed)
Skipping Mini_Batch_Gradient_Descent_v8_188967_fault_locations.csv (already processed)
Skipping MiniBatch_K_Means_v1_4162911_fault_locations.csv (already processed)
Skipping MiniBatch_K_Means_v2_639027_fault_locations.csv (already processed)
Skipping MiniBatch_K_Means_v4_477033_fault_locations.csv (already processed)
Skipping MiniBatch_K_Means_v5_1111336_fault_locations.csv (already processed)
Skipping MiniBatch_K_Means_v6_307025_fault_locations.csv (already processed)
Skipping Minimum_Clique_Cover_v10_761428_fault_locations.csv (already processed)
Skipping Minimum_Clique_Cover_v1_44987_fault_locations.csv (already processed)
Skipping Minimum_Clique_Cover_v2_633226_fault_locations.csv (already processed)
Skipping Minimum_Clique_Cover_v3_3872559_fault_locations.csv (already processed)
Skipping Minimum_Clique_Cover_v4_388989_fault_locations.csv (already processed)
Skipping Minimum_Clique_Cover_v5_1085393_fault_locations.csv (already processed)
Skipping Minimum_Clique_Cover_v7_4013401_fault_locations.csv (already processed)
Skipping Minimum_Clique_Cover_v8_61651_fault_locations.csv (already processed)
Skipping Minimum_Clique_Cover_v9_934001_fault_locations.csv (already processed)
Skipping Minimum_Cost_Circulation_v10_781323_fault_locations.csv (already processed)
Skipping Minimum_Cost_Circulation_v2_533986_fault_locations.csv (already processed)
Skipping Minimum_Cost_Circulation_v5_1122562_fault_locations.csv (already processed)
Skipping Minimum_Cost_Circulation_v6_240982_fault_locations.csv (already processed)
Skipping Minimum_Crossing_Number_Approximation_v10_830716_fault_locations.csv (already processed)
Skipping Minimum_Crossing_Number_Approximation_v1_7337_fault_locations.csv (already processed)
Skipping Minimum_Crossing_Number_Approximation_v2_580572_fault_locations.csv (already processed)
Skipping Minimum_Crossing_Number_Approximation_v5_992113_fault_locations.csv (already processed)
Skipping Minimum_Crossing_Number_Approximation_v6_348507_fault_locations.csv (already processed)
Skipping Minimum_Crossing_Number_Approximation_v7_3975153_fault_locations.csv (already processed)
Skipping Minimum_Crossing_Number_Approximation_v8_134812_fault_locations.csv (already processed)
Skipping Minimum_Cut_Stoer_Wagner_v1_4112914_fault_locations.csv (already processed)
Skipping Minimum_Cut_Stoer_Wagner_v2_559785_fault_locations.csv (already processed)
Skipping Minimum_Cut_Stoer_Wagner_v3_3878481_fault_locations.csv (already processed)
Skipping Minimum_Cut_Stoer_Wagner_v4_459391_fault_locations.csv (already processed)
Skipping Minimum_Cut_Stoer_Wagner_v5_1045169_fault_locations.csv (already processed)
Skipping Minimum_Cut_Stoer_Wagner_v6_362185_fault_locations.csv (already processed)
Skipping Minimum_Cut_Stoer_Wagner_v7_3990521_fault_locations.csv (already processed)
Skipping Minimum_Cut_Stoer_Wagner_v8_122239_fault_locations.csv (already processed)
Skipping Minimum_Cut_Stoer_Wagner_v9_871939_fault_locations.csv (already processed)
Skipping Minimum_Cut_via_Max_Flow_v10_781224_fault_locations.csv (already processed)
Skipping Minimum_Cut_via_Max_Flow_v1_4095076_fault_locations.csv (already processed)
Skipping Minimum_Cut_via_Max_Flow_v2_531692_fault_locations.csv (already processed)
Skipping Minimum_Cut_via_Max_Flow_v3_3804948_fault_locations.csv (already processed)
Skipping Minimum_Cut_via_Max_Flow_v4_442002_fault_locations.csv (already processed)
Skipping Minimum_Cut_via_Max_Flow_v5_1128554_fault_locations.csv (already processed)
Skipping Minimum_Cut_via_Max_Flow_v6_253451_fault_locations.csv (already processed)
Skipping Minimum_Cut_via_Max_Flow_v8_111808_fault_locations.csv (already processed)
Skipping Minimum_Dominating_Set_Greedy_v10_718303_fault_locations.csv (already processed)
Skipping Minimum_Dominating_Set_Greedy_v1_14580_fault_locations.csv (already processed)
Skipping Minimum_Dominating_Set_Greedy_v2_671089_fault_locations.csv (already processed)
Skipping Minimum_Dominating_Set_Greedy_v3_3923057_fault_locations.csv (already processed)
Skipping Minimum_Dominating_Set_Greedy_v4_508410_fault_locations.csv (already processed)
Skipping Minimum_Dominating_Set_Greedy_v7_4066544_fault_locations.csv (already processed)
Skipping Minimum_Dominating_Set_Greedy_v9_841016_fault_locations.csv (already processed)
Skipping Minimum_Edge_Cover_v10_772053_fault_locations.csv (already processed)
Skipping Minimum_Edge_Cover_v1_4155208_fault_locations.csv (already processed)
Skipping Minimum_Edge_Cover_v2_589793_fault_locations.csv (already processed)
Skipping Minimum_Edge_Cover_v3_3793201_fault_locations.csv (already processed)
Skipping Minimum_Edge_Cover_v4_427254_fault_locations.csv (already processed)
Skipping Minimum_Edge_Cover_v5_995787_fault_locations.csv (already processed)
Skipping Minimum_Edge_Cover_v6_249275_fault_locations.csv (already processed)
Skipping Minimum_Edge_Cover_v9_870482_fault_locations.csv (already processed)
Skipping Minimum_Enclosing_Circle_v10_768764_fault_locations.csv (already processed)
Skipping Minimum_Enclosing_Circle_v6_221322_fault_locations.csv (already processed)
Skipping Minimum_Enclosing_Rectangle_v1_4172343_fault_locations.csv (already processed)
Skipping Minimum_Enclosing_Rectangle_v9_930551_fault_locations.csv (already processed)
Skipping Minimum_Face_Cover_v1_33538_fault_locations.csv (already processed)
Skipping Minimum_Face_Cover_v2_645838_fault_locations.csv (already processed)
Skipping Minimum_Face_Cover_v3_3891492_fault_locations.csv (already processed)
Skipping Minimum_Face_Cover_v4_390019_fault_locations.csv (already processed)
Skipping Minimum_Face_Cover_v5_1025040_fault_locations.csv (already processed)
Skipping Minimum_Face_Cover_v7_4060622_fault_locations.csv (already processed)
Skipping Minimum_Face_Cover_v8_101206_fault_locations.csv (already processed)
Skipping Minimum_Feedback_Edge_Set_v10_760703_fault_locations.csv (already processed)
Skipping Minimum_Feedback_Edge_Set_v1_4104548_fault_locations.csv (already processed)
Skipping Minimum_Feedback_Edge_Set_v2_590418_fault_locations.csv (already processed)
Skipping Minimum_Feedback_Edge_Set_v3_3808622_fault_locations.csv (already processed)
Skipping Minimum_Feedback_Edge_Set_v5_991210_fault_locations.csv (already processed)
Skipping Minimum_Feedback_Edge_Set_v6_261195_fault_locations.csv (already processed)
Skipping Minimum_Feedback_Edge_Set_v7_4073191_fault_locations.csv (already processed)
Skipping Minimum_Feedback_Edge_Set_v8_181319_fault_locations.csv (already processed)
Skipping Minimum_Feedback_Edge_Set_v9_956503_fault_locations.csv (already processed)
Skipping Minimum_Path_Cover_in_DAG_v10_804692_fault_locations.csv (already processed)
Skipping Minimum_Path_Cover_in_DAG_v1_4193839_fault_locations.csv (already processed)
Skipping Minimum_Path_Cover_in_DAG_v2_530196_fault_locations.csv (already processed)
Skipping Minimum_Path_Cover_in_DAG_v3_3882625_fault_locations.csv (already processed)
Skipping Minimum_Path_Cover_in_DAG_v4_427716_fault_locations.csv (already processed)
Skipping Minimum_Path_Cover_in_DAG_v5_990079_fault_locations.csv (already processed)
Skipping Minimum_Path_Cover_in_DAG_v6_322737_fault_locations.csv (already processed)
Skipping Minimum_Path_Cover_in_DAG_v9_898727_fault_locations.csv (already processed)
Skipping Minimum_Spanning_Arborescence_Chu_Liu_Edmonds_v10_741867_fault_locations.csv (already processed)
Skipping Minimum_Spanning_Arborescence_Chu_Liu_Edmonds_v1_21578_fault_locations.csv (already processed)
Skipping Minimum_Spanning_Arborescence_Chu_Liu_Edmonds_v2_592271_fault_locations.csv (already processed)
Skipping Minimum_Spanning_Arborescence_Chu_Liu_Edmonds_v4_506620_fault_locations.csv (already processed)
Skipping Minimum_Spanning_Arborescence_Chu_Liu_Edmonds_v6_237766_fault_locations.csv (already processed)
Skipping Minimum_Spanning_Arborescence_Chu_Liu_Edmonds_v7_4006851_fault_locations.csv (already processed)
Skipping Minimum_Spanning_Arborescence_Chu_Liu_Edmonds_v8_177737_fault_locations.csv (already processed)
Skipping Minimum_Spanning_Arborescence_Chu_Liu_Edmonds_v9_946920_fault_locations.csv (already processed)
Skipping Minimum_Spanning_Forest_v10_704627_fault_locations.csv (already processed)
Skipping Minimum_Spanning_Forest_v1_44375_fault_locations.csv (already processed)
Skipping Minimum_Spanning_Forest_v2_651797_fault_locations.csv (already processed)
Skipping Minimum_Spanning_Forest_v3_3885493_fault_locations.csv (already processed)
Skipping Minimum_Spanning_Forest_v4_453563_fault_locations.csv (already processed)
Skipping Minimum_Spanning_Forest_v5_1047402_fault_locations.csv (already processed)
Skipping Minimum_Spanning_Forest_v6_373008_fault_locations.csv (already processed)
Skipping Minimum_Spanning_Forest_v7_3972214_fault_locations.csv (already processed)
Skipping Minimum_Spanning_Forest_v8_78866_fault_locations.csv (already processed)
Skipping Minimum_Spanning_Forest_v9_904363_fault_locations.csv (already processed)
Skipping Minimum_Spanning_Tree_Geometric_v3_3887965_fault_locations.csv (already processed)
Skipping Minimum_Vertex_Cover_Konig’s_Theorem_v10_704661_fault_locations.csv (already processed)
Skipping Minimum_Vertex_Cover_Konig’s_Theorem_v2_591866_fault_locations.csv (already processed)
Skipping Minimum_Vertex_Cover_Konig’s_Theorem_v3_3811734_fault_locations.csv (already processed)
Skipping Minimum_Vertex_Cover_Konig’s_Theorem_v4_448112_fault_locations.csv (already processed)
Skipping Minimum_Vertex_Cover_Konig’s_Theorem_v5_1066512_fault_locations.csv (already processed)
Skipping Minimum_Vertex_Cover_Konig’s_Theorem_v6_358597_fault_locations.csv (already processed)
Skipping Minimum_Vertex_Cover_Konig’s_Theorem_v7_4054682_fault_locations.csv (already processed)
Skipping Minimum_Vertex_Cover_Konig’s_Theorem_v8_206145_fault_locations.csv (already processed)
Skipping Minimum_Vertex_Cover_Konig’s_Theorem_v9_902687_fault_locations.csv (already processed)
Skipping Minimum_Weight_Triangulation_v1_40241_fault_locations.csv (already processed)
Skipping Minimum_Weight_Triangulation_v2_557521_fault_locations.csv (already processed)
Skipping Minimum_Weight_Triangulation_v8_118590_fault_locations.csv (already processed)
Skipping MINRES_v2_662267_fault_locations.csv (already processed)
Skipping MINRES_v7_4019965_fault_locations.csv (already processed)
Skipping MINRES_v8_115840_fault_locations.csv (already processed)
Skipping Mistral_7B_v2_647291_fault_locations.csv (already processed)
Skipping Mistral_7B_v4_511220_fault_locations.csv (already processed)
Skipping Mistral_7B_v7_4024645_fault_locations.csv (already processed)
Skipping Mistral_v3_3781931_fault_locations.csv (already processed)
Skipping Mistral_v4_511950_fault_locations.csv (already processed)
Skipping Mistral_v5_1046909_fault_locations.csv (already processed)
Skipping Mistral_v6_298353_fault_locations.csv (already processed)
Skipping Mistral_v7_3941676_fault_locations.csv (already processed)
Skipping Mistral_v8_101234_fault_locations.csv (already processed)
Skipping Mixtral_8x7B_v10_794923_fault_locations.csv (already processed)
Skipping Mixtral_8x7B_v3_3913455_fault_locations.csv (already processed)
Skipping Mixtral_8x7B_v4_482793_fault_locations.csv (already processed)
Skipping Mixtral_8x7B_v6_377383_fault_locations.csv (already processed)
Skipping Mixtral_8x7B_v7_3951957_fault_locations.csv (already processed)
Skipping Mixtral_8x7B_v8_157729_fault_locations.csv (already processed)
Skipping Mixture_Density_Network_v1_34025_fault_locations.csv (already processed)
Skipping Mixture_Density_Network_v6_375655_fault_locations.csv (already processed)
Skipping Mixture_Density_Network_v8_181130_fault_locations.csv (already processed)
Skipping Mixture_Density_Network_v9_971396_fault_locations.csv (already processed)
Skipping MLP_Mixer_v2_669536_fault_locations.csv (already processed)
Skipping MLP_Mixer_v3_3873408_fault_locations.csv (already processed)
Skipping MLP_Mixer_v6_297449_fault_locations.csv (already processed)
Skipping MobileNet_v1_4134091_fault_locations.csv (already processed)
Skipping MobileNet_v9_848985_fault_locations.csv (already processed)
Skipping MoCo_Momentum_Contrast_v10_700977_fault_locations.csv (already processed)
Skipping MoCo_Momentum_Contrast_v2_595572_fault_locations.csv (already processed)
Skipping Model_Based_Reinforcement_Learning_v10_683756_fault_locations.csv (already processed)
Skipping Model_Based_Reinforcement_Learning_v2_559261_fault_locations.csv (already processed)
Skipping Model_Based_Reinforcement_Learning_v4_502296_fault_locations.csv (already processed)
Skipping Model_Based_Reinforcement_Learning_v8_59736_fault_locations.csv (already processed)
Skipping Model_Based_Reinforcement_Learning_v9_936216_fault_locations.csv (already processed)
Skipping Model_Predictive_Control_v10_729655_fault_locations.csv (already processed)
Skipping Model_Predictive_Control_v1_4150698_fault_locations.csv (already processed)
Skipping Model_Predictive_Control_v2_536622_fault_locations.csv (already processed)
Skipping Model_Predictive_Control_v3_3795099_fault_locations.csv (already processed)
Skipping Model_Predictive_Control_v5_1012063_fault_locations.csv (already processed)
Skipping Model_Predictive_Control_v6_282132_fault_locations.csv (already processed)
Skipping Model_Predictive_Control_v8_177829_fault_locations.csv (already processed)
Skipping Model_Predictive_Control_v9_874393_fault_locations.csv (already processed)
Skipping Mod_Function_Computation_v10_706068_fault_locations.csv (already processed)
Skipping Mod_Function_Computation_v1_4117391_fault_locations.csv (already processed)
Skipping Mod_Function_Computation_v2_605491_fault_locations.csv (already processed)
Skipping Mod_Function_Computation_v3_3865141_fault_locations.csv (already processed)
Skipping Mod_Function_Computation_v4_457006_fault_locations.csv (already processed)
Skipping Mod_Function_Computation_v5_1052824_fault_locations.csv (already processed)
Skipping Mod_Function_Computation_v6_379111_fault_locations.csv (already processed)
Skipping Mod_Function_Computation_v7_4023273_fault_locations.csv (already processed)
Skipping Mod_Function_Computation_v8_150796_fault_locations.csv (already processed)
Skipping Modified_Euler_Method_v10_825123_fault_locations.csv (already processed)
Skipping Modified_Euler_Method_v1_4119472_fault_locations.csv (already processed)
Skipping Modified_Euler_Method_v2_584428_fault_locations.csv (already processed)
Skipping Modified_Euler_Method_v3_3919013_fault_locations.csv (already processed)
Skipping Modified_Euler_Method_v4_514835_fault_locations.csv (already processed)
Skipping Modified_Euler_Method_v5_1029047_fault_locations.csv (already processed)
Skipping Modified_Euler_Method_v6_297862_fault_locations.csv (already processed)
Skipping Modified_Euler_Method_v7_4054776_fault_locations.csv (already processed)
Skipping Modified_Euler_Method_v8_73953_fault_locations.csv (already processed)
Skipping Modified_Euler_Method_v9_914499_fault_locations.csv (already processed)
Skipping Modified_Gram_Schmidt_v1_40785_fault_locations.csv (already processed)
Skipping Modified_Gram_Schmidt_v2_657022_fault_locations.csv (already processed)
Skipping Modified_Gram_Schmidt_v8_134165_fault_locations.csv (already processed)
Skipping Modular_Addition_Chain_v10_801834_fault_locations.csv (already processed)
Skipping Modular_Addition_Chain_v1_4189161_fault_locations.csv (already processed)
Skipping Modular_Addition_Chain_v2_625110_fault_locations.csv (already processed)
Skipping Modular_Addition_Chain_v3_3885210_fault_locations.csv (already processed)
Skipping Modular_Addition_Chain_v4_457931_fault_locations.csv (already processed)
Skipping Modular_Addition_Chain_v5_1029548_fault_locations.csv (already processed)
Skipping Modular_Addition_Chain_v6_316120_fault_locations.csv (already processed)
Skipping Modular_Addition_Chain_v7_3940027_fault_locations.csv (already processed)
Skipping Modular_Addition_Chain_v8_204953_fault_locations.csv (already processed)
Skipping Modular_Addition_Chain_v9_932462_fault_locations.csv (already processed)
Skipping Modular_Arithmetic_Addition_v10_684777_fault_locations.csv (already processed)
Skipping Modular_Arithmetic_Addition_v1_4088909_fault_locations.csv (already processed)
Skipping Modular_Arithmetic_Addition_v2_592793_fault_locations.csv (already processed)
Skipping Modular_Arithmetic_Addition_v3_3876217_fault_locations.csv (already processed)
Skipping Modular_Arithmetic_Addition_v4_400776_fault_locations.csv (already processed)
Skipping Modular_Arithmetic_Addition_v5_1023475_fault_locations.csv (already processed)
Skipping Modular_Arithmetic_Addition_v6_249703_fault_locations.csv (already processed)
Skipping Modular_Arithmetic_Addition_v7_4052268_fault_locations.csv (already processed)
Skipping Modular_Arithmetic_Addition_v8_105500_fault_locations.csv (already processed)
Skipping Modular_Arithmetic_Addition_v9_933649_fault_locations.csv (already processed)
Skipping Modular_Arithmetic_Multiplication_v10_711721_fault_locations.csv (already processed)
Skipping Modular_Arithmetic_Multiplication_v1_4096908_fault_locations.csv (already processed)
Skipping Modular_Arithmetic_Multiplication_v2_608072_fault_locations.csv (already processed)
Skipping Modular_Arithmetic_Multiplication_v3_3836292_fault_locations.csv (already processed)
Skipping Modular_Arithmetic_Multiplication_v4_422814_fault_locations.csv (already processed)
Skipping Modular_Arithmetic_Multiplication_v5_1055020_fault_locations.csv (already processed)
Skipping Modular_Arithmetic_Multiplication_v6_257277_fault_locations.csv (already processed)
Skipping Modular_Arithmetic_Multiplication_v7_4065587_fault_locations.csv (already processed)
Skipping Modular_Arithmetic_Multiplication_v8_71498_fault_locations.csv (already processed)
Skipping Modular_Arithmetic_Subtraction_v10_712223_fault_locations.csv (already processed)
Skipping Modular_Arithmetic_Subtraction_v1_4125338_fault_locations.csv (already processed)
Skipping Modular_Arithmetic_Subtraction_v2_562039_fault_locations.csv (already processed)
Skipping Modular_Arithmetic_Subtraction_v3_3917979_fault_locations.csv (already processed)
Skipping Modular_Arithmetic_Subtraction_v4_414987_fault_locations.csv (already processed)
Skipping Modular_Arithmetic_Subtraction_v5_1138920_fault_locations.csv (already processed)
Skipping Modular_Arithmetic_Subtraction_v6_356375_fault_locations.csv (already processed)
Skipping Modular_Arithmetic_Subtraction_v7_4032349_fault_locations.csv (already processed)
Skipping Modular_Arithmetic_Subtraction_v8_160823_fault_locations.csv (already processed)
Skipping Modular_Arithmetic_Subtraction_v9_965949_fault_locations.csv (already processed)
Skipping Modular_Division_v10_779349_fault_locations.csv (already processed)
Skipping Modular_Division_v1_4145706_fault_locations.csv (already processed)
Skipping Modular_Division_v2_670765_fault_locations.csv (already processed)
Skipping Modular_Division_v3_3911697_fault_locations.csv (already processed)
Skipping Modular_Division_v4_420061_fault_locations.csv (already processed)
Skipping Modular_Division_v5_1047764_fault_locations.csv (already processed)
Skipping Modular_Division_v6_347907_fault_locations.csv (already processed)
Skipping Modular_Division_v7_4068000_fault_locations.csv (already processed)
Skipping Modular_Division_v8_150557_fault_locations.csv (already processed)
Skipping Modular_Division_v9_919255_fault_locations.csv (already processed)
Skipping Modular_Exponentiation_v10_788721_fault_locations.csv (already processed)
Skipping Modular_Exponentiation_v1_4136378_fault_locations.csv (already processed)
Skipping Modular_Exponentiation_v2_648900_fault_locations.csv (already processed)
Skipping Modular_Exponentiation_v3_3823726_fault_locations.csv (already processed)
Skipping Modular_Exponentiation_v4_447155_fault_locations.csv (already processed)
Skipping Modular_Exponentiation_v5_1069627_fault_locations.csv (already processed)
Skipping Modular_Exponentiation_v6_230843_fault_locations.csv (already processed)
Skipping Modular_Exponentiation_v7_4067286_fault_locations.csv (already processed)
Skipping Modular_Exponentiation_v8_91883_fault_locations.csv (already processed)
Skipping Modular_Exponentiation_v9_975828_fault_locations.csv (already processed)
Skipping Modular_Exponentiation_with_Sliding_Window_v10_773736_fault_locations.csv (already processed)
Skipping Modular_Exponentiation_with_Sliding_Window_v1_4105879_fault_locations.csv (already processed)
Skipping Modular_Exponentiation_with_Sliding_Window_v2_573070_fault_locations.csv (already processed)
Skipping Modular_Exponentiation_with_Sliding_Window_v4_386619_fault_locations.csv (already processed)
Skipping Modular_Exponentiation_with_Sliding_Window_v6_215050_fault_locations.csv (already processed)
Skipping Modular_Exponentiation_with_Sliding_Window_v7_3946200_fault_locations.csv (already processed)
Skipping Modular_Exponentiation_with_Sliding_Window_v8_185021_fault_locations.csv (already processed)
Skipping Modular_Exponentiation_with_Sliding_Window_v9_854236_fault_locations.csv (already processed)
Skipping Modular_Inverse_v10_769842_fault_locations.csv (already processed)
Skipping Modular_Inverse_v1_4162560_fault_locations.csv (already processed)
Skipping Modular_Inverse_v2_595694_fault_locations.csv (already processed)
Skipping Modular_Inverse_v3_3847710_fault_locations.csv (already processed)
Skipping Modular_Inverse_v4_441069_fault_locations.csv (already processed)
Skipping Modular_Inverse_v5_1074653_fault_locations.csv (already processed)
Skipping Modular_Inverse_v6_316721_fault_locations.csv (already processed)
Skipping Modular_Inverse_v7_4076251_fault_locations.csv (already processed)
Skipping Modular_Inverse_v8_89200_fault_locations.csv (already processed)
Skipping Modular_Inverse_v9_859335_fault_locations.csv (already processed)
Skipping Modular_Multiplicative_Inverse_v10_735048_fault_locations.csv (already processed)
Skipping Modular_Multiplicative_Inverse_v1_4189337_fault_locations.csv (already processed)
Skipping Modular_Multiplicative_Inverse_v2_577237_fault_locations.csv (already processed)
Skipping Modular_Multiplicative_Inverse_v3_3843908_fault_locations.csv (already processed)
Skipping Modular_Multiplicative_Inverse_v4_457460_fault_locations.csv (already processed)
Skipping Modular_Multiplicative_Inverse_v5_1103476_fault_locations.csv (already processed)
Skipping Modular_Multiplicative_Inverse_v6_217795_fault_locations.csv (already processed)
Skipping Modular_Multiplicative_Inverse_v7_3976573_fault_locations.csv (already processed)
Skipping Modular_Multiplicative_Inverse_v8_204601_fault_locations.csv (already processed)
Skipping Modular_Multiplicative_Inverse_v9_947835_fault_locations.csv (already processed)
Skipping Modular_Reduction_Algorithm_v10_717244_fault_locations.csv (already processed)
Skipping Modular_Reduction_Algorithm_v1_4140628_fault_locations.csv (already processed)
Skipping Modular_Reduction_Algorithm_v2_595060_fault_locations.csv (already processed)
Skipping Modular_Reduction_Algorithm_v3_3909761_fault_locations.csv (already processed)
Skipping Modular_Reduction_Algorithm_v4_453868_fault_locations.csv (already processed)
Skipping Modular_Reduction_Algorithm_v5_1029008_fault_locations.csv (already processed)
Skipping Modular_Reduction_Algorithm_v6_358619_fault_locations.csv (already processed)
Skipping Modular_Reduction_Algorithm_v7_4054051_fault_locations.csv (already processed)
Skipping Modular_Reduction_Algorithm_v8_58878_fault_locations.csv (already processed)
Skipping Modular_Reduction_Algorithm_v9_876050_fault_locations.csv (already processed)
Skipping Modular_Square_Computation_v10_794238_fault_locations.csv (already processed)
Skipping Modular_Square_Computation_v1_4092069_fault_locations.csv (already processed)
Skipping Modular_Square_Computation_v2_665299_fault_locations.csv (already processed)
Skipping Modular_Square_Computation_v3_3796143_fault_locations.csv (already processed)
Skipping Modular_Square_Computation_v4_517428_fault_locations.csv (already processed)
Skipping Modular_Square_Computation_v5_1077596_fault_locations.csv (already processed)
Skipping Modular_Square_Computation_v6_310258_fault_locations.csv (already processed)
Skipping Modular_Square_Computation_v7_4047776_fault_locations.csv (already processed)
Skipping Modular_Square_Computation_v8_130670_fault_locations.csv (already processed)
Skipping Modular_Square_Computation_v9_938316_fault_locations.csv (already processed)
Skipping Modular_Square_Root_v10_700671_fault_locations.csv (already processed)
Skipping Modular_Square_Root_v1_4192352_fault_locations.csv (already processed)
Skipping Modular_Square_Root_v2_638671_fault_locations.csv (already processed)
Skipping Modular_Square_Root_v3_3824486_fault_locations.csv (already processed)
Skipping Modular_Square_Root_v4_400184_fault_locations.csv (already processed)
Skipping Modular_Square_Root_v5_998669_fault_locations.csv (already processed)
Skipping Modular_Square_Root_v6_329847_fault_locations.csv (already processed)
Skipping Modular_Square_Root_v8_148438_fault_locations.csv (already processed)
Skipping Modular_Square_Root_v9_971518_fault_locations.csv (already processed)
Skipping Molecular_Dynamics_v10_713883_fault_locations.csv (already processed)
Skipping Molecular_Dynamics_v3_3904532_fault_locations.csv (already processed)
Skipping Molecular_Dynamics_v5_1036646_fault_locations.csv (already processed)
Skipping Molecular_Dynamics_v7_3942916_fault_locations.csv (already processed)
Skipping Moller_Plesset_Perturbation_Theory_v10_832012_fault_locations.csv (already processed)
Skipping Moller_Plesset_Perturbation_Theory_v1_4165554_fault_locations.csv (already processed)
Skipping Moller_Plesset_Perturbation_Theory_v3_3829857_fault_locations.csv (already processed)
Skipping Moller_Plesset_Perturbation_Theory_v5_1119795_fault_locations.csv (already processed)
Skipping Moller_Plesset_Perturbation_Theory_v6_342677_fault_locations.csv (already processed)
Skipping Moller_Plesset_Perturbation_Theory_v8_134338_fault_locations.csv (already processed)
Skipping Moment_Invariants_v2_550492_fault_locations.csv (already processed)
Skipping Moment_Invariants_v4_522273_fault_locations.csv (already processed)
Skipping Moment_Invariants_v5_1047722_fault_locations.csv (already processed)
Skipping Moment_Invariants_v9_887573_fault_locations.csv (already processed)
Skipping Momentum_Gradient_Descent_v4_462156_fault_locations.csv (already processed)
Skipping Momentum_Gradient_Descent_v5_1115986_fault_locations.csv (already processed)
Skipping Momentum_Gradient_Descent_v6_314650_fault_locations.csv (already processed)
Skipping Momentum_Gradient_Descent_v8_115911_fault_locations.csv (already processed)
Skipping Momentum_Gradient_Descent_v9_852480_fault_locations.csv (already processed)
Skipping Momentum_Optimizer_v10_782678_fault_locations.csv (already processed)
Skipping Momentum_Optimizer_v2_587678_fault_locations.csv (already processed)
Skipping Momentum_Optimizer_v3_3885933_fault_locations.csv (already processed)
Skipping Momentum_Optimizer_v4_422830_fault_locations.csv (already processed)
Skipping Momentum_Optimizer_v5_1139330_fault_locations.csv (already processed)
Skipping Momentum_Optimizer_v6_253572_fault_locations.csv (already processed)
Skipping Momentum_Optimizer_v7_3953314_fault_locations.csv (already processed)
Skipping Momentum_Optimizer_v9_879041_fault_locations.csv (already processed)
Skipping Monte_Carlo_Area_Estimation_v1_22658_fault_locations.csv (already processed)
Skipping Monte_Carlo_Area_Estimation_v3_3924601_fault_locations.csv (already processed)
Skipping Monte_Carlo_Area_Estimation_v4_516005_fault_locations.csv (already processed)
Skipping Monte_Carlo_Connectivity_Estimation_v10_786719_fault_locations.csv (already processed)
Skipping Monte_Carlo_Connectivity_Estimation_v4_473660_fault_locations.csv (already processed)
Skipping Monte_Carlo_Connectivity_Estimation_v5_1130897_fault_locations.csv (already processed)
Skipping Monte_Carlo_Connectivity_Estimation_v8_155917_fault_locations.csv (already processed)
Skipping Monte_Carlo_Connectivity_Estimation_v9_923789_fault_locations.csv (already processed)
Skipping Monte_Carlo_Graph_Traversal_v10_717210_fault_locations.csv (already processed)
Skipping Monte_Carlo_Graph_Traversal_v3_3885894_fault_locations.csv (already processed)
Skipping Monte_Carlo_Graph_Traversal_v5_1049881_fault_locations.csv (already processed)
Skipping Monte_Carlo_Graph_Traversal_v6_324008_fault_locations.csv (already processed)
Skipping Monte_Carlo_Graph_Traversal_v7_4029316_fault_locations.csv (already processed)
Skipping Monte_Carlo_Graph_Traversal_v9_965072_fault_locations.csv (already processed)
Skipping Monte_Carlo_Integration_v10_773701_fault_locations.csv (already processed)
Skipping Monte_Carlo_Integration_v2_608445_fault_locations.csv (already processed)
Skipping Monte_Carlo_Integration_v5_1111402_fault_locations.csv (already processed)
Skipping Monte_Carlo_Integration_v8_56192_fault_locations.csv (already processed)
Skipping Monte_Carlo_Integration_v9_933317_fault_locations.csv (already processed)
Skipping Monte_Carlo_Simulation_v10_728804_fault_locations.csv (already processed)
Skipping Monte_Carlo_Simulation_v1_39022_fault_locations.csv (already processed)
Skipping Monte_Carlo_Simulation_v2_559168_fault_locations.csv (already processed)
Skipping Monte_Carlo_Simulation_v5_1092095_fault_locations.csv (already processed)
Skipping Monte_Carlo_Simulation_v6_385696_fault_locations.csv (already processed)
Skipping Monte_Carlo_Simulation_v7_3981194_fault_locations.csv (already processed)
Skipping Monte_Carlo_Tree_Search_v1_4142346_fault_locations.csv (already processed)
Skipping Monte_Carlo_Tree_Search_v7_4014063_fault_locations.csv (already processed)
Skipping Monte_Carlo_Tree_Search_v9_963475_fault_locations.csv (already processed)
Skipping Montgomery_Exponentiation_v10_730723_fault_locations.csv (already processed)
Skipping Montgomery_Exponentiation_v1_38494_fault_locations.csv (already processed)
Skipping Montgomery_Exponentiation_v2_615814_fault_locations.csv (already processed)
Skipping Montgomery_Exponentiation_v3_3926828_fault_locations.csv (already processed)
Skipping Montgomery_Exponentiation_v4_509390_fault_locations.csv (already processed)
Skipping Montgomery_Exponentiation_v5_1070667_fault_locations.csv (already processed)
Skipping Montgomery_Exponentiation_v6_226679_fault_locations.csv (already processed)
Skipping Montgomery_Exponentiation_v7_4024711_fault_locations.csv (already processed)
Skipping Montgomery_Exponentiation_v8_156997_fault_locations.csv (already processed)
Skipping Montgomery_Multiplication_v10_777688_fault_locations.csv (already processed)
Skipping Montgomery_Multiplication_v1_4092112_fault_locations.csv (already processed)
Skipping Montgomery_Multiplication_v2_609727_fault_locations.csv (already processed)
Skipping Montgomery_Multiplication_v3_3841817_fault_locations.csv (already processed)
Skipping Montgomery_Multiplication_v4_460612_fault_locations.csv (already processed)
Skipping Montgomery_Multiplication_v6_348715_fault_locations.csv (already processed)
Skipping Montgomery_Multiplication_v7_3976150_fault_locations.csv (already processed)
Skipping Montgomery_Multiplication_v8_61258_fault_locations.csv (already processed)
Skipping Montgomery_Multiplication_v9_861955_fault_locations.csv (already processed)
Skipping MORUS_v1_39921_fault_locations.csv (already processed)
Skipping MORUS_v2_635086_fault_locations.csv (already processed)
Skipping MORUS_v4_435336_fault_locations.csv (already processed)
Skipping MORUS_v6_308396_fault_locations.csv (already processed)
Skipping MORUS_v7_4002445_fault_locations.csv (already processed)
Skipping MORUS_v8_176596_fault_locations.csv (already processed)
Skipping MT5_v10_814191_fault_locations.csv (already processed)
Skipping MT5_v1_4176084_fault_locations.csv (already processed)
Skipping MT5_v3_3827259_fault_locations.csv (already processed)
Skipping MT5_v4_519648_fault_locations.csv (already processed)
Skipping MT5_v5_1133687_fault_locations.csv (already processed)
Skipping MT5_v6_382078_fault_locations.csv (already processed)
Skipping MT5_v7_4060424_fault_locations.csv (already processed)
Skipping MT5_v8_75285_fault_locations.csv (already processed)
Skipping MT5_v9_868837_fault_locations.csv (already processed)
Skipping Multigrid_Benchmark_Kernel_v2_532761_fault_locations.csv (already processed)
Skipping Multigrid_Benchmark_Kernel_v5_1011630_fault_locations.csv (already processed)
Skipping Multigrid_Benchmark_Kernel_v6_211048_fault_locations.csv (already processed)
Skipping Multigrid_Benchmark_Kernel_v7_4030217_fault_locations.csv (already processed)
Skipping Multigrid_Benchmark_Kernel_v9_924188_fault_locations.csv (already processed)
Skipping Multigrid_Method_v1_12977_fault_locations.csv (already processed)
Skipping Multigrid_Method_v5_1101565_fault_locations.csv (already processed)
Skipping Multigrid_Method_v7_4002494_fault_locations.csv (already processed)
Skipping Multilayer_Perceptron_v10_677283_fault_locations.csv (already processed)
Skipping Multilayer_Perceptron_v1_4155860_fault_locations.csv (already processed)
Skipping Multilayer_Perceptron_v5_1086392_fault_locations.csv (already processed)
Skipping Multilayer_Perceptron_v7_4007330_fault_locations.csv (already processed)
Skipping Multi_Level_Graph_Partitioning_v10_698236_fault_locations.csv (already processed)
Skipping Multi_Level_Graph_Partitioning_v1_18353_fault_locations.csv (already processed)
Skipping Multi_Level_Graph_Partitioning_v2_593889_fault_locations.csv (already processed)
Skipping Multi_Level_Graph_Partitioning_v3_3789404_fault_locations.csv (already processed)
Skipping Multi_Level_Graph_Partitioning_v4_477275_fault_locations.csv (already processed)
Skipping Multi_Level_Graph_Partitioning_v7_4045447_fault_locations.csv (already processed)
Skipping Multi_Level_Graph_Partitioning_v8_176768_fault_locations.csv (already processed)
Skipping Multinomial_Naive_Bayes_v10_755772_fault_locations.csv (already processed)
Skipping Multinomial_Naive_Bayes_v2_573011_fault_locations.csv (already processed)
Skipping Multinomial_Naive_Bayes_v4_477619_fault_locations.csv (already processed)
Skipping Multinomial_Naive_Bayes_v5_1134367_fault_locations.csv (already processed)
Skipping Multinomial_Naive_Bayes_v6_341316_fault_locations.csv (already processed)
Skipping Multinomial_Naive_Bayes_v7_4018140_fault_locations.csv (already processed)
Skipping Multinomial_Naive_Bayes_v9_894349_fault_locations.csv (already processed)
Skipping Multi_Source_BFS_v10_682210_fault_locations.csv (already processed)
Skipping Multi_Source_BFS_v1_42564_fault_locations.csv (already processed)
Skipping Multi_Source_BFS_v2_558890_fault_locations.csv (already processed)
Skipping Multi_Source_BFS_v3_3793563_fault_locations.csv (already processed)
Skipping Multi_Source_BFS_v4_423120_fault_locations.csv (already processed)
Skipping Multi_Source_BFS_v5_1107505_fault_locations.csv (already processed)
Skipping Multi_Source_BFS_v6_362968_fault_locations.csv (already processed)
Skipping Multi_Source_BFS_v7_3990564_fault_locations.csv (already processed)
Skipping Multi_Source_BFS_v8_65772_fault_locations.csv (already processed)
Skipping Multi_Source_BFS_v9_960090_fault_locations.csv (already processed)
Skipping Multi_Target_Dijkstra_v10_718195_fault_locations.csv (already processed)
Skipping Multi_Target_Dijkstra_v1_38220_fault_locations.csv (already processed)
Skipping Multi_Target_Dijkstra_v2_528550_fault_locations.csv (already processed)
Skipping Multi_Target_Dijkstra_v3_3848748_fault_locations.csv (already processed)
Skipping Multi_Target_Dijkstra_v5_996181_fault_locations.csv (already processed)
Skipping Multi_Target_Dijkstra_v6_214759_fault_locations.csv (already processed)
Skipping Multi_Target_Dijkstra_v7_4045959_fault_locations.csv (already processed)
Skipping Multi_Target_Dijkstra_v8_170912_fault_locations.csv (already processed)
Skipping Multi_Target_Dijkstra_v9_963233_fault_locations.csv (already processed)
Skipping MusicLM_v10_814001_fault_locations.csv (already processed)
Skipping MusicLM_v1_11760_fault_locations.csv (already processed)
Skipping MusicLM_v8_77949_fault_locations.csv (already processed)
Skipping Naive_Bayes_Classifier_v10_722207_fault_locations.csv (already processed)
Skipping Naive_Bayes_Classifier_v1_4101111_fault_locations.csv (already processed)
Skipping Naive_Bayes_Classifier_v3_3924080_fault_locations.csv (already processed)
Skipping Naive_Bayes_Classifier_v4_421020_fault_locations.csv (already processed)
Skipping Naive_Bayes_Classifier_v5_1103434_fault_locations.csv (already processed)
Skipping Naive_Bayes_Classifier_v8_162008_fault_locations.csv (already processed)
Skipping NASNet_v2_573863_fault_locations.csv (already processed)
Skipping NASNet_v3_3786192_fault_locations.csv (already processed)
Skipping NASNet_v6_291377_fault_locations.csv (already processed)
Skipping NASNet_v8_75434_fault_locations.csv (already processed)
Skipping NASNet_v9_955570_fault_locations.csv (already processed)
Skipping Navier_Stokes_Solver_v10_805835_fault_locations.csv (already processed)
Skipping Navier_Stokes_Solver_v3_3798343_fault_locations.csv (already processed)
Skipping Navier_Stokes_Solver_v5_1092293_fault_locations.csv (already processed)
Skipping Navier_Stokes_Solver_v6_237689_fault_locations.csv (already processed)
Skipping Navier_Stokes_Solver_v7_3997135_fault_locations.csv (already processed)
Skipping N_Body_Simulation_v6_332990_fault_locations.csv (already processed)
Skipping N_Body_Simulation_v8_59529_fault_locations.csv (already processed)
Skipping Nearest_Neighbor_Heuristic_TSP_v3_3893505_fault_locations.csv (already processed)
Skipping Nearest_Neighbor_Heuristic_TSP_v8_50626_fault_locations.csv (already processed)
Skipping Negative_Cycle_Detection_Bellman_Ford_v10_826199_fault_locations.csv (already processed)
Skipping Negative_Cycle_Detection_Bellman_Ford_v1_4177864_fault_locations.csv (already processed)
Skipping Negative_Cycle_Detection_Bellman_Ford_v2_593284_fault_locations.csv (already processed)
Skipping Negative_Cycle_Detection_Bellman_Ford_v3_3842095_fault_locations.csv (already processed)
Skipping Negative_Cycle_Detection_Bellman_Ford_v4_482206_fault_locations.csv (already processed)
Skipping Negative_Cycle_Detection_Bellman_Ford_v5_1015729_fault_locations.csv (already processed)
Skipping Negative_Cycle_Detection_Bellman_Ford_v6_298596_fault_locations.csv (already processed)
Skipping Negative_Cycle_Detection_Bellman_Ford_v7_4052118_fault_locations.csv (already processed)
Skipping Negative_Cycle_Detection_Bellman_Ford_v8_204245_fault_locations.csv (already processed)
Skipping Negative_Cycle_Detection_Bellman_Ford_v9_916519_fault_locations.csv (already processed)
Skipping Nelder_Mead_Optimization_v10_787047_fault_locations.csv (already processed)
Skipping Nelder_Mead_Optimization_v2_620024_fault_locations.csv (already processed)
Skipping Nelder_Mead_Optimization_v3_3797405_fault_locations.csv (already processed)
Skipping Nelder_Mead_Optimization_v4_451057_fault_locations.csv (already processed)
Skipping Nelder_Mead_Optimization_v6_287352_fault_locations.csv (already processed)
Skipping Nelder_Mead_Optimization_v7_3956052_fault_locations.csv (already processed)
Skipping Nelder_Mead_Optimization_v9_944715_fault_locations.csv (already processed)
Skipping Nesterov_Accelerated_Gradient_v10_781963_fault_locations.csv (already processed)
Skipping Nesterov_Accelerated_Gradient_v1_13315_fault_locations.csv (already processed)
Skipping Nesterov_Accelerated_Gradient_v2_634981_fault_locations.csv (already processed)
Skipping Nesterov_Accelerated_Gradient_v3_3841765_fault_locations.csv (already processed)
Skipping Nesterov_Accelerated_Gradient_v4_407937_fault_locations.csv (already processed)
Skipping Nesterov_Accelerated_Gradient_v5_1043721_fault_locations.csv (already processed)
Skipping Nesterov_Accelerated_Gradient_v7_3974767_fault_locations.csv (already processed)
Skipping Nesterov_Accelerated_Gradient_v8_195671_fault_locations.csv (already processed)
Skipping Nesterov_Accelerated_Gradient_v9_968606_fault_locations.csv (already processed)
Skipping Network_Flow_with_Lower_Bounds_v10_797157_fault_locations.csv (already processed)
Skipping Network_Flow_with_Lower_Bounds_v1_1641_fault_locations.csv (already processed)
Skipping Network_Flow_with_Lower_Bounds_v3_3820845_fault_locations.csv (already processed)
Skipping Network_Flow_with_Lower_Bounds_v4_477073_fault_locations.csv (already processed)
Skipping Network_Flow_with_Lower_Bounds_v5_989162_fault_locations.csv (already processed)
Skipping Network_Flow_with_Lower_Bounds_v6_233092_fault_locations.csv (already processed)
Skipping Network_Flow_with_Lower_Bounds_v9_866171_fault_locations.csv (already processed)
Skipping Network_Simplex_Algorithm_v1_4119418_fault_locations.csv (already processed)
Skipping Network_Simplex_Algorithm_v5_1104560_fault_locations.csv (already processed)
Skipping Neural_Architecture_Search_v3_3826355_fault_locations.csv (already processed)
Skipping Neural_Architecture_Search_v7_4069554_fault_locations.csv (already processed)
Skipping Neural_Network_Regressor_v2_568790_fault_locations.csv (already processed)
Skipping Neural_Turing_Machine_v10_781604_fault_locations.csv (already processed)
Skipping Neural_Turing_Machine_v4_454977_fault_locations.csv (already processed)
Skipping Neural_Turing_Machine_v5_1039617_fault_locations.csv (already processed)
Skipping NeuroEvolution_v3_3892861_fault_locations.csv (already processed)
Skipping NeuroEvolution_v6_278382_fault_locations.csv (already processed)
Skipping Newton_Cotes_Formula_v10_808182_fault_locations.csv (already processed)
Skipping Newton_Cotes_Formula_v6_344891_fault_locations.csv (already processed)
Skipping Newton_Cotes_Formula_v7_4013468_fault_locations.csv (already processed)
Skipping Newton_Cotes_Formula_v8_72042_fault_locations.csv (already processed)
Skipping Newton_Euler_Method_v10_805410_fault_locations.csv (already processed)
Skipping Newton_Euler_Method_v3_3901308_fault_locations.csv (already processed)
Skipping Newton_Euler_Method_v4_428054_fault_locations.csv (already processed)
Skipping Newton_Euler_Method_v5_1141260_fault_locations.csv (already processed)
Skipping Newton_Euler_Method_v6_347059_fault_locations.csv (already processed)
Skipping Newton_Euler_Method_v7_3952260_fault_locations.csv (already processed)
Skipping Newton_Optimization_v10_811655_fault_locations.csv (already processed)
Skipping Newton_Optimization_v2_612956_fault_locations.csv (already processed)
Skipping Newton_Optimization_v3_3918484_fault_locations.csv (already processed)
Skipping Newton_Optimization_v4_475572_fault_locations.csv (already processed)
Skipping Newton_Optimization_v5_996622_fault_locations.csv (already processed)
Skipping Newton_Optimization_v6_374161_fault_locations.csv (already processed)
Skipping Newton_Optimization_v8_101555_fault_locations.csv (already processed)
Skipping Newton_Raphson_Division_v10_733108_fault_locations.csv (already processed)
Skipping Newton_Raphson_Division_v3_3897088_fault_locations.csv (already processed)
Skipping Newton_Raphson_Division_v4_479470_fault_locations.csv (already processed)
Skipping Newton_Raphson_Division_v5_1053254_fault_locations.csv (already processed)
Skipping Newton_Raphson_Division_v6_267224_fault_locations.csv (already processed)
Skipping Newton_Raphson_Division_v7_4048600_fault_locations.csv (already processed)
Skipping Newton_Raphson_Division_v8_140468_fault_locations.csv (already processed)
Skipping Newton’s_Interpolation_v10_704041_fault_locations.csv (already processed)
Skipping Newton’s_Interpolation_v2_601508_fault_locations.csv (already processed)
Skipping Newton’s_Interpolation_v3_3840465_fault_locations.csv (already processed)
Skipping Newton’s_Interpolation_v5_1040389_fault_locations.csv (already processed)
Skipping Newton’s_Interpolation_v6_230922_fault_locations.csv (already processed)
Skipping Newton’s_Interpolation_v8_155485_fault_locations.csv (already processed)
Skipping Newton’s_Interpolation_v9_909389_fault_locations.csv (already processed)
Skipping Newton’s_Method_for_Optimization_v10_777896_fault_locations.csv (already processed)
Skipping Newton’s_Method_for_Optimization_v2_543447_fault_locations.csv (already processed)
Skipping Newton’s_Method_for_Optimization_v4_427444_fault_locations.csv (already processed)
Skipping Newton’s_Method_for_Optimization_v8_154314_fault_locations.csv (already processed)
Skipping Newton’s_Method_for_Optimization_v9_878230_fault_locations.csv (already processed)
Skipping Node2Vec_v2_581294_fault_locations.csv (already processed)
Skipping Node2Vec_v5_1020495_fault_locations.csv (already processed)
Skipping Node2Vec_v6_218652_fault_locations.csv (already processed)
Skipping Noekeon_v10_701101_fault_locations.csv (already processed)
Skipping Noekeon_v1_4165529_fault_locations.csv (already processed)
Skipping Noekeon_v2_625733_fault_locations.csv (already processed)
Skipping Noekeon_v4_433320_fault_locations.csv (already processed)
Skipping Noekeon_v6_369499_fault_locations.csv (already processed)
Skipping Noekeon_v7_4061971_fault_locations.csv (already processed)
Skipping Noekeon_v8_150762_fault_locations.csv (already processed)
Skipping Noekeon_v9_924575_fault_locations.csv (already processed)
Skipping Nonlinear_Regression_via_Gradient_Descent_v9_928800_fault_locations.csv (already processed)
Skipping Non_negative_Matrix_Factorization_NMF_v5_1084437_fault_locations.csv (already processed)
Skipping Non_negative_Matrix_Factorization_NMF_v9_852188_fault_locations.csv (already processed)
Skipping Non_Negative_Matrix_Factorization_v1_4157175_fault_locations.csv (already processed)
Skipping Non_Negative_Matrix_Factorization_v3_3876364_fault_locations.csv (already processed)
Skipping Non_Negative_Matrix_Factorization_v4_397239_fault_locations.csv (already processed)
Skipping Non_Negative_Matrix_Factorization_v5_1072646_fault_locations.csv (already processed)
Skipping Non_Negative_Matrix_Factorization_v9_965301_fault_locations.csv (already processed)
Skipping Normal_Estimation_v2_642626_fault_locations.csv (already processed)
Skipping Normal_Estimation_v7_4011521_fault_locations.csv (already processed)
Skipping Numerical_Differentiation_Forward_Difference_v10_744484_fault_locations.csv (already processed)
Skipping Numerical_Differentiation_Forward_Difference_v2_607776_fault_locations.csv (already processed)
Skipping Numerical_Differentiation_Forward_Difference_v3_3861108_fault_locations.csv (already processed)
Skipping Numerical_Differentiation_Forward_Difference_v5_1113987_fault_locations.csv (already processed)
Skipping Numerical_Differentiation_Forward_Difference_v7_3933048_fault_locations.csv (already processed)
Skipping Numerical_Differentiation_Forward_Difference_v8_73507_fault_locations.csv (already processed)
Skipping Numerical_Differentiation_Forward_Difference_v9_834550_fault_locations.csv (already processed)
Skipping NURBS_Curve_Evaluation_v6_348907_fault_locations.csv (already processed)
Skipping NURBS_Curve_Evaluation_v7_4045505_fault_locations.csv (already processed)
Skipping NURBS_Curve_Evaluation_v8_125935_fault_locations.csv (already processed)
Skipping NURBS_Surface_Evaluation_v10_809112_fault_locations.csv (already processed)
Skipping NURBS_Surface_Evaluation_v1_4125489_fault_locations.csv (already processed)
Skipping Obstacle_Expansion_v10_694230_fault_locations.csv (already processed)
Skipping Obstacle_Expansion_v1_14741_fault_locations.csv (already processed)
Skipping Obstacle_Expansion_v2_626313_fault_locations.csv (already processed)
Skipping Obstacle_Expansion_v3_3928917_fault_locations.csv (already processed)
Skipping Obstacle_Expansion_v4_437217_fault_locations.csv (already processed)
Skipping Obstacle_Expansion_v5_1051495_fault_locations.csv (already processed)
Skipping Obstacle_Expansion_v6_327908_fault_locations.csv (already processed)
Skipping Obstacle_Expansion_v8_160095_fault_locations.csv (already processed)
Skipping Obstacle_Expansion_v9_865455_fault_locations.csv (already processed)
Skipping Occlusion_Culling_v10_691417_fault_locations.csv (already processed)
Skipping Occlusion_Culling_v2_665099_fault_locations.csv (already processed)
Skipping Occlusion_Culling_v3_3913557_fault_locations.csv (already processed)
Skipping Occlusion_Culling_v4_391025_fault_locations.csv (already processed)
Skipping Occlusion_Culling_v6_297518_fault_locations.csv (already processed)
Skipping Occlusion_Culling_v9_954508_fault_locations.csv (already processed)
Skipping Octree_Construction_v1_4087378_fault_locations.csv (already processed)
Skipping Octree_Construction_v3_3787185_fault_locations.csv (already processed)
Skipping Octree_Construction_v4_419487_fault_locations.csv (already processed)
Skipping Octree_Construction_v9_868616_fault_locations.csv (already processed)
Skipping Octree_Query_v10_787329_fault_locations.csv (already processed)
Skipping Octree_Query_v6_330138_fault_locations.csv (already processed)
Skipping Octree_Query_v7_3987314_fault_locations.csv (already processed)
Skipping Octree_Query_v8_78991_fault_locations.csv (already processed)
Skipping Octree_Query_v9_868908_fault_locations.csv (already processed)
Skipping Offline_Connectivity_Queries_DSU_v10_822689_fault_locations.csv (already processed)
Skipping Offline_Connectivity_Queries_DSU_v1_4133940_fault_locations.csv (already processed)
Skipping Offline_Connectivity_Queries_DSU_v2_561298_fault_locations.csv (already processed)
Skipping Offline_Connectivity_Queries_DSU_v3_3796387_fault_locations.csv (already processed)
Skipping Offline_Connectivity_Queries_DSU_v4_460199_fault_locations.csv (already processed)
Skipping Offline_Connectivity_Queries_DSU_v5_987715_fault_locations.csv (already processed)
Skipping Offline_Connectivity_Queries_DSU_v6_247649_fault_locations.csv (already processed)
Skipping Offline_Connectivity_Queries_DSU_v7_4012584_fault_locations.csv (already processed)
Skipping Offline_Connectivity_Queries_DSU_v8_86557_fault_locations.csv (already processed)
Skipping Offline_Connectivity_Queries_DSU_v9_973675_fault_locations.csv (already processed)
Skipping Offline_Query_Compression_for_Graphs_v10_829459_fault_locations.csv (already processed)
Skipping Offline_Query_Compression_for_Graphs_v1_4171483_fault_locations.csv (already processed)
Skipping Offline_Query_Compression_for_Graphs_v2_589739_fault_locations.csv (already processed)
Skipping Offline_Query_Compression_for_Graphs_v4_458421_fault_locations.csv (already processed)
Skipping Offline_Query_Compression_for_Graphs_v5_1038413_fault_locations.csv (already processed)
Skipping Offline_Query_Compression_for_Graphs_v6_225673_fault_locations.csv (already processed)
Skipping Offline_Query_Compression_for_Graphs_v7_3951841_fault_locations.csv (already processed)
Skipping Offline_Query_Compression_for_Graphs_v8_69172_fault_locations.csv (already processed)
Skipping Offline_Query_Compression_for_Graphs_v9_839591_fault_locations.csv (already processed)
Skipping One_Class_SVM_v1_4867_fault_locations.csv (already processed)
Skipping One_Class_SVM_v3_3870692_fault_locations.csv (already processed)
Skipping One_Class_SVM_v5_981319_fault_locations.csv (already processed)
Skipping One_Class_SVM_v6_347525_fault_locations.csv (already processed)
Skipping One_vs_Rest_SVM_v2_662206_fault_locations.csv (already processed)
Skipping One_vs_Rest_SVM_v7_4085021_fault_locations.csv (already processed)
Skipping Online_Bipartite_Matching_v10_805560_fault_locations.csv (already processed)
Skipping Online_Bipartite_Matching_v1_26839_fault_locations.csv (already processed)
Skipping Online_Bipartite_Matching_v2_650552_fault_locations.csv (already processed)
Skipping Online_Bipartite_Matching_v3_3801644_fault_locations.csv (already processed)
Skipping Online_Bipartite_Matching_v4_422883_fault_locations.csv (already processed)
Skipping Online_Bipartite_Matching_v5_1025009_fault_locations.csv (already processed)
Skipping Online_Bipartite_Matching_v6_328873_fault_locations.csv (already processed)
Skipping Online_Bipartite_Matching_v7_4060841_fault_locations.csv (already processed)
Skipping Online_Bipartite_Matching_v9_936091_fault_locations.csv (already processed)
Skipping Online_Shortest_Path_Update_v10_726643_fault_locations.csv (already processed)
Skipping Online_Shortest_Path_Update_v1_4116294_fault_locations.csv (already processed)
Skipping Online_Shortest_Path_Update_v2_663672_fault_locations.csv (already processed)
Skipping Online_Shortest_Path_Update_v3_3811188_fault_locations.csv (already processed)
Skipping Online_Shortest_Path_Update_v4_494968_fault_locations.csv (already processed)
Skipping Online_Shortest_Path_Update_v6_363523_fault_locations.csv (already processed)
Skipping Online_Shortest_Path_Update_v7_4040638_fault_locations.csv (already processed)
Skipping Online_Shortest_Path_Update_v8_157717_fault_locations.csv (already processed)
Skipping Opening_v10_784315_fault_locations.csv (already processed)
Skipping Opening_v2_629441_fault_locations.csv (already processed)
Skipping Opening_v3_3805105_fault_locations.csv (already processed)
Skipping Opening_v4_481098_fault_locations.csv (already processed)
Skipping Opening_v5_1127466_fault_locations.csv (already processed)
Skipping Opening_v6_246952_fault_locations.csv (already processed)
Skipping Opening_v7_3974462_fault_locations.csv (already processed)
Skipping Opening_v9_832650_fault_locations.csv (already processed)
Skipping Optical_Flow_Lucas_Kanade_v1_4150466_fault_locations.csv (already processed)
Skipping Optical_Flow_Lucas_Kanade_v5_980425_fault_locations.csv (already processed)
Skipping Optical_Flow_Lucas_Kanade_v6_272922_fault_locations.csv (already processed)
Skipping Optical_Flow_Lucas_Kanade_v8_164425_fault_locations.csv (already processed)
Skipping OPTICS_Clustering_v6_349956_fault_locations.csv (already processed)
Skipping Optuna_TPE_v8_78793_fault_locations.csv (already processed)
Skipping OPT_v10_793079_fault_locations.csv (already processed)
Skipping OPT_v1_18715_fault_locations.csv (already processed)
Skipping OPT_v2_538108_fault_locations.csv (already processed)
Skipping OPT_v3_3803745_fault_locations.csv (already processed)
Skipping OPT_v4_478579_fault_locations.csv (already processed)
Skipping OPT_v6_232445_fault_locations.csv (already processed)
Skipping OPT_v7_4005459_fault_locations.csv (already processed)
Skipping OPT_v8_67852_fault_locations.csv (already processed)
Skipping OPT_v9_948325_fault_locations.csv (already processed)
Skipping Orientation_Test_CW_CCW_v10_779758_fault_locations.csv (already processed)
Skipping Orientation_Test_CW_CCW_v1_36688_fault_locations.csv (already processed)
Skipping Orientation_Test_CW_CCW_v2_638633_fault_locations.csv (already processed)
Skipping Orientation_Test_CW_CCW_v3_3911161_fault_locations.csv (already processed)
Skipping Orientation_Test_CW_CCW_v5_1069175_fault_locations.csv (already processed)
Skipping Orientation_Test_CW_CCW_v6_210905_fault_locations.csv (already processed)
Skipping Orientation_Test_CW_CCW_v7_3993554_fault_locations.csv (already processed)
Skipping Orientation_Test_CW_CCW_v8_122213_fault_locations.csv (already processed)
Skipping Orientation_Test_CW_CCW_v9_937341_fault_locations.csv (already processed)
Skipping Orthogonal_Matching_Pursuit_v1_4179897_fault_locations.csv (already processed)
Skipping Orthogonal_Matching_Pursuit_v5_1039391_fault_locations.csv (already processed)
Skipping Orthogonal_Matching_Pursuit_v6_247447_fault_locations.csv (already processed)
Skipping Orthogonal_Matching_Pursuit_v9_845756_fault_locations.csv (already processed)
Skipping Orthogonal_Polygon_Decomposition_v10_679462_fault_locations.csv (already processed)
Skipping Orthogonal_Polygon_Decomposition_v1_32747_fault_locations.csv (already processed)
Skipping Orthogonal_Polygon_Decomposition_v2_658619_fault_locations.csv (already processed)
Skipping Orthogonal_Polygon_Decomposition_v3_3869935_fault_locations.csv (already processed)
Skipping Orthogonal_Polygon_Decomposition_v4_445540_fault_locations.csv (already processed)
Skipping Orthogonal_Polygon_Decomposition_v5_1138085_fault_locations.csv (already processed)
Skipping Orthogonal_Polygon_Decomposition_v8_123727_fault_locations.csv (already processed)
Skipping Orthogonal_Polygon_Decomposition_v9_945680_fault_locations.csv (already processed)
Skipping Orthographic_Projection_v10_741538_fault_locations.csv (already processed)
Skipping Orthographic_Projection_v1_4193918_fault_locations.csv (already processed)
Skipping Orthographic_Projection_v2_608141_fault_locations.csv (already processed)
Skipping Orthographic_Projection_v3_3833349_fault_locations.csv (already processed)
Skipping Orthographic_Projection_v4_462614_fault_locations.csv (already processed)
Skipping Orthographic_Projection_v6_356848_fault_locations.csv (already processed)
Skipping Orthographic_Projection_v7_3999357_fault_locations.csv (already processed)
Skipping Orthographic_Projection_v8_143349_fault_locations.csv (already processed)
Skipping Orthographic_Projection_v9_940434_fault_locations.csv (already processed)
Skipping ORYX_Cipher_v10_702878_fault_locations.csv (already processed)
Skipping ORYX_Cipher_v1_4126188_fault_locations.csv (already processed)
Skipping ORYX_Cipher_v2_657955_fault_locations.csv (already processed)
Skipping ORYX_Cipher_v3_3845970_fault_locations.csv (already processed)
Skipping ORYX_Cipher_v4_390105_fault_locations.csv (already processed)
Skipping ORYX_Cipher_v5_1028977_fault_locations.csv (already processed)
Skipping ORYX_Cipher_v6_326143_fault_locations.csv (already processed)
Skipping ORYX_Cipher_v7_4015271_fault_locations.csv (already processed)
Skipping ORYX_Cipher_v8_70366_fault_locations.csv (already processed)
Skipping ORYX_Cipher_v9_944529_fault_locations.csv (already processed)
Skipping Outerplanar_Graph_Check_v1_4102548_fault_locations.csv (already processed)
Skipping Outerplanar_Graph_Check_v2_665920_fault_locations.csv (already processed)
Skipping Outerplanar_Graph_Check_v4_427310_fault_locations.csv (already processed)
Skipping Outerplanar_Graph_Check_v5_995670_fault_locations.csv (already processed)
Skipping Outerplanar_Graph_Check_v8_191050_fault_locations.csv (already processed)
Skipping Outerplanar_Graph_Check_v9_944539_fault_locations.csv (already processed)
Skipping Overlay_of_Subdivisions_v10_686263_fault_locations.csv (already processed)
Skipping Overlay_of_Subdivisions_v1_4169064_fault_locations.csv (already processed)
Skipping Overlay_of_Subdivisions_v2_604626_fault_locations.csv (already processed)
Skipping Overlay_of_Subdivisions_v4_488980_fault_locations.csv (already processed)
Skipping Overlay_of_Subdivisions_v5_980214_fault_locations.csv (already processed)
Skipping Overlay_of_Subdivisions_v7_4044175_fault_locations.csv (already processed)
Skipping Overlay_of_Subdivisions_v8_57252_fault_locations.csv (already processed)
Skipping Overlay_of_Subdivisions_v9_863184_fault_locations.csv (already processed)
Skipping PageRank_Algorithm_v4_476543_fault_locations.csv (already processed)
Skipping PageRank_Algorithm_v5_983270_fault_locations.csv (already processed)
Skipping PageRank_Algorithm_v6_226576_fault_locations.csv (already processed)
Skipping PageRank_Algorithm_v7_3947238_fault_locations.csv (already processed)
Skipping PageRank_Algorithm_v8_204200_fault_locations.csv (already processed)
Skipping PaLM_2_v10_729366_fault_locations.csv (already processed)
Skipping PaLM_2_v3_3885749_fault_locations.csv (already processed)
Skipping PaLM_v3_3918399_fault_locations.csv (already processed)
Skipping PaLM_v6_363028_fault_locations.csv (already processed)
Skipping Panama_Cipher_v10_680376_fault_locations.csv (already processed)
Skipping Panama_Cipher_v1_4145636_fault_locations.csv (already processed)
Skipping Panama_Cipher_v2_606103_fault_locations.csv (already processed)
Skipping Panama_Cipher_v6_256089_fault_locations.csv (already processed)
Skipping Panama_Cipher_v7_3965585_fault_locations.csv (already processed)
Skipping Panama_Cipher_v8_134016_fault_locations.csv (already processed)
Skipping Panama_Cipher_v9_850195_fault_locations.csv (already processed)
Skipping Parallel_Line_Test_v10_683789_fault_locations.csv (already processed)
Skipping Parallel_Line_Test_v1_4186005_fault_locations.csv (already processed)
Skipping Parallel_Line_Test_v2_596117_fault_locations.csv (already processed)
Skipping Parallel_Line_Test_v3_3792520_fault_locations.csv (already processed)
Skipping Parallel_Line_Test_v5_1062345_fault_locations.csv (already processed)
Skipping Parallel_Line_Test_v6_311306_fault_locations.csv (already processed)
Skipping Parallel_Line_Test_v7_4029941_fault_locations.csv (already processed)
Skipping Parallel_Line_Test_v9_855142_fault_locations.csv (already processed)
Skipping Partial_Least_Squares_PLS_v2_619309_fault_locations.csv (already processed)
Skipping Partial_Least_Squares_PLS_v4_504606_fault_locations.csv (already processed)
Skipping Partial_Least_Squares_PLS_v8_73769_fault_locations.csv (already processed)
Skipping Particle_Mesh_Method_v4_466372_fault_locations.csv (already processed)
Skipping Particle_Particle_Particle_Mesh_v10_791879_fault_locations.csv (already processed)
Skipping Particle_Swarm_Optimization_v2_625088_fault_locations.csv (already processed)
Skipping Particle_Swarm_Optimization_v4_466113_fault_locations.csv (already processed)
Skipping Particle_Swarm_Optimization_v5_1131628_fault_locations.csv (already processed)
Skipping Particle_Swarm_Optimization_v7_3941142_fault_locations.csv (already processed)
Skipping Passive_Aggressive_Classifier_v10_826679_fault_locations.csv (already processed)
Skipping Path_Augmentation_BFS_v10_818916_fault_locations.csv (already processed)
Skipping Path_Augmentation_BFS_v1_4189016_fault_locations.csv (already processed)
Skipping Path_Augmentation_BFS_v2_573724_fault_locations.csv (already processed)
Skipping Path_Augmentation_BFS_v3_3796232_fault_locations.csv (already processed)
Skipping Path_Augmentation_BFS_v5_1018376_fault_locations.csv (already processed)
Skipping Path_Augmentation_BFS_v6_227311_fault_locations.csv (already processed)
Skipping Path_Augmentation_BFS_v9_925491_fault_locations.csv (already processed)
Skipping Path_Augmentation_DFS_v10_802937_fault_locations.csv (already processed)
Skipping Path_Augmentation_DFS_v1_4128134_fault_locations.csv (already processed)
Skipping Path_Augmentation_DFS_v2_658249_fault_locations.csv (already processed)
Skipping Path_Augmentation_DFS_v5_1079826_fault_locations.csv (already processed)
Skipping Path_Augmentation_DFS_v6_225685_fault_locations.csv (already processed)
Skipping Path_Augmentation_DFS_v7_4084238_fault_locations.csv (already processed)
Skipping Path_Augmentation_DFS_v8_104584_fault_locations.csv (already processed)
Skipping Path_Augmentation_DFS_v9_885155_fault_locations.csv (already processed)
Skipping Path_Based_SCC_Algorithm_v1_4181418_fault_locations.csv (already processed)
Skipping Path_Based_SCC_Algorithm_v2_567872_fault_locations.csv (already processed)
Skipping Path_Based_SCC_Algorithm_v3_3797177_fault_locations.csv (already processed)
Skipping Path_Based_SCC_Algorithm_v4_502902_fault_locations.csv (already processed)
Skipping Path_Based_SCC_Algorithm_v7_3963916_fault_locations.csv (already processed)
Skipping Path_Based_SCC_Algorithm_v8_120246_fault_locations.csv (already processed)
Skipping Path_Based_SCC_Algorithm_v9_881124_fault_locations.csv (already processed)
Skipping Path_Compression_v1_4127856_fault_locations.csv (already processed)
Skipping Path_Compression_v2_618538_fault_locations.csv (already processed)
Skipping Path_Compression_v3_3788685_fault_locations.csv (already processed)
Skipping Path_Compression_v4_402845_fault_locations.csv (already processed)
Skipping Path_Compression_v5_1005433_fault_locations.csv (already processed)
Skipping Path_Compression_v6_236068_fault_locations.csv (already processed)
Skipping Path_Compression_v7_4040648_fault_locations.csv (already processed)
Skipping Path_Compression_v8_100242_fault_locations.csv (already processed)
Skipping Path_Compression_v9_877479_fault_locations.csv (already processed)
Skipping Path_Counting_in_DAG_v10_744438_fault_locations.csv (already processed)
Skipping Path_Counting_in_DAG_v1_17841_fault_locations.csv (already processed)
Skipping Path_Counting_in_DAG_v2_636852_fault_locations.csv (already processed)
Skipping Path_Counting_in_DAG_v3_3859641_fault_locations.csv (already processed)
Skipping Path_Counting_in_DAG_v5_1108588_fault_locations.csv (already processed)
Skipping Path_Counting_in_DAG_v6_216982_fault_locations.csv (already processed)
Skipping Path_Counting_in_DAG_v7_4044439_fault_locations.csv (already processed)
Skipping Path_Counting_in_DAG_v8_93459_fault_locations.csv (already processed)
Skipping Path_Counting_in_DAG_v9_892659_fault_locations.csv (already processed)
Skipping Path_Decomposition_v10_778681_fault_locations.csv (already processed)
Skipping Path_Decomposition_v1_4129477_fault_locations.csv (already processed)
Skipping Path_Decomposition_v2_663317_fault_locations.csv (already processed)
Skipping Path_Decomposition_v4_511352_fault_locations.csv (already processed)
Skipping Path_Decomposition_v5_1122855_fault_locations.csv (already processed)
Skipping Path_Decomposition_v6_360200_fault_locations.csv (already processed)
Skipping Path_Decomposition_v7_4012992_fault_locations.csv (already processed)
Skipping Path_Decomposition_v9_934826_fault_locations.csv (already processed)
Skipping Path_Smoothing_v10_774257_fault_locations.csv (already processed)
Skipping Path_Smoothing_v1_36016_fault_locations.csv (already processed)
Skipping Path_Smoothing_v2_534792_fault_locations.csv (already processed)
Skipping Path_Smoothing_v4_417441_fault_locations.csv (already processed)
Skipping Path_Smoothing_v5_996289_fault_locations.csv (already processed)
Skipping Path_Smoothing_v6_238342_fault_locations.csv (already processed)
Skipping Path_Smoothing_v7_4002147_fault_locations.csv (already processed)
Skipping Path_Smoothing_v8_62701_fault_locations.csv (already processed)
Skipping Pearson_Correlation_Algorithm_v5_1026134_fault_locations.csv (already processed)
Skipping Pearson_Correlation_Algorithm_v7_3969109_fault_locations.csv (already processed)
Skipping PEFT_Parameter_Efficient_Fine_Tuning_v10_729796_fault_locations.csv (already processed)
Skipping PEFT_Parameter_Efficient_Fine_Tuning_v1_8743_fault_locations.csv (already processed)
Skipping PEFT_Parameter_Efficient_Fine_Tuning_v3_3845672_fault_locations.csv (already processed)
Skipping PEFT_Parameter_Efficient_Fine_Tuning_v4_433424_fault_locations.csv (already processed)
Skipping PEFT_Parameter_Efficient_Fine_Tuning_v5_1097692_fault_locations.csv (already processed)
Skipping PEFT_Parameter_Efficient_Fine_Tuning_v7_3962240_fault_locations.csv (already processed)
Skipping PEFT_Parameter_Efficient_Fine_Tuning_v8_127729_fault_locations.csv (already processed)
Skipping PEFT_Parameter_Efficient_Fine_Tuning_v9_955583_fault_locations.csv (already processed)
Skipping Perceiver_IO_v7_3949452_fault_locations.csv (already processed)
Skipping Perceiver_IO_v8_130351_fault_locations.csv (already processed)
Skipping Perceiver_v2_652104_fault_locations.csv (already processed)
Skipping Perceiver_v3_3858577_fault_locations.csv (already processed)
Skipping Perceiver_v5_1131659_fault_locations.csv (already processed)
Skipping Perceiver_v8_87456_fault_locations.csv (already processed)
Skipping Perceptron_Classifier_v5_1128969_fault_locations.csv (already processed)
Skipping Perceptron_Classifier_v9_894221_fault_locations.csv (already processed)
Skipping Perceptron_v5_1105955_fault_locations.csv (already processed)
Skipping Percolation_Threshold_Estimation_v10_765081_fault_locations.csv (already processed)
Skipping Percolation_Threshold_Estimation_v1_4155150_fault_locations.csv (already processed)
Skipping Percolation_Threshold_Estimation_v2_615963_fault_locations.csv (already processed)
Skipping Percolation_Threshold_Estimation_v4_425975_fault_locations.csv (already processed)
Skipping Percolation_Threshold_Estimation_v5_1085506_fault_locations.csv (already processed)
Skipping Percolation_Threshold_Estimation_v7_3933888_fault_locations.csv (already processed)
Skipping Percolation_Threshold_Estimation_v8_122470_fault_locations.csv (already processed)
Skipping Percolation_Threshold_Estimation_v9_937458_fault_locations.csv (already processed)
Skipping Perfect_Elimination_Ordering_v10_799089_fault_locations.csv (already processed)
Skipping Perfect_Elimination_Ordering_v1_23746_fault_locations.csv (already processed)
Skipping Perfect_Elimination_Ordering_v2_669295_fault_locations.csv (already processed)
Skipping Perfect_Elimination_Ordering_v3_3856567_fault_locations.csv (already processed)
Skipping Perfect_Elimination_Ordering_v4_444082_fault_locations.csv (already processed)
Skipping Perfect_Elimination_Ordering_v5_1090819_fault_locations.csv (already processed)
Skipping Perfect_Elimination_Ordering_v6_214928_fault_locations.csv (already processed)
Skipping Perfect_Elimination_Ordering_v7_4054721_fault_locations.csv (already processed)
Skipping Perfect_Elimination_Ordering_v8_66376_fault_locations.csv (already processed)
Skipping Perfect_Elimination_Ordering_v9_924928_fault_locations.csv (already processed)
Skipping Perpendicular_Vector_v10_746231_fault_locations.csv (already processed)
Skipping Perpendicular_Vector_v1_4147706_fault_locations.csv (already processed)
Skipping Perpendicular_Vector_v3_3805020_fault_locations.csv (already processed)
Skipping Perpendicular_Vector_v4_408993_fault_locations.csv (already processed)
Skipping Perpendicular_Vector_v5_1017695_fault_locations.csv (already processed)
Skipping Perpendicular_Vector_v6_270425_fault_locations.csv (already processed)
Skipping Perpendicular_Vector_v7_3940453_fault_locations.csv (already processed)
Skipping Perpendicular_Vector_v8_148442_fault_locations.csv (already processed)
Skipping Perpendicular_Vector_v9_954230_fault_locations.csv (already processed)
Skipping Personalized_PageRank_v1_36465_fault_locations.csv (already processed)
Skipping Personalized_PageRank_v2_655229_fault_locations.csv (already processed)
Skipping Personalized_PageRank_v4_428022_fault_locations.csv (already processed)
Skipping Personalized_PageRank_v6_327823_fault_locations.csv (already processed)
Skipping Personalized_PageRank_v7_4011788_fault_locations.csv (already processed)
Skipping Personalized_PageRank_v8_86602_fault_locations.csv (already processed)
Skipping Personalized_PageRank_v9_855200_fault_locations.csv (already processed)
Skipping Perspective_Projection_v10_685403_fault_locations.csv (already processed)
Skipping Perspective_Projection_v2_622563_fault_locations.csv (already processed)
Skipping Perspective_Projection_v3_3857469_fault_locations.csv (already processed)
Skipping Perspective_Projection_v4_438415_fault_locations.csv (already processed)
Skipping Perspective_Projection_v5_1014134_fault_locations.csv (already processed)
Skipping Perspective_Projection_v6_322389_fault_locations.csv (already processed)
Skipping Perspective_Projection_v7_4042525_fault_locations.csv (already processed)
Skipping Perspective_Projection_v8_66265_fault_locations.csv (already processed)
Skipping Perspective_Projection_v9_972781_fault_locations.csv (already processed)
Skipping PID_Numerical_Tuning_v10_798537_fault_locations.csv (already processed)
Skipping PID_Numerical_Tuning_v2_634362_fault_locations.csv (already processed)
Skipping PID_Numerical_Tuning_v3_3814341_fault_locations.csv (already processed)
Skipping PID_Numerical_Tuning_v4_417369_fault_locations.csv (already processed)
Skipping PID_Numerical_Tuning_v5_1081059_fault_locations.csv (already processed)
Skipping PID_Numerical_Tuning_v6_218483_fault_locations.csv (already processed)
Skipping PID_Numerical_Tuning_v8_170124_fault_locations.csv (already processed)
Skipping Pisano_Period_Computation_v10_785309_fault_locations.csv (already processed)
Skipping Pisano_Period_Computation_v1_38639_fault_locations.csv (already processed)
Skipping Pisano_Period_Computation_v2_643685_fault_locations.csv (already processed)
Skipping Pisano_Period_Computation_v3_3928998_fault_locations.csv (already processed)
Skipping Pisano_Period_Computation_v4_478191_fault_locations.csv (already processed)
Skipping Pisano_Period_Computation_v5_1123536_fault_locations.csv (already processed)
Skipping Pisano_Period_Computation_v6_260334_fault_locations.csv (already processed)
Skipping Pisano_Period_Computation_v7_4045478_fault_locations.csv (already processed)
Skipping Pisano_Period_Computation_v8_199290_fault_locations.csv (already processed)
Skipping Pisano_Period_Computation_v9_920354_fault_locations.csv (already processed)
Skipping PISO_Algorithm_v10_765121_fault_locations.csv (already processed)
Skipping PISO_Algorithm_v1_4142050_fault_locations.csv (already processed)
Skipping PISO_Algorithm_v2_663404_fault_locations.csv (already processed)
Skipping PISO_Algorithm_v3_3803373_fault_locations.csv (already processed)
Skipping PISO_Algorithm_v5_992189_fault_locations.csv (already processed)
Skipping PISO_Algorithm_v8_69871_fault_locations.csv (already processed)
Skipping PISO_Algorithm_v9_952340_fault_locations.csv (already processed)
Skipping Pix2Pix_v1_4109033_fault_locations.csv (already processed)
Skipping Pix2Pix_v5_1077629_fault_locations.csv (already processed)
Skipping Pix2Pix_v7_3988995_fault_locations.csv (already processed)
Skipping Planar_Face_Detection_v1_4124541_fault_locations.csv (already processed)
Skipping Planar_Face_Detection_v2_629817_fault_locations.csv (already processed)
Skipping Planar_Face_Detection_v4_409690_fault_locations.csv (already processed)
Skipping Planar_Face_Detection_v5_1026164_fault_locations.csv (already processed)
Skipping Planar_Face_Detection_v6_326273_fault_locations.csv (already processed)
Skipping Planar_Face_Detection_v7_4080398_fault_locations.csv (already processed)
Skipping Planar_Face_Detection_v8_195475_fault_locations.csv (already processed)
Skipping Planar_Face_Detection_v9_974297_fault_locations.csv (already processed)
Skipping Planar_Graph_Dual_Construction_v1_4171461_fault_locations.csv (already processed)
Skipping Planar_Graph_Dual_Construction_v3_3924043_fault_locations.csv (already processed)
Skipping Planar_Graph_Dual_Construction_v4_494703_fault_locations.csv (already processed)
Skipping Planar_Graph_Dual_Construction_v5_1089947_fault_locations.csv (already processed)
Skipping Planar_Graph_Dual_Construction_v6_330876_fault_locations.csv (already processed)
Skipping Planar_Graph_Dual_Construction_v7_4019843_fault_locations.csv (already processed)
Skipping Planar_Graph_Dual_Construction_v8_176619_fault_locations.csv (already processed)
Skipping Planar_Graph_Dual_Construction_v9_972534_fault_locations.csv (already processed)
Skipping Planar_Graph_Embedding_v2_599054_fault_locations.csv (already processed)
Skipping Planar_Graph_Embedding_v3_3897782_fault_locations.csv (already processed)
Skipping Planar_Graph_Embedding_v6_261225_fault_locations.csv (already processed)
Skipping Planar_Graph_Embedding_v8_93868_fault_locations.csv (already processed)
Skipping Planar_Graph_Embedding_v9_899815_fault_locations.csv (already processed)
Skipping Planar_Graph_Shortest_Path_v10_819141_fault_locations.csv (already processed)
Skipping Planar_Graph_Shortest_Path_v2_603951_fault_locations.csv (already processed)
Skipping Planar_Graph_Shortest_Path_v3_3829224_fault_locations.csv (already processed)
Skipping Planar_Graph_Shortest_Path_v5_1077993_fault_locations.csv (already processed)
Skipping Planar_Graph_Shortest_Path_v6_322318_fault_locations.csv (already processed)
Skipping Planar_Graph_Shortest_Path_v7_4042503_fault_locations.csv (already processed)
Skipping Planar_Graph_Shortest_Path_v9_947601_fault_locations.csv (already processed)
Skipping Planarity_Test_Kuratowski_Subgraph_Check_v10_701136_fault_locations.csv (already processed)
Skipping Planarity_Test_Kuratowski_Subgraph_Check_v1_37537_fault_locations.csv (already processed)
Skipping Planarity_Test_Kuratowski_Subgraph_Check_v2_561517_fault_locations.csv (already processed)
Skipping Planarity_Test_Kuratowski_Subgraph_Check_v3_3868879_fault_locations.csv (already processed)
Skipping Planarity_Test_Kuratowski_Subgraph_Check_v4_418045_fault_locations.csv (already processed)
Skipping Planarity_Test_Kuratowski_Subgraph_Check_v6_220934_fault_locations.csv (already processed)
Skipping Planar_Separator_Theorem_Application_v10_786947_fault_locations.csv (already processed)
Skipping Planar_Separator_Theorem_Application_v4_518496_fault_locations.csv (already processed)
Skipping Planar_Separator_Theorem_Application_v5_1031128_fault_locations.csv (already processed)
Skipping Planar_Separator_Theorem_Application_v6_273239_fault_locations.csv (already processed)
Skipping Planar_Separator_Theorem_Application_v7_3974553_fault_locations.csv (already processed)
Skipping Planar_Separator_Theorem_Application_v8_153267_fault_locations.csv (already processed)
Skipping Planar_Separator_Theorem_Application_v9_869266_fault_locations.csv (already processed)
Skipping Pocklington_Primality_Test_v10_734110_fault_locations.csv (already processed)
Skipping Pocklington_Primality_Test_v1_4118251_fault_locations.csv (already processed)
Skipping Pocklington_Primality_Test_v3_3811347_fault_locations.csv (already processed)
Skipping Pocklington_Primality_Test_v5_982614_fault_locations.csv (already processed)
Skipping Pocklington_Primality_Test_v6_297418_fault_locations.csv (already processed)
Skipping Pocklington_Primality_Test_v7_3975091_fault_locations.csv (already processed)
Skipping Pocklington_Primality_Test_v8_73731_fault_locations.csv (already processed)
Skipping Pocklington_Primality_Test_v9_912506_fault_locations.csv (already processed)
Skipping Pohlig_Hellman_Algorithm_v10_686215_fault_locations.csv (already processed)
Skipping Pohlig_Hellman_Algorithm_v1_10579_fault_locations.csv (already processed)
Skipping Pohlig_Hellman_Algorithm_v3_3867482_fault_locations.csv (already processed)
Skipping Pohlig_Hellman_Algorithm_v4_399096_fault_locations.csv (already processed)
Skipping Pohlig_Hellman_Algorithm_v5_1052851_fault_locations.csv (already processed)
Skipping Pohlig_Hellman_Algorithm_v7_4064836_fault_locations.csv (already processed)
Skipping Pohlig_Hellman_Algorithm_v8_121883_fault_locations.csv (already processed)
Skipping Pohlig_Hellman_Algorithm_v9_862351_fault_locations.csv (already processed)
Skipping Pohlig_Hellman_Reduction_v10_715685_fault_locations.csv (already processed)
Skipping Pohlig_Hellman_Reduction_v1_4267_fault_locations.csv (already processed)
Skipping Pohlig_Hellman_Reduction_v2_615800_fault_locations.csv (already processed)
Skipping Pohlig_Hellman_Reduction_v3_3799720_fault_locations.csv (already processed)
Skipping Pohlig_Hellman_Reduction_v5_1099778_fault_locations.csv (already processed)
Skipping Pohlig_Hellman_Reduction_v6_368518_fault_locations.csv (already processed)
Skipping Pohlig_Hellman_Reduction_v7_4004582_fault_locations.csv (already processed)
Skipping Pohlig_Hellman_Reduction_v9_861216_fault_locations.csv (already processed)
Skipping Point_Cloud_Downsampling_v10_815001_fault_locations.csv (already processed)
Skipping Point_Cloud_Downsampling_v2_608521_fault_locations.csv (already processed)
Skipping Point_Cloud_Downsampling_v3_3813804_fault_locations.csv (already processed)
Skipping Point_Cloud_Downsampling_v5_992936_fault_locations.csv (already processed)
Skipping Point_Distance_2D_v9_946309_fault_locations.csv (already processed)
Skipping Point_in_Polygon_Ray_Casting_v1_43984_fault_locations.csv (already processed)
Skipping Point_in_Polygon_Ray_Casting_v2_672895_fault_locations.csv (already processed)
Skipping Point_in_Polygon_Ray_Casting_v3_3787168_fault_locations.csv (already processed)
Skipping Point_in_Polygon_Ray_Casting_v4_416358_fault_locations.csv (already processed)
Skipping Point_in_Polygon_Ray_Casting_v5_1054934_fault_locations.csv (already processed)
Skipping Point_in_Polygon_Ray_Casting_v6_313545_fault_locations.csv (already processed)
Skipping Point_in_Polygon_Ray_Casting_v7_3940194_fault_locations.csv (already processed)
Skipping Point_in_Polygon_Ray_Casting_v8_193279_fault_locations.csv (already processed)
Skipping Point_in_Polygon_Winding_Number_v1_32242_fault_locations.csv (already processed)
Skipping Point_in_Polygon_Winding_Number_v7_4020550_fault_locations.csv (already processed)
Skipping Point_in_Triangle_v3_3822092_fault_locations.csv (already processed)
Skipping Point_in_Triangle_v5_990167_fault_locations.csv (already processed)
Skipping Point_in_Triangle_v6_254478_fault_locations.csv (already processed)
Skipping Point_in_Triangle_v7_4030787_fault_locations.csv (already processed)
Skipping Point_in_Triangle_v9_833683_fault_locations.csv (already processed)
Skipping Point_on_Line_Test_v10_726950_fault_locations.csv (already processed)
Skipping Point_on_Line_Test_v1_4188680_fault_locations.csv (already processed)
Skipping Point_on_Line_Test_v3_3928535_fault_locations.csv (already processed)
Skipping Point_on_Line_Test_v4_445836_fault_locations.csv (already processed)
Skipping Point_on_Line_Test_v5_1105755_fault_locations.csv (already processed)
Skipping Point_on_Line_Test_v6_353795_fault_locations.csv (already processed)
Skipping Point_on_Line_Test_v8_73472_fault_locations.csv (already processed)
Skipping Point_on_Line_Test_v9_907354_fault_locations.csv (already processed)
Skipping Point_on_Segment_Test_v10_722843_fault_locations.csv (already processed)
Skipping Point_on_Segment_Test_v1_4131272_fault_locations.csv (already processed)
Skipping Point_on_Segment_Test_v3_3830179_fault_locations.csv (already processed)
Skipping Point_on_Segment_Test_v4_454447_fault_locations.csv (already processed)
Skipping Point_on_Segment_Test_v5_1047144_fault_locations.csv (already processed)
Skipping Point_on_Segment_Test_v7_4016990_fault_locations.csv (already processed)
Skipping Point_on_Segment_Test_v8_78418_fault_locations.csv (already processed)
Skipping Point_on_Segment_Test_v9_836117_fault_locations.csv (already processed)
Skipping Point_Reflection_v10_769260_fault_locations.csv (already processed)
Skipping Point_Reflection_v2_557886_fault_locations.csv (already processed)
Skipping Point_Reflection_v3_3874946_fault_locations.csv (already processed)
Skipping Point_Reflection_v5_1038221_fault_locations.csv (already processed)
Skipping Point_Reflection_v6_251197_fault_locations.csv (already processed)
Skipping Point_Reflection_v7_4041533_fault_locations.csv (already processed)
Skipping Point_Reflection_v8_186144_fault_locations.csv (already processed)
Skipping Point_Reflection_v9_877047_fault_locations.csv (already processed)
Skipping Point_Rotation_2D_v10_695978_fault_locations.csv (already processed)
Skipping Point_Rotation_2D_v2_641892_fault_locations.csv (already processed)
Skipping Point_Rotation_2D_v3_3815001_fault_locations.csv (already processed)
Skipping Point_Rotation_2D_v5_1068269_fault_locations.csv (already processed)
Skipping Point_Rotation_2D_v6_221479_fault_locations.csv (already processed)
Skipping Point_Rotation_2D_v7_3941704_fault_locations.csv (already processed)
Skipping Point_Rotation_2D_v8_97516_fault_locations.csv (already processed)
Skipping Point_Rotation_3D_v2_550543_fault_locations.csv (already processed)
Skipping Point_Rotation_3D_v3_3897988_fault_locations.csv (already processed)
Skipping Point_Rotation_3D_v4_421086_fault_locations.csv (already processed)
Skipping Point_Rotation_3D_v6_261134_fault_locations.csv (already processed)
Skipping Point_Rotation_3D_v7_4031857_fault_locations.csv (already processed)
Skipping Point_Set_Registration_v10_758433_fault_locations.csv (already processed)
Skipping Point_Set_Registration_v2_570168_fault_locations.csv (already processed)
Skipping Point_Set_Registration_v6_252195_fault_locations.csv (already processed)
Skipping Point_Set_Registration_v7_4075533_fault_locations.csv (already processed)
Skipping Point_Set_Registration_v9_882301_fault_locations.csv (already processed)
Skipping Point_Translation_v10_717324_fault_locations.csv (already processed)
Skipping Point_Translation_v1_4152523_fault_locations.csv (already processed)
Skipping Point_Translation_v2_638177_fault_locations.csv (already processed)
Skipping Point_Translation_v3_3912489_fault_locations.csv (already processed)
Skipping Point_Translation_v4_489115_fault_locations.csv (already processed)
Skipping Point_Translation_v5_1118310_fault_locations.csv (already processed)
Skipping Point_Translation_v6_293209_fault_locations.csv (already processed)
Skipping Point_Translation_v7_4076204_fault_locations.csv (already processed)
Skipping Point_Translation_v8_179772_fault_locations.csv (already processed)
Skipping Point_Translation_v9_972771_fault_locations.csv (already processed)
Skipping Poisson_Disk_Sampling_v1_4098388_fault_locations.csv (already processed)
Skipping Poisson_Disk_Sampling_v6_353631_fault_locations.csv (already processed)
Skipping Poisson_Equation_Solver_v1_39405_fault_locations.csv (already processed)
Skipping Poisson_Equation_Solver_v2_676298_fault_locations.csv (already processed)
Skipping Poisson_Equation_Solver_v3_3813024_fault_locations.csv (already processed)
Skipping Poisson_Equation_Solver_v9_834616_fault_locations.csv (already processed)
Skipping Pollard’s_p−1_Algorithm_v10_789470_fault_locations.csv (already processed)
Skipping Pollard’s_p−1_Algorithm_v1_5859_fault_locations.csv (already processed)
Skipping Pollard’s_p−1_Algorithm_v2_539020_fault_locations.csv (already processed)
Skipping Pollard’s_p−1_Algorithm_v3_3914730_fault_locations.csv (already processed)
Skipping Pollard’s_p−1_Algorithm_v4_411420_fault_locations.csv (already processed)
Skipping Pollard’s_p−1_Algorithm_v5_1027876_fault_locations.csv (already processed)
Skipping Pollard’s_p−1_Algorithm_v6_255962_fault_locations.csv (already processed)
Skipping Pollard’s_p−1_Algorithm_v8_134460_fault_locations.csv (already processed)
Skipping Pollard’s_p−1_Algorithm_v9_879129_fault_locations.csv (already processed)
Skipping Pollard’s_Rho_Algorithm_for_Discrete_Logarithm_v10_701060_fault_locations.csv (already processed)
Skipping Pollard’s_Rho_Algorithm_for_Discrete_Logarithm_v1_4105496_fault_locations.csv (already processed)
Skipping Pollard’s_Rho_Algorithm_for_Discrete_Logarithm_v2_632215_fault_locations.csv (already processed)
Skipping Pollard’s_Rho_Algorithm_for_Discrete_Logarithm_v3_3798627_fault_locations.csv (already processed)
Skipping Pollard’s_Rho_Algorithm_for_Discrete_Logarithm_v4_430249_fault_locations.csv (already processed)
Skipping Pollard’s_Rho_Algorithm_for_Discrete_Logarithm_v5_983131_fault_locations.csv (already processed)
Skipping Pollard’s_Rho_Algorithm_for_Discrete_Logarithm_v6_213720_fault_locations.csv (already processed)
Skipping Pollard’s_Rho_Algorithm_for_Discrete_Logarithm_v7_3964805_fault_locations.csv (already processed)
Skipping Pollard’s_Rho_Algorithm_for_Discrete_Logarithm_v8_137213_fault_locations.csv (already processed)
Skipping Pollard’s_Rho_Algorithm_for_Discrete_Logarithm_v9_836977_fault_locations.csv (already processed)
Skipping Pollard’s_Rho_Algorithm_for_Factorization_v2_592975_fault_locations.csv (already processed)
Skipping Pollard’s_Rho_Algorithm_for_Factorization_v4_471419_fault_locations.csv (already processed)
Skipping Pollard’s_Rho_Algorithm_for_Factorization_v6_211094_fault_locations.csv (already processed)
Skipping Pollard’s_Rho_Algorithm_for_Factorization_v9_849553_fault_locations.csv (already processed)
Skipping Polygon_Area_Shoelace_v10_739083_fault_locations.csv (already processed)
Skipping Polygon_Area_Shoelace_v3_3808041_fault_locations.csv (already processed)
Skipping Polygon_Area_Shoelace_v5_1013896_fault_locations.csv (already processed)
Skipping Polygon_Area_Shoelace_v6_272410_fault_locations.csv (already processed)
Skipping Polygon_Area_Shoelace_v7_3967337_fault_locations.csv (already processed)
Skipping Polygon_Arrangement_v10_758314_fault_locations.csv (already processed)
Skipping Polygon_Arrangement_v1_4100859_fault_locations.csv (already processed)
Skipping Polygon_Arrangement_v2_594768_fault_locations.csv (already processed)
Skipping Polygon_Arrangement_v3_3874796_fault_locations.csv (already processed)
Skipping Polygon_Arrangement_v4_428410_fault_locations.csv (already processed)
Skipping Polygon_Arrangement_v7_3978965_fault_locations.csv (already processed)
Skipping Polygon_Arrangement_v9_908086_fault_locations.csv (already processed)
Skipping Polygon_Boolean_Complex_v10_761378_fault_locations.csv (already processed)
Skipping Polygon_Boolean_Complex_v5_1125957_fault_locations.csv (already processed)
Skipping Polygon_Boolean_Large_v4_401500_fault_locations.csv (already processed)
Skipping Polygon_Boolean_Large_v9_903807_fault_locations.csv (already processed)
Skipping Polygon_Boolean_Small_v7_4069343_fault_locations.csv (already processed)
Skipping Polygon_Boolean_Small_v8_188313_fault_locations.csv (already processed)
Skipping Polygon_Convexity_Check_v10_694011_fault_locations.csv (already processed)
Skipping Polygon_Convexity_Check_v1_4098204_fault_locations.csv (already processed)
Skipping Polygon_Convexity_Check_v2_641946_fault_locations.csv (already processed)
Skipping Polygon_Convexity_Check_v3_3912291_fault_locations.csv (already processed)
Skipping Polygon_Convexity_Check_v4_386231_fault_locations.csv (already processed)
Skipping Polygon_Convexity_Check_v5_1049823_fault_locations.csv (already processed)
Skipping Polygon_Convexity_Check_v6_321781_fault_locations.csv (already processed)
Skipping Polygon_Convexity_Check_v7_4017503_fault_locations.csv (already processed)
Skipping Polygon_Convexity_Check_v8_89864_fault_locations.csv (already processed)
Skipping Polygon_Convexity_Check_v9_950126_fault_locations.csv (already processed)
Skipping Polygon_Intersection_m=10,n=10_v1_4131759_fault_locations.csv (already processed)
Skipping Polygon_Intersection_m=10,n=10_v9_926448_fault_locations.csv (already processed)
Skipping Polygon_Intersection_m=50,n=50_v1_46170_fault_locations.csv (already processed)
Skipping Polygon_Intersection_m=50,n=50_v8_123642_fault_locations.csv (already processed)
Skipping Polygon_Intersection_v10_712512_fault_locations.csv (already processed)
Skipping Polygon_Intersection_v3_3781939_fault_locations.csv (already processed)
Skipping Polygon_Intersection_v4_503185_fault_locations.csv (already processed)
Skipping Polygon_Self_Intersection_Test_v10_699999_fault_locations.csv (already processed)
Skipping Polygon_Self_Intersection_Test_v1_4174421_fault_locations.csv (already processed)
Skipping Polygon_Self_Intersection_Test_v2_644654_fault_locations.csv (already processed)
Skipping Polygon_Self_Intersection_Test_v3_3922386_fault_locations.csv (already processed)
Skipping Polygon_Self_Intersection_Test_v4_465273_fault_locations.csv (already processed)
Skipping Polygon_Self_Intersection_Test_v6_221374_fault_locations.csv (already processed)
Skipping Polygon_Self_Intersection_Test_v8_189377_fault_locations.csv (already processed)
Skipping Polygon_Simplicity_Check_v10_693949_fault_locations.csv (already processed)
Skipping Polygon_Simplicity_Check_v1_4090121_fault_locations.csv (already processed)
Skipping Polygon_Simplicity_Check_v2_625380_fault_locations.csv (already processed)
Skipping Polygon_Simplicity_Check_v4_414755_fault_locations.csv (already processed)
Skipping Polygon_Simplicity_Check_v5_992164_fault_locations.csv (already processed)
Skipping Polygon_Simplicity_Check_v6_320272_fault_locations.csv (already processed)
Skipping Polygon_Simplicity_Check_v7_4019290_fault_locations.csv (already processed)
Skipping Polygon_Simplicity_Check_v8_196730_fault_locations.csv (already processed)
Skipping Polynomial_Addition_v10_819701_fault_locations.csv (already processed)
Skipping Polynomial_Addition_v1_27154_fault_locations.csv (already processed)
Skipping Polynomial_Addition_v2_614907_fault_locations.csv (already processed)
Skipping Polynomial_Addition_v3_3831547_fault_locations.csv (already processed)
Skipping Polynomial_Addition_v4_500885_fault_locations.csv (already processed)
Skipping Polynomial_Addition_v5_980608_fault_locations.csv (already processed)
Skipping Polynomial_Addition_v6_312215_fault_locations.csv (already processed)
Skipping Polynomial_Addition_v7_4038660_fault_locations.csv (already processed)
Skipping Polynomial_Addition_v8_206887_fault_locations.csv (already processed)
Skipping Polynomial_Addition_v9_925565_fault_locations.csv (already processed)
Skipping Polynomial_Division_v10_773634_fault_locations.csv (already processed)
Skipping Polynomial_Division_v3_3790722_fault_locations.csv (already processed)
Skipping Polynomial_Division_v7_4027040_fault_locations.csv (already processed)
Skipping Polynomial_Division_v8_78919_fault_locations.csv (already processed)
Skipping Polynomial_Evaluation_Horner’s_Method_v10_826510_fault_locations.csv (already processed)
Skipping Polynomial_Evaluation_Horner’s_Method_v1_2924_fault_locations.csv (already processed)
Skipping Polynomial_Evaluation_Horner’s_Method_v3_3837235_fault_locations.csv (already processed)
Skipping Polynomial_Evaluation_Horner’s_Method_v4_421062_fault_locations.csv (already processed)
Skipping Polynomial_Evaluation_Horner’s_Method_v6_355102_fault_locations.csv (already processed)
Skipping Polynomial_Evaluation_Horner’s_Method_v7_4069362_fault_locations.csv (already processed)
Skipping Polynomial_Evaluation_Horner’s_Method_v8_120281_fault_locations.csv (already processed)
Skipping Polynomial_Evaluation_Horner’s_Method_v9_832448_fault_locations.csv (already processed)
Skipping Polynomial_Interpolation_Lagrange_v10_774597_fault_locations.csv (already processed)
Skipping Polynomial_Interpolation_Lagrange_v1_4188290_fault_locations.csv (already processed)
Skipping Polynomial_Interpolation_Lagrange_v2_605930_fault_locations.csv (already processed)
Skipping Polynomial_Interpolation_Lagrange_v4_515908_fault_locations.csv (already processed)
Skipping Polynomial_Interpolation_Lagrange_v5_979742_fault_locations.csv (already processed)
Skipping Polynomial_Interpolation_Lagrange_v6_231919_fault_locations.csv (already processed)
Skipping Polynomial_Interpolation_Lagrange_v7_3967308_fault_locations.csv (already processed)
Skipping Polynomial_Interpolation_Lagrange_v8_146213_fault_locations.csv (already processed)
Skipping Polynomial_Multiplication_FFT_v10_760680_fault_locations.csv (already processed)
Skipping Polynomial_Multiplication_FFT_v4_519695_fault_locations.csv (already processed)
Skipping Polynomial_Multiplication_FFT_v7_3955917_fault_locations.csv (already processed)
Skipping Polynomial_Multiplication_FFT_v9_956108_fault_locations.csv (already processed)
Skipping Polynomial_Multiplication_Karatsuba_v1_4127018_fault_locations.csv (already processed)
Skipping Polynomial_Multiplication_Karatsuba_v2_591567_fault_locations.csv (already processed)
Skipping Polynomial_Multiplication_Karatsuba_v3_3859593_fault_locations.csv (already processed)
Skipping Polynomial_Multiplication_Karatsuba_v5_997133_fault_locations.csv (already processed)
Skipping Polynomial_Multiplication_Karatsuba_v8_147909_fault_locations.csv (already processed)
Skipping Polynomial_Multiplication_Karatsuba_v9_898271_fault_locations.csv (already processed)
Skipping Polynomial_Multiplication_Naive_v10_739705_fault_locations.csv (already processed)
Skipping Polynomial_Multiplication_Naive_v1_33333_fault_locations.csv (already processed)
Skipping Polynomial_Multiplication_Naive_v2_638594_fault_locations.csv (already processed)
Skipping Polynomial_Multiplication_Naive_v3_3919892_fault_locations.csv (already processed)
Skipping Polynomial_Multiplication_Naive_v4_423107_fault_locations.csv (already processed)
Skipping Polynomial_Multiplication_Naive_v5_1119382_fault_locations.csv (already processed)
Skipping Polynomial_Multiplication_Naive_v6_328065_fault_locations.csv (already processed)
Skipping Polynomial_Multiplication_Naive_v7_4012594_fault_locations.csv (already processed)
Skipping Polynomial_Multiplication_Naive_v8_79288_fault_locations.csv (already processed)
Skipping Polynomial_Multiplication_Naive_v9_861752_fault_locations.csv (already processed)
Skipping Polynomial_Regression_Model_v10_760454_fault_locations.csv (already processed)
Skipping Polynomial_Regression_Model_v1_4191266_fault_locations.csv (already processed)
Skipping Polynomial_Regression_Model_v2_535189_fault_locations.csv (already processed)
Skipping Polynomial_Regression_Model_v4_460185_fault_locations.csv (already processed)
Skipping Polynomial_Regression_Model_v5_1113779_fault_locations.csv (already processed)
Skipping Polynomial_Regression_Model_v6_282046_fault_locations.csv (already processed)
Skipping Polynomial_Regression_Model_v7_4076789_fault_locations.csv (already processed)
Skipping Polynomial_Regression_Model_v8_186611_fault_locations.csv (already processed)
Skipping Polynomial_Regression_Model_v9_888215_fault_locations.csv (already processed)
Skipping Polynomial_Regression_v10_758670_fault_locations.csv (already processed)
Skipping Polynomial_Regression_v1_4121496_fault_locations.csv (already processed)
Skipping Polynomial_Regression_v2_620314_fault_locations.csv (already processed)
Skipping Polynomial_Regression_v3_3836426_fault_locations.csv (already processed)
Skipping Polynomial_Regression_v4_396146_fault_locations.csv (already processed)
Skipping Polynomial_Regression_v7_4056039_fault_locations.csv (already processed)
Skipping Polynomial_Subtraction_v10_718086_fault_locations.csv (already processed)
Skipping Polynomial_Subtraction_v1_4189721_fault_locations.csv (already processed)
Skipping Polynomial_Subtraction_v2_592776_fault_locations.csv (already processed)
Skipping Polynomial_Subtraction_v4_513682_fault_locations.csv (already processed)
Skipping Polynomial_Subtraction_v6_286436_fault_locations.csv (already processed)
Skipping Polynomial_Subtraction_v7_3960558_fault_locations.csv (already processed)
Skipping Polynomial_Subtraction_v8_153302_fault_locations.csv (already processed)
Skipping Polynomial_Subtraction_v9_966685_fault_locations.csv (already processed)
Skipping Polynomial_SVM_v1_4135479_fault_locations.csv (already processed)
Skipping Polynomial_SVM_v3_3805464_fault_locations.csv (already processed)
Skipping Polynomial_SVM_v6_342646_fault_locations.csv (already processed)
Skipping Polynomial_SVM_v9_949864_fault_locations.csv (already processed)
Skipping Power_Iteration_v8_99342_fault_locations.csv (already processed)
Skipping Power_Law_Graph_Generation_v1_4115692_fault_locations.csv (already processed)
Skipping Power_Law_Graph_Generation_v2_591070_fault_locations.csv (already processed)
Skipping Power_Law_Graph_Generation_v6_234872_fault_locations.csv (already processed)
Skipping Power_Law_Graph_Generation_v7_3948510_fault_locations.csv (already processed)
Skipping Power_Law_Graph_Generation_v8_95212_fault_locations.csv (already processed)
Skipping Power_Law_Graph_Generation_v9_950080_fault_locations.csv (already processed)
Skipping Power_Method_for_Dominant_Eigenvalue_v2_648850_fault_locations.csv (already processed)
Skipping Power_Method_for_Dominant_Eigenvalue_v3_3811688_fault_locations.csv (already processed)
Skipping Power_Method_for_Dominant_Eigenvalue_v5_1045831_fault_locations.csv (already processed)
Skipping Power_Method_for_Dominant_Eigenvalue_v7_3939133_fault_locations.csv (already processed)
Skipping PQ_Tree_Planarity_Test_v10_706325_fault_locations.csv (already processed)
Skipping PQ_Tree_Planarity_Test_v1_4092183_fault_locations.csv (already processed)
Skipping PQ_Tree_Planarity_Test_v4_400578_fault_locations.csv (already processed)
Skipping PQ_Tree_Planarity_Test_v5_1007512_fault_locations.csv (already processed)
Skipping PQ_Tree_Planarity_Test_v7_3949661_fault_locations.csv (already processed)
Skipping PQ_Tree_Planarity_Test_v8_185474_fault_locations.csv (already processed)
Skipping PQ_Tree_Planarity_Test_v9_866196_fault_locations.csv (already processed)
Skipping Preconditioned_Conjugate_Gradient_v4_508539_fault_locations.csv (already processed)
Skipping Preconditioned_Conjugate_Gradient_v5_1127278_fault_locations.csv (already processed)
Skipping Preconditioned_Conjugate_Gradient_v6_231059_fault_locations.csv (already processed)
Skipping Predictor_Corrector_v10_729375_fault_locations.csv (already processed)
Skipping Predictor_Corrector_v1_2866_fault_locations.csv (already processed)
Skipping Predictor_Corrector_v2_560477_fault_locations.csv (already processed)
Skipping Predictor_Corrector_v3_3799142_fault_locations.csv (already processed)
Skipping Predictor_Corrector_v5_1118282_fault_locations.csv (already processed)
Skipping Predictor_Corrector_v6_242936_fault_locations.csv (already processed)
Skipping Predictor_Corrector_v7_4023431_fault_locations.csv (already processed)
Skipping Predictor_Corrector_v8_118638_fault_locations.csv (already processed)
Skipping Predictor_Corrector_v9_947856_fault_locations.csv (already processed)
Skipping Preferential_Attachment_Graph_v10_722682_fault_locations.csv (already processed)
Skipping Preferential_Attachment_Graph_v1_4140501_fault_locations.csv (already processed)
Skipping Preferential_Attachment_Graph_v2_575787_fault_locations.csv (already processed)
Skipping Preferential_Attachment_Graph_v3_3918595_fault_locations.csv (already processed)
Skipping Preferential_Attachment_Graph_v4_417488_fault_locations.csv (already processed)
Skipping Preferential_Attachment_Graph_v5_1078079_fault_locations.csv (already processed)
Skipping Preferential_Attachment_Graph_v6_384445_fault_locations.csv (already processed)
Skipping Preferential_Attachment_Graph_v7_4066502_fault_locations.csv (already processed)
Skipping Preferential_Attachment_Graph_v8_82322_fault_locations.csv (already processed)
Skipping Preferential_Attachment_Graph_v9_936157_fault_locations.csv (already processed)
Skipping Prefix_Tuning_v10_702387_fault_locations.csv (already processed)
Skipping Prefix_Tuning_v2_611340_fault_locations.csv (already processed)
Skipping Prefix_Tuning_v3_3803303_fault_locations.csv (already processed)
Skipping Prefix_Tuning_v6_286631_fault_locations.csv (already processed)
Skipping Prefix_Tuning_v7_4020594_fault_locations.csv (already processed)
Skipping Prefix_Tuning_v9_861284_fault_locations.csv (already processed)
Skipping Preflow_Push_Algorithm_v1_4127385_fault_locations.csv (already processed)
Skipping Preflow_Push_Algorithm_v2_546241_fault_locations.csv (already processed)
Skipping Preflow_Push_Algorithm_v4_431656_fault_locations.csv (already processed)
Skipping Preflow_Push_Algorithm_v5_1017641_fault_locations.csv (already processed)
Skipping Preflow_Push_Algorithm_v6_217431_fault_locations.csv (already processed)
Skipping Preflow_Push_Algorithm_v8_143731_fault_locations.csv (already processed)
Skipping PRESENT_64_128_v10_794737_fault_locations.csv (already processed)
Skipping PRESENT_64_128_v1_16836_fault_locations.csv (already processed)
Skipping PRESENT_64_128_v2_593806_fault_locations.csv (already processed)
Skipping PRESENT_64_128_v3_3849369_fault_locations.csv (already processed)
Skipping PRESENT_64_128_v4_415486_fault_locations.csv (already processed)
Skipping PRESENT_64_128_v5_995306_fault_locations.csv (already processed)
Skipping PRESENT_64_128_v6_229373_fault_locations.csv (already processed)
Skipping PRESENT_64_128_v7_3992660_fault_locations.csv (already processed)
Skipping PRESENT_64_128_v9_924563_fault_locations.csv (already processed)
Skipping PRESENT_64_80_v10_712579_fault_locations.csv (already processed)
Skipping PRESENT_64_80_v4_503292_fault_locations.csv (already processed)
Skipping PRESENT_64_80_v5_1133561_fault_locations.csv (already processed)
Skipping PRESENT_64_80_v6_219762_fault_locations.csv (already processed)
Skipping PRESENT_64_80_v7_3952023_fault_locations.csv (already processed)
Skipping PRESENT_64_80_v8_52694_fault_locations.csv (already processed)
Skipping PRESENT_64_80_v9_904414_fault_locations.csv (already processed)
Skipping Pressure_Poisson_Solver_v10_762252_fault_locations.csv (already processed)
Skipping Pressure_Poisson_Solver_v3_3900501_fault_locations.csv (already processed)
Skipping Pressure_Poisson_Solver_v4_433541_fault_locations.csv (already processed)
Skipping Pressure_Poisson_Solver_v5_1109663_fault_locations.csv (already processed)
Skipping Pressure_Poisson_Solver_v7_3976114_fault_locations.csv (already processed)
Skipping Prime_Counting_Function_πx_v10_729063_fault_locations.csv (already processed)
Skipping Prime_Counting_Function_πx_v1_12119_fault_locations.csv (already processed)
Skipping Prime_Counting_Function_πx_v2_582711_fault_locations.csv (already processed)
Skipping Prime_Counting_Function_πx_v3_3841221_fault_locations.csv (already processed)
Skipping Prime_Counting_Function_πx_v5_1085293_fault_locations.csv (already processed)
Skipping Prime_Counting_Function_πx_v6_378806_fault_locations.csv (already processed)
Skipping Prime_Counting_Function_πx_v7_4065524_fault_locations.csv (already processed)
Skipping Prime_Counting_Function_πx_v8_101846_fault_locations.csv (already processed)
Skipping Prime_Counting_Function_πx_v9_940409_fault_locations.csv (already processed)
Skipping Prime_Enumeration_via_Sieve_v10_723953_fault_locations.csv (already processed)
Skipping Prime_Enumeration_via_Sieve_v1_4144190_fault_locations.csv (already processed)
Skipping Prime_Enumeration_via_Sieve_v2_545489_fault_locations.csv (already processed)
Skipping Prime_Enumeration_via_Sieve_v3_3881101_fault_locations.csv (already processed)
Skipping Prime_Enumeration_via_Sieve_v4_389182_fault_locations.csv (already processed)
Skipping Prime_Enumeration_via_Sieve_v5_1071668_fault_locations.csv (already processed)
Skipping Prime_Enumeration_via_Sieve_v6_313139_fault_locations.csv (already processed)
Skipping Prime_Enumeration_via_Sieve_v7_4052290_fault_locations.csv (already processed)
Skipping Prime_Enumeration_via_Sieve_v8_81156_fault_locations.csv (already processed)
Skipping Prime_Enumeration_via_Sieve_v9_860204_fault_locations.csv (already processed)
Skipping Prime_Factorization_Tree_v10_762672_fault_locations.csv (already processed)
Skipping Prime_Factorization_Tree_v2_596458_fault_locations.csv (already processed)
Skipping Prime_Factorization_Tree_v3_3848822_fault_locations.csv (already processed)
Skipping Prime_Factorization_Tree_v4_481386_fault_locations.csv (already processed)
Skipping Prime_Factorization_Tree_v5_1080288_fault_locations.csv (already processed)
Skipping Prime_Factorization_Tree_v6_250822_fault_locations.csv (already processed)
Skipping Prime_Factorization_Tree_v7_4069293_fault_locations.csv (already processed)
Skipping Prime_Factorization_Tree_v9_940030_fault_locations.csv (already processed)
Skipping Prime_Gap_Calculation_v10_786869_fault_locations.csv (already processed)
Skipping Prime_Gap_Calculation_v2_593714_fault_locations.csv (already processed)
Skipping Prime_Gap_Calculation_v4_504382_fault_locations.csv (already processed)
Skipping Prime_Gap_Calculation_v5_1126520_fault_locations.csv (already processed)
Skipping Prime_Gap_Calculation_v6_233980_fault_locations.csv (already processed)
Skipping Prime_Gap_Calculation_v7_3957229_fault_locations.csv (already processed)
Skipping Prime_Gap_Calculation_v8_171860_fault_locations.csv (already processed)
Skipping Prime_Gap_Calculation_v9_882330_fault_locations.csv (already processed)
Skipping Prime_Power_Factorization_v10_715633_fault_locations.csv (already processed)
Skipping Prime_Power_Factorization_v1_37667_fault_locations.csv (already processed)
Skipping Prime_Power_Factorization_v2_569490_fault_locations.csv (already processed)
Skipping Prime_Power_Factorization_v3_3913380_fault_locations.csv (already processed)
Skipping Prime_Power_Factorization_v4_453851_fault_locations.csv (already processed)
Skipping Prime_Power_Factorization_v6_271248_fault_locations.csv (already processed)
Skipping Prime_Power_Factorization_v7_3934583_fault_locations.csv (already processed)
Skipping Prime_Power_Factorization_v8_58263_fault_locations.csv (already processed)
Skipping Prime_Power_Factorization_v9_936202_fault_locations.csv (already processed)
Skipping Prim’s_Minimum_Spanning_Tree_Algorithm_v1_4144319_fault_locations.csv (already processed)
Skipping Prim’s_Minimum_Spanning_Tree_Algorithm_v2_652137_fault_locations.csv (already processed)
Skipping Prim’s_Minimum_Spanning_Tree_Algorithm_v3_3903914_fault_locations.csv (already processed)
Skipping Prim’s_Minimum_Spanning_Tree_Algorithm_v4_396438_fault_locations.csv (already processed)
Skipping Prim’s_Minimum_Spanning_Tree_Algorithm_v5_1127400_fault_locations.csv (already processed)
Skipping Prim’s_Minimum_Spanning_Tree_Algorithm_v6_318309_fault_locations.csv (already processed)
Skipping Prim’s_Minimum_Spanning_Tree_Algorithm_v7_4066636_fault_locations.csv (already processed)
Skipping Prim’s_Minimum_Spanning_Tree_Algorithm_v9_871968_fault_locations.csv (already processed)
Skipping PRINCE_v10_771749_fault_locations.csv (already processed)
Skipping PRINCE_v1_4137618_fault_locations.csv (already processed)
Skipping PRINCE_v2_659385_fault_locations.csv (already processed)
Skipping PRINCEv2_v5_1085322_fault_locations.csv (already processed)
Skipping PRINCEv2_v7_4032589_fault_locations.csv (already processed)
Skipping PRINCEv2_v8_131554_fault_locations.csv (already processed)
Skipping PRINCEv2_v9_947995_fault_locations.csv (already processed)
Skipping PRINCE_v5_1047211_fault_locations.csv (already processed)
Skipping PRINCE_v6_269430_fault_locations.csv (already processed)
Skipping PRINCE_v7_4032571_fault_locations.csv (already processed)
Skipping PRINCE_v8_144500_fault_locations.csv (already processed)
Skipping PRINCE_v9_951575_fault_locations.csv (already processed)
Skipping Principal_Component_Analysis_PCA_v3_3899996_fault_locations.csv (already processed)
Skipping Principal_Component_Analysis_PCA_v5_997876_fault_locations.csv (already processed)
Skipping Principal_Component_Analysis_PCA_v6_361104_fault_locations.csv (already processed)
Skipping Principal_Component_Analysis_PCA_v7_3957934_fault_locations.csv (already processed)
Skipping Principal_Component_Analysis_PCA_v9_974154_fault_locations.csv (already processed)
Skipping Principal_Component_Analysis_v6_342518_fault_locations.csv (already processed)
Skipping Principal_Component_Analysis_v7_3993523_fault_locations.csv (already processed)
Skipping Principal_Component_SVD_Solver_v10_827514_fault_locations.csv (already processed)
Skipping Principal_Component_SVD_Solver_v1_7852_fault_locations.csv (already processed)
Skipping Principal_Component_SVD_Solver_v4_400624_fault_locations.csv (already processed)
Skipping Principal_Component_SVD_Solver_v9_900147_fault_locations.csv (already processed)
Skipping Prioritized_Experience_Replay_v1_4094134_fault_locations.csv (already processed)
Skipping Prioritized_Experience_Replay_v2_595535_fault_locations.csv (already processed)
Skipping Prioritized_Experience_Replay_v4_500120_fault_locations.csv (already processed)
Skipping Prioritized_Experience_Replay_v7_3938906_fault_locations.csv (already processed)
Skipping Prioritized_Experience_Replay_v8_166547_fault_locations.csv (already processed)
Skipping Probabilistic_Roadmap_PRM_v5_1139843_fault_locations.csv (already processed)
Skipping Probabilistic_Roadmap_PRM_v7_3944205_fault_locations.csv (already processed)
Skipping Probabilistic_Roadmap_PRM_v8_50529_fault_locations.csv (already processed)
Skipping Procedural_Terrain_Generation_v10_798450_fault_locations.csv (already processed)
Skipping Procedural_Terrain_Generation_v8_113363_fault_locations.csv (already processed)
Skipping Program_Synthesis_via_Gradient_Descent_v10_803010_fault_locations.csv (already processed)
Skipping Program_Synthesis_via_Gradient_Descent_v2_676107_fault_locations.csv (already processed)
Skipping Program_Synthesis_via_Gradient_Descent_v4_471986_fault_locations.csv (already processed)
Skipping Program_Synthesis_via_Gradient_Descent_v6_272670_fault_locations.csv (already processed)
Skipping Progressive_GAN_v1_40431_fault_locations.csv (already processed)
Skipping Progressive_GAN_v2_603988_fault_locations.csv (already processed)
Skipping Progressive_GAN_v4_527651_fault_locations.csv (already processed)
Skipping Progressive_GAN_v5_1055502_fault_locations.csv (already processed)
Skipping Progressive_GAN_v6_316476_fault_locations.csv (already processed)
Skipping Progressive_GAN_v8_98256_fault_locations.csv (already processed)
Skipping Projection_Method_v10_708266_fault_locations.csv (already processed)
Skipping Projection_Method_v1_4163619_fault_locations.csv (already processed)
Skipping Projection_Method_v3_3908459_fault_locations.csv (already processed)
Skipping Projection_Method_v5_1079966_fault_locations.csv (already processed)
Skipping Projection_Method_v6_253911_fault_locations.csv (already processed)
Skipping Projection_Method_v8_134643_fault_locations.csv (already processed)
Skipping Projection_Method_v9_890936_fault_locations.csv (already processed)
Skipping Proth_Primality_Test_v10_777409_fault_locations.csv (already processed)
Skipping Proth_Primality_Test_v1_4191512_fault_locations.csv (already processed)
Skipping Proth_Primality_Test_v2_672448_fault_locations.csv (already processed)
Skipping Proth_Primality_Test_v3_3830608_fault_locations.csv (already processed)
Skipping Proth_Primality_Test_v4_514809_fault_locations.csv (already processed)
Skipping Proth_Primality_Test_v5_1017711_fault_locations.csv (already processed)
Skipping Proth_Primality_Test_v6_272441_fault_locations.csv (already processed)
Skipping Proth_Primality_Test_v7_4058822_fault_locations.csv (already processed)
Skipping Proth_Primality_Test_v8_122370_fault_locations.csv (already processed)
Skipping ProtoNet_Prototypical_Network_v1_4136065_fault_locations.csv (already processed)
Skipping ProtoNet_Prototypical_Network_v3_3911939_fault_locations.csv (already processed)
Skipping ProtoNet_Prototypical_Network_v5_979528_fault_locations.csv (already processed)
Skipping ProtoNet_Prototypical_Network_v8_137256_fault_locations.csv (already processed)
Skipping ProtoNet_Prototypical_Network_v9_900747_fault_locations.csv (already processed)
Skipping Proximal_Policy_Optimization_Regressor_v10_777972_fault_locations.csv (already processed)
Skipping Proximal_Policy_Optimization_Regressor_v2_625268_fault_locations.csv (already processed)
Skipping Proximal_Policy_Optimization_Regressor_v6_245312_fault_locations.csv (already processed)
Skipping Proximal_Policy_Optimization_Regressor_v8_87282_fault_locations.csv (already processed)
Skipping Pseudo_Spectral_Method_v3_3805531_fault_locations.csv (already processed)
Skipping Pseudo_Spectral_Method_v4_443543_fault_locations.csv (already processed)
Skipping Push_Relabel_Algorithm_v10_745268_fault_locations.csv (already processed)
Skipping Push_Relabel_Algorithm_v2_648969_fault_locations.csv (already processed)
Skipping Push_Relabel_Algorithm_v3_3814074_fault_locations.csv (already processed)
Skipping Push_Relabel_Algorithm_v4_475504_fault_locations.csv (already processed)
Skipping Push_Relabel_Algorithm_v6_233093_fault_locations.csv (already processed)
Skipping Push_Relabel_Algorithm_v8_151736_fault_locations.csv (already processed)
Skipping Q_Learning_v10_801385_fault_locations.csv (already processed)
Skipping Q_Learning_v2_651327_fault_locations.csv (already processed)
Skipping Q_Learning_v8_129338_fault_locations.csv (already processed)
Skipping Q_Learning_with_Function_Approximation_v6_241695_fault_locations.csv (already processed)
Skipping Q_Learning_with_Function_Approximation_v8_174460_fault_locations.csv (already processed)
Skipping Q_Learning_with_Function_Approximation_v9_863373_fault_locations.csv (already processed)
Skipping QR_Iteration_for_Eigenvalues_v10_773589_fault_locations.csv (already processed)
Skipping Quad_Mesh_Generation_v3_3808475_fault_locations.csv (already processed)
Skipping Quad_Mesh_Generation_v5_1073434_fault_locations.csv (already processed)
Skipping Quad_Mesh_Generation_v8_101219_fault_locations.csv (already processed)
Skipping Quad_Mesh_Generation_v9_939193_fault_locations.csv (already processed)
Skipping Quadratic_Discriminant_Analysis_QDA_v1_4162455_fault_locations.csv (already processed)
Skipping Quadratic_Discriminant_Analysis_QDA_v3_3865266_fault_locations.csv (already processed)
Skipping Quadratic_Discriminant_Analysis_QDA_v5_1135259_fault_locations.csv (already processed)
Skipping Quadratic_Discriminant_Analysis_QDA_v6_266045_fault_locations.csv (already processed)
Skipping Quadratic_Discriminant_Analysis_QDA_v8_118577_fault_locations.csv (already processed)
Skipping Quadratic_Discriminant_Analysis_QDA_v9_909238_fault_locations.csv (already processed)
Skipping Quadratic_Sieve_v1_4143776_fault_locations.csv (already processed)
Skipping Quadratic_Sieve_v5_988817_fault_locations.csv (already processed)
Skipping Quadratic_Sieve_v6_296953_fault_locations.csv (already processed)
Skipping Quadratic_Sieve_v7_4007043_fault_locations.csv (already processed)
Skipping Quadtree_Construction_v2_669730_fault_locations.csv (already processed)
Skipping Quadtree_Construction_v3_3821498_fault_locations.csv (already processed)
Skipping Quadtree_Construction_v4_412485_fault_locations.csv (already processed)
Skipping Quadtree_Construction_v5_1014560_fault_locations.csv (already processed)
Skipping Quadtree_Construction_v6_370577_fault_locations.csv (already processed)
Skipping Quadtree_Construction_v8_178340_fault_locations.csv (already processed)
Skipping Quadtree_Construction_v9_850072_fault_locations.csv (already processed)
Skipping Quadtree_Query_v1_4137719_fault_locations.csv (already processed)
Skipping Quadtree_Query_v2_601441_fault_locations.csv (already processed)
Skipping Quadtree_Query_v3_3781927_fault_locations.csv (already processed)
Skipping Quadtree_Query_v9_859405_fault_locations.csv (already processed)
Skipping Quality_Mesh_Optimization_v1_4140528_fault_locations.csv (already processed)
Skipping Quality_Mesh_Optimization_v6_271218_fault_locations.csv (already processed)
Skipping Quasi_Monte_Carlo_v2_532456_fault_locations.csv (already processed)
Skipping Quasi_Newton_Method_v2_612693_fault_locations.csv (already processed)
Skipping Quasi_Newton_Method_v4_472060_fault_locations.csv (already processed)
Skipping Quasi_Newton_Method_v9_920518_fault_locations.csv (already processed)
Skipping Quaternion_Rotation_v1_4139077_fault_locations.csv (already processed)
Skipping Quaternion_Rotation_v6_313298_fault_locations.csv (already processed)
Skipping Rabbit_Cipher_128_v1_4155882_fault_locations.csv (already processed)
Skipping Rabbit_Cipher_128_v2_568439_fault_locations.csv (already processed)
Skipping Rabbit_Cipher_128_v3_3856682_fault_locations.csv (already processed)
Skipping Rabbit_Cipher_128_v5_1031036_fault_locations.csv (already processed)
Skipping Rabbit_Cipher_128_v6_223164_fault_locations.csv (already processed)
Skipping Rabbit_Cipher_256_v10_756067_fault_locations.csv (already processed)
Skipping Rabbit_Cipher_256_v2_669123_fault_locations.csv (already processed)
Skipping Rabbit_Cipher_256_v5_985941_fault_locations.csv (already processed)
Skipping Rabbit_Cipher_256_v7_4051076_fault_locations.csv (already processed)
Skipping Rabbit_Cipher_256_v9_878727_fault_locations.csv (already processed)
Skipping Rabbit_v10_798420_fault_locations.csv (already processed)
Skipping Rabbit_v1_7781_fault_locations.csv (already processed)
Skipping Rabbit_v2_592573_fault_locations.csv (already processed)
Skipping Rabbit_v3_3805819_fault_locations.csv (already processed)
Skipping Rabbit_v5_1030699_fault_locations.csv (already processed)
Skipping Rabbit_v6_272233_fault_locations.csv (already processed)
Skipping Rabbit_v7_3979689_fault_locations.csv (already processed)
Skipping Rabbit_v8_114387_fault_locations.csv (already processed)
Skipping Rabbit_v9_958846_fault_locations.csv (already processed)
Skipping Radiosity_Algorithm_v10_737402_fault_locations.csv (already processed)
Skipping Radiosity_Algorithm_v1_4093863_fault_locations.csv (already processed)
Skipping Radiosity_Algorithm_v4_420810_fault_locations.csv (already processed)
Skipping Radiosity_Algorithm_v5_1046659_fault_locations.csv (already processed)
Skipping Radiosity_Algorithm_v6_281141_fault_locations.csv (already processed)
Skipping Radiosity_Algorithm_v7_4008975_fault_locations.csv (already processed)
Skipping Radiosity_Algorithm_v8_60870_fault_locations.csv (already processed)
Skipping Radiosity_Algorithm_v9_917524_fault_locations.csv (already processed)
Skipping Radius_Neighbors_Classifier_v1_37325_fault_locations.csv (already processed)
Skipping Radius_Neighbors_Classifier_v2_596151_fault_locations.csv (already processed)
Skipping Radius_Neighbors_Classifier_v3_3831354_fault_locations.csv (already processed)
Skipping Radius_Neighbors_Classifier_v6_234340_fault_locations.csv (already processed)
Skipping Radius_Neighbors_Classifier_v8_197806_fault_locations.csv (already processed)
Skipping Radius_Neighbors_Regressor_v10_795184_fault_locations.csv (already processed)
Skipping Radius_Neighbors_Regressor_v1_4090009_fault_locations.csv (already processed)
Skipping Radius_Neighbors_Regressor_v2_611879_fault_locations.csv (already processed)
Skipping Radius_Neighbors_Regressor_v9_975285_fault_locations.csv (already processed)
Skipping Random_DAG_Generation_v10_823370_fault_locations.csv (already processed)
Skipping Random_DAG_Generation_v1_9542_fault_locations.csv (already processed)
Skipping Random_DAG_Generation_v2_587491_fault_locations.csv (already processed)
Skipping Random_DAG_Generation_v3_3811283_fault_locations.csv (already processed)
Skipping Random_DAG_Generation_v4_392313_fault_locations.csv (already processed)
Skipping Random_DAG_Generation_v7_4067558_fault_locations.csv (already processed)
Skipping Random_DAG_Generation_v8_69547_fault_locations.csv (already processed)
Skipping Random_Forest_Regressor_v5_1123502_fault_locations.csv (already processed)
Skipping Random_Forest_Regressor_v7_4064144_fault_locations.csv (already processed)
Skipping Random_Forest_Regressor_v8_137319_fault_locations.csv (already processed)
Skipping Random_Forest_v10_749938_fault_locations.csv (already processed)
Skipping Random_Forest_v3_3794496_fault_locations.csv (already processed)
Skipping Random_Forest_v5_1068463_fault_locations.csv (already processed)
Skipping Random_Forest_v6_295345_fault_locations.csv (already processed)
Skipping Random_Forest_v8_147303_fault_locations.csv (already processed)
Skipping Random_Geometric_Graph_Generation_v1_4172302_fault_locations.csv (already processed)
Skipping Random_Geometric_Graph_Generation_v2_657109_fault_locations.csv (already processed)
Skipping Random_Geometric_Graph_Generation_v3_3875251_fault_locations.csv (already processed)
Skipping Random_Geometric_Graph_Generation_v4_395915_fault_locations.csv (already processed)
Skipping Random_Geometric_Graph_Generation_v6_223837_fault_locations.csv (already processed)
Skipping Random_Geometric_Graph_Generation_v8_120602_fault_locations.csv (already processed)
Skipping Random_Geometric_Graph_Generation_v9_958198_fault_locations.csv (already processed)
Skipping Randomized_Contraction_Algorithm_v10_819813_fault_locations.csv (already processed)
Skipping Randomized_Contraction_Algorithm_v1_4147760_fault_locations.csv (already processed)
Skipping Randomized_Contraction_Algorithm_v2_547552_fault_locations.csv (already processed)
Skipping Randomized_Contraction_Algorithm_v3_3866835_fault_locations.csv (already processed)
Skipping Randomized_Contraction_Algorithm_v5_1028921_fault_locations.csv (already processed)
Skipping Randomized_Contraction_Algorithm_v7_4009829_fault_locations.csv (already processed)
Skipping Randomized_Contraction_Algorithm_v9_863385_fault_locations.csv (already processed)
Skipping Randomized_DFS_Tree_Sampling_v10_772956_fault_locations.csv (already processed)
Skipping Randomized_DFS_Tree_Sampling_v1_4131721_fault_locations.csv (already processed)
Skipping Randomized_DFS_Tree_Sampling_v3_3812930_fault_locations.csv (already processed)
Skipping Randomized_DFS_Tree_Sampling_v5_1030148_fault_locations.csv (already processed)
Skipping Randomized_DFS_Tree_Sampling_v6_255167_fault_locations.csv (already processed)
Skipping Randomized_DFS_Tree_Sampling_v8_102508_fault_locations.csv (already processed)
Skipping Randomized_DFS_Tree_Sampling_v9_936857_fault_locations.csv (already processed)
Skipping Randomized_SVD_v1_46199_fault_locations.csv (already processed)
Skipping Random_Point_Sampling_in_Circle_v8_181492_fault_locations.csv (already processed)
Skipping Random_Point_Sampling_in_Polygon_v10_744449_fault_locations.csv (already processed)
Skipping Random_Point_Sampling_in_Polygon_v2_545800_fault_locations.csv (already processed)
Skipping Random_Point_Sampling_in_Polygon_v7_4073010_fault_locations.csv (already processed)
Skipping Random_Point_Sampling_in_Polygon_v8_195342_fault_locations.csv (already processed)
Skipping Random_Projection_v1_4140543_fault_locations.csv (already processed)
Skipping Random_Projection_v2_548441_fault_locations.csv (already processed)
Skipping Random_Projection_v5_1099767_fault_locations.csv (already processed)
Skipping Random_Projection_v7_4037287_fault_locations.csv (already processed)
Skipping Random_Search_v10_710934_fault_locations.csv (already processed)
Skipping Random_Search_v1_4126669_fault_locations.csv (already processed)
Skipping Random_Search_v2_627919_fault_locations.csv (already processed)
Skipping Random_Search_v6_233478_fault_locations.csv (already processed)
Skipping Random_Search_v7_4070985_fault_locations.csv (already processed)
Skipping Random_Search_v8_158806_fault_locations.csv (already processed)
Skipping Random_Search_v9_961417_fault_locations.csv (already processed)
Skipping Random_Walk_Kernel_v10_763096_fault_locations.csv (already processed)
Skipping Random_Walk_Kernel_v5_1036846_fault_locations.csv (already processed)
Skipping Random_Walk_Kernel_v6_280699_fault_locations.csv (already processed)
Skipping Random_Walk_Kernel_v7_4073233_fault_locations.csv (already processed)
Skipping Random_Walk_Kernel_v8_160670_fault_locations.csv (already processed)
Skipping Random_Walk_Simulation_v1_26857_fault_locations.csv (already processed)
Skipping Random_Walk_Simulation_v2_562253_fault_locations.csv (already processed)
Skipping Random_Walk_Simulation_v3_3787277_fault_locations.csv (already processed)
Skipping Random_Walk_Simulation_v6_245739_fault_locations.csv (already processed)
Skipping Random_Walk_Simulation_v7_3962386_fault_locations.csv (already processed)
Skipping Random_Walk_with_Restart_v10_688523_fault_locations.csv (already processed)
Skipping Random_Walk_with_Restart_v1_4177781_fault_locations.csv (already processed)
Skipping Random_Walk_with_Restart_v3_3842210_fault_locations.csv (already processed)
Skipping Random_Walk_with_Restart_v6_238059_fault_locations.csv (already processed)
Skipping Random_Walk_with_Restart_v7_4020220_fault_locations.csv (already processed)
Skipping Random_Walk_with_Restart_v9_950495_fault_locations.csv (already processed)
Skipping Range_Counting_2D_v10_726395_fault_locations.csv (already processed)
Skipping Range_Counting_2D_v1_8145_fault_locations.csv (already processed)
Skipping Range_Counting_2D_v2_676364_fault_locations.csv (already processed)
Skipping Range_Counting_2D_v3_3873365_fault_locations.csv (already processed)
Skipping Range_Counting_2D_v4_515863_fault_locations.csv (already processed)
Skipping Range_Counting_2D_v5_1018346_fault_locations.csv (already processed)
Skipping Range_Counting_2D_v6_247717_fault_locations.csv (already processed)
Skipping Range_Counting_2D_v7_4004267_fault_locations.csv (already processed)
Skipping Range_Counting_2D_v8_51931_fault_locations.csv (already processed)
Skipping Range_Reporting_2D_v10_814056_fault_locations.csv (already processed)
Skipping Range_Reporting_2D_v1_28651_fault_locations.csv (already processed)
Skipping Range_Reporting_2D_v2_627817_fault_locations.csv (already processed)
Skipping Range_Reporting_2D_v3_3846694_fault_locations.csv (already processed)
Skipping Range_Reporting_2D_v4_404601_fault_locations.csv (already processed)
Skipping Range_Reporting_2D_v5_1127905_fault_locations.csv (already processed)
Skipping Range_Reporting_2D_v6_351723_fault_locations.csv (already processed)
Skipping Range_Reporting_2D_v7_4020639_fault_locations.csv (already processed)
Skipping Range_Reporting_2D_v8_121700_fault_locations.csv (already processed)
Skipping Range_Reporting_2D_v9_877769_fault_locations.csv (already processed)
Skipping Range_Tree_v1_4157264_fault_locations.csv (already processed)
Skipping Range_Tree_v2_629310_fault_locations.csv (already processed)
Skipping Range_Tree_v3_3900450_fault_locations.csv (already processed)
Skipping Range_Tree_v4_441974_fault_locations.csv (already processed)
Skipping Range_Tree_v5_1099804_fault_locations.csv (already processed)
Skipping Range_Tree_v6_236170_fault_locations.csv (already processed)
Skipping Range_Tree_v8_206460_fault_locations.csv (already processed)
Skipping RANSAC_Line_Fitting_v2_675779_fault_locations.csv (already processed)
Skipping RANSAC_Line_Fitting_v5_1059102_fault_locations.csv (already processed)
Skipping RANSAC_Plane_Fitting_v8_150208_fault_locations.csv (already processed)
Skipping RANSAC_Regressor_v9_929881_fault_locations.csv (already processed)
Skipping Ray_AABB_Intersection_v3_3889228_fault_locations.csv (already processed)
Skipping Ray_AABB_Intersection_v4_504809_fault_locations.csv (already processed)
Skipping Ray_AABB_Intersection_v5_1044630_fault_locations.csv (already processed)
Skipping Ray_AABB_Intersection_v6_302277_fault_locations.csv (already processed)
Skipping Ray_AABB_Intersection_v7_3997983_fault_locations.csv (already processed)
Skipping Ray_AABB_Intersection_v9_920248_fault_locations.csv (already processed)
Skipping Ray_Casting_Visibility_v1_4155814_fault_locations.csv (already processed)
Skipping Ray_Casting_Visibility_v2_620834_fault_locations.csv (already processed)
Skipping Ray_Casting_Visibility_v4_476068_fault_locations.csv (already processed)
Skipping Ray_Casting_Visibility_v5_1087296_fault_locations.csv (already processed)
Skipping Ray_Casting_Visibility_v7_3979606_fault_locations.csv (already processed)
Skipping Ray_Casting_Visibility_v8_132768_fault_locations.csv (already processed)
Skipping Ray_Casting_Visibility_v9_963625_fault_locations.csv (already processed)
Skipping Rayleigh_Quotient_Iteration_v10_704592_fault_locations.csv (already processed)
Skipping Rayleigh_Quotient_Iteration_v3_3880984_fault_locations.csv (already processed)
Skipping Rayleigh_Quotient_Iteration_v5_1058387_fault_locations.csv (already processed)
Skipping Ray_Mesh_Intersection_v10_786757_fault_locations.csv (already processed)
Skipping Ray_Mesh_Intersection_v4_432988_fault_locations.csv (already processed)
Skipping Ray_Mesh_Intersection_v5_1111950_fault_locations.csv (already processed)
Skipping Ray_Mesh_Intersection_v7_3941174_fault_locations.csv (already processed)
Skipping Ray_Sphere_Intersection_v9_925161_fault_locations.csv (already processed)
Skipping Ray_Triangle_Intersection_v3_3904280_fault_locations.csv (already processed)
Skipping Ray_Triangle_Intersection_v8_51946_fault_locations.csv (already processed)
Skipping RC2_v1_4162642_fault_locations.csv (already processed)
Skipping RC2_v2_618033_fault_locations.csv (already processed)
Skipping RC2_v4_427294_fault_locations.csv (already processed)
Skipping RC2_v5_1023618_fault_locations.csv (already processed)
Skipping RC2_v6_256162_fault_locations.csv (already processed)
Skipping RC2_v7_4061146_fault_locations.csv (already processed)
Skipping RC2_v8_78063_fault_locations.csv (already processed)
Skipping RC2_v9_964175_fault_locations.csv (already processed)
Skipping RC4A_v10_821865_fault_locations.csv (already processed)
Skipping RC4A_v1_4143977_fault_locations.csv (already processed)
Skipping RC4A_v2_527835_fault_locations.csv (already processed)
Skipping RC4A_v3_3928053_fault_locations.csv (already processed)
Skipping RC4A_v4_486643_fault_locations.csv (already processed)
Skipping RC4A_v5_977607_fault_locations.csv (already processed)
Skipping RC4A_v6_218514_fault_locations.csv (already processed)
Skipping RC4A_v7_4051378_fault_locations.csv (already processed)
Skipping RC4A_v8_97054_fault_locations.csv (already processed)
Skipping RC4A_v9_947252_fault_locations.csv (already processed)
Skipping RC4_v10_791237_fault_locations.csv (already processed)
Skipping RC4_v1_40397_fault_locations.csv (already processed)
Skipping RC4_v2_658545_fault_locations.csv (already processed)
Skipping RC4_v3_3803662_fault_locations.csv (already processed)
Skipping RC4_v4_518482_fault_locations.csv (already processed)
Skipping RC4_v5_1018268_fault_locations.csv (already processed)
Skipping RC4_v6_247231_fault_locations.csv (already processed)
Skipping RC4_v7_4072972_fault_locations.csv (already processed)
Skipping RC4_v8_118476_fault_locations.csv (already processed)
Skipping RC5_12_Rounds_v10_682684_fault_locations.csv (already processed)
Skipping RC5_12_Rounds_v1_39082_fault_locations.csv (already processed)
Skipping RC5_12_Rounds_v2_600865_fault_locations.csv (already processed)
Skipping RC5_12_Rounds_v3_3914187_fault_locations.csv (already processed)
Skipping RC5_12_Rounds_v4_429700_fault_locations.csv (already processed)
Skipping RC5_12_Rounds_v5_1026272_fault_locations.csv (already processed)
Skipping RC5_12_Rounds_v6_309969_fault_locations.csv (already processed)
Skipping RC5_12_Rounds_v7_3990507_fault_locations.csv (already processed)
Skipping RC5_12_Rounds_v8_77106_fault_locations.csv (already processed)
Skipping RC5_12_Rounds_v9_938754_fault_locations.csv (already processed)
Skipping RC5_32_12_16_v1_4168277_fault_locations.csv (already processed)
Skipping RC5_32_12_16_v2_619243_fault_locations.csv (already processed)
Skipping RC5_32_12_16_v3_3880844_fault_locations.csv (already processed)
Skipping RC5_32_12_16_v4_415002_fault_locations.csv (already processed)
Skipping RC5_32_12_16_v6_242356_fault_locations.csv (already processed)
Skipping RC5_32_12_16_v8_185642_fault_locations.csv (already processed)
Skipping RC5_32_12_16_v9_909463_fault_locations.csv (already processed)
Skipping RC5_32_16_16_v10_785625_fault_locations.csv (already processed)
Skipping RC5_32_16_16_v1_4143517_fault_locations.csv (already processed)
Skipping RC5_32_16_16_v3_3797314_fault_locations.csv (already processed)
Skipping RC5_32_16_16_v4_478859_fault_locations.csv (already processed)
Skipping RC5_32_16_16_v6_267289_fault_locations.csv (already processed)
Skipping RC5_32_16_16_v7_4054435_fault_locations.csv (already processed)
Skipping RC5_32_16_16_v8_180954_fault_locations.csv (already processed)
Skipping RC5_32_16_16_v9_947157_fault_locations.csv (already processed)
Skipping RC5_32_v2_568071_fault_locations.csv (already processed)
Skipping RC5_32_v3_3885628_fault_locations.csv (already processed)
Skipping RC5_32_v4_409630_fault_locations.csv (already processed)
Skipping RC5_32_v7_4017070_fault_locations.csv (already processed)
Skipping RC5_32_v8_198864_fault_locations.csv (already processed)
Skipping RC5_32_v9_967130_fault_locations.csv (already processed)
Skipping RC5_64_v10_677219_fault_locations.csv (already processed)
Skipping RC5_64_v1_2056_fault_locations.csv (already processed)
Skipping RC5_64_v5_1114717_fault_locations.csv (already processed)
Skipping RC5_64_v6_362216_fault_locations.csv (already processed)
Skipping RC5_8_Rounds_v10_680787_fault_locations.csv (already processed)
Skipping RC5_8_Rounds_v1_20539_fault_locations.csv (already processed)
Skipping RC5_8_Rounds_v4_470507_fault_locations.csv (already processed)
Skipping RC5_8_Rounds_v5_1129398_fault_locations.csv (already processed)
Skipping RC5_8_Rounds_v6_289949_fault_locations.csv (already processed)
Skipping RC5_8_Rounds_v8_205689_fault_locations.csv (already processed)
Skipping RC5_8_Rounds_v9_927007_fault_locations.csv (already processed)
Skipping RC5_Block_32_v10_780334_fault_locations.csv (already processed)
Skipping RC5_Block_32_v1_4131316_fault_locations.csv (already processed)
Skipping RC5_Block_32_v2_665374_fault_locations.csv (already processed)
Skipping RC5_Block_32_v4_417454_fault_locations.csv (already processed)
Skipping RC5_Block_32_v5_1015250_fault_locations.csv (already processed)
Skipping RC5_Block_32_v6_346526_fault_locations.csv (already processed)
Skipping RC5_Block_32_v7_3943014_fault_locations.csv (already processed)
Skipping RC5_Block_32_v8_185579_fault_locations.csv (already processed)
Skipping RC5_Block_32_v9_839561_fault_locations.csv (already processed)
Skipping RC5_Block_64_v10_811476_fault_locations.csv (already processed)
Skipping RC5_Block_64_v1_40479_fault_locations.csv (already processed)
Skipping RC5_Block_64_v2_591897_fault_locations.csv (already processed)
Skipping RC5_Block_64_v6_221419_fault_locations.csv (already processed)
Skipping RC5_Block_64_v7_4065035_fault_locations.csv (already processed)
Skipping RC5_Block_64_v8_176907_fault_locations.csv (already processed)
Skipping RC5_Block_64_v9_908855_fault_locations.csv (already processed)
Skipping RC5_CFB_v2_594097_fault_locations.csv (already processed)
Skipping RC5_CFB_v3_3929534_fault_locations.csv (already processed)
Skipping RC5_CFB_v4_416447_fault_locations.csv (already processed)
Skipping RC5_CFB_v5_1048217_fault_locations.csv (already processed)
Skipping RC5_CFB_v8_106384_fault_locations.csv (already processed)
Skipping RC5_CFB_v9_844022_fault_locations.csv (already processed)
Skipping RC5_OFB_v10_740941_fault_locations.csv (already processed)
Skipping RC5_OFB_v2_638965_fault_locations.csv (already processed)
Skipping RC5_OFB_v3_3804983_fault_locations.csv (already processed)
Skipping RC5_OFB_v4_473923_fault_locations.csv (already processed)
Skipping RC5_OFB_v5_1121268_fault_locations.csv (already processed)
Skipping RC5_OFB_v8_67740_fault_locations.csv (already processed)
Skipping RC6_128_v1_26457_fault_locations.csv (already processed)
Skipping RC6_128_v2_659665_fault_locations.csv (already processed)
Skipping RC6_128_v3_3927019_fault_locations.csv (already processed)
Skipping RC6_128_v4_430695_fault_locations.csv (already processed)
Skipping RC6_128_v5_1012634_fault_locations.csv (already processed)
Skipping RC6_128_v6_343330_fault_locations.csv (already processed)
Skipping RC6_128_v7_3965773_fault_locations.csv (already processed)
Skipping RC6_128_v8_87387_fault_locations.csv (already processed)
Skipping RC6_128_v9_961585_fault_locations.csv (already processed)
Skipping RC6_12_Rounds_v5_1019190_fault_locations.csv (already processed)
Skipping RC6_12_Rounds_v7_4040945_fault_locations.csv (already processed)
Skipping RC6_12_Rounds_v8_183093_fault_locations.csv (already processed)
Skipping RC6_12_Rounds_v9_926461_fault_locations.csv (already processed)
Skipping RC6_32_20_16_v10_804761_fault_locations.csv (already processed)
Skipping RC6_32_20_16_v1_37511_fault_locations.csv (already processed)
Skipping RC6_32_20_16_v2_593571_fault_locations.csv (already processed)
Skipping RC6_32_20_16_v4_416287_fault_locations.csv (already processed)
Skipping RC6_32_20_16_v5_1108208_fault_locations.csv (already processed)
Skipping RC6_32_20_16_v6_285115_fault_locations.csv (already processed)
Skipping RC6_32_20_16_v9_850928_fault_locations.csv (already processed)
Skipping RC6_64_20_16_v10_781247_fault_locations.csv (already processed)
Skipping RC6_64_20_16_v1_21893_fault_locations.csv (already processed)
Skipping RC6_64_20_16_v3_3849553_fault_locations.csv (already processed)
Skipping RC6_64_20_16_v4_407546_fault_locations.csv (already processed)
Skipping RC6_64_20_16_v8_151936_fault_locations.csv (already processed)
Skipping RC6_64_20_16_v9_923925_fault_locations.csv (already processed)
Skipping RC6_8_Rounds_v10_696531_fault_locations.csv (already processed)
Skipping RC6_8_Rounds_v1_4144896_fault_locations.csv (already processed)
Skipping RC6_8_Rounds_v3_3781928_fault_locations.csv (already processed)
Skipping RC6_8_Rounds_v4_461071_fault_locations.csv (already processed)
Skipping RC6_8_Rounds_v5_1069146_fault_locations.csv (already processed)
Skipping RC6_8_Rounds_v7_3932964_fault_locations.csv (already processed)
Skipping RC6_8_Rounds_v9_895992_fault_locations.csv (already processed)
Skipping RC6_Block_128_v2_674362_fault_locations.csv (already processed)
Skipping RC6_Block_128_v3_3847170_fault_locations.csv (already processed)
Skipping RC6_Block_128_v5_1049713_fault_locations.csv (already processed)
Skipping RC6_Block_128_v6_231258_fault_locations.csv (already processed)
Skipping RC6_Block_128_v7_4074446_fault_locations.csv (already processed)
Skipping RC6_Block_128_v8_157241_fault_locations.csv (already processed)
Skipping RC6_Block_128_v9_863502_fault_locations.csv (already processed)
Skipping RC6_Block_256_v10_742064_fault_locations.csv (already processed)
Skipping RC6_Block_256_v2_616861_fault_locations.csv (already processed)
Skipping RC6_Block_256_v3_3921436_fault_locations.csv (already processed)
Skipping RC6_Block_256_v4_497620_fault_locations.csv (already processed)
Skipping RC6_Block_256_v5_1077584_fault_locations.csv (already processed)
Skipping RC6_Block_256_v7_4043765_fault_locations.csv (already processed)
Skipping RC6_Block_256_v8_206286_fault_locations.csv (already processed)
Skipping RC6_Block_256_v9_882955_fault_locations.csv (already processed)
Skipping RC6_CBC_v10_679160_fault_locations.csv (already processed)
Skipping RC6_CBC_v1_4125095_fault_locations.csv (already processed)
Skipping RC6_CBC_v4_490912_fault_locations.csv (already processed)
Skipping RC6_CBC_v5_1070731_fault_locations.csv (already processed)
Skipping RC6_CBC_v6_369736_fault_locations.csv (already processed)
Skipping RC6_CBC_v7_4075055_fault_locations.csv (already processed)
Skipping RC6_CBC_v8_149669_fault_locations.csv (already processed)
Skipping RC6_CBC_v9_972738_fault_locations.csv (already processed)
Skipping RC6_CFB_v10_768849_fault_locations.csv (already processed)
Skipping RC6_CFB_v1_4074_fault_locations.csv (already processed)
Skipping RC6_CFB_v2_595268_fault_locations.csv (already processed)
Skipping RC6_CFB_v5_1127216_fault_locations.csv (already processed)
Skipping RC6_CFB_v6_261013_fault_locations.csv (already processed)
Skipping RC6_CFB_v7_3983246_fault_locations.csv (already processed)
Skipping RC6_ECB_v10_709982_fault_locations.csv (already processed)
Skipping RC6_ECB_v1_4117084_fault_locations.csv (already processed)
Skipping RC6_ECB_v2_631191_fault_locations.csv (already processed)
Skipping RC6_ECB_v3_3824710_fault_locations.csv (already processed)
Skipping RC6_ECB_v5_982834_fault_locations.csv (already processed)
Skipping RC6_ECB_v6_226913_fault_locations.csv (already processed)
Skipping RC6_ECB_v7_4082266_fault_locations.csv (already processed)
Skipping RC6_ECB_v9_860885_fault_locations.csv (already processed)
Skipping RC6_OFB_v1_4114044_fault_locations.csv (already processed)
Skipping RC6_OFB_v2_581112_fault_locations.csv (already processed)
Skipping RC6_OFB_v3_3885848_fault_locations.csv (already processed)
Skipping RC6_OFB_v5_982907_fault_locations.csv (already processed)
Skipping RC6_OFB_v7_4016978_fault_locations.csv (already processed)
Skipping RC6_OFB_v8_46716_fault_locations.csv (already processed)
Skipping RC6_XTS_v10_805326_fault_locations.csv (already processed)
Skipping RC6_XTS_v4_460157_fault_locations.csv (already processed)
Skipping RC6_XTS_v6_272279_fault_locations.csv (already processed)
Skipping RC6_XTS_v7_4025279_fault_locations.csv (already processed)
Skipping Reachability_Query_via_BFS_DFS_v10_680095_fault_locations.csv (already processed)
Skipping Reachability_Query_via_BFS_DFS_v1_4193681_fault_locations.csv (already processed)
Skipping Reachability_Query_via_BFS_DFS_v2_566305_fault_locations.csv (already processed)
Skipping Reachability_Query_via_BFS_DFS_v3_3813303_fault_locations.csv (already processed)
Skipping Reachability_Query_via_BFS_DFS_v4_464108_fault_locations.csv (already processed)
Skipping Reachability_Query_via_BFS_DFS_v5_1092676_fault_locations.csv (already processed)
Skipping Reachability_Query_via_BFS_DFS_v7_4021312_fault_locations.csv (already processed)
Skipping Reachability_Query_via_BFS_DFS_v8_98435_fault_locations.csv (already processed)
Skipping Reachability_Query_via_BFS_DFS_v9_971458_fault_locations.csv (already processed)
Skipping Reach_Based_Routing_v10_761558_fault_locations.csv (already processed)
Skipping Reach_Based_Routing_v1_4113430_fault_locations.csv (already processed)
Skipping Reach_Based_Routing_v3_3808299_fault_locations.csv (already processed)
Skipping Reach_Based_Routing_v4_486717_fault_locations.csv (already processed)
Skipping Reach_Based_Routing_v5_1024926_fault_locations.csv (already processed)
Skipping Reach_Based_Routing_v6_212866_fault_locations.csv (already processed)
Skipping Reach_Based_Routing_v7_4007537_fault_locations.csv (already processed)
Skipping Reach_Based_Routing_v9_973153_fault_locations.csv (already processed)
Skipping RECTANGLE_128_v10_813842_fault_locations.csv (already processed)
Skipping RECTANGLE_128_v1_4153189_fault_locations.csv (already processed)
Skipping RECTANGLE_128_v2_537321_fault_locations.csv (already processed)
Skipping RECTANGLE_128_v3_3828305_fault_locations.csv (already processed)
Skipping RECTANGLE_128_v4_415526_fault_locations.csv (already processed)
Skipping RECTANGLE_128_v5_984415_fault_locations.csv (already processed)
Skipping RECTANGLE_128_v6_254687_fault_locations.csv (already processed)
Skipping RECTANGLE_128_v7_4005408_fault_locations.csv (already processed)
Skipping RECTANGLE_128_v8_197080_fault_locations.csv (already processed)
Skipping RECTANGLE_128_v9_867358_fault_locations.csv (already processed)
Skipping RECTANGLE_64_v10_694630_fault_locations.csv (already processed)
Skipping RECTANGLE_64_v1_4143561_fault_locations.csv (already processed)
Skipping RECTANGLE_64_v2_565073_fault_locations.csv (already processed)
Skipping RECTANGLE_64_v3_3803787_fault_locations.csv (already processed)
Skipping RECTANGLE_64_v4_394223_fault_locations.csv (already processed)
Skipping RECTANGLE_64_v5_1063238_fault_locations.csv (already processed)
Skipping RECTANGLE_64_v6_338879_fault_locations.csv (already processed)
Skipping RECTANGLE_64_v7_4054262_fault_locations.csv (already processed)
Skipping RECTANGLE_64_v8_52845_fault_locations.csv (already processed)
Skipping RECTANGLE_64_v9_882050_fault_locations.csv (already processed)
Skipping Rectangle_Intersection_v10_817318_fault_locations.csv (already processed)
Skipping Rectangle_Intersection_v2_630591_fault_locations.csv (already processed)
Skipping Rectangle_Intersection_v3_3883563_fault_locations.csv (already processed)
Skipping Rectangle_Intersection_v4_525618_fault_locations.csv (already processed)
Skipping Rectangle_Intersection_v5_1015440_fault_locations.csv (already processed)
Skipping Rectangle_Intersection_v7_4061866_fault_locations.csv (already processed)
Skipping Rectangle_Intersection_v8_95585_fault_locations.csv (already processed)
Skipping Rectangle_Intersection_v9_860711_fault_locations.csv (already processed)
Skipping Rectangular_Partitioning_v10_704152_fault_locations.csv (already processed)
Skipping Rectangular_Partitioning_v1_33996_fault_locations.csv (already processed)
Skipping Rectangular_Partitioning_v3_3788343_fault_locations.csv (already processed)
Skipping Rectangular_Partitioning_v4_457599_fault_locations.csv (already processed)
Skipping Rectangular_Partitioning_v5_1084753_fault_locations.csv (already processed)
Skipping Rectangular_Partitioning_v7_4060009_fault_locations.csv (already processed)
Skipping Rectangular_Partitioning_v9_842370_fault_locations.csv (already processed)
Skipping Recurrent_Neural_Network_v1_4135007_fault_locations.csv (already processed)
Skipping Recurrent_Neural_Network_v2_634007_fault_locations.csv (already processed)
Skipping Recurrent_Neural_Network_v3_3803402_fault_locations.csv (already processed)
Skipping Recurrent_Neural_Network_v4_432966_fault_locations.csv (already processed)
Skipping Recurrent_Neural_Network_v5_1053405_fault_locations.csv (already processed)
Skipping Recurrent_Neural_Network_v6_342159_fault_locations.csv (already processed)
Skipping Recurrent_Neural_Network_v8_79827_fault_locations.csv (already processed)
Skipping Recurrent_Neural_Network_v9_929904_fault_locations.csv (already processed)
Skipping Recursive_DFS_v10_804969_fault_locations.csv (already processed)
Skipping Recursive_DFS_v1_4174735_fault_locations.csv (already processed)
Skipping Recursive_DFS_v2_630216_fault_locations.csv (already processed)
Skipping Recursive_DFS_v3_3896486_fault_locations.csv (already processed)
Skipping Recursive_DFS_v4_513656_fault_locations.csv (already processed)
Skipping Recursive_DFS_v5_1038435_fault_locations.csv (already processed)
Skipping Recursive_DFS_v6_226652_fault_locations.csv (already processed)
Skipping Recursive_DFS_v7_4012675_fault_locations.csv (already processed)
Skipping Recursive_DFS_v8_110741_fault_locations.csv (already processed)
Skipping Recursive_DFS_v9_911232_fault_locations.csv (already processed)
Skipping Regula_Falsi_Method_v10_706811_fault_locations.csv (already processed)
Skipping Regula_Falsi_Method_v1_43552_fault_locations.csv (already processed)
Skipping Regula_Falsi_Method_v2_541179_fault_locations.csv (already processed)
Skipping Regula_Falsi_Method_v4_386426_fault_locations.csv (already processed)
Skipping Regula_Falsi_Method_v5_1107328_fault_locations.csv (already processed)
Skipping Regula_Falsi_Method_v7_4023290_fault_locations.csv (already processed)
Skipping Regula_Falsi_Method_v8_53965_fault_locations.csv (already processed)
Skipping REINFORCE_Algorithm_v3_3876416_fault_locations.csv (already processed)
Skipping REINFORCE_Algorithm_v9_918839_fault_locations.csv (already processed)
Skipping Reinforcement_Learning_Policy_Gradient_v1_4185533_fault_locations.csv (already processed)
Skipping Reinforcement_Learning_Policy_Gradient_v7_3961497_fault_locations.csv (already processed)
Skipping Reinforcement_NAS_v10_797112_fault_locations.csv (already processed)
Skipping Reinforcement_NAS_v4_495085_fault_locations.csv (already processed)
Skipping Reinforcement_NAS_v6_320367_fault_locations.csv (already processed)
Skipping Reinforcement_NAS_v7_3935168_fault_locations.csv (already processed)
Skipping Reinforcement_NAS_v8_60956_fault_locations.csv (already processed)
Skipping Relabel_to_Front_Algorithm_v10_692174_fault_locations.csv (already processed)
Skipping Relabel_to_Front_Algorithm_v1_4117325_fault_locations.csv (already processed)
Skipping Relabel_to_Front_Algorithm_v2_532184_fault_locations.csv (already processed)
Skipping Relabel_to_Front_Algorithm_v3_3920873_fault_locations.csv (already processed)
Skipping Relabel_to_Front_Algorithm_v8_108742_fault_locations.csv (already processed)
Skipping Reptile_Algorithm_v1_2363_fault_locations.csv (already processed)
Skipping Reptile_Algorithm_v2_547206_fault_locations.csv (already processed)
Skipping Reptile_Algorithm_v5_1024955_fault_locations.csv (already processed)
Skipping Reptile_Algorithm_v7_3964067_fault_locations.csv (already processed)
Skipping Reptile_Algorithm_v8_199593_fault_locations.csv (already processed)
Skipping Residual_Capacity_Update_v10_818418_fault_locations.csv (already processed)
Skipping Residual_Capacity_Update_v1_4152060_fault_locations.csv (already processed)
Skipping Residual_Capacity_Update_v3_3790428_fault_locations.csv (already processed)
Skipping Residual_Capacity_Update_v4_426775_fault_locations.csv (already processed)
Skipping Residual_Capacity_Update_v5_1122131_fault_locations.csv (already processed)
Skipping Residual_Capacity_Update_v6_363300_fault_locations.csv (already processed)
Skipping Residual_Capacity_Update_v7_3972853_fault_locations.csv (already processed)
Skipping Residual_Capacity_Update_v8_58838_fault_locations.csv (already processed)
Skipping ResNet_v1_4116984_fault_locations.csv (already processed)
Skipping ResNet_v3_3816708_fault_locations.csv (already processed)
Skipping ResNeXt_v6_371271_fault_locations.csv (already processed)
Skipping ResNeXt_v9_854170_fault_locations.csv (already processed)
Skipping RetinaNet_v1_4144260_fault_locations.csv (already processed)
Skipping RetinaNet_v2_588378_fault_locations.csv (already processed)
Skipping RetinaNet_v5_1023705_fault_locations.csv (already processed)
Skipping RetinaNet_v6_250372_fault_locations.csv (already processed)
Skipping Reverse_Delete_MST_Algorithm_v2_665875_fault_locations.csv (already processed)
Skipping Reverse_Delete_MST_Algorithm_v3_3797718_fault_locations.csv (already processed)
Skipping Reverse_Delete_MST_Algorithm_v4_444305_fault_locations.csv (already processed)
Skipping Reverse_Delete_MST_Algorithm_v5_980410_fault_locations.csv (already processed)
Skipping Reverse_Delete_MST_Algorithm_v6_356362_fault_locations.csv (already processed)
Skipping Reverse_Delete_MST_Algorithm_v7_4031770_fault_locations.csv (already processed)
Skipping Reverse_Delete_MST_Algorithm_v8_78373_fault_locations.csv (already processed)
Skipping Reverse_Delete_MST_Algorithm_v9_931903_fault_locations.csv (already processed)
Skipping Revised_Simplex_Method_v1_2569_fault_locations.csv (already processed)
Skipping Revised_Simplex_Method_v2_673071_fault_locations.csv (already processed)
Skipping Revised_Simplex_Method_v3_3910657_fault_locations.csv (already processed)
Skipping Revised_Simplex_Method_v4_524735_fault_locations.csv (already processed)
Skipping Revised_Simplex_Method_v5_1086510_fault_locations.csv (already processed)
Skipping Revised_Simplex_Method_v6_356751_fault_locations.csv (already processed)
Skipping Revised_Simplex_Method_v7_3935157_fault_locations.csv (already processed)
Skipping Revised_Simplex_Method_v8_148170_fault_locations.csv (already processed)
Skipping Revised_Simplex_Method_v9_861843_fault_locations.csv (already processed)
Skipping Reward_Modeling_v10_822731_fault_locations.csv (already processed)
Skipping Reward_Modeling_v1_4188451_fault_locations.csv (already processed)
Skipping Reward_Modeling_v2_624218_fault_locations.csv (already processed)
Skipping Reward_Modeling_v5_983193_fault_locations.csv (already processed)
Skipping Reward_Modeling_v6_253412_fault_locations.csv (already processed)
Skipping Reward_Modeling_v7_3974346_fault_locations.csv (already processed)
Skipping R_FCN_v4_470204_fault_locations.csv (already processed)
Skipping R_FCN_v9_917924_fault_locations.csv (already processed)
Skipping Richardson_Extrapolation_v10_705831_fault_locations.csv (already processed)
Skipping Richardson_Extrapolation_v2_639964_fault_locations.csv (already processed)
Skipping Richardson_Extrapolation_v4_420702_fault_locations.csv (already processed)
Skipping Richardson_Extrapolation_v6_272900_fault_locations.csv (already processed)
Skipping Richardson_Extrapolation_v9_938214_fault_locations.csv (already processed)
Skipping Ridge_Classifier_v4_438321_fault_locations.csv (already processed)
Skipping Ridge_Classifier_v5_1073226_fault_locations.csv (already processed)
Skipping Ridge_Classifier_v6_289265_fault_locations.csv (already processed)
Skipping Ridge_Classifier_v7_3976211_fault_locations.csv (already processed)
Skipping Ridge_Classifier_v8_105704_fault_locations.csv (already processed)
Skipping Ridge_Regression_v10_701045_fault_locations.csv (already processed)
Skipping Ridge_Regression_v1_4169116_fault_locations.csv (already processed)
Skipping Ridge_Regression_v3_3887099_fault_locations.csv (already processed)
Skipping Ridge_Regression_v4_426068_fault_locations.csv (already processed)
Skipping Ridge_Regression_v5_984632_fault_locations.csv (already processed)
Skipping Ridge_Regression_v6_372598_fault_locations.csv (already processed)
Skipping Ridge_Regression_v7_4032464_fault_locations.csv (already processed)
Skipping Ridge_Regression_v8_102354_fault_locations.csv (already processed)
Skipping Ridge_Regression_v9_934446_fault_locations.csv (already processed)
Skipping Rigid_Alignment_Procrustes_v2_597239_fault_locations.csv (already processed)
Skipping Rigid_Alignment_Procrustes_v3_3850924_fault_locations.csv (already processed)
Skipping Rigid_Body_Transform_v10_681013_fault_locations.csv (already processed)
Skipping Rigid_Body_Transform_v3_3859372_fault_locations.csv (already processed)
Skipping Rigid_Body_Transform_v5_1108600_fault_locations.csv (already processed)
Skipping Rigid_Body_Transform_v6_269370_fault_locations.csv (already processed)
Skipping Rigid_Body_Transform_v7_4058211_fault_locations.csv (already processed)
Skipping Rigid_Body_Transform_v9_872286_fault_locations.csv (already processed)
Skipping RLHF_Reinforcement_Learning_from_Human_Feedback_v10_745396_fault_locations.csv (already processed)
Skipping RLHF_Reinforcement_Learning_from_Human_Feedback_v5_1038551_fault_locations.csv (already processed)
Skipping RLHF_Reinforcement_Learning_from_Human_Feedback_v6_231531_fault_locations.csv (already processed)
Skipping RLHF_Reinforcement_Learning_from_Human_Feedback_v9_911805_fault_locations.csv (already processed)
Skipping RMSProp_v4_443022_fault_locations.csv (already processed)
Skipping RMSProp_v5_1017822_fault_locations.csv (already processed)
Skipping RMSProp_v6_384797_fault_locations.csv (already processed)
Skipping RMSProp_v7_3986857_fault_locations.csv (already processed)
Skipping Romberg_Integration_v10_821574_fault_locations.csv (already processed)
Skipping Romberg_Integration_v1_4139876_fault_locations.csv (already processed)
Skipping Romberg_Integration_v3_3889126_fault_locations.csv (already processed)
Skipping Romberg_Integration_v4_467273_fault_locations.csv (already processed)
Skipping Romberg_Integration_v6_266076_fault_locations.csv (already processed)
Skipping Rooted_Tree_Dynamic_Programming_v10_677339_fault_locations.csv (already processed)
Skipping Rooted_Tree_Dynamic_Programming_v1_4182917_fault_locations.csv (already processed)
Skipping Rooted_Tree_Dynamic_Programming_v2_633186_fault_locations.csv (already processed)
Skipping Rooted_Tree_Dynamic_Programming_v3_3880511_fault_locations.csv (already processed)
Skipping Rooted_Tree_Dynamic_Programming_v4_415251_fault_locations.csv (already processed)
Skipping Rooted_Tree_Dynamic_Programming_v5_1077606_fault_locations.csv (already processed)
Skipping Rooted_Tree_Dynamic_Programming_v6_234410_fault_locations.csv (already processed)
Skipping Rooted_Tree_Dynamic_Programming_v7_3952882_fault_locations.csv (already processed)
Skipping Rooted_Tree_Dynamic_Programming_v8_77357_fault_locations.csv (already processed)
Skipping Root_Finding_Newton_Raphson_v3_3809740_fault_locations.csv (already processed)
Skipping Root_Finding_Newton_Raphson_v4_466444_fault_locations.csv (already processed)
Skipping Root_Finding_Newton_Raphson_v5_1105925_fault_locations.csv (already processed)
Skipping Root_Finding_Newton_Raphson_v6_339683_fault_locations.csv (already processed)
Skipping Root_Finding_Newton_Raphson_v7_3974999_fault_locations.csv (already processed)
Skipping Root_Finding_Newton_Raphson_v8_109870_fault_locations.csv (already processed)
Skipping Root_Finding_Newton_Raphson_v9_877082_fault_locations.csv (already processed)
Skipping Rotating_Calipers_v10_817084_fault_locations.csv (already processed)
Skipping Rotating_Calipers_v1_4087471_fault_locations.csv (already processed)
Skipping Rotating_Calipers_v2_622646_fault_locations.csv (already processed)
Skipping Rotating_Calipers_v6_338048_fault_locations.csv (already processed)
Skipping Rotating_Calipers_v8_165883_fault_locations.csv (already processed)
Skipping R_Tree_Range_Query_v10_710389_fault_locations.csv (already processed)
Skipping R_Tree_Range_Query_v2_652743_fault_locations.csv (already processed)
Skipping R_Tree_Range_Query_v3_3801295_fault_locations.csv (already processed)
Skipping R_Tree_Range_Query_v5_996448_fault_locations.csv (already processed)
Skipping R_Tree_Range_Query_v7_3990583_fault_locations.csv (already processed)
Skipping Runge_Kutta_2_v10_791734_fault_locations.csv (already processed)
Skipping Runge_Kutta_2_v1_4147615_fault_locations.csv (already processed)
Skipping Runge_Kutta_2_v3_3863467_fault_locations.csv (already processed)
Skipping Runge_Kutta_2_v4_486033_fault_locations.csv (already processed)
Skipping Runge_Kutta_2_v7_4064108_fault_locations.csv (already processed)
Skipping Runge_Kutta_2_v8_204887_fault_locations.csv (already processed)
Skipping Runge_Kutta_2_v9_964505_fault_locations.csv (already processed)
Skipping Runge_Kutta_3_v1_4093791_fault_locations.csv (already processed)
Skipping Runge_Kutta_3_v2_562267_fault_locations.csv (already processed)
Skipping Runge_Kutta_3_v3_3915293_fault_locations.csv (already processed)
Skipping Runge_Kutta_3_v4_482860_fault_locations.csv (already processed)
Skipping Runge_Kutta_3_v5_1101759_fault_locations.csv (already processed)
Skipping Runge_Kutta_3_v7_4061324_fault_locations.csv (already processed)
Skipping Runge_Kutta_3_v9_963871_fault_locations.csv (already processed)
Skipping Runge_Kutta_4_v1_4111726_fault_locations.csv (already processed)
Skipping Runge_Kutta_4_v2_650533_fault_locations.csv (already processed)
Skipping Runge_Kutta_4_v3_3897389_fault_locations.csv (already processed)
Skipping Runge_Kutta_4_v5_1084176_fault_locations.csv (already processed)
Skipping Runge_Kutta_4_v6_328839_fault_locations.csv (already processed)
Skipping Runge_Kutta_4_v7_3967264_fault_locations.csv (already processed)
Skipping Runge_Kutta_4_v8_78350_fault_locations.csv (already processed)
Skipping Runge_Kutta_4_v9_865827_fault_locations.csv (already processed)
Skipping Runge_Kutta_Fehlberg_Method_v10_793099_fault_locations.csv (already processed)
Skipping Runge_Kutta_Fehlberg_Method_v1_4185547_fault_locations.csv (already processed)
Skipping Runge_Kutta_Fehlberg_Method_v2_584551_fault_locations.csv (already processed)
Skipping Runge_Kutta_Fehlberg_Method_v3_3831740_fault_locations.csv (already processed)
Skipping Runge_Kutta_Fehlberg_Method_v4_490208_fault_locations.csv (already processed)
Skipping Runge_Kutta_Fehlberg_Method_v5_1087419_fault_locations.csv (already processed)
Skipping Runge_Kutta_Fehlberg_Method_v6_298947_fault_locations.csv (already processed)
Skipping Runge_Kutta_Method_RK4_v10_751612_fault_locations.csv (already processed)
Skipping Runge_Kutta_Method_RK4_v1_4148956_fault_locations.csv (already processed)
Skipping Runge_Kutta_Method_RK4_v2_673137_fault_locations.csv (already processed)
Skipping Runge_Kutta_Method_RK4_v3_3877866_fault_locations.csv (already processed)
Skipping Runge_Kutta_Method_RK4_v4_497998_fault_locations.csv (already processed)
Skipping Runge_Kutta_Method_RK4_v5_1089010_fault_locations.csv (already processed)
Skipping Runge_Kutta_Method_RK4_v8_62001_fault_locations.csv (already processed)
Skipping Russian_Peasant_Multiplication_v1_5140_fault_locations.csv (already processed)
Skipping Russian_Peasant_Multiplication_v2_594877_fault_locations.csv (already processed)
Skipping Russian_Peasant_Multiplication_v3_3914063_fault_locations.csv (already processed)
Skipping Russian_Peasant_Multiplication_v4_446328_fault_locations.csv (already processed)
Skipping Russian_Peasant_Multiplication_v5_1034273_fault_locations.csv (already processed)
Skipping Russian_Peasant_Multiplication_v6_256904_fault_locations.csv (already processed)
Skipping Russian_Peasant_Multiplication_v7_4076297_fault_locations.csv (already processed)
Skipping Russian_Peasant_Multiplication_v9_965708_fault_locations.csv (already processed)
Skipping Safer_K_64_v10_826534_fault_locations.csv (already processed)
Skipping Safer_K_64_v1_42272_fault_locations.csv (already processed)
Skipping Safer_K_64_v4_453499_fault_locations.csv (already processed)
Skipping Safer_K_64_v5_983045_fault_locations.csv (already processed)
Skipping Safer_K_64_v7_4055836_fault_locations.csv (already processed)
Skipping Safer_K_64_v8_120018_fault_locations.csv (already processed)
Skipping Safer_K_64_v9_902736_fault_locations.csv (already processed)
Skipping Safer_SK_128_v10_737427_fault_locations.csv (already processed)
Skipping Safer_SK_128_v2_654765_fault_locations.csv (already processed)
Skipping Safer_SK_128_v3_3861135_fault_locations.csv (already processed)
Skipping Safer_SK_128_v6_357739_fault_locations.csv (already processed)
Skipping Safer_SK_128_v8_189434_fault_locations.csv (already processed)
Skipping Safer_SK_128_v9_972579_fault_locations.csv (already processed)
Skipping Safer_SK_40_v1_4087187_fault_locations.csv (already processed)
Skipping Safer_SK_40_v3_3896560_fault_locations.csv (already processed)
Skipping Safer_SK_40_v4_481367_fault_locations.csv (already processed)
Skipping Safer_SK_40_v5_1099136_fault_locations.csv (already processed)
Skipping Safer_SK_40_v6_303571_fault_locations.csv (already processed)
Skipping Safer_SK_40_v7_4004345_fault_locations.csv (already processed)
Skipping Safer_SK_40_v8_127029_fault_locations.csv (already processed)
Skipping Safer_SK_40_v9_909844_fault_locations.csv (already processed)
Skipping Salsa20_12_v10_777865_fault_locations.csv (already processed)
Skipping Salsa20_12_v2_669106_fault_locations.csv (already processed)
Skipping Salsa20_12_v3_3902509_fault_locations.csv (already processed)
Skipping Salsa20_12_v4_490822_fault_locations.csv (already processed)
Skipping Salsa20_12_v5_1068404_fault_locations.csv (already processed)
Skipping Salsa20_12_v6_259069_fault_locations.csv (already processed)
Skipping Salsa20_12_v7_4054487_fault_locations.csv (already processed)
Skipping Salsa20_12_v8_135080_fault_locations.csv (already processed)
Skipping Salsa20_12_v9_911783_fault_locations.csv (already processed)
Skipping Salsa20_20_v10_791350_fault_locations.csv (already processed)
Skipping Salsa20_20_v1_4127077_fault_locations.csv (already processed)
Skipping Salsa20_20_v2_555460_fault_locations.csv (already processed)
Skipping Salsa20_20_v3_3810314_fault_locations.csv (already processed)
Skipping Salsa20_20_v4_471254_fault_locations.csv (already processed)
Skipping Salsa20_20_v5_1109769_fault_locations.csv (already processed)
Skipping Salsa20_20_v7_4084281_fault_locations.csv (already processed)
Skipping Salsa20_20_v8_151873_fault_locations.csv (already processed)
Skipping Salsa20_20_v9_901571_fault_locations.csv (already processed)
Skipping Salsa20_8_v10_739602_fault_locations.csv (already processed)
Skipping Salsa20_8_v1_16771_fault_locations.csv (already processed)
Skipping Salsa20_8_v2_545413_fault_locations.csv (already processed)
Skipping Salsa20_8_v3_3799100_fault_locations.csv (already processed)
Skipping Salsa20_8_v4_467631_fault_locations.csv (already processed)
Skipping Salsa20_8_v6_385345_fault_locations.csv (already processed)
Skipping Salsa20_8_v7_4048599_fault_locations.csv (already processed)
Skipping Salsa20_8_v8_159992_fault_locations.csv (already processed)
Skipping Salsa20_8_v9_909339_fault_locations.csv (already processed)
Skipping Salsa20_v10_681811_fault_locations.csv (already processed)
Skipping Salsa20_v1_28161_fault_locations.csv (already processed)
Skipping Salsa20_v3_3854472_fault_locations.csv (already processed)
Skipping Salsa20_v4_511659_fault_locations.csv (already processed)
Skipping Salsa20_v5_1053054_fault_locations.csv (already processed)
Skipping Salsa20_v6_298607_fault_locations.csv (already processed)
Skipping Salsa20_v7_4072761_fault_locations.csv (already processed)
Skipping Salsa20_v8_141754_fault_locations.csv (already processed)
Skipping Salsa20_v9_832684_fault_locations.csv (already processed)
Skipping SARSA_Algorithm_v10_830942_fault_locations.csv (already processed)
Skipping SARSA_Algorithm_v1_46143_fault_locations.csv (already processed)
Skipping SARSA_Algorithm_v2_606584_fault_locations.csv (already processed)
Skipping SARSA_Algorithm_v5_1014088_fault_locations.csv (already processed)
Skipping SARSA_Algorithm_v9_963278_fault_locations.csv (already processed)
Skipping Savitzky_Golay_Filter_v10_685309_fault_locations.csv (already processed)
Skipping Savitzky_Golay_Filter_v1_27888_fault_locations.csv (already processed)
Skipping Savitzky_Golay_Filter_v2_562052_fault_locations.csv (already processed)
Skipping Savitzky_Golay_Filter_v3_3865638_fault_locations.csv (already processed)
Skipping Savitzky_Golay_Filter_v4_406016_fault_locations.csv (already processed)
Skipping Savitzky_Golay_Filter_v5_1104614_fault_locations.csv (already processed)
Skipping Savitzky_Golay_Filter_v7_3949311_fault_locations.csv (already processed)
Skipping Savitzky_Golay_Filter_v9_907844_fault_locations.csv (already processed)
Skipping Scaling_Flow_Algorithm_v1_4130316_fault_locations.csv (already processed)
Skipping Scaling_Flow_Algorithm_v2_665352_fault_locations.csv (already processed)
Skipping Scaling_Flow_Algorithm_v3_3835571_fault_locations.csv (already processed)
Skipping Scaling_Flow_Algorithm_v4_497810_fault_locations.csv (already processed)
Skipping Scaling_Flow_Algorithm_v5_1083892_fault_locations.csv (already processed)
Skipping Scaling_Flow_Algorithm_v8_169573_fault_locations.csv (already processed)
Skipping Scaling_Flow_Algorithm_v9_905269_fault_locations.csv (already processed)
Skipping Scaling_Transformation_v1_4106988_fault_locations.csv (already processed)
Skipping Scaling_Transformation_v3_3894223_fault_locations.csv (already processed)
Skipping Scaling_Transformation_v4_489969_fault_locations.csv (already processed)
Skipping Scaling_Transformation_v5_1103529_fault_locations.csv (already processed)
Skipping Scaling_Transformation_v6_372889_fault_locations.csv (already processed)
Skipping Scaling_Transformation_v7_3973388_fault_locations.csv (already processed)
Skipping Scaling_Transformation_v8_95732_fault_locations.csv (already processed)
Skipping Schönhage_Strassen_Multiplication_v2_669258_fault_locations.csv (already processed)
Skipping Schönhage_Strassen_Multiplication_v6_378815_fault_locations.csv (already processed)
Skipping Schönhage_Strassen_Multiplication_v9_845832_fault_locations.csv (already processed)
Skipping Schoolbook_Multiplication_v10_758109_fault_locations.csv (already processed)
Skipping Schoolbook_Multiplication_v1_4140252_fault_locations.csv (already processed)
Skipping Schoolbook_Multiplication_v2_540600_fault_locations.csv (already processed)
Skipping Schoolbook_Multiplication_v3_3827709_fault_locations.csv (already processed)
Skipping Schoolbook_Multiplication_v4_441513_fault_locations.csv (already processed)
Skipping Schoolbook_Multiplication_v5_1074710_fault_locations.csv (already processed)
Skipping Schoolbook_Multiplication_v6_276149_fault_locations.csv (already processed)
Skipping Schoolbook_Multiplication_v7_4007460_fault_locations.csv (already processed)
Skipping Schoolbook_Multiplication_v8_69139_fault_locations.csv (already processed)
Skipping Schoolbook_Multiplication_v9_967500_fault_locations.csv (already processed)
Skipping Schur_Decomposition_v10_782755_fault_locations.csv (already processed)
Skipping Schur_Decomposition_v4_457579_fault_locations.csv (already processed)
Skipping Schwarz_Method_v10_745425_fault_locations.csv (already processed)
Skipping Schwarz_Method_v2_601413_fault_locations.csv (already processed)
Skipping Schwarz_Method_v3_3887001_fault_locations.csv (already processed)
Skipping Schwarz_Method_v7_3940843_fault_locations.csv (already processed)
Skipping Schwarz_Method_v8_200443_fault_locations.csv (already processed)
Skipping Score_Based_Generative_Model_v10_682654_fault_locations.csv (already processed)
Skipping Score_Based_Generative_Model_v5_1139010_fault_locations.csv (already processed)
Skipping Screen_Space_Projection_v10_790959_fault_locations.csv (already processed)
Skipping Screen_Space_Projection_v1_4154389_fault_locations.csv (already processed)
Skipping Screen_Space_Projection_v2_669448_fault_locations.csv (already processed)
Skipping Screen_Space_Projection_v3_3819925_fault_locations.csv (already processed)
Skipping Screen_Space_Projection_v4_511746_fault_locations.csv (already processed)
Skipping Screen_Space_Projection_v5_1099755_fault_locations.csv (already processed)
Skipping Screen_Space_Projection_v6_227285_fault_locations.csv (already processed)
Skipping Screen_Space_Projection_v7_3965856_fault_locations.csv (already processed)
Skipping Screen_Space_Projection_v8_88517_fault_locations.csv (already processed)
Skipping Secant_Method_v10_781274_fault_locations.csv (already processed)
Skipping Secant_Method_v2_560514_fault_locations.csv (already processed)
Skipping Secant_Method_v3_3914791_fault_locations.csv (already processed)
Skipping Secant_Method_v4_393188_fault_locations.csv (already processed)
Skipping Secant_Method_v5_1137005_fault_locations.csv (already processed)
Skipping Secant_Method_v8_107028_fault_locations.csv (already processed)
Skipping SEED_v1_4155938_fault_locations.csv (already processed)
Skipping SEED_v7_4018335_fault_locations.csv (already processed)
Skipping SEED_v8_130148_fault_locations.csv (already processed)
Skipping Segmented_Sieve_of_Eratosthenes_v10_826338_fault_locations.csv (already processed)
Skipping Segmented_Sieve_of_Eratosthenes_v2_623705_fault_locations.csv (already processed)
Skipping Segmented_Sieve_of_Eratosthenes_v3_3807391_fault_locations.csv (already processed)
Skipping Segmented_Sieve_of_Eratosthenes_v4_423472_fault_locations.csv (already processed)
Skipping Segmented_Sieve_of_Eratosthenes_v5_1069883_fault_locations.csv (already processed)
Skipping Segmented_Sieve_of_Eratosthenes_v7_3934915_fault_locations.csv (already processed)
Skipping Segmented_Sieve_of_Eratosthenes_v9_907777_fault_locations.csv (already processed)
Skipping Segment_Intersection_Sweep_Line_v8_199242_fault_locations.csv (already processed)
Skipping Segment_Tree_Geometry_Query_v2_546457_fault_locations.csv (already processed)
Skipping Segment_Tree_Geometry_Query_v4_409659_fault_locations.csv (already processed)
Skipping Segment_Tree_Geometry_Query_v5_1138365_fault_locations.csv (already processed)
Skipping Segment_Tree_Geometry_Query_v6_383793_fault_locations.csv (already processed)
Skipping Segment_Tree_Geometry_Query_v7_4067259_fault_locations.csv (already processed)
Skipping Segment_Tree_Geometry_Query_v8_61864_fault_locations.csv (already processed)
Skipping SegNet_v10_788500_fault_locations.csv (already processed)
Skipping SegNet_v4_409615_fault_locations.csv (already processed)
Skipping SegNet_v5_1035426_fault_locations.csv (already processed)
Skipping SegNet_v7_4012631_fault_locations.csv (already processed)
Skipping Self_Consistency_Decoding_v10_718647_fault_locations.csv (already processed)
Skipping Self_Consistency_Decoding_v2_643085_fault_locations.csv (already processed)
Skipping Self_Consistency_Decoding_v3_3814826_fault_locations.csv (already processed)
Skipping Self_Consistency_Decoding_v4_449927_fault_locations.csv (already processed)
Skipping Self_Consistency_Decoding_v5_1027095_fault_locations.csv (already processed)
Skipping Self_Consistency_Decoding_v6_348802_fault_locations.csv (already processed)
Skipping Self_Consistency_Decoding_v7_4074584_fault_locations.csv (already processed)
Skipping Self_Consistency_Decoding_v9_893060_fault_locations.csv (already processed)
Skipping Self_Organizing_Map_v7_4063010_fault_locations.csv (already processed)
Skipping Self_Organizing_Map_v8_51744_fault_locations.csv (already processed)
Skipping Self_Supervised_Learning_v1_4116180_fault_locations.csv (already processed)
Skipping Self_Supervised_Learning_v2_627963_fault_locations.csv (already processed)
Skipping Self_Supervised_Learning_v3_3918635_fault_locations.csv (already processed)
Skipping Self_Supervised_Learning_v5_1091428_fault_locations.csv (already processed)
Skipping Self_Supervised_Learning_v8_174841_fault_locations.csv (already processed)
Skipping Self_Supervised_Learning_v9_908518_fault_locations.csv (already processed)
Skipping Semi_Supervised_Learning_v10_712632_fault_locations.csv (already processed)
Skipping Semi_Supervised_Learning_v4_397200_fault_locations.csv (already processed)
Skipping Semi_Supervised_Learning_v7_4006866_fault_locations.csv (already processed)
Skipping Semi_Supervised_Learning_v9_933401_fault_locations.csv (already processed)
Skipping Sentence_BERT_v2_563166_fault_locations.csv (already processed)
Skipping Sentence_BERT_v3_3839870_fault_locations.csv (already processed)
Skipping Sentence_BERT_v4_484944_fault_locations.csv (already processed)
Skipping Sentence_BERT_v6_268742_fault_locations.csv (already processed)
Skipping Separating_Axis_Theorem_v10_821793_fault_locations.csv (already processed)
Skipping Separating_Axis_Theorem_v3_3883102_fault_locations.csv (already processed)
Skipping Separating_Axis_Theorem_v6_293996_fault_locations.csv (already processed)
Skipping Separating_Axis_Theorem_v7_4047091_fault_locations.csv (already processed)
Skipping Sequential_Quadratic_Programming_v10_686300_fault_locations.csv (already processed)
Skipping Sequential_Quadratic_Programming_v1_27853_fault_locations.csv (already processed)
Skipping Sequential_Quadratic_Programming_v2_532224_fault_locations.csv (already processed)
Skipping Sequential_Quadratic_Programming_v4_394565_fault_locations.csv (already processed)
Skipping Sequential_Quadratic_Programming_v7_3981980_fault_locations.csv (already processed)
Skipping Series_Parallel_Graph_Check_v10_826276_fault_locations.csv (already processed)
Skipping Series_Parallel_Graph_Check_v3_3811474_fault_locations.csv (already processed)
Skipping Series_Parallel_Graph_Check_v4_497359_fault_locations.csv (already processed)
Skipping Series_Parallel_Graph_Check_v5_1131534_fault_locations.csv (already processed)
Skipping Series_Parallel_Graph_Check_v6_234131_fault_locations.csv (already processed)
Skipping Series_Parallel_Graph_Check_v7_3935203_fault_locations.csv (already processed)
Skipping Series_Parallel_Graph_Check_v8_91029_fault_locations.csv (already processed)
Skipping Series_Parallel_Graph_Check_v9_833604_fault_locations.csv (already processed)
Skipping Serpent_128_v2_573557_fault_locations.csv (already processed)
Skipping Serpent_128_v3_3915928_fault_locations.csv (already processed)
Skipping Serpent_128_v4_526303_fault_locations.csv (already processed)
Skipping Serpent_128_v5_1043329_fault_locations.csv (already processed)
Skipping Serpent_128_v6_233997_fault_locations.csv (already processed)
Skipping Serpent_128_v8_91837_fault_locations.csv (already processed)
Skipping Serpent_128_v9_912057_fault_locations.csv (already processed)
Skipping Serpent_192_v2_615505_fault_locations.csv (already processed)
Skipping Serpent_192_v3_3791223_fault_locations.csv (already processed)
Skipping Serpent_192_v4_415290_fault_locations.csv (already processed)
Skipping Serpent_192_v5_980761_fault_locations.csv (already processed)
Skipping Serpent_192_v6_281175_fault_locations.csv (already processed)
Skipping Serpent_192_v7_4054464_fault_locations.csv (already processed)
Skipping Serpent_192_v8_134096_fault_locations.csv (already processed)
Skipping Serpent_256_v2_537217_fault_locations.csv (already processed)
Skipping Serpent_256_v3_3885457_fault_locations.csv (already processed)
Skipping Serpent_256_v4_486483_fault_locations.csv (already processed)
Skipping Serpent_256_v5_1081878_fault_locations.csv (already processed)
Skipping Serpent_256_v6_355999_fault_locations.csv (already processed)
Skipping Serpent_256_v9_877352_fault_locations.csv (already processed)
Skipping Serpent_CBC_v8_69020_fault_locations.csv (already processed)
Skipping Serpent_CFB_v10_727692_fault_locations.csv (already processed)
Skipping Serpent_CFB_v5_988566_fault_locations.csv (already processed)
Skipping Serpent_CFB_v8_131433_fault_locations.csv (already processed)
Skipping Serpent_CFB_v9_900254_fault_locations.csv (already processed)
Skipping Serpent_ECB_v1_19802_fault_locations.csv (already processed)
Skipping Serpent_ECB_v2_670457_fault_locations.csv (already processed)
Skipping Serpent_ECB_v3_3838401_fault_locations.csv (already processed)
Skipping Serpent_ECB_v4_497594_fault_locations.csv (already processed)
Skipping Serpent_ECB_v5_1084645_fault_locations.csv (already processed)
Skipping Serpent_ECB_v6_385134_fault_locations.csv (already processed)
Skipping Serpent_ECB_v7_3939727_fault_locations.csv (already processed)
Skipping Serpent_ECB_v8_97631_fault_locations.csv (already processed)
Skipping Serpent_ECB_v9_928781_fault_locations.csv (already processed)
Skipping Serpent_GCM_v3_3808209_fault_locations.csv (already processed)
Skipping Serpent_GCM_v6_266494_fault_locations.csv (already processed)
Skipping Serpent_OFB_v10_707205_fault_locations.csv (already processed)
Skipping Serpent_OFB_v1_28389_fault_locations.csv (already processed)
Skipping Serpent_OFB_v2_596296_fault_locations.csv (already processed)
Skipping Serpent_OFB_v3_3876758_fault_locations.csv (already processed)
Skipping Serpent_OFB_v4_472017_fault_locations.csv (already processed)
Skipping Serpent_OFB_v5_1058305_fault_locations.csv (already processed)
Skipping Serpent_OFB_v7_4066182_fault_locations.csv (already processed)
Skipping Serpent_OFB_v8_202518_fault_locations.csv (already processed)
Skipping Serpent_OFB_v9_833645_fault_locations.csv (already processed)
Skipping Serpent_XTS_v2_636478_fault_locations.csv (already processed)
Skipping Serpent_XTS_v3_3911739_fault_locations.csv (already processed)
Skipping Serpent_XTS_v9_906758_fault_locations.csv (already processed)
Skipping Shanks’_Square_Forms_Factorization_v2_532162_fault_locations.csv (already processed)
Skipping Shanks’_Square_Forms_Factorization_v3_3842784_fault_locations.csv (already processed)
Skipping Shanks’_Square_Forms_Factorization_v8_51877_fault_locations.csv (already processed)
Skipping Shape_Optimization_v10_762242_fault_locations.csv (already processed)
Skipping Shape_Optimization_v1_4141870_fault_locations.csv (already processed)
Skipping Shape_Optimization_v3_3891600_fault_locations.csv (already processed)
Skipping Shape_Optimization_v5_1119261_fault_locations.csv (already processed)
Skipping Shape_Optimization_v6_288821_fault_locations.csv (already processed)
Skipping Shape_Optimization_v7_3973283_fault_locations.csv (already processed)
Skipping Shape_Optimization_v8_64994_fault_locations.csv (already processed)
Skipping Shape_Similarity_v3_3859480_fault_locations.csv (already processed)
Skipping Shape_Similarity_v9_949349_fault_locations.csv (already processed)
Skipping Shooting_Method_v10_770445_fault_locations.csv (already processed)
Skipping Shortest_Augmenting_Path_SAP_Algorithm_v1_4181430_fault_locations.csv (already processed)
Skipping Shortest_Augmenting_Path_SAP_Algorithm_v3_3887217_fault_locations.csv (already processed)
Skipping Shortest_Augmenting_Path_SAP_Algorithm_v5_1031375_fault_locations.csv (already processed)
Skipping Shortest_Augmenting_Path_SAP_Algorithm_v7_3980260_fault_locations.csv (already processed)
Skipping Shortest_Augmenting_Path_SAP_Algorithm_v9_868898_fault_locations.csv (already processed)
Skipping Shortest_Path_DAG_Reconstruction_v10_773538_fault_locations.csv (already processed)
Skipping Shortest_Path_DAG_Reconstruction_v1_4173176_fault_locations.csv (already processed)
Skipping Shortest_Path_DAG_Reconstruction_v2_548383_fault_locations.csv (already processed)
Skipping Shortest_Path_DAG_Reconstruction_v4_415454_fault_locations.csv (already processed)
Skipping Shortest_Path_DAG_Reconstruction_v5_1030535_fault_locations.csv (already processed)
Skipping Shortest_Path_DAG_Reconstruction_v7_3931843_fault_locations.csv (already processed)
Skipping Shortest_Path_DAG_Reconstruction_v8_195134_fault_locations.csv (already processed)
Skipping Shortest_Path_DAG_Reconstruction_v9_832981_fault_locations.csv (already processed)
Skipping Shortest_Path_Kernel_v3_3788376_fault_locations.csv (already processed)
Skipping Shortest_Path_Kernel_v5_1134143_fault_locations.csv (already processed)
Skipping Shortest_Path_Kernel_v6_299696_fault_locations.csv (already processed)
Skipping Shortest_Path_Kernel_v7_3948475_fault_locations.csv (already processed)
Skipping Shortest_Path_Kernel_v8_100798_fault_locations.csv (already processed)
Skipping Shortest_Path_Reconstruction_via_Predecessor_Matrix_v3_3807678_fault_locations.csv (already processed)
Skipping Shortest_Path_Reconstruction_via_Predecessor_Matrix_v4_471897_fault_locations.csv (already processed)
Skipping Shortest_Path_Reconstruction_via_Predecessor_Matrix_v5_1117783_fault_locations.csv (already processed)
Skipping Shortest_Path_Reconstruction_via_Predecessor_Matrix_v6_351541_fault_locations.csv (already processed)
Skipping Shortest_Path_Reconstruction_via_Predecessor_Matrix_v7_4038585_fault_locations.csv (already processed)
Skipping Shortest_Path_Tree_Construction_v10_716700_fault_locations.csv (already processed)
Skipping Shortest_Path_Tree_Construction_v1_4157205_fault_locations.csv (already processed)
Skipping Shortest_Path_Tree_Construction_v2_585104_fault_locations.csv (already processed)
Skipping Shortest_Path_Tree_Construction_v3_3888198_fault_locations.csv (already processed)
Skipping Shortest_Path_Tree_Construction_v4_428006_fault_locations.csv (already processed)
Skipping Shortest_Path_Tree_Construction_v5_988740_fault_locations.csv (already processed)
Skipping Shortest_Path_Tree_Construction_v6_340981_fault_locations.csv (already processed)
Skipping Shortest_Path_Tree_Construction_v7_4005882_fault_locations.csv (already processed)
Skipping Shortest_Path_Tree_Construction_v9_868138_fault_locations.csv (already processed)
Skipping Shortest_Path_with_Obstacles_v10_699767_fault_locations.csv (already processed)
Skipping Shortest_Path_with_Obstacles_v1_15992_fault_locations.csv (already processed)
Skipping Shortest_Path_with_Obstacles_v2_629673_fault_locations.csv (already processed)
Skipping Shortest_Path_with_Obstacles_v3_3812504_fault_locations.csv (already processed)
Skipping Shortest_Path_with_Obstacles_v7_4031913_fault_locations.csv (already processed)
Skipping Shortest_Path_with_Obstacles_v8_131381_fault_locations.csv (already processed)
Skipping Shortest_Path_with_Obstacles_v9_943344_fault_locations.csv (already processed)
Skipping Shortest_Watchman_Route_v10_708863_fault_locations.csv (already processed)
Skipping Shortest_Watchman_Route_v5_1079426_fault_locations.csv (already processed)
Skipping Short_Time_Fourier_Transform_v2_643293_fault_locations.csv (already processed)
Skipping ShuffleNet_v10_829525_fault_locations.csv (already processed)
Skipping ShuffleNet_v1_4181468_fault_locations.csv (already processed)
Skipping ShuffleNet_v2_534319_fault_locations.csv (already processed)
Skipping ShuffleNet_v4_415612_fault_locations.csv (already processed)
Skipping ShuffleNet_v5_1097594_fault_locations.csv (already processed)
Skipping ShuffleNet_v6_339653_fault_locations.csv (already processed)
Skipping ShuffleNet_v7_4028537_fault_locations.csv (already processed)
Skipping Siamese_Network_v5_1018466_fault_locations.csv (already processed)
Skipping Sierpinski_Carpet_v10_704339_fault_locations.csv (already processed)
Skipping Sierpinski_Carpet_v1_4091846_fault_locations.csv (already processed)
Skipping Sierpinski_Carpet_v2_619704_fault_locations.csv (already processed)
Skipping Sierpinski_Carpet_v3_3834873_fault_locations.csv (already processed)
Skipping Sierpinski_Carpet_v4_471379_fault_locations.csv (already processed)
Skipping Sierpinski_Carpet_v5_990116_fault_locations.csv (already processed)
Skipping Sierpinski_Carpet_v6_291775_fault_locations.csv (already processed)
Skipping Sierpinski_Carpet_v7_3980081_fault_locations.csv (already processed)
Skipping Sierpinski_Carpet_v8_174927_fault_locations.csv (already processed)
Skipping Sierpinski_Carpet_v9_862274_fault_locations.csv (already processed)
Skipping Sierpinski_Triangle_v10_825072_fault_locations.csv (already processed)
Skipping Sierpinski_Triangle_v1_41520_fault_locations.csv (already processed)
Skipping Sierpinski_Triangle_v2_651300_fault_locations.csv (already processed)
Skipping Sierpinski_Triangle_v3_3878061_fault_locations.csv (already processed)
Skipping Sierpinski_Triangle_v4_500215_fault_locations.csv (already processed)
Skipping Sierpinski_Triangle_v5_1032823_fault_locations.csv (already processed)
Skipping Sierpinski_Triangle_v6_247671_fault_locations.csv (already processed)
Skipping Sierpinski_Triangle_v7_4012412_fault_locations.csv (already processed)
Skipping Sierpinski_Triangle_v8_172180_fault_locations.csv (already processed)
Skipping Sieve_of_Atkin_v10_749507_fault_locations.csv (already processed)
Skipping Sieve_of_Atkin_v1_1236_fault_locations.csv (already processed)
Skipping Sieve_of_Atkin_v2_571532_fault_locations.csv (already processed)
Skipping Sieve_of_Atkin_v3_3880890_fault_locations.csv (already processed)
Skipping Sieve_of_Atkin_v4_415513_fault_locations.csv (already processed)
Skipping Sieve_of_Atkin_v6_316408_fault_locations.csv (already processed)
Skipping Sieve_of_Atkin_v7_3988808_fault_locations.csv (already processed)
Skipping Sieve_of_Atkin_v9_905956_fault_locations.csv (already processed)
Skipping Sieve_of_Eratosthenes_v10_772745_fault_locations.csv (already processed)
Skipping Sieve_of_Eratosthenes_v1_4116689_fault_locations.csv (already processed)
Skipping Sieve_of_Eratosthenes_v2_631046_fault_locations.csv (already processed)
Skipping Sieve_of_Eratosthenes_v3_3851068_fault_locations.csv (already processed)
Skipping Sieve_of_Eratosthenes_v4_411458_fault_locations.csv (already processed)
Skipping Sieve_of_Eratosthenes_v5_1106021_fault_locations.csv (already processed)
Skipping Sieve_of_Eratosthenes_v6_221494_fault_locations.csv (already processed)
Skipping Sieve_of_Eratosthenes_v7_4045763_fault_locations.csv (already processed)
Skipping Sieve_of_Eratosthenes_v8_173116_fault_locations.csv (already processed)
Skipping Sieve_of_Eratosthenes_v9_948312_fault_locations.csv (already processed)
Skipping Sieve_of_Sundaram_v10_819075_fault_locations.csv (already processed)
Skipping Sieve_of_Sundaram_v1_4183570_fault_locations.csv (already processed)
Skipping Sieve_of_Sundaram_v2_648951_fault_locations.csv (already processed)
Skipping Sieve_of_Sundaram_v3_3824397_fault_locations.csv (already processed)
Skipping Sieve_of_Sundaram_v4_469042_fault_locations.csv (already processed)
Skipping Sieve_of_Sundaram_v5_1128947_fault_locations.csv (already processed)
Skipping Sieve_of_Sundaram_v7_4024161_fault_locations.csv (already processed)
Skipping Sieve_of_Sundaram_v8_157427_fault_locations.csv (already processed)
Skipping Sieve_of_Sundaram_v9_856829_fault_locations.csv (already processed)
Skipping SIFT_Feature_Extraction_v8_204846_fault_locations.csv (already processed)
Skipping Signed_Area_Computation_v10_761548_fault_locations.csv (already processed)
Skipping Signed_Area_Computation_v1_2034_fault_locations.csv (already processed)
Skipping Signed_Area_Computation_v2_593389_fault_locations.csv (already processed)
Skipping Signed_Area_Computation_v5_987212_fault_locations.csv (already processed)
Skipping Signed_Area_Computation_v6_264743_fault_locations.csv (already processed)
Skipping Signed_Area_Computation_v7_4048362_fault_locations.csv (already processed)
Skipping Signed_Area_Computation_v8_109100_fault_locations.csv (already processed)
Skipping Signed_Area_Computation_v9_881940_fault_locations.csv (already processed)
Skipping Signed_Distance_Field_v3_3869653_fault_locations.csv (already processed)
Skipping Signed_Distance_Field_v7_4051331_fault_locations.csv (already processed)
Skipping Signed_Distance_Field_v8_59974_fault_locations.csv (already processed)
Skipping Signed_Distance_to_Polygon_v2_576754_fault_locations.csv (already processed)
Skipping Signed_Distance_to_Polygon_v8_134618_fault_locations.csv (already processed)
Skipping SimCLR_v1_4107141_fault_locations.csv (already processed)
Skipping SIMON_128_128_v10_805352_fault_locations.csv (already processed)
Skipping SIMON_128_128_v3_3790885_fault_locations.csv (already processed)
Skipping SIMON_128_128_v5_1107737_fault_locations.csv (already processed)
Skipping SIMON_64_96_v10_790630_fault_locations.csv (already processed)
Skipping SIMON_64_96_v3_3919512_fault_locations.csv (already processed)
Skipping SIMON_64_96_v5_1133168_fault_locations.csv (already processed)
Skipping SIMON_64_96_v6_271352_fault_locations.csv (already processed)
Skipping SIMON_64_96_v8_55471_fault_locations.csv (already processed)
Skipping SIMON_64_96_v9_880916_fault_locations.csv (already processed)
Skipping SIMPLE_Algorithm_v1_4087239_fault_locations.csv (already processed)
Skipping SIMPLE_Algorithm_v2_576564_fault_locations.csv (already processed)
Skipping SIMPLE_Algorithm_v3_3902604_fault_locations.csv (already processed)
Skipping SIMPLE_Algorithm_v4_423415_fault_locations.csv (already processed)
Skipping SIMPLE_Algorithm_v6_236203_fault_locations.csv (already processed)
Skipping SIMPLE_Algorithm_v7_3955624_fault_locations.csv (already processed)
Skipping SIMPLE_Algorithm_v8_201681_fault_locations.csv (already processed)
Skipping Simple_Continued_Fraction_Representation_v10_790089_fault_locations.csv (already processed)
Skipping Simple_Continued_Fraction_Representation_v1_4144017_fault_locations.csv (already processed)
Skipping Simple_Continued_Fraction_Representation_v2_560461_fault_locations.csv (already processed)
Skipping Simple_Continued_Fraction_Representation_v3_3892479_fault_locations.csv (already processed)
Skipping Simple_Continued_Fraction_Representation_v4_421464_fault_locations.csv (already processed)
Skipping Simple_Continued_Fraction_Representation_v5_1115877_fault_locations.csv (already processed)
Skipping Simple_Continued_Fraction_Representation_v6_230941_fault_locations.csv (already processed)
Skipping Simple_Continued_Fraction_Representation_v8_146978_fault_locations.csv (already processed)
Skipping Simple_Continued_Fraction_Representation_v9_977285_fault_locations.csv (already processed)
Skipping Simplex_Algorithm_for_Linear_Programming_v10_739675_fault_locations.csv (already processed)
Skipping Simplex_Algorithm_for_Linear_Programming_v1_4125546_fault_locations.csv (already processed)
Skipping Simplex_Algorithm_for_Linear_Programming_v3_3880941_fault_locations.csv (already processed)
Skipping Simplex_Algorithm_for_Linear_Programming_v4_472099_fault_locations.csv (already processed)
Skipping Simplex_Algorithm_for_Linear_Programming_v5_1129250_fault_locations.csv (already processed)
Skipping Simplex_Algorithm_for_Linear_Programming_v6_219685_fault_locations.csv (already processed)
Skipping Simplex_Algorithm_for_Linear_Programming_v7_4014966_fault_locations.csv (already processed)
Skipping Simplex_Algorithm_for_Linear_Programming_v9_969212_fault_locations.csv (already processed)
Skipping Simpson’s_Rule_Integration_v1_4169801_fault_locations.csv (already processed)
Skipping Simpson’s_Rule_Integration_v6_354794_fault_locations.csv (already processed)
Skipping Simpson’s_Rule_Integration_v7_3965712_fault_locations.csv (already processed)
Skipping Simpson’s_Rule_Integration_v8_156036_fault_locations.csv (already processed)
Skipping Simpson’s_Rule_Integration_v9_883556_fault_locations.csv (already processed)
Skipping Simpson_Three_Eighth_Rule_v4_495514_fault_locations.csv (already processed)
Skipping Simpson_Three_Eighth_Rule_v6_308360_fault_locations.csv (already processed)
Skipping SimRank_Similarity_Computation_v1_4110296_fault_locations.csv (already processed)
Skipping SimRank_Similarity_Computation_v4_465227_fault_locations.csv (already processed)
Skipping SimRank_Similarity_Computation_v5_1112926_fault_locations.csv (already processed)
Skipping Singular_Value_Decomposition_v10_724027_fault_locations.csv (already processed)
Skipping Singular_Value_Decomposition_v2_671066_fault_locations.csv (already processed)
Skipping Skeleton_Extraction_v10_684806_fault_locations.csv (already processed)
Skipping Skeleton_Extraction_v2_677163_fault_locations.csv (already processed)
Skipping Skeleton_Extraction_v5_1104716_fault_locations.csv (already processed)
Skipping Skeleton_Extraction_v6_250173_fault_locations.csv (already processed)
Skipping Skeleton_Extraction_v7_4009855_fault_locations.csv (already processed)
Skipping Skeleton_Extraction_v8_196769_fault_locations.csv (already processed)
Skipping Skeletonization_v10_743347_fault_locations.csv (already processed)
Skipping Skeletonization_v1_6317_fault_locations.csv (already processed)
Skipping Skeletonization_v2_628237_fault_locations.csv (already processed)
Skipping Skeletonization_v3_3903536_fault_locations.csv (already processed)
Skipping Skeletonization_v4_497945_fault_locations.csv (already processed)
Skipping Skeletonization_v5_1021700_fault_locations.csv (already processed)
Skipping Skeletonization_v6_288838_fault_locations.csv (already processed)
Skipping Skeletonization_v7_4015447_fault_locations.csv (already processed)
Skipping Skeletonization_v8_155993_fault_locations.csv (already processed)
Skipping Skeletonization_v9_872456_fault_locations.csv (already processed)
Skipping SKINNY_128_v1_4099481_fault_locations.csv (already processed)
Skipping SKINNY_128_v2_654756_fault_locations.csv (already processed)
Skipping SKINNY_128_v4_449973_fault_locations.csv (already processed)
Skipping SKINNY_128_v5_1049521_fault_locations.csv (already processed)
Skipping SKINNY_128_v6_234064_fault_locations.csv (already processed)
Skipping SKINNY_128_v7_4017323_fault_locations.csv (already processed)
Skipping SKINNY_128_v8_172365_fault_locations.csv (already processed)
Skipping SKINNY_128_v9_865547_fault_locations.csv (already processed)
Skipping SKINNY_256_v10_749445_fault_locations.csv (already processed)
Skipping SKINNY_256_v1_4915_fault_locations.csv (already processed)
Skipping SKINNY_256_v2_549215_fault_locations.csv (already processed)
Skipping SKINNY_256_v3_3794464_fault_locations.csv (already processed)
Skipping SKINNY_256_v4_501256_fault_locations.csv (already processed)
Skipping SKINNY_256_v6_257165_fault_locations.csv (already processed)
Skipping SKINNY_256_v7_4054751_fault_locations.csv (already processed)
Skipping SKINNY_256_v8_181069_fault_locations.csv (already processed)
Skipping SKINNY_64_v10_753855_fault_locations.csv (already processed)
Skipping SKINNY_64_v1_4123653_fault_locations.csv (already processed)
Skipping SKINNY_64_v3_3880805_fault_locations.csv (already processed)
Skipping SKINNY_64_v4_454187_fault_locations.csv (already processed)
Skipping SKINNY_64_v5_1110346_fault_locations.csv (already processed)
Skipping SKINNY_64_v6_282171_fault_locations.csv (already processed)
Skipping SKINNY_64_v7_4077237_fault_locations.csv (already processed)
Skipping SKINNY_64_v8_107309_fault_locations.csv (already processed)
Skipping SKINNY_64_v9_871131_fault_locations.csv (already processed)
Skipping Skip_Gram_Model_v3_3830050_fault_locations.csv (already processed)
Skipping Skip_Gram_Model_v8_64974_fault_locations.csv (already processed)
Skipping Skipjack_80_v1_33363_fault_locations.csv (already processed)
Skipping Skipjack_80_v3_3828693_fault_locations.csv (already processed)
Skipping Skipjack_80_v5_989684_fault_locations.csv (already processed)
Skipping Skipjack_80_v7_4081175_fault_locations.csv (already processed)
Skipping Skipjack_80_v8_97620_fault_locations.csv (already processed)
Skipping Skipjack_80_v9_950855_fault_locations.csv (already processed)
Skipping Skipjack_CBC_v10_797516_fault_locations.csv (already processed)
Skipping Skipjack_CBC_v2_574359_fault_locations.csv (already processed)
Skipping Skipjack_CBC_v3_3819850_fault_locations.csv (already processed)
Skipping Skipjack_CBC_v6_375080_fault_locations.csv (already processed)
Skipping Skipjack_CBC_v7_4037490_fault_locations.csv (already processed)
Skipping Skipjack_CBC_v8_186601_fault_locations.csv (already processed)
Skipping Skipjack_CBC_v9_845200_fault_locations.csv (already processed)
Skipping Skipjack_ECB_v10_763542_fault_locations.csv (already processed)
Skipping Skipjack_ECB_v1_22035_fault_locations.csv (already processed)
Skipping Skipjack_ECB_v2_671473_fault_locations.csv (already processed)
Skipping Skipjack_ECB_v3_3882756_fault_locations.csv (already processed)
Skipping Skipjack_ECB_v4_452614_fault_locations.csv (already processed)
Skipping Skipjack_ECB_v5_1121303_fault_locations.csv (already processed)
Skipping Skipjack_ECB_v6_316148_fault_locations.csv (already processed)
Skipping Skipjack_ECB_v7_4045800_fault_locations.csv (already processed)
Skipping Skipjack_ECB_v8_94753_fault_locations.csv (already processed)
Skipping Skipjack_ECB_v9_963635_fault_locations.csv (already processed)
Skipping Skipjack_v10_783928_fault_locations.csv (already processed)
Skipping Skipjack_v2_597863_fault_locations.csv (already processed)
Skipping Skipjack_v3_3908060_fault_locations.csv (already processed)
Skipping Skipjack_v4_430519_fault_locations.csv (already processed)
Skipping Skipjack_v6_278548_fault_locations.csv (already processed)
Skipping Skipjack_v7_4037206_fault_locations.csv (already processed)
Skipping Skipjack_v8_89012_fault_locations.csv (already processed)
Skipping Slope_Computation_v1_6965_fault_locations.csv (already processed)
Skipping Slope_Computation_v2_560661_fault_locations.csv (already processed)
Skipping Slope_Computation_v3_3795341_fault_locations.csv (already processed)
Skipping Slope_Computation_v6_217090_fault_locations.csv (already processed)
Skipping Slope_Computation_v7_3961987_fault_locations.csv (already processed)
Skipping Slope_Computation_v8_147484_fault_locations.csv (already processed)
Skipping Small_World_Network_Generation_v10_764963_fault_locations.csv (already processed)
Skipping Small_World_Network_Generation_v2_634117_fault_locations.csv (already processed)
Skipping Small_World_Network_Generation_v6_285764_fault_locations.csv (already processed)
Skipping Small_World_Network_Generation_v7_4081302_fault_locations.csv (already processed)
Skipping Smoothed_Particle_Hydrodynamics_v10_765093_fault_locations.csv (already processed)
Skipping SNOW_2.0_v1_4167633_fault_locations.csv (already processed)
Skipping SNOW_2.0_v4_404801_fault_locations.csv (already processed)
Skipping SNOW_2.0_v6_257539_fault_locations.csv (already processed)
Skipping SNOW_2.0_v7_3933526_fault_locations.csv (already processed)
Skipping SNOW_2.0_v8_82525_fault_locations.csv (already processed)
Skipping SNOW_2.0_v9_947764_fault_locations.csv (already processed)
Skipping Sobel_Edge_Detection_v3_3882975_fault_locations.csv (already processed)
Skipping Sobel_Edge_Detection_v5_1099843_fault_locations.csv (already processed)
Skipping Sobel_Edge_Detection_v9_892925_fault_locations.csv (already processed)
Skipping Soft_Margin_SVM_v3_3882741_fault_locations.csv (already processed)
Skipping Soft_Margin_SVM_v8_139529_fault_locations.csv (already processed)
Skipping Soft_Margin_SVM_v9_904739_fault_locations.csv (already processed)
Skipping Softmax_Activation_v2_551139_fault_locations.csv (already processed)
Skipping Softmax_Activation_v4_398119_fault_locations.csv (already processed)
Skipping Softmax_Activation_v6_298786_fault_locations.csv (already processed)
Skipping Solid_Volume_Computation_v10_696712_fault_locations.csv (already processed)
Skipping Solid_Volume_Computation_v1_18741_fault_locations.csv (already processed)
Skipping Solid_Volume_Computation_v2_606979_fault_locations.csv (already processed)
Skipping Solid_Volume_Computation_v4_477377_fault_locations.csv (already processed)
Skipping Solid_Volume_Computation_v6_287377_fault_locations.csv (already processed)
Skipping Solid_Volume_Computation_v8_160864_fault_locations.csv (already processed)
Skipping Solovay_Strassen_Primality_Test_v10_711862_fault_locations.csv (already processed)
Skipping Solovay_Strassen_Primality_Test_v2_560499_fault_locations.csv (already processed)
Skipping Solovay_Strassen_Primality_Test_v7_3933922_fault_locations.csv (already processed)
Skipping Sparse_Grid_Integration_v4_504115_fault_locations.csv (already processed)
Skipping Sparse_LU_Solver_v1_10919_fault_locations.csv (already processed)
Skipping Sparse_LU_Solver_v2_625151_fault_locations.csv (already processed)
Skipping Sparse_LU_Solver_v3_3831273_fault_locations.csv (already processed)
Skipping Sparse_LU_Solver_v4_470902_fault_locations.csv (already processed)
Skipping Sparse_LU_Solver_v5_1032583_fault_locations.csv (already processed)
Skipping Sparse_LU_Solver_v6_223095_fault_locations.csv (already processed)
Skipping Sparse_LU_Solver_v7_4024749_fault_locations.csv (already processed)
Skipping Sparse_LU_Solver_v9_922199_fault_locations.csv (already processed)
Skipping Sparse_Matrix_Matrix_Multiplication_v10_826550_fault_locations.csv (already processed)
Skipping Sparse_Matrix_Matrix_Multiplication_v1_4094166_fault_locations.csv (already processed)
Skipping Sparse_Matrix_Matrix_Multiplication_v3_3863055_fault_locations.csv (already processed)
Skipping Sparse_Matrix_Matrix_Multiplication_v7_4080287_fault_locations.csv (already processed)
Skipping Sparse_Matrix_Matrix_Multiplication_v9_975653_fault_locations.csv (already processed)
Skipping Sparse_Matrix_Vector_Multiplication_v10_824580_fault_locations.csv (already processed)
Skipping Sparse_Matrix_Vector_Multiplication_v1_4150771_fault_locations.csv (already processed)
Skipping Sparse_Matrix_Vector_Multiplication_v2_667267_fault_locations.csv (already processed)
Skipping Sparse_Matrix_Vector_Multiplication_v3_3861259_fault_locations.csv (already processed)
Skipping Sparse_Matrix_Vector_Multiplication_v5_1096588_fault_locations.csv (already processed)
Skipping Sparse_Matrix_Vector_Multiplication_v7_3963950_fault_locations.csv (already processed)
Skipping Sparse_Matrix_Vector_Multiplication_v9_963427_fault_locations.csv (already processed)
Skipping SPARX_128_v10_743983_fault_locations.csv (already processed)
Skipping SPARX_128_v2_632048_fault_locations.csv (already processed)
Skipping SPARX_128_v4_482285_fault_locations.csv (already processed)
Skipping SPARX_128_v5_1100892_fault_locations.csv (already processed)
Skipping SPARX_128_v6_369533_fault_locations.csv (already processed)
Skipping SPARX_128_v7_4058855_fault_locations.csv (already processed)
Skipping SPARX_128_v9_920380_fault_locations.csv (already processed)
Skipping SPARX_64_v10_760721_fault_locations.csv (already processed)
Skipping SPARX_64_v1_4088262_fault_locations.csv (already processed)
Skipping SPARX_64_v2_653297_fault_locations.csv (already processed)
Skipping SPARX_64_v3_3845702_fault_locations.csv (already processed)
Skipping SPARX_64_v6_280664_fault_locations.csv (already processed)
Skipping SPARX_64_v7_3932286_fault_locations.csv (already processed)
Skipping SPARX_64_v9_907175_fault_locations.csv (already processed)
Skipping Spearman_Rank_Correlation_v10_822762_fault_locations.csv (already processed)
Skipping Spearman_Rank_Correlation_v1_4190465_fault_locations.csv (already processed)
Skipping Spearman_Rank_Correlation_v2_624590_fault_locations.csv (already processed)
Skipping Spearman_Rank_Correlation_v3_3793446_fault_locations.csv (already processed)
Skipping Spearman_Rank_Correlation_v4_409950_fault_locations.csv (already processed)
Skipping Spearman_Rank_Correlation_v5_1071643_fault_locations.csv (already processed)
Skipping Spearman_Rank_Correlation_v6_373928_fault_locations.csv (already processed)
Skipping Special_Number_Field_Sieve_v10_786978_fault_locations.csv (already processed)
Skipping Special_Number_Field_Sieve_v1_4168443_fault_locations.csv (already processed)
Skipping Special_Number_Field_Sieve_v2_541997_fault_locations.csv (already processed)
Skipping Special_Number_Field_Sieve_v4_525729_fault_locations.csv (already processed)
Skipping Special_Number_Field_Sieve_v5_1085277_fault_locations.csv (already processed)
Skipping Special_Number_Field_Sieve_v6_325283_fault_locations.csv (already processed)
Skipping Special_Number_Field_Sieve_v8_89920_fault_locations.csv (already processed)
Skipping SPECK_128_128_v10_793367_fault_locations.csv (already processed)
Skipping SPECK_128_128_v1_4114793_fault_locations.csv (already processed)
Skipping SPECK_128_128_v2_633863_fault_locations.csv (already processed)
Skipping SPECK_128_128_v3_3921475_fault_locations.csv (already processed)
Skipping SPECK_128_128_v5_1077361_fault_locations.csv (already processed)
Skipping SPECK_128_128_v6_353668_fault_locations.csv (already processed)
Skipping SPECK_128_128_v8_137288_fault_locations.csv (already processed)
Skipping SPECK_128_128_v9_974240_fault_locations.csv (already processed)
Skipping SPECK_64_96_v1_4179845_fault_locations.csv (already processed)
Skipping SPECK_64_96_v2_671128_fault_locations.csv (already processed)
Skipping SPECK_64_96_v3_3898789_fault_locations.csv (already processed)
Skipping SPECK_64_96_v4_427808_fault_locations.csv (already processed)
Skipping SPECK_64_96_v5_986378_fault_locations.csv (already processed)
Skipping SPECK_64_96_v6_243451_fault_locations.csv (already processed)
Skipping SPECK_64_96_v7_4077233_fault_locations.csv (already processed)
Skipping SPECK_64_96_v8_87995_fault_locations.csv (already processed)
Skipping SPECK_64_96_v9_853213_fault_locations.csv (already processed)
Skipping Spectral_Clustering_Graph_Laplacian_v2_583317_fault_locations.csv (already processed)
Skipping Spectral_Clustering_Graph_Laplacian_v8_117229_fault_locations.csv (already processed)
Skipping Spectral_Clustering_v8_172448_fault_locations.csv (already processed)
Skipping Spectral_Density_Estimation_v10_782700_fault_locations.csv (already processed)
Skipping Spectral_Density_Estimation_v1_4185262_fault_locations.csv (already processed)
Skipping Spectral_Density_Estimation_v2_658857_fault_locations.csv (already processed)
Skipping Spectral_Density_Estimation_v3_3805795_fault_locations.csv (already processed)
Skipping Spectral_Density_Estimation_v5_996317_fault_locations.csv (already processed)
Skipping Spectral_Density_Estimation_v6_214952_fault_locations.csv (already processed)
Skipping Spectral_Density_Estimation_v8_70033_fault_locations.csv (already processed)
Skipping Spectral_Density_Estimation_v9_929107_fault_locations.csv (already processed)
Skipping Spectral_Graph_Convolution_v4_394418_fault_locations.csv (already processed)
Skipping Spectral_Graph_Convolution_v6_375020_fault_locations.csv (already processed)
Skipping Spectral_Graph_Convolution_v7_3963332_fault_locations.csv (already processed)
Skipping Spectral_Graph_Convolution_v8_88189_fault_locations.csv (already processed)
Skipping Spectral_Method_v1_4151862_fault_locations.csv (already processed)
Skipping Spectral_Method_v3_3918617_fault_locations.csv (already processed)
Skipping Spectral_Method_v7_4068035_fault_locations.csv (already processed)
[Fri Apr 24 04:13:21 PM CEST 2026] START Spectral_Method_v2_659104_fault_locations.csv
Skipping Spectral_Radius_Computation_v1_4113829_fault_locations.csv (already processed)
Skipping Spectral_Radius_Computation_v3_3929648_fault_locations.csv (already processed)
Skipping Spectral_Radius_Computation_v5_1129355_fault_locations.csv (already processed)
[Fri Apr 24 04:13:21 PM CEST 2026] START Spectral_Radius_Computation_v7_4084312_fault_locations.csv
[Fri Apr 24 04:13:21 PM CEST 2026] START Spectral_Radius_Computation_v8_62578_fault_locations.csv
[Fri Apr 24 04:13:21 PM CEST 2026] START Spectral_Radius_Computation_v9_840657_fault_locations.csv
[Fri Apr 24 04:13:21 PM CEST 2026] START Speculative_Decoding_v2_573627_fault_locations.csv
[Fri Apr 24 04:13:21 PM CEST 2026] START Speculative_Decoding_v1_4118501_fault_locations.csv
[Fri Apr 24 04:13:21 PM CEST 2026] START Speculative_Decoding_v3_3784915_fault_locations.csv
[Fri Apr 24 04:13:21 PM CEST 2026] START Speculative_Decoding_v5_1066962_fault_locations.csv
[Fri Apr 24 04:13:22 PM CEST 2026] FAIL Speculative_Decoding_v2_573627_fault_locations.csv (status=1)
[Fri Apr 24 04:13:24 PM CEST 2026] DONE Speculative_Decoding_v5_1066962_fault_locations.csv
[Fri Apr 24 04:13:25 PM CEST 2026] DONE Speculative_Decoding_v1_4118501_fault_locations.csv
[Fri Apr 24 04:13:34 PM CEST 2026] DONE Spectral_Radius_Computation_v9_840657_fault_locations.csv
[Fri Apr 24 04:13:35 PM CEST 2026] DONE Speculative_Decoding_v3_3784915_fault_locations.csv
[Fri Apr 24 04:13:43 PM CEST 2026] DONE Spectral_Radius_Computation_v7_4084312_fault_locations.csv
[Fri Apr 24 04:13:49 PM CEST 2026] DONE Spectral_Radius_Computation_v8_62578_fault_locations.csv
[Fri Apr 24 04:56:01 PM CEST 2026] DONE Spectral_Method_v2_659104_fault_locations.csv
[Fri Apr 24 04:56:01 PM CEST 2026] START Speculative_Decoding_v8_92468_fault_locations.csv
[Fri Apr 24 04:56:01 PM CEST 2026] START Speculative_Decoding_v9_878401_fault_locations.csv
[Fri Apr 24 04:56:01 PM CEST 2026] START Speech2Text_Transformer_v9_895035_fault_locations.csv
[Fri Apr 24 04:56:01 PM CEST 2026] START SPFA_Shortest_Path_Faster_Algorithm_v10_744408_fault_locations.csv
[Fri Apr 24 04:56:01 PM CEST 2026] START SPFA_Shortest_Path_Faster_Algorithm_v2_627663_fault_locations.csv
[Fri Apr 24 04:56:01 PM CEST 2026] START SPFA_Shortest_Path_Faster_Algorithm_v3_3818047_fault_locations.csv
[Fri Apr 24 04:56:01 PM CEST 2026] START SPFA_Shortest_Path_Faster_Algorithm_v6_257415_fault_locations.csv
[Fri Apr 24 04:56:01 PM CEST 2026] FAIL SPFA_Shortest_Path_Faster_Algorithm_v10_744408_fault_locations.csv (status=1)
[Fri Apr 24 04:56:01 PM CEST 2026] START SPFA_Shortest_Path_Faster_Algorithm_v7_4038691_fault_locations.csv
[Fri Apr 24 04:56:01 PM CEST 2026] FAIL SPFA_Shortest_Path_Faster_Algorithm_v2_627663_fault_locations.csv (status=1)
[Fri Apr 24 04:56:01 PM CEST 2026] FAIL Speculative_Decoding_v9_878401_fault_locations.csv (status=1)
[Fri Apr 24 04:56:01 PM CEST 2026] FAIL SPFA_Shortest_Path_Faster_Algorithm_v3_3818047_fault_locations.csv (status=1)
[Fri Apr 24 04:56:01 PM CEST 2026] FAIL SPFA_Shortest_Path_Faster_Algorithm_v7_4038691_fault_locations.csv (status=1)
[Fri Apr 24 04:56:01 PM CEST 2026] FAIL SPFA_Shortest_Path_Faster_Algorithm_v6_257415_fault_locations.csv (status=1)
[Fri Apr 24 04:56:31 PM CEST 2026] DONE Speech2Text_Transformer_v9_895035_fault_locations.csv
[Fri Apr 24 04:57:58 PM CEST 2026] DONE Speculative_Decoding_v8_92468_fault_locations.csv
[Fri Apr 24 04:57:58 PM CEST 2026] START Sphere_Packing_v1_4184942_fault_locations.csv
[Fri Apr 24 04:57:58 PM CEST 2026] START Sphere_Packing_v2_633432_fault_locations.csv
[Fri Apr 24 04:57:58 PM CEST 2026] START Sphere_Packing_v4_447588_fault_locations.csv
[Fri Apr 24 04:57:58 PM CEST 2026] START Sphere_Packing_v5_1086214_fault_locations.csv
[Fri Apr 24 04:57:58 PM CEST 2026] START Sphere_Packing_v9_920535_fault_locations.csv
[Fri Apr 24 04:57:58 PM CEST 2026] START Spherical_Triangle_Area_v10_819851_fault_locations.csv
[Fri Apr 24 04:57:58 PM CEST 2026] START Spherical_Triangle_Area_v3_3805598_fault_locations.csv
[Fri Apr 24 04:57:58 PM CEST 2026] START Spherical_Triangle_Area_v4_435489_fault_locations.csv
[Fri Apr 24 04:57:59 PM CEST 2026] DONE Sphere_Packing_v5_1086214_fault_locations.csv
[Fri Apr 24 04:58:00 PM CEST 2026] DONE Spherical_Triangle_Area_v4_435489_fault_locations.csv
[Fri Apr 24 04:58:01 PM CEST 2026] DONE Sphere_Packing_v2_633432_fault_locations.csv
[Fri Apr 24 04:58:01 PM CEST 2026] DONE Sphere_Packing_v4_447588_fault_locations.csv
[Fri Apr 24 04:58:03 PM CEST 2026] DONE Sphere_Packing_v9_920535_fault_locations.csv
[Fri Apr 24 04:58:04 PM CEST 2026] DONE Spherical_Triangle_Area_v3_3805598_fault_locations.csv
[Fri Apr 24 04:58:05 PM CEST 2026] DONE Spherical_Triangle_Area_v10_819851_fault_locations.csv
[Fri Apr 24 05:30:36 PM CEST 2026] DONE Sphere_Packing_v1_4184942_fault_locations.csv
[Fri Apr 24 05:30:36 PM CEST 2026] START Spherical_Triangle_Area_v6_210998_fault_locations.csv
[Fri Apr 24 05:30:36 PM CEST 2026] START Spherical_Triangle_Area_v9_851423_fault_locations.csv
[Fri Apr 24 05:30:36 PM CEST 2026] START Split_Graph_Recognition_v1_5818_fault_locations.csv
[Fri Apr 24 05:30:36 PM CEST 2026] START Split_Graph_Recognition_v2_603388_fault_locations.csv
[Fri Apr 24 05:30:36 PM CEST 2026] START Split_Graph_Recognition_v3_3892444_fault_locations.csv
[Fri Apr 24 05:30:36 PM CEST 2026] START Split_Graph_Recognition_v4_517292_fault_locations.csv
[Fri Apr 24 05:30:36 PM CEST 2026] START Split_Graph_Recognition_v5_1138792_fault_locations.csv
[Fri Apr 24 05:30:36 PM CEST 2026] FAIL Split_Graph_Recognition_v2_603388_fault_locations.csv (status=1)
[Fri Apr 24 05:30:36 PM CEST 2026] START Split_Graph_Recognition_v6_228615_fault_locations.csv
[Fri Apr 24 05:30:36 PM CEST 2026] FAIL Split_Graph_Recognition_v5_1138792_fault_locations.csv (status=1)
[Fri Apr 24 05:30:36 PM CEST 2026] FAIL Split_Graph_Recognition_v1_5818_fault_locations.csv (status=1)
[Fri Apr 24 05:30:36 PM CEST 2026] FAIL Split_Graph_Recognition_v3_3892444_fault_locations.csv (status=1)
[Fri Apr 24 05:30:36 PM CEST 2026] FAIL Split_Graph_Recognition_v6_228615_fault_locations.csv (status=1)
[Fri Apr 24 05:30:36 PM CEST 2026] DONE Split_Graph_Recognition_v4_517292_fault_locations.csv
[Fri Apr 24 05:30:39 PM CEST 2026] DONE Spherical_Triangle_Area_v9_851423_fault_locations.csv
[Fri Apr 24 05:30:43 PM CEST 2026] DONE Spherical_Triangle_Area_v6_210998_fault_locations.csv
[Fri Apr 24 05:30:43 PM CEST 2026] START Split_Graph_Recognition_v7_3941195_fault_locations.csv
[Fri Apr 24 05:30:43 PM CEST 2026] START Split_Graph_Recognition_v8_62759_fault_locations.csv
[Fri Apr 24 05:30:43 PM CEST 2026] START Split_Graph_Recognition_v9_861185_fault_locations.csv
[Fri Apr 24 05:30:43 PM CEST 2026] START Square_and_Multiply_Algorithm_v10_699645_fault_locations.csv
[Fri Apr 24 05:30:43 PM CEST 2026] START Square_and_Multiply_Algorithm_v1_1706_fault_locations.csv
[Fri Apr 24 05:30:43 PM CEST 2026] START Square_and_Multiply_Algorithm_v2_597134_fault_locations.csv
[Fri Apr 24 05:30:43 PM CEST 2026] FAIL Split_Graph_Recognition_v9_861185_fault_locations.csv (status=1)
[Fri Apr 24 05:30:43 PM CEST 2026] START Square_and_Multiply_Algorithm_v3_3836395_fault_locations.csv
[Fri Apr 24 05:30:43 PM CEST 2026] START Square_and_Multiply_Algorithm_v5_979483_fault_locations.csv
[Fri Apr 24 05:30:43 PM CEST 2026] FAIL Split_Graph_Recognition_v7_3941195_fault_locations.csv (status=1)
[Fri Apr 24 05:30:43 PM CEST 2026] FAIL Square_and_Multiply_Algorithm_v2_597134_fault_locations.csv (status=1)
[Fri Apr 24 05:30:43 PM CEST 2026] FAIL Square_and_Multiply_Algorithm_v3_3836395_fault_locations.csv (status=1)
[Fri Apr 24 05:30:43 PM CEST 2026] FAIL Square_and_Multiply_Algorithm_v1_1706_fault_locations.csv (status=1)
[Fri Apr 24 05:30:43 PM CEST 2026] FAIL Square_and_Multiply_Algorithm_v5_979483_fault_locations.csv (status=1)
[Fri Apr 24 05:30:43 PM CEST 2026] FAIL Square_and_Multiply_Algorithm_v10_699645_fault_locations.csv (status=1)
[Fri Apr 24 05:30:43 PM CEST 2026] FAIL Split_Graph_Recognition_v8_62759_fault_locations.csv (status=1)
[Fri Apr 24 05:30:43 PM CEST 2026] START Square_and_Multiply_Algorithm_v6_350011_fault_locations.csv
[Fri Apr 24 05:30:43 PM CEST 2026] START Square_and_Multiply_Algorithm_v7_3982020_fault_locations.csv
[Fri Apr 24 05:30:43 PM CEST 2026] START Square_and_Multiply_Algorithm_v8_68586_fault_locations.csv
[Fri Apr 24 05:30:43 PM CEST 2026] START Square_and_Multiply_Algorithm_v9_879709_fault_locations.csv
[Fri Apr 24 05:30:43 PM CEST 2026] START Square_Cipher_v10_750805_fault_locations.csv
[Fri Apr 24 05:30:43 PM CEST 2026] START Square_Cipher_v1_4104365_fault_locations.csv
[Fri Apr 24 05:30:43 PM CEST 2026] FAIL Square_and_Multiply_Algorithm_v8_68586_fault_locations.csv (status=1)
[Fri Apr 24 05:30:43 PM CEST 2026] FAIL Square_and_Multiply_Algorithm_v7_3982020_fault_locations.csv (status=1)
[Fri Apr 24 05:30:43 PM CEST 2026] START Square_Cipher_v2_664348_fault_locations.csv
[Fri Apr 24 05:30:43 PM CEST 2026] START Square_Cipher_v3_3811562_fault_locations.csv
[Fri Apr 24 05:30:43 PM CEST 2026] FAIL Square_Cipher_v10_750805_fault_locations.csv (status=1)
[Fri Apr 24 05:30:43 PM CEST 2026] FAIL Square_and_Multiply_Algorithm_v6_350011_fault_locations.csv (status=1)
[Fri Apr 24 05:30:43 PM CEST 2026] FAIL Square_and_Multiply_Algorithm_v9_879709_fault_locations.csv (status=1)
[Fri Apr 24 05:30:43 PM CEST 2026] FAIL Square_Cipher_v2_664348_fault_locations.csv (status=1)
[Fri Apr 24 05:30:43 PM CEST 2026] FAIL Square_Cipher_v3_3811562_fault_locations.csv (status=1)
[Fri Apr 24 05:30:43 PM CEST 2026] FAIL Square_Cipher_v1_4104365_fault_locations.csv (status=1)
[Fri Apr 24 05:30:43 PM CEST 2026] START Square_Cipher_v5_997887_fault_locations.csv
[Fri Apr 24 05:30:43 PM CEST 2026] START Square_Cipher_v7_3946498_fault_locations.csv
[Fri Apr 24 05:30:43 PM CEST 2026] START Square_Cipher_v8_61052_fault_locations.csv
[Fri Apr 24 05:30:43 PM CEST 2026] START Square_Cipher_v9_923472_fault_locations.csv
[Fri Apr 24 05:30:43 PM CEST 2026] START SqueezeNet_v8_140542_fault_locations.csv
[Fri Apr 24 05:30:43 PM CEST 2026] START SRGAN_v1_4100829_fault_locations.csv
[Fri Apr 24 05:30:43 PM CEST 2026] START SRGAN_v4_427830_fault_locations.csv
[Fri Apr 24 05:30:43 PM CEST 2026] START SSD_Single_Shot_Detector_v8_79306_fault_locations.csv
[Fri Apr 24 05:30:43 PM CEST 2026] FAIL Square_Cipher_v5_997887_fault_locations.csv (status=1)
[Fri Apr 24 05:30:43 PM CEST 2026] FAIL Square_Cipher_v8_61052_fault_locations.csv (status=1)
[Fri Apr 24 05:30:43 PM CEST 2026] FAIL Square_Cipher_v7_3946498_fault_locations.csv (status=1)
[Fri Apr 24 05:30:43 PM CEST 2026] FAIL Square_Cipher_v9_923472_fault_locations.csv (status=1)
[Fri Apr 24 05:30:51 PM CEST 2026] DONE SRGAN_v1_4100829_fault_locations.csv
[Fri Apr 24 05:30:51 PM CEST 2026] DONE SSD_Single_Shot_Detector_v8_79306_fault_locations.csv
[Fri Apr 24 05:30:57 PM CEST 2026] DONE SRGAN_v4_427830_fault_locations.csv
[Fri Apr 24 05:47:27 PM CEST 2026] DONE SqueezeNet_v8_140542_fault_locations.csv
[Fri Apr 24 05:47:27 PM CEST 2026] START SSD_Single_Shot_Detector_v9_904327_fault_locations.csv
[Fri Apr 24 05:47:27 PM CEST 2026] START Stable_Diffusion_Sampling_v1_8639_fault_locations.csv
[Fri Apr 24 05:47:27 PM CEST 2026] START Stable_Diffusion_Sampling_v2_673000_fault_locations.csv
[Fri Apr 24 05:47:27 PM CEST 2026] START Stable_Diffusion_Sampling_v3_3847134_fault_locations.csv
[Fri Apr 24 05:47:27 PM CEST 2026] START Stable_Diffusion_Sampling_v5_1108528_fault_locations.csv
[Fri Apr 24 05:47:27 PM CEST 2026] START Stable_Diffusion_Sampling_v7_4052328_fault_locations.csv
[Fri Apr 24 05:47:27 PM CEST 2026] START Stable_Diffusion_Sampling_v9_848887_fault_locations.csv
[Fri Apr 24 05:47:27 PM CEST 2026] START Stable_Marriage_Gale_Shapley_v10_715586_fault_locations.csv
[Fri Apr 24 05:47:27 PM CEST 2026] FAIL Stable_Marriage_Gale_Shapley_v10_715586_fault_locations.csv (status=1)
[Fri Apr 24 05:47:31 PM CEST 2026] DONE Stable_Diffusion_Sampling_v3_3847134_fault_locations.csv
[Fri Apr 24 05:47:31 PM CEST 2026] DONE SSD_Single_Shot_Detector_v9_904327_fault_locations.csv
[Fri Apr 24 05:47:32 PM CEST 2026] DONE Stable_Diffusion_Sampling_v2_673000_fault_locations.csv
[Fri Apr 24 05:47:33 PM CEST 2026] DONE Stable_Diffusion_Sampling_v1_8639_fault_locations.csv
[Fri Apr 24 05:47:39 PM CEST 2026] DONE Stable_Diffusion_Sampling_v9_848887_fault_locations.csv
[Fri Apr 24 05:47:42 PM CEST 2026] DONE Stable_Diffusion_Sampling_v7_4052328_fault_locations.csv
[Fri Apr 24 05:51:13 PM CEST 2026] DONE Stable_Diffusion_Sampling_v5_1108528_fault_locations.csv
[Fri Apr 24 05:51:13 PM CEST 2026] START Stable_Marriage_Gale_Shapley_v1_4154856_fault_locations.csv
[Fri Apr 24 05:51:13 PM CEST 2026] START Stable_Marriage_Gale_Shapley_v2_632225_fault_locations.csv
[Fri Apr 24 05:51:13 PM CEST 2026] START Stable_Marriage_Gale_Shapley_v3_3904508_fault_locations.csv
[Fri Apr 24 05:51:13 PM CEST 2026] START Stable_Marriage_Gale_Shapley_v4_447612_fault_locations.csv
[Fri Apr 24 05:51:13 PM CEST 2026] START Stable_Marriage_Gale_Shapley_v6_211324_fault_locations.csv
[Fri Apr 24 05:51:13 PM CEST 2026] START Stable_Marriage_Gale_Shapley_v7_3964330_fault_locations.csv
[Fri Apr 24 05:51:13 PM CEST 2026] FAIL Stable_Marriage_Gale_Shapley_v2_632225_fault_locations.csv (status=1)
[Fri Apr 24 05:51:13 PM CEST 2026] START Stable_Marriage_Gale_Shapley_v9_950806_fault_locations.csv
[Fri Apr 24 05:51:13 PM CEST 2026] FAIL Stable_Marriage_Gale_Shapley_v4_447612_fault_locations.csv (status=1)
[Fri Apr 24 05:51:13 PM CEST 2026] START Stacking_Classifier_v3_3911478_fault_locations.csv
[Fri Apr 24 05:51:13 PM CEST 2026] FAIL Stable_Marriage_Gale_Shapley_v9_950806_fault_locations.csv (status=1)
[Fri Apr 24 05:51:13 PM CEST 2026] FAIL Stable_Marriage_Gale_Shapley_v3_3904508_fault_locations.csv (status=1)
[Fri Apr 24 05:51:13 PM CEST 2026] FAIL Stable_Marriage_Gale_Shapley_v7_3964330_fault_locations.csv (status=1)
[Fri Apr 24 05:51:13 PM CEST 2026] FAIL Stable_Marriage_Gale_Shapley_v1_4154856_fault_locations.csv (status=1)
[Fri Apr 24 05:51:13 PM CEST 2026] FAIL Stable_Marriage_Gale_Shapley_v6_211324_fault_locations.csv (status=1)
[Fri Apr 24 05:51:18 PM CEST 2026] DONE Stacking_Classifier_v3_3911478_fault_locations.csv
[Fri Apr 24 05:51:18 PM CEST 2026] START Stacking_Classifier_v9_860167_fault_locations.csv
[Fri Apr 24 05:51:18 PM CEST 2026] START Stacking_v10_746347_fault_locations.csv
[Fri Apr 24 05:51:18 PM CEST 2026] START Stacking_v1_4137408_fault_locations.csv
[Fri Apr 24 05:51:18 PM CEST 2026] START Stacking_v3_3845783_fault_locations.csv
[Fri Apr 24 05:51:18 PM CEST 2026] START Stacking_v4_497118_fault_locations.csv
[Fri Apr 24 05:51:18 PM CEST 2026] START Stacking_v5_1113886_fault_locations.csv
[Fri Apr 24 05:51:18 PM CEST 2026] START Stacking_v6_306128_fault_locations.csv
[Fri Apr 24 05:51:18 PM CEST 2026] FAIL Stacking_v10_746347_fault_locations.csv (status=1)
[Fri Apr 24 05:51:18 PM CEST 2026] START Stacking_v7_3956412_fault_locations.csv
[Fri Apr 24 05:51:18 PM CEST 2026] FAIL Stacking_v3_3845783_fault_locations.csv (status=1)
[Fri Apr 24 05:51:18 PM CEST 2026] FAIL Stacking_v5_1113886_fault_locations.csv (status=1)
[Fri Apr 24 05:51:18 PM CEST 2026] FAIL Stacking_v6_306128_fault_locations.csv (status=1)
[Fri Apr 24 05:51:18 PM CEST 2026] FAIL Stacking_v1_4137408_fault_locations.csv (status=1)
[Fri Apr 24 05:51:18 PM CEST 2026] FAIL Stacking_v7_3956412_fault_locations.csv (status=1)
[Fri Apr 24 05:51:18 PM CEST 2026] FAIL Stacking_v4_497118_fault_locations.csv (status=1)
[Fri Apr 24 05:51:20 PM CEST 2026] DONE Stacking_Classifier_v9_860167_fault_locations.csv
[Fri Apr 24 05:51:20 PM CEST 2026] START Stacking_v8_110274_fault_locations.csv
[Fri Apr 24 05:51:20 PM CEST 2026] START Stacking_v9_874288_fault_locations.csv
[Fri Apr 24 05:51:20 PM CEST 2026] START Steepest_Descent_Method_v2_589435_fault_locations.csv
[Fri Apr 24 05:51:20 PM CEST 2026] START Steepest_Descent_Method_v4_446029_fault_locations.csv
[Fri Apr 24 05:51:20 PM CEST 2026] START Steepest_Descent_Method_v5_989131_fault_locations.csv
[Fri Apr 24 05:51:20 PM CEST 2026] START Steepest_Descent_Method_v7_4047920_fault_locations.csv
[Fri Apr 24 05:51:20 PM CEST 2026] START Steepest_Descent_Method_v8_143708_fault_locations.csv
[Fri Apr 24 05:51:20 PM CEST 2026] START Steepest_Descent_Method_v9_966053_fault_locations.csv
[Fri Apr 24 05:51:20 PM CEST 2026] FAIL Stacking_v8_110274_fault_locations.csv (status=1)
[Fri Apr 24 05:51:20 PM CEST 2026] FAIL Stacking_v9_874288_fault_locations.csv (status=1)
[Fri Apr 24 05:51:25 PM CEST 2026] DONE Steepest_Descent_Method_v8_143708_fault_locations.csv
[Fri Apr 24 05:51:25 PM CEST 2026] DONE Steepest_Descent_Method_v2_589435_fault_locations.csv
[Fri Apr 24 05:51:25 PM CEST 2026] DONE Steepest_Descent_Method_v5_989131_fault_locations.csv
[Fri Apr 24 05:51:28 PM CEST 2026] DONE Steepest_Descent_Method_v9_966053_fault_locations.csv
[Fri Apr 24 05:51:28 PM CEST 2026] DONE Steepest_Descent_Method_v4_446029_fault_locations.csv
[Fri Apr 24 05:51:34 PM CEST 2026] DONE Steepest_Descent_Method_v7_4047920_fault_locations.csv
[Fri Apr 24 05:51:34 PM CEST 2026] START Steiner_Tree_Geometric_v10_689014_fault_locations.csv
[Fri Apr 24 05:51:34 PM CEST 2026] START Steiner_Tree_Geometric_v3_3782667_fault_locations.csv
[Fri Apr 24 05:51:34 PM CEST 2026] START Steiner_Tree_Geometric_v9_977321_fault_locations.csv
[Fri Apr 24 05:51:34 PM CEST 2026] START Stein’s_Algorithm_v10_680413_fault_locations.csv
[Fri Apr 24 05:51:34 PM CEST 2026] START Stein’s_Algorithm_v1_4153494_fault_locations.csv
[Fri Apr 24 05:51:34 PM CEST 2026] START Stein’s_Algorithm_v2_584819_fault_locations.csv
[Fri Apr 24 05:51:34 PM CEST 2026] START Stein’s_Algorithm_v3_3813339_fault_locations.csv
[Fri Apr 24 05:51:34 PM CEST 2026] START Stein’s_Algorithm_v4_392777_fault_locations.csv
[Fri Apr 24 05:51:34 PM CEST 2026] FAIL Stein’s_Algorithm_v1_4153494_fault_locations.csv (status=1)
[Fri Apr 24 05:51:34 PM CEST 2026] FAIL Stein’s_Algorithm_v10_680413_fault_locations.csv (status=1)
[Fri Apr 24 05:51:34 PM CEST 2026] FAIL Stein’s_Algorithm_v2_584819_fault_locations.csv (status=1)
[Fri Apr 24 05:51:34 PM CEST 2026] FAIL Stein’s_Algorithm_v4_392777_fault_locations.csv (status=1)
[Fri Apr 24 05:51:34 PM CEST 2026] FAIL Stein’s_Algorithm_v3_3813339_fault_locations.csv (status=1)
[Fri Apr 24 05:51:38 PM CEST 2026] DONE Steiner_Tree_Geometric_v3_3782667_fault_locations.csv
[Fri Apr 24 05:51:57 PM CEST 2026] DONE Steiner_Tree_Geometric_v9_977321_fault_locations.csv
[Fri Apr 24 05:51:58 PM CEST 2026] DONE Steiner_Tree_Geometric_v10_689014_fault_locations.csv
[Fri Apr 24 05:51:58 PM CEST 2026] START Stein’s_Algorithm_v5_990154_fault_locations.csv
[Fri Apr 24 05:51:58 PM CEST 2026] START Stein’s_Algorithm_v6_322414_fault_locations.csv
[Fri Apr 24 05:51:58 PM CEST 2026] START Stein’s_Algorithm_v7_4044303_fault_locations.csv
[Fri Apr 24 05:51:58 PM CEST 2026] START Stein’s_Algorithm_v8_161542_fault_locations.csv
[Fri Apr 24 05:51:58 PM CEST 2026] START Stein’s_Algorithm_v9_855601_fault_locations.csv
[Fri Apr 24 05:51:58 PM CEST 2026] FAIL Stein’s_Algorithm_v5_990154_fault_locations.csv (status=1)
[Fri Apr 24 05:51:58 PM CEST 2026] START Stencil_Computation_v10_730071_fault_locations.csv
[Fri Apr 24 05:51:58 PM CEST 2026] START Stencil_Computation_v1_4130548_fault_locations.csv
[Fri Apr 24 05:51:58 PM CEST 2026] START Stencil_Computation_v2_634059_fault_locations.csv
[Fri Apr 24 05:51:58 PM CEST 2026] FAIL Stein’s_Algorithm_v8_161542_fault_locations.csv (status=1)
[Fri Apr 24 05:51:58 PM CEST 2026] FAIL Stein’s_Algorithm_v9_855601_fault_locations.csv (status=1)
[Fri Apr 24 05:51:58 PM CEST 2026] FAIL Stein’s_Algorithm_v7_4044303_fault_locations.csv (status=1)
[Fri Apr 24 05:51:59 PM CEST 2026] FAIL Stein’s_Algorithm_v6_322414_fault_locations.csv (status=1)
[Fri Apr 24 05:52:00 PM CEST 2026] DONE Stencil_Computation_v10_730071_fault_locations.csv
[Fri Apr 24 05:52:01 PM CEST 2026] DONE Stencil_Computation_v2_634059_fault_locations.csv
[Fri Apr 24 05:54:33 PM CEST 2026] DONE Stencil_Computation_v1_4130548_fault_locations.csv
[Fri Apr 24 05:54:33 PM CEST 2026] START Stencil_Computation_v3_3914303_fault_locations.csv
[Fri Apr 24 05:54:33 PM CEST 2026] START Stencil_Computation_v4_503403_fault_locations.csv
[Fri Apr 24 05:54:33 PM CEST 2026] START Stencil_Computation_v5_1019537_fault_locations.csv
[Fri Apr 24 05:54:33 PM CEST 2026] START Stencil_Computation_v7_4029914_fault_locations.csv
[Fri Apr 24 05:54:33 PM CEST 2026] START Stencil_Computation_v8_181173_fault_locations.csv
[Fri Apr 24 05:54:33 PM CEST 2026] START Stochastic_Gradient_Descent_Classifier_v2_647009_fault_locations.csv
[Fri Apr 24 05:54:33 PM CEST 2026] START Stochastic_Gradient_Descent_Classifier_v8_140402_fault_locations.csv
[Fri Apr 24 05:54:33 PM CEST 2026] START Stochastic_Gradient_Descent_v1_4118575_fault_locations.csv
[Fri Apr 24 05:54:33 PM CEST 2026] FAIL Stencil_Computation_v8_181173_fault_locations.csv (status=1)
[Fri Apr 24 05:54:35 PM CEST 2026] DONE Stencil_Computation_v3_3914303_fault_locations.csv
[Fri Apr 24 05:54:35 PM CEST 2026] DONE Stencil_Computation_v4_503403_fault_locations.csv
[Fri Apr 24 05:54:38 PM CEST 2026] DONE Stencil_Computation_v5_1019537_fault_locations.csv
[Fri Apr 24 05:54:43 PM CEST 2026] DONE Stencil_Computation_v7_4029914_fault_locations.csv
[Fri Apr 24 05:54:47 PM CEST 2026] DONE Stochastic_Gradient_Descent_Classifier_v8_140402_fault_locations.csv
[Fri Apr 24 05:54:48 PM CEST 2026] DONE Stochastic_Gradient_Descent_Classifier_v2_647009_fault_locations.csv
[Fri Apr 24 05:55:49 PM CEST 2026] DONE Stochastic_Gradient_Descent_v1_4118575_fault_locations.csv
[Fri Apr 24 05:55:49 PM CEST 2026] START Stochastic_Gradient_Descent_v6_331332_fault_locations.csv
[Fri Apr 24 05:55:49 PM CEST 2026] START Stochastic_Gradient_Descent_v8_97557_fault_locations.csv
[Fri Apr 24 05:55:49 PM CEST 2026] START Stormer_Verlet_v10_724383_fault_locations.csv
[Fri Apr 24 05:55:49 PM CEST 2026] START Stormer_Verlet_v1_4146362_fault_locations.csv
[Fri Apr 24 05:55:49 PM CEST 2026] START Stormer_Verlet_v6_245841_fault_locations.csv
[Fri Apr 24 05:55:49 PM CEST 2026] START Stormer_Verlet_v7_4013098_fault_locations.csv
[Fri Apr 24 05:55:49 PM CEST 2026] START Stormer_Verlet_v8_148155_fault_locations.csv
[Fri Apr 24 05:55:49 PM CEST 2026] START Strassen_Matrix_Multiplication_v1_4182887_fault_locations.csv
[Fri Apr 24 05:55:54 PM CEST 2026] DONE Stormer_Verlet_v1_4146362_fault_locations.csv
[Fri Apr 24 05:55:56 PM CEST 2026] DONE Stochastic_Gradient_Descent_v8_97557_fault_locations.csv
[Fri Apr 24 05:55:57 PM CEST 2026] DONE Stormer_Verlet_v8_148155_fault_locations.csv
[Fri Apr 24 05:56:03 PM CEST 2026] DONE Strassen_Matrix_Multiplication_v1_4182887_fault_locations.csv
[Fri Apr 24 05:56:06 PM CEST 2026] DONE Stormer_Verlet_v7_4013098_fault_locations.csv
[Fri Apr 24 05:56:07 PM CEST 2026] DONE Stormer_Verlet_v10_724383_fault_locations.csv
[Fri Apr 24 05:56:18 PM CEST 2026] DONE Stormer_Verlet_v6_245841_fault_locations.csv
[Fri Apr 24 05:57:05 PM CEST 2026] DONE Stochastic_Gradient_Descent_v6_331332_fault_locations.csv
[Fri Apr 24 05:57:05 PM CEST 2026] START Strassen_Matrix_Multiplication_v3_3881085_fault_locations.csv
[Fri Apr 24 05:57:05 PM CEST 2026] START Strassen_Matrix_Multiplication_v5_986921_fault_locations.csv
[Fri Apr 24 05:57:05 PM CEST 2026] START Strassen_Matrix_Multiplication_v6_233928_fault_locations.csv
[Fri Apr 24 05:57:05 PM CEST 2026] START Streaming_Graph_Triangle_Counting_v10_819322_fault_locations.csv
[Fri Apr 24 05:57:05 PM CEST 2026] START Streaming_Graph_Triangle_Counting_v1_33398_fault_locations.csv
[Fri Apr 24 05:57:05 PM CEST 2026] START Streaming_Graph_Triangle_Counting_v2_537176_fault_locations.csv
[Fri Apr 24 05:57:05 PM CEST 2026] FAIL Strassen_Matrix_Multiplication_v5_986921_fault_locations.csv (status=1)
[Fri Apr 24 05:57:05 PM CEST 2026] START Streaming_Graph_Triangle_Counting_v3_3915719_fault_locations.csv
[Fri Apr 24 05:57:05 PM CEST 2026] START Streaming_Graph_Triangle_Counting_v4_438448_fault_locations.csv
[Fri Apr 24 05:57:05 PM CEST 2026] FAIL Strassen_Matrix_Multiplication_v6_233928_fault_locations.csv (status=1)
[Fri Apr 24 05:57:05 PM CEST 2026] FAIL Streaming_Graph_Triangle_Counting_v10_819322_fault_locations.csv (status=1)
[Fri Apr 24 05:57:05 PM CEST 2026] FAIL Streaming_Graph_Triangle_Counting_v2_537176_fault_locations.csv (status=1)
[Fri Apr 24 05:57:05 PM CEST 2026] FAIL Streaming_Graph_Triangle_Counting_v3_3915719_fault_locations.csv (status=1)
[Fri Apr 24 05:57:05 PM CEST 2026] FAIL Streaming_Graph_Triangle_Counting_v4_438448_fault_locations.csv (status=1)
[Fri Apr 24 05:57:05 PM CEST 2026] FAIL Streaming_Graph_Triangle_Counting_v1_33398_fault_locations.csv (status=1)
[Fri Apr 24 05:57:11 PM CEST 2026] DONE Strassen_Matrix_Multiplication_v3_3881085_fault_locations.csv
[Fri Apr 24 05:57:11 PM CEST 2026] START Streaming_Graph_Triangle_Counting_v5_982709_fault_locations.csv
[Fri Apr 24 05:57:11 PM CEST 2026] START Streaming_Graph_Triangle_Counting_v6_270423_fault_locations.csv
[Fri Apr 24 05:57:11 PM CEST 2026] START Streaming_Graph_Triangle_Counting_v7_4016555_fault_locations.csv
[Fri Apr 24 05:57:11 PM CEST 2026] START Streaming_Graph_Triangle_Counting_v8_56102_fault_locations.csv
[Fri Apr 24 05:57:11 PM CEST 2026] START Streaming_Graph_Triangle_Counting_v9_907207_fault_locations.csv
[Fri Apr 24 05:57:11 PM CEST 2026] FAIL Streaming_Graph_Triangle_Counting_v5_982709_fault_locations.csv (status=1)
[Fri Apr 24 05:57:11 PM CEST 2026] START Streaming_PageRank_Approximation_v10_728170_fault_locations.csv
[Fri Apr 24 05:57:11 PM CEST 2026] FAIL Streaming_Graph_Triangle_Counting_v6_270423_fault_locations.csv (status=1)
[Fri Apr 24 05:57:11 PM CEST 2026] FAIL Streaming_Graph_Triangle_Counting_v7_4016555_fault_locations.csv (status=1)
[Fri Apr 24 05:57:11 PM CEST 2026] START Streaming_PageRank_Approximation_v3_3825868_fault_locations.csv
[Fri Apr 24 05:57:11 PM CEST 2026] FAIL Streaming_Graph_Triangle_Counting_v8_56102_fault_locations.csv (status=1)
[Fri Apr 24 05:57:11 PM CEST 2026] START Streaming_PageRank_Approximation_v4_438288_fault_locations.csv
[Fri Apr 24 05:57:11 PM CEST 2026] FAIL Streaming_Graph_Triangle_Counting_v9_907207_fault_locations.csv (status=1)
[Fri Apr 24 05:57:20 PM CEST 2026] DONE Streaming_PageRank_Approximation_v3_3825868_fault_locations.csv
[Fri Apr 24 05:57:25 PM CEST 2026] DONE Streaming_PageRank_Approximation_v4_438288_fault_locations.csv
[Fri Apr 24 05:57:53 PM CEST 2026] DONE Streaming_PageRank_Approximation_v10_728170_fault_locations.csv
[Fri Apr 24 05:57:53 PM CEST 2026] START Streaming_PageRank_Approximation_v5_992795_fault_locations.csv
[Fri Apr 24 05:57:53 PM CEST 2026] START Streaming_PageRank_Approximation_v6_280405_fault_locations.csv
[Fri Apr 24 05:57:53 PM CEST 2026] START Strong_Lucas_Test_v2_602919_fault_locations.csv
[Fri Apr 24 05:57:53 PM CEST 2026] START Strongly_Connected_Components_Condensation_Graph_v10_729296_fault_locations.csv
[Fri Apr 24 05:57:53 PM CEST 2026] START Strongly_Connected_Components_Condensation_Graph_v1_4128921_fault_locations.csv
[Fri Apr 24 05:57:53 PM CEST 2026] START Strongly_Connected_Components_Condensation_Graph_v2_606824_fault_locations.csv
[Fri Apr 24 05:57:53 PM CEST 2026] START Strongly_Connected_Components_Condensation_Graph_v4_516976_fault_locations.csv
[Fri Apr 24 05:57:53 PM CEST 2026] FAIL Strongly_Connected_Components_Condensation_Graph_v10_729296_fault_locations.csv (status=1)
[Fri Apr 24 05:57:53 PM CEST 2026] START Strongly_Connected_Components_Condensation_Graph_v5_1086170_fault_locations.csv
[Fri Apr 24 05:57:53 PM CEST 2026] FAIL Strong_Lucas_Test_v2_602919_fault_locations.csv (status=1)
[Fri Apr 24 05:57:53 PM CEST 2026] FAIL Strongly_Connected_Components_Condensation_Graph_v2_606824_fault_locations.csv (status=1)
[Fri Apr 24 05:57:53 PM CEST 2026] FAIL Strongly_Connected_Components_Condensation_Graph_v1_4128921_fault_locations.csv (status=1)
[Fri Apr 24 05:57:53 PM CEST 2026] FAIL Strongly_Connected_Components_Condensation_Graph_v5_1086170_fault_locations.csv (status=1)
[Fri Apr 24 05:57:53 PM CEST 2026] FAIL Strongly_Connected_Components_Condensation_Graph_v4_516976_fault_locations.csv (status=1)
[Fri Apr 24 05:58:08 PM CEST 2026] DONE Streaming_PageRank_Approximation_v6_280405_fault_locations.csv
[Fri Apr 24 06:04:33 PM CEST 2026] DONE Streaming_PageRank_Approximation_v5_992795_fault_locations.csv
[Fri Apr 24 06:04:33 PM CEST 2026] START Strongly_Connected_Components_Condensation_Graph_v6_308282_fault_locations.csv
[Fri Apr 24 06:04:33 PM CEST 2026] START Strongly_Connected_Components_Condensation_Graph_v7_3991650_fault_locations.csv
[Fri Apr 24 06:04:33 PM CEST 2026] START Strongly_Connected_Components_Condensation_Graph_v8_97592_fault_locations.csv
[Fri Apr 24 06:04:33 PM CEST 2026] START Strongly_Connected_Components_Condensation_Graph_v9_905877_fault_locations.csv
[Fri Apr 24 06:04:33 PM CEST 2026] START StyleGAN2_v1_4170236_fault_locations.csv
[Fri Apr 24 06:04:33 PM CEST 2026] FAIL Strongly_Connected_Components_Condensation_Graph_v6_308282_fault_locations.csv (status=1)
[Fri Apr 24 06:04:33 PM CEST 2026] START StyleGAN2_v2_540153_fault_locations.csv
[Fri Apr 24 06:04:33 PM CEST 2026] START StyleGAN2_v3_3883359_fault_locations.csv
[Fri Apr 24 06:04:33 PM CEST 2026] START StyleGAN2_v4_495106_fault_locations.csv
[Fri Apr 24 06:04:33 PM CEST 2026] FAIL Strongly_Connected_Components_Condensation_Graph_v7_3991650_fault_locations.csv (status=1)
[Fri Apr 24 06:04:33 PM CEST 2026] FAIL Strongly_Connected_Components_Condensation_Graph_v8_97592_fault_locations.csv (status=1)
[Fri Apr 24 06:04:33 PM CEST 2026] FAIL Strongly_Connected_Components_Condensation_Graph_v9_905877_fault_locations.csv (status=1)
[Fri Apr 24 06:04:36 PM CEST 2026] DONE StyleGAN2_v3_3883359_fault_locations.csv
[Fri Apr 24 06:04:41 PM CEST 2026] DONE StyleGAN2_v4_495106_fault_locations.csv
[Fri Apr 24 06:04:42 PM CEST 2026] DONE StyleGAN2_v1_4170236_fault_locations.csv
[Fri Apr 24 06:05:33 PM CEST 2026] DONE StyleGAN2_v2_540153_fault_locations.csv
[Fri Apr 24 06:05:33 PM CEST 2026] START StyleGAN2_v6_333565_fault_locations.csv
[Fri Apr 24 06:05:33 PM CEST 2026] START StyleGAN2_v8_207321_fault_locations.csv
[Fri Apr 24 06:05:33 PM CEST 2026] START StyleGAN3_v5_1080319_fault_locations.csv
[Fri Apr 24 06:05:33 PM CEST 2026] START StyleGAN3_v8_91900_fault_locations.csv
[Fri Apr 24 06:05:33 PM CEST 2026] START StyleGAN_v10_752962_fault_locations.csv
[Fri Apr 24 06:05:33 PM CEST 2026] START StyleGAN_v1_18937_fault_locations.csv
[Fri Apr 24 06:05:33 PM CEST 2026] START StyleGAN_v4_451910_fault_locations.csv
[Fri Apr 24 06:05:33 PM CEST 2026] START StyleGAN_v9_882072_fault_locations.csv
[Fri Apr 24 06:05:37 PM CEST 2026] DONE StyleGAN_v9_882072_fault_locations.csv
[Fri Apr 24 06:05:39 PM CEST 2026] DONE StyleGAN3_v8_91900_fault_locations.csv
[Fri Apr 24 06:05:40 PM CEST 2026] DONE StyleGAN_v10_752962_fault_locations.csv
[Fri Apr 24 06:05:41 PM CEST 2026] DONE StyleGAN_v1_18937_fault_locations.csv
[Fri Apr 24 06:05:51 PM CEST 2026] DONE StyleGAN_v4_451910_fault_locations.csv
[Fri Apr 24 06:06:01 PM CEST 2026] DONE StyleGAN2_v8_207321_fault_locations.csv
[Fri Apr 24 06:06:08 PM CEST 2026] DONE StyleGAN2_v6_333565_fault_locations.csv
[Fri Apr 24 06:06:29 PM CEST 2026] DONE StyleGAN3_v5_1080319_fault_locations.csv
[Fri Apr 24 06:06:29 PM CEST 2026] START Subgraph_Isomorphism_VF2_Algorithm_v10_749404_fault_locations.csv
[Fri Apr 24 06:06:29 PM CEST 2026] START Subgraph_Isomorphism_VF2_Algorithm_v1_21389_fault_locations.csv
[Fri Apr 24 06:06:29 PM CEST 2026] START Subgraph_Isomorphism_VF2_Algorithm_v3_3822118_fault_locations.csv
[Fri Apr 24 06:06:29 PM CEST 2026] START Subgraph_Isomorphism_VF2_Algorithm_v4_440766_fault_locations.csv
[Fri Apr 24 06:06:29 PM CEST 2026] START Subgraph_Isomorphism_VF2_Algorithm_v5_1027161_fault_locations.csv
[Fri Apr 24 06:06:29 PM CEST 2026] START Subgraph_Isomorphism_VF2_Algorithm_v6_268489_fault_locations.csv
[Fri Apr 24 06:06:29 PM CEST 2026] START Subgraph_Isomorphism_VF2_Algorithm_v7_3953941_fault_locations.csv
[Fri Apr 24 06:06:29 PM CEST 2026] START Subgraph_Isomorphism_VF2_Algorithm_v8_131446_fault_locations.csv
[Fri Apr 24 06:06:30 PM CEST 2026] FAIL Subgraph_Isomorphism_VF2_Algorithm_v10_749404_fault_locations.csv (status=1)
[Fri Apr 24 06:06:30 PM CEST 2026] FAIL Subgraph_Isomorphism_VF2_Algorithm_v1_21389_fault_locations.csv (status=1)
[Fri Apr 24 06:06:30 PM CEST 2026] FAIL Subgraph_Isomorphism_VF2_Algorithm_v4_440766_fault_locations.csv (status=1)
[Fri Apr 24 06:06:30 PM CEST 2026] FAIL Subgraph_Isomorphism_VF2_Algorithm_v6_268489_fault_locations.csv (status=1)
[Fri Apr 24 06:06:30 PM CEST 2026] FAIL Subgraph_Isomorphism_VF2_Algorithm_v5_1027161_fault_locations.csv (status=1)
[Fri Apr 24 06:06:30 PM CEST 2026] FAIL Subgraph_Isomorphism_VF2_Algorithm_v7_3953941_fault_locations.csv (status=1)
[Fri Apr 24 06:06:30 PM CEST 2026] FAIL Subgraph_Isomorphism_VF2_Algorithm_v3_3822118_fault_locations.csv (status=1)
[Fri Apr 24 06:06:30 PM CEST 2026] FAIL Subgraph_Isomorphism_VF2_Algorithm_v8_131446_fault_locations.csv (status=1)
[Fri Apr 24 06:06:30 PM CEST 2026] START Subgraph_Isomorphism_VF2_Algorithm_v9_898812_fault_locations.csv
[Fri Apr 24 06:06:30 PM CEST 2026] START Subgraph_Kernel_Computation_v10_777987_fault_locations.csv
[Fri Apr 24 06:06:30 PM CEST 2026] START Subgraph_Kernel_Computation_v2_649660_fault_locations.csv
[Fri Apr 24 06:06:30 PM CEST 2026] START Subgraph_Kernel_Computation_v3_3835501_fault_locations.csv
[Fri Apr 24 06:06:30 PM CEST 2026] START Subgraph_Kernel_Computation_v4_410571_fault_locations.csv
[Fri Apr 24 06:06:30 PM CEST 2026] START Subgraph_Kernel_Computation_v5_1061655_fault_locations.csv
[Fri Apr 24 06:06:30 PM CEST 2026] START Subgraph_Kernel_Computation_v6_258426_fault_locations.csv
[Fri Apr 24 06:06:30 PM CEST 2026] START Subgraph_Kernel_Computation_v7_3975711_fault_locations.csv
[Fri Apr 24 06:06:30 PM CEST 2026] FAIL Subgraph_Kernel_Computation_v3_3835501_fault_locations.csv (status=1)
[Fri Apr 24 06:06:30 PM CEST 2026] FAIL Subgraph_Isomorphism_VF2_Algorithm_v9_898812_fault_locations.csv (status=1)
[Fri Apr 24 06:06:30 PM CEST 2026] FAIL Subgraph_Kernel_Computation_v5_1061655_fault_locations.csv (status=1)
[Fri Apr 24 06:06:30 PM CEST 2026] FAIL Subgraph_Kernel_Computation_v10_777987_fault_locations.csv (status=1)
[Fri Apr 24 06:06:30 PM CEST 2026] FAIL Subgraph_Kernel_Computation_v4_410571_fault_locations.csv (status=1)
[Fri Apr 24 06:06:30 PM CEST 2026] DONE Subgraph_Kernel_Computation_v2_649660_fault_locations.csv
[Fri Apr 24 06:06:30 PM CEST 2026] DONE Subgraph_Kernel_Computation_v6_258426_fault_locations.csv
[Fri Apr 24 06:06:35 PM CEST 2026] DONE Subgraph_Kernel_Computation_v7_3975711_fault_locations.csv
[Fri Apr 24 06:06:35 PM CEST 2026] START Subgraph_Kernel_Computation_v8_59183_fault_locations.csv
[Fri Apr 24 06:06:35 PM CEST 2026] START Subgraph_Kernel_Computation_v9_899798_fault_locations.csv
[Fri Apr 24 06:06:35 PM CEST 2026] START Subgraph_Matching_via_Backtracking_v1_4144425_fault_locations.csv
[Fri Apr 24 06:06:35 PM CEST 2026] START Subgraph_Matching_via_Backtracking_v2_588413_fault_locations.csv
[Fri Apr 24 06:06:35 PM CEST 2026] START Subgraph_Matching_via_Backtracking_v3_3826625_fault_locations.csv
[Fri Apr 24 06:06:35 PM CEST 2026] FAIL Subgraph_Kernel_Computation_v8_59183_fault_locations.csv (status=1)
[Fri Apr 24 06:06:35 PM CEST 2026] START Subgraph_Matching_via_Backtracking_v4_388951_fault_locations.csv
[Fri Apr 24 06:06:35 PM CEST 2026] START Subgraph_Matching_via_Backtracking_v5_1029304_fault_locations.csv
[Fri Apr 24 06:06:35 PM CEST 2026] START Subgraph_Matching_via_Backtracking_v6_231272_fault_locations.csv
[Fri Apr 24 06:06:35 PM CEST 2026] FAIL Subgraph_Matching_via_Backtracking_v2_588413_fault_locations.csv (status=1)
[Fri Apr 24 06:06:35 PM CEST 2026] FAIL Subgraph_Matching_via_Backtracking_v4_388951_fault_locations.csv (status=1)
[Fri Apr 24 06:06:35 PM CEST 2026] FAIL Subgraph_Matching_via_Backtracking_v6_231272_fault_locations.csv (status=1)
[Fri Apr 24 06:06:35 PM CEST 2026] FAIL Subgraph_Matching_via_Backtracking_v1_4144425_fault_locations.csv (status=1)
[Fri Apr 24 06:06:35 PM CEST 2026] FAIL Subgraph_Matching_via_Backtracking_v3_3826625_fault_locations.csv (status=1)
[Fri Apr 24 06:06:35 PM CEST 2026] FAIL Subgraph_Matching_via_Backtracking_v5_1029304_fault_locations.csv (status=1)
[Fri Apr 24 06:06:37 PM CEST 2026] DONE Subgraph_Kernel_Computation_v9_899798_fault_locations.csv
[Fri Apr 24 06:06:37 PM CEST 2026] START Subgraph_Matching_via_Backtracking_v7_3973293_fault_locations.csv
[Fri Apr 24 06:06:37 PM CEST 2026] START Subgraph_Matching_via_Backtracking_v8_141403_fault_locations.csv
[Fri Apr 24 06:06:37 PM CEST 2026] START Subset_Sum_Solver_v10_703457_fault_locations.csv
[Fri Apr 24 06:06:37 PM CEST 2026] START Subset_Sum_Solver_v1_4090168_fault_locations.csv
[Fri Apr 24 06:06:37 PM CEST 2026] START Subset_Sum_Solver_v3_3835523_fault_locations.csv
[Fri Apr 24 06:06:37 PM CEST 2026] START Subset_Sum_Solver_v4_440069_fault_locations.csv
[Fri Apr 24 06:06:37 PM CEST 2026] FAIL Subgraph_Matching_via_Backtracking_v8_141403_fault_locations.csv (status=1)
[Fri Apr 24 06:06:37 PM CEST 2026] START Subset_Sum_Solver_v5_993804_fault_locations.csv
[Fri Apr 24 06:06:37 PM CEST 2026] START Subset_Sum_Solver_v7_4055966_fault_locations.csv
[Fri Apr 24 06:06:37 PM CEST 2026] FAIL Subset_Sum_Solver_v3_3835523_fault_locations.csv (status=1)
[Fri Apr 24 06:06:37 PM CEST 2026] FAIL Subset_Sum_Solver_v4_440069_fault_locations.csv (status=1)
[Fri Apr 24 06:06:37 PM CEST 2026] FAIL Subset_Sum_Solver_v5_993804_fault_locations.csv (status=1)
[Fri Apr 24 06:06:37 PM CEST 2026] FAIL Subgraph_Matching_via_Backtracking_v7_3973293_fault_locations.csv (status=1)
[Fri Apr 24 06:06:37 PM CEST 2026] FAIL Subset_Sum_Solver_v7_4055966_fault_locations.csv (status=1)
[Fri Apr 24 06:06:37 PM CEST 2026] FAIL Subset_Sum_Solver_v1_4090168_fault_locations.csv (status=1)
[Fri Apr 24 06:06:37 PM CEST 2026] FAIL Subset_Sum_Solver_v10_703457_fault_locations.csv (status=1)
[Fri Apr 24 06:06:37 PM CEST 2026] START Subset_Sum_Solver_v8_207758_fault_locations.csv
[Fri Apr 24 06:06:37 PM CEST 2026] START Subset_Sum_Solver_v9_881192_fault_locations.csv
[Fri Apr 24 06:06:37 PM CEST 2026] START Subtree_Size_Computation_v10_733936_fault_locations.csv
[Fri Apr 24 06:06:37 PM CEST 2026] START Subtree_Size_Computation_v1_4120025_fault_locations.csv
[Fri Apr 24 06:06:37 PM CEST 2026] START Subtree_Size_Computation_v2_585036_fault_locations.csv
[Fri Apr 24 06:06:37 PM CEST 2026] START Subtree_Size_Computation_v3_3894844_fault_locations.csv
[Fri Apr 24 06:06:37 PM CEST 2026] START Subtree_Size_Computation_v4_508831_fault_locations.csv
[Fri Apr 24 06:06:37 PM CEST 2026] FAIL Subset_Sum_Solver_v9_881192_fault_locations.csv (status=1)
[Fri Apr 24 06:06:37 PM CEST 2026] FAIL Subtree_Size_Computation_v10_733936_fault_locations.csv (status=1)
[Fri Apr 24 06:06:37 PM CEST 2026] START Subtree_Size_Computation_v5_1131384_fault_locations.csv
[Fri Apr 24 06:06:37 PM CEST 2026] FAIL Subtree_Size_Computation_v1_4120025_fault_locations.csv (status=1)
[Fri Apr 24 06:06:37 PM CEST 2026] FAIL Subtree_Size_Computation_v5_1131384_fault_locations.csv (status=1)
[Fri Apr 24 06:06:37 PM CEST 2026] FAIL Subset_Sum_Solver_v8_207758_fault_locations.csv (status=1)
[Fri Apr 24 06:06:37 PM CEST 2026] FAIL Subtree_Size_Computation_v4_508831_fault_locations.csv (status=1)
[Fri Apr 24 06:06:37 PM CEST 2026] FAIL Subtree_Size_Computation_v3_3894844_fault_locations.csv (status=1)
[Fri Apr 24 06:06:37 PM CEST 2026] FAIL Subtree_Size_Computation_v2_585036_fault_locations.csv (status=1)
[Fri Apr 24 06:06:37 PM CEST 2026] START Subtree_Size_Computation_v7_3942603_fault_locations.csv
[Fri Apr 24 06:06:37 PM CEST 2026] START Subtree_Size_Computation_v8_71217_fault_locations.csv
[Fri Apr 24 06:06:37 PM CEST 2026] START Subtree_Size_Computation_v9_948521_fault_locations.csv
[Fri Apr 24 06:06:37 PM CEST 2026] START Successive_Over_Relaxation_SOR_v10_703196_fault_locations.csv
[Fri Apr 24 06:06:37 PM CEST 2026] START Successive_Over_Relaxation_SOR_v2_610760_fault_locations.csv
[Fri Apr 24 06:06:37 PM CEST 2026] FAIL Subtree_Size_Computation_v7_3942603_fault_locations.csv (status=1)
[Fri Apr 24 06:06:37 PM CEST 2026] START Successive_Over_Relaxation_SOR_v4_505245_fault_locations.csv
[Fri Apr 24 06:06:37 PM CEST 2026] FAIL Subtree_Size_Computation_v8_71217_fault_locations.csv (status=1)
[Fri Apr 24 06:06:37 PM CEST 2026] START Successive_Over_Relaxation_SOR_v5_990310_fault_locations.csv
[Fri Apr 24 06:06:37 PM CEST 2026] FAIL Subtree_Size_Computation_v9_948521_fault_locations.csv (status=1)
[Fri Apr 24 06:06:37 PM CEST 2026] START Successive_Over_Relaxation_SOR_v6_317796_fault_locations.csv
[Fri Apr 24 06:06:46 PM CEST 2026] DONE Successive_Over_Relaxation_SOR_v2_610760_fault_locations.csv
[Fri Apr 24 06:06:47 PM CEST 2026] DONE Successive_Over_Relaxation_SOR_v10_703196_fault_locations.csv
[Fri Apr 24 06:06:52 PM CEST 2026] DONE Successive_Over_Relaxation_SOR_v4_505245_fault_locations.csv
[Fri Apr 24 06:06:53 PM CEST 2026] DONE Successive_Over_Relaxation_SOR_v5_990310_fault_locations.csv
[Fri Apr 24 06:07:02 PM CEST 2026] DONE Successive_Over_Relaxation_SOR_v6_317796_fault_locations.csv
[Fri Apr 24 06:07:02 PM CEST 2026] START Successive_Over_Relaxation_SOR_v9_880974_fault_locations.csv
[Fri Apr 24 06:07:02 PM CEST 2026] START Successive_Over_Relaxation_v1_4185093_fault_locations.csv
[Fri Apr 24 06:07:02 PM CEST 2026] START Successive_Over_Relaxation_v2_662135_fault_locations.csv
[Fri Apr 24 06:07:02 PM CEST 2026] START Successive_Over_Relaxation_v3_3921964_fault_locations.csv
[Fri Apr 24 06:07:02 PM CEST 2026] START Successive_Over_Relaxation_v5_1109808_fault_locations.csv
[Fri Apr 24 06:07:02 PM CEST 2026] START Successive_Over_Relaxation_v6_366835_fault_locations.csv
[Fri Apr 24 06:07:02 PM CEST 2026] START Successive_Over_Relaxation_v7_4003048_fault_locations.csv
[Fri Apr 24 06:07:02 PM CEST 2026] START Successive_Over_Relaxation_v9_893026_fault_locations.csv
[Fri Apr 24 06:07:08 PM CEST 2026] DONE Successive_Over_Relaxation_v2_662135_fault_locations.csv
[Fri Apr 24 06:07:09 PM CEST 2026] DONE Successive_Over_Relaxation_v1_4185093_fault_locations.csv
[Fri Apr 24 06:07:11 PM CEST 2026] DONE Successive_Over_Relaxation_v7_4003048_fault_locations.csv
[Fri Apr 24 06:07:11 PM CEST 2026] DONE Successive_Over_Relaxation_SOR_v9_880974_fault_locations.csv
[Fri Apr 24 06:07:11 PM CEST 2026] DONE Successive_Over_Relaxation_v3_3921964_fault_locations.csv
[Fri Apr 24 06:07:13 PM CEST 2026] DONE Successive_Over_Relaxation_v9_893026_fault_locations.csv
[Fri Apr 24 06:07:13 PM CEST 2026] DONE Successive_Over_Relaxation_v5_1109808_fault_locations.csv
[Fri Apr 24 06:07:15 PM CEST 2026] DONE Successive_Over_Relaxation_v6_366835_fault_locations.csv
[Fri Apr 24 06:07:15 PM CEST 2026] START Successive_Shortest_Augmenting_Path_v10_678467_fault_locations.csv
[Fri Apr 24 06:07:15 PM CEST 2026] START Successive_Shortest_Augmenting_Path_v1_4177679_fault_locations.csv
[Fri Apr 24 06:07:15 PM CEST 2026] START Successive_Shortest_Augmenting_Path_v2_535511_fault_locations.csv
[Fri Apr 24 06:07:15 PM CEST 2026] START Successive_Shortest_Augmenting_Path_v4_488904_fault_locations.csv
[Fri Apr 24 06:07:15 PM CEST 2026] START Successive_Shortest_Augmenting_Path_v8_77176_fault_locations.csv
[Fri Apr 24 06:07:15 PM CEST 2026] FAIL Successive_Shortest_Augmenting_Path_v10_678467_fault_locations.csv (status=1)
[Fri Apr 24 06:07:15 PM CEST 2026] START SUMMA_Matrix_Multiplication_v10_815151_fault_locations.csv
[Fri Apr 24 06:07:15 PM CEST 2026] START SUMMA_Matrix_Multiplication_v1_4188968_fault_locations.csv
[Fri Apr 24 06:07:15 PM CEST 2026] START SUMMA_Matrix_Multiplication_v2_541021_fault_locations.csv
[Fri Apr 24 06:07:15 PM CEST 2026] FAIL Successive_Shortest_Augmenting_Path_v2_535511_fault_locations.csv (status=1)
[Fri Apr 24 06:07:15 PM CEST 2026] FAIL Successive_Shortest_Augmenting_Path_v4_488904_fault_locations.csv (status=1)
[Fri Apr 24 06:07:15 PM CEST 2026] FAIL Successive_Shortest_Augmenting_Path_v8_77176_fault_locations.csv (status=1)
[Fri Apr 24 06:07:15 PM CEST 2026] FAIL SUMMA_Matrix_Multiplication_v2_541021_fault_locations.csv (status=1)
[Fri Apr 24 06:07:15 PM CEST 2026] FAIL Successive_Shortest_Augmenting_Path_v1_4177679_fault_locations.csv (status=1)
[Fri Apr 24 06:07:17 PM CEST 2026] DONE SUMMA_Matrix_Multiplication_v1_4188968_fault_locations.csv
[Fri Apr 24 06:07:24 PM CEST 2026] DONE SUMMA_Matrix_Multiplication_v10_815151_fault_locations.csv
[Fri Apr 24 06:07:24 PM CEST 2026] START SUMMA_Matrix_Multiplication_v3_3897460_fault_locations.csv
[Fri Apr 24 06:07:24 PM CEST 2026] START SUMMA_Matrix_Multiplication_v5_980246_fault_locations.csv
[Fri Apr 24 06:07:24 PM CEST 2026] START SUMMA_Matrix_Multiplication_v6_384503_fault_locations.csv
[Fri Apr 24 06:07:24 PM CEST 2026] START SUMMA_Matrix_Multiplication_v8_48523_fault_locations.csv
[Fri Apr 24 06:07:24 PM CEST 2026] START SUMMA_Matrix_Multiplication_v9_965400_fault_locations.csv
[Fri Apr 24 06:07:24 PM CEST 2026] START Support_Vector_Machine_SVM_v3_3870333_fault_locations.csv
[Fri Apr 24 06:07:24 PM CEST 2026] START Support_Vector_Machine_SVM_v5_1092590_fault_locations.csv
[Fri Apr 24 06:07:24 PM CEST 2026] START Support_Vector_Machine_SVM_v8_197155_fault_locations.csv
[Fri Apr 24 06:07:24 PM CEST 2026] FAIL SUMMA_Matrix_Multiplication_v6_384503_fault_locations.csv (status=1)
[Fri Apr 24 06:07:25 PM CEST 2026] DONE SUMMA_Matrix_Multiplication_v9_965400_fault_locations.csv
[Fri Apr 24 06:07:26 PM CEST 2026] DONE SUMMA_Matrix_Multiplication_v3_3897460_fault_locations.csv
[Fri Apr 24 06:07:26 PM CEST 2026] DONE SUMMA_Matrix_Multiplication_v8_48523_fault_locations.csv
[Fri Apr 24 06:07:26 PM CEST 2026] DONE SUMMA_Matrix_Multiplication_v5_980246_fault_locations.csv
[Fri Apr 24 06:09:06 PM CEST 2026] DONE Support_Vector_Machine_SVM_v5_1092590_fault_locations.csv
[Fri Apr 24 06:09:18 PM CEST 2026] DONE Support_Vector_Machine_SVM_v3_3870333_fault_locations.csv
[Fri Apr 24 06:10:58 PM CEST 2026] DONE Support_Vector_Machine_SVM_v8_197155_fault_locations.csv
[Fri Apr 24 06:10:58 PM CEST 2026] START Support_Vector_Machine_v2_645294_fault_locations.csv
[Fri Apr 24 06:10:58 PM CEST 2026] START Support_Vector_Regressor_SVR_v3_3788895_fault_locations.csv
[Fri Apr 24 06:10:58 PM CEST 2026] START Support_Vector_Regressor_SVR_v4_441097_fault_locations.csv
[Fri Apr 24 06:10:58 PM CEST 2026] START Support_Vector_Regressor_SVR_v5_1077888_fault_locations.csv
[Fri Apr 24 06:10:58 PM CEST 2026] START Support_Vector_Regressor_SVR_v6_330034_fault_locations.csv
[Fri Apr 24 06:10:58 PM CEST 2026] START Support_Vector_Regressor_SVR_v7_3944677_fault_locations.csv
[Fri Apr 24 06:10:58 PM CEST 2026] START Support_Vector_Regressor_SVR_v8_58894_fault_locations.csv
[Fri Apr 24 06:10:58 PM CEST 2026] START Surface_Fitting_v10_781206_fault_locations.csv
[Fri Apr 24 06:11:08 PM CEST 2026] DONE Support_Vector_Machine_v2_645294_fault_locations.csv
[Fri Apr 24 06:11:10 PM CEST 2026] DONE Support_Vector_Regressor_SVR_v3_3788895_fault_locations.csv
[Fri Apr 24 06:11:18 PM CEST 2026] DONE Surface_Fitting_v10_781206_fault_locations.csv
[Fri Apr 24 06:11:25 PM CEST 2026] DONE Support_Vector_Regressor_SVR_v6_330034_fault_locations.csv
[Fri Apr 24 06:11:57 PM CEST 2026] DONE Support_Vector_Regressor_SVR_v7_3944677_fault_locations.csv
[Fri Apr 24 06:12:07 PM CEST 2026] DONE Support_Vector_Regressor_SVR_v8_58894_fault_locations.csv
[Fri Apr 24 06:20:04 PM CEST 2026] DONE Support_Vector_Regressor_SVR_v5_1077888_fault_locations.csv
[Fri Apr 24 06:20:38 PM CEST 2026] DONE Support_Vector_Regressor_SVR_v4_441097_fault_locations.csv
[Fri Apr 24 06:20:38 PM CEST 2026] START Surface_Fitting_v1_4097147_fault_locations.csv
[Fri Apr 24 06:20:38 PM CEST 2026] START Surface_Fitting_v3_3856699_fault_locations.csv
[Fri Apr 24 06:20:38 PM CEST 2026] START Surface_Fitting_v4_404631_fault_locations.csv
[Fri Apr 24 06:20:38 PM CEST 2026] START Surface_Fitting_v6_377115_fault_locations.csv
[Fri Apr 24 06:20:38 PM CEST 2026] START Surface_Fitting_v7_4024965_fault_locations.csv
[Fri Apr 24 06:20:38 PM CEST 2026] START Surface_Patch_Evaluation_v10_783900_fault_locations.csv
[Fri Apr 24 06:20:38 PM CEST 2026] START Surface_Patch_Evaluation_v1_4114188_fault_locations.csv
[Fri Apr 24 06:20:38 PM CEST 2026] START Surface_Patch_Evaluation_v2_666910_fault_locations.csv
[Fri Apr 24 06:20:47 PM CEST 2026] DONE Surface_Patch_Evaluation_v2_666910_fault_locations.csv
[Fri Apr 24 06:20:49 PM CEST 2026] DONE Surface_Patch_Evaluation_v1_4114188_fault_locations.csv
[Fri Apr 24 06:20:50 PM CEST 2026] DONE Surface_Fitting_v1_4097147_fault_locations.csv
[Fri Apr 24 06:20:55 PM CEST 2026] DONE Surface_Fitting_v4_404631_fault_locations.csv
[Fri Apr 24 06:21:00 PM CEST 2026] DONE Surface_Fitting_v3_3856699_fault_locations.csv
[Fri Apr 24 06:21:05 PM CEST 2026] DONE Surface_Patch_Evaluation_v10_783900_fault_locations.csv
[Fri Apr 24 06:26:38 PM CEST 2026] DONE Surface_Fitting_v7_4024965_fault_locations.csv
[Fri Apr 24 06:33:13 PM CEST 2026] DONE Surface_Fitting_v6_377115_fault_locations.csv
[Fri Apr 24 06:33:13 PM CEST 2026] START Surface_Patch_Evaluation_v5_1073245_fault_locations.csv
[Fri Apr 24 06:33:13 PM CEST 2026] START Surface_Patch_Evaluation_v6_374690_fault_locations.csv
[Fri Apr 24 06:33:13 PM CEST 2026] START Surface_Patch_Evaluation_v7_3990686_fault_locations.csv
[Fri Apr 24 06:33:13 PM CEST 2026] START Surface_Patch_Evaluation_v8_183645_fault_locations.csv
[Fri Apr 24 06:33:13 PM CEST 2026] START Surface_Patch_Evaluation_v9_936064_fault_locations.csv
[Fri Apr 24 06:33:13 PM CEST 2026] START Surface_Reconstruction_v1_4182500_fault_locations.csv
[Fri Apr 24 06:33:13 PM CEST 2026] START Surface_Reconstruction_v3_3892600_fault_locations.csv
[Fri Apr 24 06:33:13 PM CEST 2026] START Surface_Reconstruction_v6_378776_fault_locations.csv
[Fri Apr 24 06:33:19 PM CEST 2026] DONE Surface_Reconstruction_v1_4182500_fault_locations.csv
[Fri Apr 24 06:33:23 PM CEST 2026] DONE Surface_Patch_Evaluation_v7_3990686_fault_locations.csv
[Fri Apr 24 06:33:25 PM CEST 2026] DONE Surface_Patch_Evaluation_v6_374690_fault_locations.csv
[Fri Apr 24 06:33:25 PM CEST 2026] DONE Surface_Patch_Evaluation_v9_936064_fault_locations.csv
[Fri Apr 24 06:33:27 PM CEST 2026] DONE Surface_Patch_Evaluation_v5_1073245_fault_locations.csv
[Fri Apr 24 06:33:29 PM CEST 2026] DONE Surface_Reconstruction_v3_3892600_fault_locations.csv
[Fri Apr 24 06:34:29 PM CEST 2026] DONE Surface_Reconstruction_v6_378776_fault_locations.csv
[Fri Apr 24 06:37:38 PM CEST 2026] DONE Surface_Patch_Evaluation_v8_183645_fault_locations.csv
[Fri Apr 24 06:37:38 PM CEST 2026] START Surface_Smoothing_v10_704147_fault_locations.csv
[Fri Apr 24 06:37:38 PM CEST 2026] START Surface_Smoothing_v2_531896_fault_locations.csv
[Fri Apr 24 06:37:38 PM CEST 2026] START Surface_Smoothing_v4_488871_fault_locations.csv
[Fri Apr 24 06:37:38 PM CEST 2026] START Surface_Smoothing_v6_303937_fault_locations.csv
[Fri Apr 24 06:37:38 PM CEST 2026] START Surface_Smoothing_v7_3977756_fault_locations.csv
[Fri Apr 24 06:37:38 PM CEST 2026] START Surface_Smoothing_v8_208861_fault_locations.csv
[Fri Apr 24 06:37:38 PM CEST 2026] START Surface_Smoothing_v9_854832_fault_locations.csv
[Fri Apr 24 06:37:38 PM CEST 2026] START SURF_Feature_Extraction_v6_259035_fault_locations.csv
[Fri Apr 24 06:37:40 PM CEST 2026] DONE Surface_Smoothing_v8_208861_fault_locations.csv
[Fri Apr 24 06:37:40 PM CEST 2026] DONE Surface_Smoothing_v10_704147_fault_locations.csv
[Fri Apr 24 06:37:40 PM CEST 2026] DONE Surface_Smoothing_v7_3977756_fault_locations.csv
[Fri Apr 24 06:37:41 PM CEST 2026] DONE Surface_Smoothing_v4_488871_fault_locations.csv
[Fri Apr 24 06:37:41 PM CEST 2026] DONE Surface_Smoothing_v2_531896_fault_locations.csv
[Fri Apr 24 06:37:41 PM CEST 2026] DONE Surface_Smoothing_v9_854832_fault_locations.csv
[Fri Apr 24 06:37:47 PM CEST 2026] DONE SURF_Feature_Extraction_v6_259035_fault_locations.csv
[Fri Apr 24 06:45:12 PM CEST 2026] DONE Surface_Smoothing_v6_303937_fault_locations.csv
[Fri Apr 24 06:45:12 PM CEST 2026] START Swept_Collision_Detection_v1_4170133_fault_locations.csv
[Fri Apr 24 06:45:12 PM CEST 2026] START Swin_Transformer_v3_3915316_fault_locations.csv
[Fri Apr 24 06:45:12 PM CEST 2026] START Swin_Transformer_v4_404891_fault_locations.csv
[Fri Apr 24 06:45:12 PM CEST 2026] START Symplectic_Integrator_v1_4134638_fault_locations.csv
[Fri Apr 24 06:45:12 PM CEST 2026] START Symplectic_Integrator_v2_545238_fault_locations.csv
[Fri Apr 24 06:45:12 PM CEST 2026] START Symplectic_Integrator_v3_3794209_fault_locations.csv
[Fri Apr 24 06:45:12 PM CEST 2026] START Symplectic_Integrator_v4_513648_fault_locations.csv
[Fri Apr 24 06:45:12 PM CEST 2026] START Symplectic_Integrator_v5_1063330_fault_locations.csv
[Fri Apr 24 06:45:15 PM CEST 2026] DONE Symplectic_Integrator_v1_4134638_fault_locations.csv
[Fri Apr 24 06:45:18 PM CEST 2026] DONE Symplectic_Integrator_v2_545238_fault_locations.csv
[Fri Apr 24 06:45:23 PM CEST 2026] DONE Swept_Collision_Detection_v1_4170133_fault_locations.csv
[Fri Apr 24 06:45:34 PM CEST 2026] DONE Swin_Transformer_v4_404891_fault_locations.csv
[Fri Apr 24 06:45:40 PM CEST 2026] DONE Swin_Transformer_v3_3915316_fault_locations.csv
[Fri Apr 24 06:45:43 PM CEST 2026] DONE Symplectic_Integrator_v5_1063330_fault_locations.csv
[Fri Apr 24 06:47:20 PM CEST 2026] DONE Symplectic_Integrator_v4_513648_fault_locations.csv
[Fri Apr 24 07:00:17 PM CEST 2026] DONE Symplectic_Integrator_v3_3794209_fault_locations.csv
[Fri Apr 24 07:00:17 PM CEST 2026] START Symplectic_Integrator_v6_297568_fault_locations.csv
[Fri Apr 24 07:00:17 PM CEST 2026] START Symplectic_Integrator_v8_134757_fault_locations.csv
[Fri Apr 24 07:00:17 PM CEST 2026] START Symplectic_Integrator_v9_868589_fault_locations.csv
[Fri Apr 24 07:00:17 PM CEST 2026] START T5_v1_27944_fault_locations.csv
[Fri Apr 24 07:00:17 PM CEST 2026] START T5_v2_558347_fault_locations.csv
[Fri Apr 24 07:00:17 PM CEST 2026] START T5_v3_3851864_fault_locations.csv
[Fri Apr 24 07:00:17 PM CEST 2026] START T5_v4_500925_fault_locations.csv
[Fri Apr 24 07:00:17 PM CEST 2026] START T5_v6_294485_fault_locations.csv
[Fri Apr 24 07:00:18 PM CEST 2026] DONE T5_v3_3851864_fault_locations.csv
[Fri Apr 24 07:00:18 PM CEST 2026] DONE T5_v4_500925_fault_locations.csv
[Fri Apr 24 07:00:19 PM CEST 2026] DONE Symplectic_Integrator_v9_868589_fault_locations.csv
[Fri Apr 24 07:00:20 PM CEST 2026] DONE T5_v2_558347_fault_locations.csv
[Fri Apr 24 07:00:23 PM CEST 2026] DONE T5_v6_294485_fault_locations.csv
[Fri Apr 24 07:00:30 PM CEST 2026] DONE Symplectic_Integrator_v6_297568_fault_locations.csv
[Fri Apr 24 07:01:04 PM CEST 2026] DONE T5_v1_27944_fault_locations.csv
[Fri Apr 24 07:15:20 PM CEST 2026] DONE Symplectic_Integrator_v8_134757_fault_locations.csv
[Fri Apr 24 07:15:20 PM CEST 2026] START T5_v7_3973410_fault_locations.csv
[Fri Apr 24 07:15:20 PM CEST 2026] START T5_v9_914971_fault_locations.csv
[Fri Apr 24 07:15:20 PM CEST 2026] START Tarjan’s_Offline_LCA_Algorithm_v1_4184952_fault_locations.csv
[Fri Apr 24 07:15:20 PM CEST 2026] START Tarjan’s_Offline_LCA_Algorithm_v3_3906282_fault_locations.csv
[Fri Apr 24 07:15:20 PM CEST 2026] START Tarjan’s_Offline_LCA_Algorithm_v4_488334_fault_locations.csv
[Fri Apr 24 07:15:20 PM CEST 2026] START Tarjan’s_Offline_LCA_Algorithm_v5_1046645_fault_locations.csv
[Fri Apr 24 07:15:20 PM CEST 2026] START Tarjan’s_Offline_LCA_Algorithm_v6_357796_fault_locations.csv
[Fri Apr 24 07:15:20 PM CEST 2026] FAIL Tarjan’s_Offline_LCA_Algorithm_v1_4184952_fault_locations.csv (status=1)
[Fri Apr 24 07:15:20 PM CEST 2026] START Tarjan’s_Offline_LCA_Algorithm_v7_4004396_fault_locations.csv
[Fri Apr 24 07:15:20 PM CEST 2026] FAIL Tarjan’s_Offline_LCA_Algorithm_v4_488334_fault_locations.csv (status=1)
[Fri Apr 24 07:15:20 PM CEST 2026] FAIL Tarjan’s_Offline_LCA_Algorithm_v7_4004396_fault_locations.csv (status=1)
[Fri Apr 24 07:15:20 PM CEST 2026] FAIL Tarjan’s_Offline_LCA_Algorithm_v3_3906282_fault_locations.csv (status=1)
[Fri Apr 24 07:15:20 PM CEST 2026] FAIL T5_v9_914971_fault_locations.csv (status=1)
[Fri Apr 24 07:15:20 PM CEST 2026] FAIL Tarjan’s_Offline_LCA_Algorithm_v6_357796_fault_locations.csv (status=1)
[Fri Apr 24 07:15:20 PM CEST 2026] FAIL Tarjan’s_Offline_LCA_Algorithm_v5_1046645_fault_locations.csv (status=1)
[Fri Apr 24 07:15:21 PM CEST 2026] DONE T5_v7_3973410_fault_locations.csv
[Fri Apr 24 07:15:21 PM CEST 2026] START Tarjan’s_Offline_LCA_Algorithm_v8_177154_fault_locations.csv
[Fri Apr 24 07:15:21 PM CEST 2026] START Tarjan’s_Offline_LCA_Algorithm_v9_866134_fault_locations.csv
[Fri Apr 24 07:15:21 PM CEST 2026] START Tarjan’s_Strongly_Connected_Components_Algorithm_v10_743776_fault_locations.csv
[Fri Apr 24 07:15:21 PM CEST 2026] START Tarjan’s_Strongly_Connected_Components_Algorithm_v1_4127759_fault_locations.csv
[Fri Apr 24 07:15:21 PM CEST 2026] START Tarjan’s_Strongly_Connected_Components_Algorithm_v3_3833650_fault_locations.csv
[Fri Apr 24 07:15:21 PM CEST 2026] START Tarjan’s_Strongly_Connected_Components_Algorithm_v4_520662_fault_locations.csv
[Fri Apr 24 07:15:21 PM CEST 2026] START Tarjan’s_Strongly_Connected_Components_Algorithm_v5_983301_fault_locations.csv
[Fri Apr 24 07:15:21 PM CEST 2026] START Tarjan’s_Strongly_Connected_Components_Algorithm_v6_358538_fault_locations.csv
[Fri Apr 24 07:15:21 PM CEST 2026] FAIL Tarjan’s_Strongly_Connected_Components_Algorithm_v3_3833650_fault_locations.csv (status=1)
[Fri Apr 24 07:15:21 PM CEST 2026] FAIL Tarjan’s_Strongly_Connected_Components_Algorithm_v4_520662_fault_locations.csv (status=1)
[Fri Apr 24 07:15:21 PM CEST 2026] FAIL Tarjan’s_Strongly_Connected_Components_Algorithm_v5_983301_fault_locations.csv (status=1)
[Fri Apr 24 07:15:21 PM CEST 2026] FAIL Tarjan’s_Offline_LCA_Algorithm_v8_177154_fault_locations.csv (status=1)
[Fri Apr 24 07:15:21 PM CEST 2026] FAIL Tarjan’s_Strongly_Connected_Components_Algorithm_v6_358538_fault_locations.csv (status=1)
[Fri Apr 24 07:15:21 PM CEST 2026] FAIL Tarjan’s_Strongly_Connected_Components_Algorithm_v1_4127759_fault_locations.csv (status=1)
[Fri Apr 24 07:15:21 PM CEST 2026] FAIL Tarjan’s_Offline_LCA_Algorithm_v9_866134_fault_locations.csv (status=1)
[Fri Apr 24 07:15:21 PM CEST 2026] FAIL Tarjan’s_Strongly_Connected_Components_Algorithm_v10_743776_fault_locations.csv (status=1)
[Fri Apr 24 07:15:21 PM CEST 2026] START Tarjan’s_Strongly_Connected_Components_Algorithm_v8_174966_fault_locations.csv
[Fri Apr 24 07:15:21 PM CEST 2026] START Tarjan’s_Strongly_Connected_Components_Algorithm_v9_936958_fault_locations.csv
[Fri Apr 24 07:15:21 PM CEST 2026] START TD3_Twin_Delayed_DDPG_v6_330633_fault_locations.csv
[Fri Apr 24 07:15:21 PM CEST 2026] START TEA_Tiny_Encryption_Algorithm_v10_706540_fault_locations.csv
[Fri Apr 24 07:15:21 PM CEST 2026] FAIL Tarjan’s_Strongly_Connected_Components_Algorithm_v8_174966_fault_locations.csv (status=1)
[Fri Apr 24 07:15:21 PM CEST 2026] START TEA_Tiny_Encryption_Algorithm_v1_4095724_fault_locations.csv
[Fri Apr 24 07:15:21 PM CEST 2026] START TEA_Tiny_Encryption_Algorithm_v6_370930_fault_locations.csv
[Fri Apr 24 07:15:21 PM CEST 2026] FAIL Tarjan’s_Strongly_Connected_Components_Algorithm_v9_936958_fault_locations.csv (status=1)
[Fri Apr 24 07:15:21 PM CEST 2026] START TEA_Tiny_Encryption_Algorithm_v7_4079555_fault_locations.csv
[Fri Apr 24 07:15:21 PM CEST 2026] START TEA_Tiny_Encryption_Algorithm_v8_63091_fault_locations.csv
[Fri Apr 24 07:15:21 PM CEST 2026] FAIL TEA_Tiny_Encryption_Algorithm_v10_706540_fault_locations.csv (status=1)
[Fri Apr 24 07:15:21 PM CEST 2026] FAIL TEA_Tiny_Encryption_Algorithm_v1_4095724_fault_locations.csv (status=1)
[Fri Apr 24 07:15:21 PM CEST 2026] FAIL TEA_Tiny_Encryption_Algorithm_v6_370930_fault_locations.csv (status=1)
[Fri Apr 24 07:15:21 PM CEST 2026] FAIL TEA_Tiny_Encryption_Algorithm_v7_4079555_fault_locations.csv (status=1)
[Fri Apr 24 07:15:21 PM CEST 2026] FAIL TEA_Tiny_Encryption_Algorithm_v8_63091_fault_locations.csv (status=1)
[Fri Apr 24 07:16:11 PM CEST 2026] DONE TD3_Twin_Delayed_DDPG_v6_330633_fault_locations.csv
[Fri Apr 24 07:16:11 PM CEST 2026] START Temporal_Difference_Learning_v10_773513_fault_locations.csv
[Fri Apr 24 07:16:11 PM CEST 2026] START Temporal_Difference_Learning_v1_4193392_fault_locations.csv
[Fri Apr 24 07:16:11 PM CEST 2026] START Temporal_Difference_Learning_v2_539671_fault_locations.csv
[Fri Apr 24 07:16:11 PM CEST 2026] START Temporal_Difference_Learning_v4_454865_fault_locations.csv
[Fri Apr 24 07:16:11 PM CEST 2026] START Temporal_Difference_Learning_v7_3946995_fault_locations.csv
[Fri Apr 24 07:16:11 PM CEST 2026] START Temporal_Difference_Learning_v9_964144_fault_locations.csv
[Fri Apr 24 07:16:11 PM CEST 2026] START Tensor_Decomposition_CP_v10_814975_fault_locations.csv
[Fri Apr 24 07:16:11 PM CEST 2026] START Tensor_Decomposition_CP_v1_4117817_fault_locations.csv
[Fri Apr 24 07:16:15 PM CEST 2026] DONE Temporal_Difference_Learning_v10_773513_fault_locations.csv
[Fri Apr 24 07:16:15 PM CEST 2026] DONE Temporal_Difference_Learning_v9_964144_fault_locations.csv
[Fri Apr 24 07:16:20 PM CEST 2026] DONE Temporal_Difference_Learning_v4_454865_fault_locations.csv
[Fri Apr 24 07:16:30 PM CEST 2026] DONE Tensor_Decomposition_CP_v1_4117817_fault_locations.csv
[Fri Apr 24 07:16:40 PM CEST 2026] DONE Temporal_Difference_Learning_v7_3946995_fault_locations.csv
[Fri Apr 24 07:16:48 PM CEST 2026] DONE Tensor_Decomposition_CP_v10_814975_fault_locations.csv
[Fri Apr 24 07:17:24 PM CEST 2026] DONE Temporal_Difference_Learning_v2_539671_fault_locations.csv
[Fri Apr 24 07:25:27 PM CEST 2026] DONE Temporal_Difference_Learning_v1_4193392_fault_locations.csv
[Fri Apr 24 07:25:27 PM CEST 2026] START Tensor_Decomposition_CP_v2_644772_fault_locations.csv
[Fri Apr 24 07:25:27 PM CEST 2026] START Tensor_Decomposition_CP_v7_4056202_fault_locations.csv
[Fri Apr 24 07:25:27 PM CEST 2026] START Tensor_Product_Computation_v2_659290_fault_locations.csv
[Fri Apr 24 07:25:27 PM CEST 2026] START Tensor_Product_Computation_v3_3789740_fault_locations.csv
[Fri Apr 24 07:25:27 PM CEST 2026] START Tensor_Product_Computation_v4_512725_fault_locations.csv
[Fri Apr 24 07:25:27 PM CEST 2026] START Tensor_Product_Computation_v6_378020_fault_locations.csv
[Fri Apr 24 07:25:27 PM CEST 2026] START Tensor_Product_Computation_v7_4013684_fault_locations.csv
[Fri Apr 24 07:25:27 PM CEST 2026] START Tensor_Product_Computation_v8_165794_fault_locations.csv
[Fri Apr 24 07:25:27 PM CEST 2026] FAIL Tensor_Product_Computation_v3_3789740_fault_locations.csv (status=1)
[Fri Apr 24 07:25:27 PM CEST 2026] FAIL Tensor_Product_Computation_v8_165794_fault_locations.csv (status=1)
[Fri Apr 24 07:25:28 PM CEST 2026] DONE Tensor_Product_Computation_v2_659290_fault_locations.csv
[Fri Apr 24 07:25:28 PM CEST 2026] DONE Tensor_Product_Computation_v7_4013684_fault_locations.csv
[Fri Apr 24 07:25:32 PM CEST 2026] DONE Tensor_Product_Computation_v4_512725_fault_locations.csv
[Fri Apr 24 07:25:37 PM CEST 2026] DONE Tensor_Decomposition_CP_v7_4056202_fault_locations.csv
[Fri Apr 24 07:25:44 PM CEST 2026] DONE Tensor_Decomposition_CP_v2_644772_fault_locations.csv
[Fri Apr 24 07:25:49 PM CEST 2026] DONE Tensor_Product_Computation_v6_378020_fault_locations.csv
[Fri Apr 24 07:25:49 PM CEST 2026] START Tensor_Product_Computation_v9_958816_fault_locations.csv
[Fri Apr 24 07:25:49 PM CEST 2026] START Tensor_Tucker_Decomposition_v1_38606_fault_locations.csv
[Fri Apr 24 07:25:49 PM CEST 2026] START Tensor_Tucker_Decomposition_v4_386592_fault_locations.csv
[Fri Apr 24 07:25:49 PM CEST 2026] START Tensor_Tucker_Decomposition_v6_258819_fault_locations.csv
[Fri Apr 24 07:25:49 PM CEST 2026] START Terrain_Visibility_v1_9499_fault_locations.csv
[Fri Apr 24 07:25:49 PM CEST 2026] START Terrain_Visibility_v2_527775_fault_locations.csv
[Fri Apr 24 07:25:49 PM CEST 2026] START Terrain_Visibility_v3_3796273_fault_locations.csv
[Fri Apr 24 07:25:49 PM CEST 2026] START Terrain_Visibility_v4_513514_fault_locations.csv
[Fri Apr 24 07:25:49 PM CEST 2026] FAIL Terrain_Visibility_v4_513514_fault_locations.csv (status=1)
[Fri Apr 24 07:25:49 PM CEST 2026] FAIL Tensor_Product_Computation_v9_958816_fault_locations.csv (status=1)
[Fri Apr 24 07:25:49 PM CEST 2026] FAIL Terrain_Visibility_v3_3796273_fault_locations.csv (status=1)
[Fri Apr 24 07:25:51 PM CEST 2026] DONE Terrain_Visibility_v2_527775_fault_locations.csv
[Fri Apr 24 07:25:54 PM CEST 2026] DONE Tensor_Tucker_Decomposition_v1_38606_fault_locations.csv
[Fri Apr 24 07:25:57 PM CEST 2026] DONE Tensor_Tucker_Decomposition_v4_386592_fault_locations.csv
[Fri Apr 24 07:26:02 PM CEST 2026] DONE Tensor_Tucker_Decomposition_v6_258819_fault_locations.csv
[Fri Apr 24 07:26:13 PM CEST 2026] DONE Terrain_Visibility_v1_9499_fault_locations.csv
[Fri Apr 24 07:26:13 PM CEST 2026] START Terrain_Visibility_v5_1089976_fault_locations.csv
[Fri Apr 24 07:26:13 PM CEST 2026] START Terrain_Visibility_v6_313459_fault_locations.csv
[Fri Apr 24 07:26:13 PM CEST 2026] START Terrain_Visibility_v7_3935007_fault_locations.csv
[Fri Apr 24 07:26:13 PM CEST 2026] START Terrain_Visibility_v8_121399_fault_locations.csv
[Fri Apr 24 07:26:13 PM CEST 2026] START TFQMR_v3_3868491_fault_locations.csv
[Fri Apr 24 07:26:13 PM CEST 2026] FAIL Terrain_Visibility_v6_313459_fault_locations.csv (status=1)
[Fri Apr 24 07:26:13 PM CEST 2026] START TFQMR_v6_276654_fault_locations.csv
[Fri Apr 24 07:26:13 PM CEST 2026] START TFQMR_v7_4055876_fault_locations.csv
[Fri Apr 24 07:26:13 PM CEST 2026] START TFQMR_v8_148135_fault_locations.csv
[Fri Apr 24 07:26:16 PM CEST 2026] DONE Terrain_Visibility_v5_1089976_fault_locations.csv
[Fri Apr 24 07:26:26 PM CEST 2026] DONE TFQMR_v6_276654_fault_locations.csv
[Fri Apr 24 07:26:53 PM CEST 2026] DONE Terrain_Visibility_v7_3935007_fault_locations.csv
[Fri Apr 24 07:26:54 PM CEST 2026] DONE Terrain_Visibility_v8_121399_fault_locations.csv
[Fri Apr 24 07:27:03 PM CEST 2026] DONE TFQMR_v3_3868491_fault_locations.csv
[Fri Apr 24 07:27:57 PM CEST 2026] DONE TFQMR_v7_4055876_fault_locations.csv
[Fri Apr 24 07:28:18 PM CEST 2026] DONE TFQMR_v8_148135_fault_locations.csv
[Fri Apr 24 07:28:18 PM CEST 2026] START Theil_Sen_Regressor_v10_724349_fault_locations.csv
[Fri Apr 24 07:28:18 PM CEST 2026] START Theil_Sen_Regressor_v1_4163667_fault_locations.csv
[Fri Apr 24 07:28:18 PM CEST 2026] START Theil_Sen_Regressor_v2_578599_fault_locations.csv
[Fri Apr 24 07:28:18 PM CEST 2026] START Theil_Sen_Regressor_v4_454406_fault_locations.csv
[Fri Apr 24 07:28:18 PM CEST 2026] START Theil_Sen_Regressor_v5_1103452_fault_locations.csv
[Fri Apr 24 07:28:18 PM CEST 2026] START Theil_Sen_Regressor_v6_248030_fault_locations.csv
[Fri Apr 24 07:28:18 PM CEST 2026] START Theil_Sen_Regressor_v7_3945233_fault_locations.csv
[Fri Apr 24 07:28:18 PM CEST 2026] START Theil_Sen_Regressor_v8_186494_fault_locations.csv
[Fri Apr 24 07:28:22 PM CEST 2026] DONE Theil_Sen_Regressor_v7_3945233_fault_locations.csv
[Fri Apr 24 07:28:22 PM CEST 2026] DONE Theil_Sen_Regressor_v10_724349_fault_locations.csv
[Fri Apr 24 07:28:23 PM CEST 2026] DONE Theil_Sen_Regressor_v4_454406_fault_locations.csv
[Fri Apr 24 07:28:24 PM CEST 2026] DONE Theil_Sen_Regressor_v1_4163667_fault_locations.csv
[Fri Apr 24 07:28:26 PM CEST 2026] DONE Theil_Sen_Regressor_v8_186494_fault_locations.csv
[Fri Apr 24 07:28:29 PM CEST 2026] DONE Theil_Sen_Regressor_v2_578599_fault_locations.csv
[Fri Apr 24 07:28:34 PM CEST 2026] DONE Theil_Sen_Regressor_v5_1103452_fault_locations.csv
[Fri Apr 24 07:28:38 PM CEST 2026] DONE Theil_Sen_Regressor_v6_248030_fault_locations.csv
[Fri Apr 24 07:28:38 PM CEST 2026] START Theil_Sen_Regressor_v9_914139_fault_locations.csv
[Fri Apr 24 07:28:38 PM CEST 2026] START Thin_Plate_Spline_Warping_v9_894700_fault_locations.csv
[Fri Apr 24 07:28:38 PM CEST 2026] START Threshold_Graph_Recognition_v1_11786_fault_locations.csv
[Fri Apr 24 07:28:38 PM CEST 2026] START Threshold_Graph_Recognition_v2_559354_fault_locations.csv
[Fri Apr 24 07:28:38 PM CEST 2026] START Threshold_Graph_Recognition_v3_3882278_fault_locations.csv
[Fri Apr 24 07:28:38 PM CEST 2026] START Threshold_Graph_Recognition_v5_1131606_fault_locations.csv
[Fri Apr 24 07:28:38 PM CEST 2026] START Threshold_Graph_Recognition_v6_282027_fault_locations.csv
[Fri Apr 24 07:28:38 PM CEST 2026] START Threshold_Graph_Recognition_v7_3962413_fault_locations.csv
[Fri Apr 24 07:28:38 PM CEST 2026] FAIL Threshold_Graph_Recognition_v2_559354_fault_locations.csv (status=1)
[Fri Apr 24 07:28:38 PM CEST 2026] FAIL Threshold_Graph_Recognition_v6_282027_fault_locations.csv (status=1)
[Fri Apr 24 07:28:38 PM CEST 2026] FAIL Threshold_Graph_Recognition_v3_3882278_fault_locations.csv (status=1)
[Fri Apr 24 07:28:38 PM CEST 2026] FAIL Threshold_Graph_Recognition_v1_11786_fault_locations.csv (status=1)
[Fri Apr 24 07:28:38 PM CEST 2026] FAIL Threshold_Graph_Recognition_v5_1131606_fault_locations.csv (status=1)
[Fri Apr 24 07:28:38 PM CEST 2026] FAIL Threshold_Graph_Recognition_v7_3962413_fault_locations.csv (status=1)
[Fri Apr 24 07:28:49 PM CEST 2026] DONE Theil_Sen_Regressor_v9_914139_fault_locations.csv
[Fri Apr 24 07:29:21 PM CEST 2026] DONE Thin_Plate_Spline_Warping_v9_894700_fault_locations.csv
[Fri Apr 24 07:29:21 PM CEST 2026] START Threshold_Graph_Recognition_v8_130594_fault_locations.csv
[Fri Apr 24 07:29:21 PM CEST 2026] START Threshold_Graph_Recognition_v9_938137_fault_locations.csv
[Fri Apr 24 07:29:21 PM CEST 2026] START Tonelli_Shanks_Algorithm_v10_829583_fault_locations.csv
[Fri Apr 24 07:29:21 PM CEST 2026] START Tonelli_Shanks_Algorithm_v1_4192591_fault_locations.csv
[Fri Apr 24 07:29:21 PM CEST 2026] START Tonelli_Shanks_Algorithm_v2_640428_fault_locations.csv
[Fri Apr 24 07:29:21 PM CEST 2026] FAIL Threshold_Graph_Recognition_v8_130594_fault_locations.csv (status=1)
[Fri Apr 24 07:29:21 PM CEST 2026] START Tonelli_Shanks_Algorithm_v3_3821562_fault_locations.csv
[Fri Apr 24 07:29:21 PM CEST 2026] FAIL Threshold_Graph_Recognition_v9_938137_fault_locations.csv (status=1)
[Fri Apr 24 07:29:21 PM CEST 2026] START Tonelli_Shanks_Algorithm_v4_508284_fault_locations.csv
[Fri Apr 24 07:29:21 PM CEST 2026] FAIL Tonelli_Shanks_Algorithm_v10_829583_fault_locations.csv (status=1)
[Fri Apr 24 07:29:21 PM CEST 2026] FAIL Tonelli_Shanks_Algorithm_v1_4192591_fault_locations.csv (status=1)
[Fri Apr 24 07:29:21 PM CEST 2026] START Tonelli_Shanks_Algorithm_v5_1038498_fault_locations.csv
[Fri Apr 24 07:29:21 PM CEST 2026] FAIL Tonelli_Shanks_Algorithm_v5_1038498_fault_locations.csv (status=1)
[Fri Apr 24 07:29:21 PM CEST 2026] FAIL Tonelli_Shanks_Algorithm_v2_640428_fault_locations.csv (status=1)
[Fri Apr 24 07:29:22 PM CEST 2026] FAIL Tonelli_Shanks_Algorithm_v3_3821562_fault_locations.csv (status=1)
[Fri Apr 24 07:29:22 PM CEST 2026] FAIL Tonelli_Shanks_Algorithm_v4_508284_fault_locations.csv (status=1)
[Fri Apr 24 07:29:22 PM CEST 2026] START Tonelli_Shanks_Algorithm_v6_379007_fault_locations.csv
[Fri Apr 24 07:29:22 PM CEST 2026] START Tonelli_Shanks_Algorithm_v8_182087_fault_locations.csv
[Fri Apr 24 07:29:22 PM CEST 2026] START Tonelli_Shanks_Algorithm_v9_947719_fault_locations.csv
[Fri Apr 24 07:29:22 PM CEST 2026] START Toom_Cook_Multiplication_v4_430483_fault_locations.csv
[Fri Apr 24 07:29:22 PM CEST 2026] START Toom_Cook_Multiplication_v6_315791_fault_locations.csv
[Fri Apr 24 07:29:22 PM CEST 2026] FAIL Tonelli_Shanks_Algorithm_v6_379007_fault_locations.csv (status=1)
[Fri Apr 24 07:29:22 PM CEST 2026] START Topological_Path_Count_v10_712566_fault_locations.csv
[Fri Apr 24 07:29:22 PM CEST 2026] START Topological_Path_Count_v1_10975_fault_locations.csv
[Fri Apr 24 07:29:22 PM CEST 2026] FAIL Tonelli_Shanks_Algorithm_v9_947719_fault_locations.csv (status=1)
[Fri Apr 24 07:29:22 PM CEST 2026] START Topological_Path_Count_v2_627938_fault_locations.csv
[Fri Apr 24 07:29:22 PM CEST 2026] FAIL Toom_Cook_Multiplication_v4_430483_fault_locations.csv (status=1)
[Fri Apr 24 07:29:22 PM CEST 2026] FAIL Topological_Path_Count_v10_712566_fault_locations.csv (status=1)
[Fri Apr 24 07:29:22 PM CEST 2026] FAIL Topological_Path_Count_v1_10975_fault_locations.csv (status=1)
[Fri Apr 24 07:29:22 PM CEST 2026] FAIL Topological_Path_Count_v2_627938_fault_locations.csv (status=1)
[Fri Apr 24 07:29:22 PM CEST 2026] FAIL Toom_Cook_Multiplication_v6_315791_fault_locations.csv (status=1)
[Fri Apr 24 07:29:22 PM CEST 2026] FAIL Tonelli_Shanks_Algorithm_v8_182087_fault_locations.csv (status=1)
[Fri Apr 24 07:29:22 PM CEST 2026] START Topological_Path_Count_v3_3795214_fault_locations.csv
[Fri Apr 24 07:29:22 PM CEST 2026] START Topological_Path_Count_v4_415587_fault_locations.csv
[Fri Apr 24 07:29:22 PM CEST 2026] START Topological_Path_Count_v5_983343_fault_locations.csv
[Fri Apr 24 07:29:22 PM CEST 2026] START Topological_Path_Count_v6_286406_fault_locations.csv
[Fri Apr 24 07:29:22 PM CEST 2026] START Topological_Path_Count_v7_4063263_fault_locations.csv
[Fri Apr 24 07:29:22 PM CEST 2026] FAIL Topological_Path_Count_v3_3795214_fault_locations.csv (status=1)
[Fri Apr 24 07:29:22 PM CEST 2026] START Topological_Path_Count_v8_86652_fault_locations.csv
[Fri Apr 24 07:29:22 PM CEST 2026] FAIL Topological_Path_Count_v5_983343_fault_locations.csv (status=1)
[Fri Apr 24 07:29:22 PM CEST 2026] START Topological_Path_Count_v9_839657_fault_locations.csv
[Fri Apr 24 07:29:22 PM CEST 2026] FAIL Topological_Path_Count_v6_286406_fault_locations.csv (status=1)
[Fri Apr 24 07:29:22 PM CEST 2026] START Topological_Sort_DFS_based_v10_685443_fault_locations.csv
[Fri Apr 24 07:29:22 PM CEST 2026] FAIL Topological_Path_Count_v7_4063263_fault_locations.csv (status=1)
[Fri Apr 24 07:29:22 PM CEST 2026] FAIL Topological_Path_Count_v8_86652_fault_locations.csv (status=1)
[Fri Apr 24 07:29:22 PM CEST 2026] FAIL Topological_Sort_DFS_based_v10_685443_fault_locations.csv (status=1)
[Fri Apr 24 07:29:22 PM CEST 2026] FAIL Topological_Path_Count_v4_415587_fault_locations.csv (status=1)
[Fri Apr 24 07:29:22 PM CEST 2026] FAIL Topological_Path_Count_v9_839657_fault_locations.csv (status=1)
[Fri Apr 24 07:29:22 PM CEST 2026] START Topological_Sort_DFS_based_v2_652285_fault_locations.csv
[Fri Apr 24 07:29:22 PM CEST 2026] START Topological_Sort_DFS_based_v3_3811392_fault_locations.csv
[Fri Apr 24 07:29:22 PM CEST 2026] START Topological_Sort_DFS_based_v4_409092_fault_locations.csv
[Fri Apr 24 07:29:22 PM CEST 2026] START Topological_Sort_DFS_based_v5_1091031_fault_locations.csv
[Fri Apr 24 07:29:22 PM CEST 2026] START Topological_Sort_DFS_based_v6_298762_fault_locations.csv
[Fri Apr 24 07:29:22 PM CEST 2026] FAIL Topological_Sort_DFS_based_v2_652285_fault_locations.csv (status=1)
[Fri Apr 24 07:29:22 PM CEST 2026] START Topological_Sort_DFS_based_v7_4038125_fault_locations.csv
[Fri Apr 24 07:29:22 PM CEST 2026] START Topological_Sort_DFS_based_v8_150630_fault_locations.csv
[Fri Apr 24 07:29:22 PM CEST 2026] FAIL Topological_Sort_DFS_based_v4_409092_fault_locations.csv (status=1)
[Fri Apr 24 07:29:22 PM CEST 2026] FAIL Topological_Sort_DFS_based_v5_1091031_fault_locations.csv (status=1)
[Fri Apr 24 07:29:22 PM CEST 2026] START Topological_Sorting_v10_712933_fault_locations.csv
[Fri Apr 24 07:29:22 PM CEST 2026] FAIL Topological_Sort_DFS_based_v6_298762_fault_locations.csv (status=1)
[Fri Apr 24 07:29:22 PM CEST 2026] FAIL Topological_Sort_DFS_based_v7_4038125_fault_locations.csv (status=1)
[Fri Apr 24 07:29:22 PM CEST 2026] FAIL Topological_Sort_DFS_based_v8_150630_fault_locations.csv (status=1)
[Fri Apr 24 07:29:22 PM CEST 2026] FAIL Topological_Sorting_v10_712933_fault_locations.csv (status=1)
[Fri Apr 24 07:29:22 PM CEST 2026] FAIL Topological_Sort_DFS_based_v3_3811392_fault_locations.csv (status=1)
[Fri Apr 24 07:29:22 PM CEST 2026] START Topological_Sorting_v1_20785_fault_locations.csv
[Fri Apr 24 07:29:22 PM CEST 2026] START Topological_Sorting_v2_592731_fault_locations.csv
[Fri Apr 24 07:29:22 PM CEST 2026] START Topological_Sorting_v3_3921463_fault_locations.csv
[Fri Apr 24 07:29:22 PM CEST 2026] START Topological_Sorting_v4_453539_fault_locations.csv
[Fri Apr 24 07:29:22 PM CEST 2026] FAIL Topological_Sorting_v1_20785_fault_locations.csv (status=1)
[Fri Apr 24 07:29:22 PM CEST 2026] START Topological_Sorting_v5_1032796_fault_locations.csv
[Fri Apr 24 07:29:22 PM CEST 2026] FAIL Topological_Sorting_v2_592731_fault_locations.csv (status=1)
[Fri Apr 24 07:29:22 PM CEST 2026] START Topological_Sorting_v6_218072_fault_locations.csv
[Fri Apr 24 07:29:22 PM CEST 2026] FAIL Topological_Sorting_v3_3921463_fault_locations.csv (status=1)
[Fri Apr 24 07:29:22 PM CEST 2026] START Topological_Sorting_v7_4049388_fault_locations.csv
[Fri Apr 24 07:29:22 PM CEST 2026] FAIL Topological_Sorting_v4_453539_fault_locations.csv (status=1)
[Fri Apr 24 07:29:22 PM CEST 2026] START Topological_Sorting_v8_59992_fault_locations.csv
[Fri Apr 24 07:29:22 PM CEST 2026] FAIL Topological_Sorting_v6_218072_fault_locations.csv (status=1)
[Fri Apr 24 07:29:22 PM CEST 2026] FAIL Topological_Sorting_v7_4049388_fault_locations.csv (status=1)
[Fri Apr 24 07:29:22 PM CEST 2026] FAIL Topological_Sorting_v8_59992_fault_locations.csv (status=1)
[Fri Apr 24 07:29:22 PM CEST 2026] FAIL Topological_Sorting_v5_1032796_fault_locations.csv (status=1)
[Fri Apr 24 07:29:22 PM CEST 2026] START Topological_Sorting_v9_877897_fault_locations.csv
[Fri Apr 24 07:29:22 PM CEST 2026] START Transformer_Network_v10_712104_fault_locations.csv
[Fri Apr 24 07:29:22 PM CEST 2026] START Transformer_Network_v6_309651_fault_locations.csv
[Fri Apr 24 07:29:22 PM CEST 2026] START Transitive_Closure_Warshall’s_Algorithm_v10_779659_fault_locations.csv
[Fri Apr 24 07:29:22 PM CEST 2026] START Transitive_Closure_Warshall’s_Algorithm_v1_2552_fault_locations.csv
[Fri Apr 24 07:29:22 PM CEST 2026] FAIL Topological_Sorting_v9_877897_fault_locations.csv (status=1)
[Fri Apr 24 07:29:22 PM CEST 2026] START Transitive_Closure_Warshall’s_Algorithm_v2_583600_fault_locations.csv
[Fri Apr 24 07:29:22 PM CEST 2026] START Transitive_Closure_Warshall’s_Algorithm_v3_3867496_fault_locations.csv
[Fri Apr 24 07:29:22 PM CEST 2026] FAIL Transitive_Closure_Warshall’s_Algorithm_v10_779659_fault_locations.csv (status=1)
[Fri Apr 24 07:29:22 PM CEST 2026] START Transitive_Closure_Warshall’s_Algorithm_v4_407696_fault_locations.csv
[Fri Apr 24 07:29:22 PM CEST 2026] FAIL Transitive_Closure_Warshall’s_Algorithm_v1_2552_fault_locations.csv (status=1)
[Fri Apr 24 07:29:22 PM CEST 2026] FAIL Transitive_Closure_Warshall’s_Algorithm_v3_3867496_fault_locations.csv (status=1)
[Fri Apr 24 07:29:22 PM CEST 2026] FAIL Transitive_Closure_Warshall’s_Algorithm_v4_407696_fault_locations.csv (status=1)
[Fri Apr 24 07:29:23 PM CEST 2026] FAIL Transitive_Closure_Warshall’s_Algorithm_v2_583600_fault_locations.csv (status=1)
[Fri Apr 24 07:29:26 PM CEST 2026] DONE Transformer_Network_v10_712104_fault_locations.csv
[Fri Apr 24 07:29:40 PM CEST 2026] DONE Transformer_Network_v6_309651_fault_locations.csv
[Fri Apr 24 07:29:40 PM CEST 2026] START Transitive_Closure_Warshall’s_Algorithm_v5_991310_fault_locations.csv
[Fri Apr 24 07:29:40 PM CEST 2026] START Transitive_Closure_Warshall’s_Algorithm_v6_257492_fault_locations.csv
[Fri Apr 24 07:29:40 PM CEST 2026] START Transitive_Closure_Warshall’s_Algorithm_v7_4041568_fault_locations.csv
[Fri Apr 24 07:29:40 PM CEST 2026] START Transitive_Closure_Warshall’s_Algorithm_v8_151978_fault_locations.csv
[Fri Apr 24 07:29:40 PM CEST 2026] START Transit_Node_Routing_v10_814805_fault_locations.csv
[Fri Apr 24 07:29:40 PM CEST 2026] FAIL Transitive_Closure_Warshall’s_Algorithm_v5_991310_fault_locations.csv (status=1)
[Fri Apr 24 07:29:40 PM CEST 2026] FAIL Transitive_Closure_Warshall’s_Algorithm_v6_257492_fault_locations.csv (status=1)
[Fri Apr 24 07:29:40 PM CEST 2026] START Transit_Node_Routing_v1_4102072_fault_locations.csv
[Fri Apr 24 07:29:40 PM CEST 2026] START Transit_Node_Routing_v2_565272_fault_locations.csv
[Fri Apr 24 07:29:40 PM CEST 2026] FAIL Transitive_Closure_Warshall’s_Algorithm_v8_151978_fault_locations.csv (status=1)
[Fri Apr 24 07:29:40 PM CEST 2026] START Transit_Node_Routing_v3_3796555_fault_locations.csv
[Fri Apr 24 07:29:40 PM CEST 2026] FAIL Transit_Node_Routing_v2_565272_fault_locations.csv (status=1)
[Fri Apr 24 07:29:40 PM CEST 2026] FAIL Transit_Node_Routing_v3_3796555_fault_locations.csv (status=1)
[Fri Apr 24 07:29:40 PM CEST 2026] FAIL Transit_Node_Routing_v1_4102072_fault_locations.csv (status=1)
[Fri Apr 24 07:29:40 PM CEST 2026] FAIL Transitive_Closure_Warshall’s_Algorithm_v7_4041568_fault_locations.csv (status=1)
[Fri Apr 24 07:29:40 PM CEST 2026] FAIL Transit_Node_Routing_v10_814805_fault_locations.csv (status=1)
[Fri Apr 24 07:29:40 PM CEST 2026] START Transit_Node_Routing_v4_502200_fault_locations.csv
[Fri Apr 24 07:29:40 PM CEST 2026] START Transit_Node_Routing_v5_1040752_fault_locations.csv
[Fri Apr 24 07:29:40 PM CEST 2026] START Transit_Node_Routing_v6_368108_fault_locations.csv
[Fri Apr 24 07:29:40 PM CEST 2026] START Transit_Node_Routing_v7_3937233_fault_locations.csv
[Fri Apr 24 07:29:40 PM CEST 2026] FAIL Transit_Node_Routing_v4_502200_fault_locations.csv (status=1)
[Fri Apr 24 07:29:40 PM CEST 2026] START Transit_Node_Routing_v8_117292_fault_locations.csv
[Fri Apr 24 07:29:40 PM CEST 2026] START Transit_Node_Routing_v9_975629_fault_locations.csv
[Fri Apr 24 07:29:40 PM CEST 2026] FAIL Transit_Node_Routing_v5_1040752_fault_locations.csv (status=1)
[Fri Apr 24 07:29:40 PM CEST 2026] FAIL Transit_Node_Routing_v6_368108_fault_locations.csv (status=1)
[Fri Apr 24 07:29:40 PM CEST 2026] START Trapezoidal_Rule_Integration_v10_725809_fault_locations.csv
[Fri Apr 24 07:29:40 PM CEST 2026] FAIL Transit_Node_Routing_v7_3937233_fault_locations.csv (status=1)
[Fri Apr 24 07:29:40 PM CEST 2026] START Trapezoidal_Rule_Integration_v2_604047_fault_locations.csv
[Fri Apr 24 07:29:40 PM CEST 2026] FAIL Transit_Node_Routing_v8_117292_fault_locations.csv (status=1)
[Fri Apr 24 07:29:40 PM CEST 2026] FAIL Transit_Node_Routing_v9_975629_fault_locations.csv (status=1)
[Fri Apr 24 07:29:46 PM CEST 2026] DONE Trapezoidal_Rule_Integration_v10_725809_fault_locations.csv
[Fri Apr 24 07:29:48 PM CEST 2026] DONE Trapezoidal_Rule_Integration_v2_604047_fault_locations.csv
[Fri Apr 24 07:29:48 PM CEST 2026] START Trapezoidal_Rule_Integration_v4_516316_fault_locations.csv
[Fri Apr 24 07:29:48 PM CEST 2026] START Trapezoidal_Rule_Integration_v5_1017476_fault_locations.csv
[Fri Apr 24 07:29:48 PM CEST 2026] START Trapezoidal_Rule_Integration_v6_247750_fault_locations.csv
[Fri Apr 24 07:29:48 PM CEST 2026] START Trapezoidal_Rule_Integration_v9_872428_fault_locations.csv
[Fri Apr 24 07:29:48 PM CEST 2026] START Trapezoidal_Rule_v10_758361_fault_locations.csv
[Fri Apr 24 07:29:48 PM CEST 2026] START Trapezoidal_Rule_v1_36178_fault_locations.csv
[Fri Apr 24 07:29:48 PM CEST 2026] START Trapezoidal_Rule_v5_1031920_fault_locations.csv
[Fri Apr 24 07:29:48 PM CEST 2026] START Trapezoidal_Rule_v6_211064_fault_locations.csv
[Fri Apr 24 07:29:50 PM CEST 2026] DONE Trapezoidal_Rule_Integration_v5_1017476_fault_locations.csv
[Fri Apr 24 07:29:50 PM CEST 2026] DONE Trapezoidal_Rule_v1_36178_fault_locations.csv
[Fri Apr 24 07:29:53 PM CEST 2026] DONE Trapezoidal_Rule_Integration_v6_247750_fault_locations.csv
[Fri Apr 24 07:29:54 PM CEST 2026] DONE Trapezoidal_Rule_v5_1031920_fault_locations.csv
[Fri Apr 24 07:29:55 PM CEST 2026] DONE Trapezoidal_Rule_v10_758361_fault_locations.csv
[Fri Apr 24 07:30:03 PM CEST 2026] DONE Trapezoidal_Rule_Integration_v4_516316_fault_locations.csv
[Fri Apr 24 07:31:15 PM CEST 2026] DONE Trapezoidal_Rule_Integration_v9_872428_fault_locations.csv
[Fri Apr 24 07:50:45 PM CEST 2026] DONE Trapezoidal_Rule_v6_211064_fault_locations.csv
[Fri Apr 24 07:50:45 PM CEST 2026] START Trapezoidal_Rule_v7_4070818_fault_locations.csv
[Fri Apr 24 07:50:45 PM CEST 2026] START Traveling_Salesman_Held_Karp_DP_v10_772776_fault_locations.csv
[Fri Apr 24 07:50:45 PM CEST 2026] START Traveling_Salesman_Held_Karp_DP_v1_4153984_fault_locations.csv
[Fri Apr 24 07:50:45 PM CEST 2026] START Traveling_Salesman_Held_Karp_DP_v2_527906_fault_locations.csv
[Fri Apr 24 07:50:45 PM CEST 2026] START Traveling_Salesman_Held_Karp_DP_v3_3872299_fault_locations.csv
[Fri Apr 24 07:50:45 PM CEST 2026] START Traveling_Salesman_Held_Karp_DP_v4_511921_fault_locations.csv
[Fri Apr 24 07:50:45 PM CEST 2026] START Traveling_Salesman_Held_Karp_DP_v5_1130693_fault_locations.csv
[Fri Apr 24 07:50:45 PM CEST 2026] START Traveling_Salesman_Held_Karp_DP_v6_311340_fault_locations.csv
[Fri Apr 24 07:50:45 PM CEST 2026] FAIL Traveling_Salesman_Held_Karp_DP_v10_772776_fault_locations.csv (status=1)
[Fri Apr 24 07:50:45 PM CEST 2026] FAIL Traveling_Salesman_Held_Karp_DP_v6_311340_fault_locations.csv (status=1)
[Fri Apr 24 07:50:45 PM CEST 2026] FAIL Traveling_Salesman_Held_Karp_DP_v1_4153984_fault_locations.csv (status=1)
[Fri Apr 24 07:50:45 PM CEST 2026] FAIL Traveling_Salesman_Held_Karp_DP_v3_3872299_fault_locations.csv (status=1)
[Fri Apr 24 07:50:45 PM CEST 2026] FAIL Traveling_Salesman_Held_Karp_DP_v5_1130693_fault_locations.csv (status=1)
[Fri Apr 24 07:50:45 PM CEST 2026] FAIL Traveling_Salesman_Held_Karp_DP_v2_527906_fault_locations.csv (status=1)
[Fri Apr 24 07:50:48 PM CEST 2026] DONE Traveling_Salesman_Held_Karp_DP_v4_511921_fault_locations.csv
[Fri Apr 24 07:50:50 PM CEST 2026] DONE Trapezoidal_Rule_v7_4070818_fault_locations.csv
[Fri Apr 24 07:50:50 PM CEST 2026] START Traveling_Salesman_Held_Karp_DP_v7_4004247_fault_locations.csv
[Fri Apr 24 07:50:50 PM CEST 2026] START Traveling_Salesman_Held_Karp_DP_v8_98920_fault_locations.csv
[Fri Apr 24 07:50:50 PM CEST 2026] START Traveling_Salesman_Held_Karp_DP_v9_936133_fault_locations.csv
[Fri Apr 24 07:50:50 PM CEST 2026] START Tree_Centers_Computation_v10_804679_fault_locations.csv
[Fri Apr 24 07:50:50 PM CEST 2026] START Tree_Centers_Computation_v2_665798_fault_locations.csv
[Fri Apr 24 07:50:50 PM CEST 2026] START Tree_Centers_Computation_v5_1107010_fault_locations.csv
[Fri Apr 24 07:50:50 PM CEST 2026] START Tree_Centers_Computation_v7_4039449_fault_locations.csv
[Fri Apr 24 07:50:50 PM CEST 2026] START Tree_Centers_Computation_v9_883516_fault_locations.csv
[Fri Apr 24 07:50:50 PM CEST 2026] FAIL Traveling_Salesman_Held_Karp_DP_v7_4004247_fault_locations.csv (status=1)
[Fri Apr 24 07:50:50 PM CEST 2026] FAIL Traveling_Salesman_Held_Karp_DP_v8_98920_fault_locations.csv (status=1)
[Fri Apr 24 07:50:50 PM CEST 2026] FAIL Tree_Centers_Computation_v9_883516_fault_locations.csv (status=1)
[Fri Apr 24 07:50:50 PM CEST 2026] FAIL Traveling_Salesman_Held_Karp_DP_v9_936133_fault_locations.csv (status=1)
[Fri Apr 24 07:50:50 PM CEST 2026] FAIL Tree_Centers_Computation_v2_665798_fault_locations.csv (status=1)
[Fri Apr 24 07:50:50 PM CEST 2026] FAIL Tree_Centers_Computation_v7_4039449_fault_locations.csv (status=1)
[Fri Apr 24 07:50:50 PM CEST 2026] FAIL Tree_Centers_Computation_v5_1107010_fault_locations.csv (status=1)
[Fri Apr 24 07:50:51 PM CEST 2026] DONE Tree_Centers_Computation_v10_804679_fault_locations.csv
[Fri Apr 24 07:50:51 PM CEST 2026] START Tree_Decomposition_v10_773482_fault_locations.csv
[Fri Apr 24 07:50:51 PM CEST 2026] START Tree_Decomposition_v1_4160572_fault_locations.csv
[Fri Apr 24 07:50:51 PM CEST 2026] START Tree_Decomposition_v4_442956_fault_locations.csv
[Fri Apr 24 07:50:51 PM CEST 2026] START Tree_Decomposition_v5_983286_fault_locations.csv
[Fri Apr 24 07:50:51 PM CEST 2026] START Tree_Decomposition_v7_4047659_fault_locations.csv
[Fri Apr 24 07:50:51 PM CEST 2026] START Tree_Decomposition_v8_88281_fault_locations.csv
[Fri Apr 24 07:50:51 PM CEST 2026] FAIL Tree_Decomposition_v1_4160572_fault_locations.csv (status=1)
[Fri Apr 24 07:50:51 PM CEST 2026] START Tree_Decomposition_v9_900458_fault_locations.csv
[Fri Apr 24 07:50:51 PM CEST 2026] START Tree_Diameter_via_Double_BFS_v10_764759_fault_locations.csv
[Fri Apr 24 07:50:51 PM CEST 2026] FAIL Tree_Decomposition_v7_4047659_fault_locations.csv (status=1)
[Fri Apr 24 07:50:51 PM CEST 2026] FAIL Tree_Decomposition_v10_773482_fault_locations.csv (status=1)
[Fri Apr 24 07:50:51 PM CEST 2026] FAIL Tree_Decomposition_v5_983286_fault_locations.csv (status=1)
[Fri Apr 24 07:50:51 PM CEST 2026] FAIL Tree_Decomposition_v9_900458_fault_locations.csv (status=1)
[Fri Apr 24 07:50:51 PM CEST 2026] FAIL Tree_Diameter_via_Double_BFS_v10_764759_fault_locations.csv (status=1)
[Fri Apr 24 07:50:51 PM CEST 2026] FAIL Tree_Decomposition_v4_442956_fault_locations.csv (status=1)
[Fri Apr 24 07:50:51 PM CEST 2026] FAIL Tree_Decomposition_v8_88281_fault_locations.csv (status=1)
[Fri Apr 24 07:50:51 PM CEST 2026] START Tree_Diameter_via_Double_BFS_v1_26109_fault_locations.csv
[Fri Apr 24 07:50:51 PM CEST 2026] START Tree_Diameter_via_Double_BFS_v2_627966_fault_locations.csv
[Fri Apr 24 07:50:51 PM CEST 2026] START Tree_Diameter_via_Double_BFS_v3_3827766_fault_locations.csv
[Fri Apr 24 07:50:51 PM CEST 2026] START Tree_Diameter_via_Double_BFS_v4_465493_fault_locations.csv
[Fri Apr 24 07:50:51 PM CEST 2026] START Tree_Diameter_via_Double_BFS_v5_1028331_fault_locations.csv
[Fri Apr 24 07:50:51 PM CEST 2026] START Tree_Diameter_via_Double_BFS_v6_329597_fault_locations.csv
[Fri Apr 24 07:50:51 PM CEST 2026] FAIL Tree_Diameter_via_Double_BFS_v1_26109_fault_locations.csv (status=1)
[Fri Apr 24 07:50:51 PM CEST 2026] START Tree_Diameter_via_Double_BFS_v7_4010425_fault_locations.csv
[Fri Apr 24 07:50:51 PM CEST 2026] START Tree_Diameter_via_Double_BFS_v8_151904_fault_locations.csv
[Fri Apr 24 07:50:51 PM CEST 2026] FAIL Tree_Diameter_via_Double_BFS_v6_329597_fault_locations.csv (status=1)
[Fri Apr 24 07:50:51 PM CEST 2026] FAIL Tree_Diameter_via_Double_BFS_v3_3827766_fault_locations.csv (status=1)
[Fri Apr 24 07:50:51 PM CEST 2026] FAIL Tree_Diameter_via_Double_BFS_v7_4010425_fault_locations.csv (status=1)
[Fri Apr 24 07:50:52 PM CEST 2026] FAIL Tree_Diameter_via_Double_BFS_v4_465493_fault_locations.csv (status=1)
[Fri Apr 24 07:50:52 PM CEST 2026] FAIL Tree_Diameter_via_Double_BFS_v2_627966_fault_locations.csv (status=1)
[Fri Apr 24 07:50:52 PM CEST 2026] FAIL Tree_Diameter_via_Double_BFS_v5_1028331_fault_locations.csv (status=1)
[Fri Apr 24 07:50:52 PM CEST 2026] FAIL Tree_Diameter_via_Double_BFS_v8_151904_fault_locations.csv (status=1)
[Fri Apr 24 07:50:52 PM CEST 2026] START Tree_Distance_Queries_v10_805512_fault_locations.csv
[Fri Apr 24 07:50:52 PM CEST 2026] START Tree_Distance_Queries_v1_23371_fault_locations.csv
[Fri Apr 24 07:50:52 PM CEST 2026] START Tree_Distance_Queries_v2_640442_fault_locations.csv
[Fri Apr 24 07:50:52 PM CEST 2026] START Tree_Distance_Queries_v3_3923438_fault_locations.csv
[Fri Apr 24 07:50:52 PM CEST 2026] START Tree_Distance_Queries_v4_517630_fault_locations.csv
[Fri Apr 24 07:50:52 PM CEST 2026] START Tree_Distance_Queries_v5_995218_fault_locations.csv
[Fri Apr 24 07:50:52 PM CEST 2026] START Tree_Distance_Queries_v6_279784_fault_locations.csv
[Fri Apr 24 07:50:52 PM CEST 2026] FAIL Tree_Distance_Queries_v1_23371_fault_locations.csv (status=1)
[Fri Apr 24 07:50:52 PM CEST 2026] START Tree_Distance_Queries_v7_4030318_fault_locations.csv
[Fri Apr 24 07:50:52 PM CEST 2026] FAIL Tree_Distance_Queries_v5_995218_fault_locations.csv (status=1)
[Fri Apr 24 07:50:52 PM CEST 2026] FAIL Tree_Distance_Queries_v10_805512_fault_locations.csv (status=1)
[Fri Apr 24 07:50:52 PM CEST 2026] FAIL Tree_Distance_Queries_v4_517630_fault_locations.csv (status=1)
[Fri Apr 24 07:50:52 PM CEST 2026] FAIL Tree_Distance_Queries_v2_640442_fault_locations.csv (status=1)
[Fri Apr 24 07:50:52 PM CEST 2026] FAIL Tree_Distance_Queries_v6_279784_fault_locations.csv (status=1)
[Fri Apr 24 07:50:52 PM CEST 2026] FAIL Tree_Distance_Queries_v3_3923438_fault_locations.csv (status=1)
[Fri Apr 24 07:50:52 PM CEST 2026] FAIL Tree_Distance_Queries_v7_4030318_fault_locations.csv (status=1)
[Fri Apr 24 07:50:52 PM CEST 2026] START Tree_Distance_Queries_v8_130324_fault_locations.csv
[Fri Apr 24 07:50:52 PM CEST 2026] START Tree_Distance_Queries_v9_973384_fault_locations.csv
[Fri Apr 24 07:50:52 PM CEST 2026] START Tree_DP_for_Diameter_v10_704525_fault_locations.csv
[Fri Apr 24 07:50:52 PM CEST 2026] START Tree_DP_for_Diameter_v1_4149246_fault_locations.csv
[Fri Apr 24 07:50:52 PM CEST 2026] START Tree_DP_for_Diameter_v3_3929184_fault_locations.csv
[Fri Apr 24 07:50:52 PM CEST 2026] START Tree_DP_for_Diameter_v4_511339_fault_locations.csv
[Fri Apr 24 07:50:52 PM CEST 2026] START Tree_DP_for_Diameter_v6_240142_fault_locations.csv
[Fri Apr 24 07:50:52 PM CEST 2026] FAIL Tree_Distance_Queries_v9_973384_fault_locations.csv (status=1)
[Fri Apr 24 07:50:52 PM CEST 2026] START Tree_DP_for_Diameter_v7_4024584_fault_locations.csv
[Fri Apr 24 07:50:52 PM CEST 2026] FAIL Tree_DP_for_Diameter_v10_704525_fault_locations.csv (status=1)
[Fri Apr 24 07:50:52 PM CEST 2026] FAIL Tree_Distance_Queries_v8_130324_fault_locations.csv (status=1)
[Fri Apr 24 07:50:52 PM CEST 2026] FAIL Tree_DP_for_Diameter_v1_4149246_fault_locations.csv (status=1)
[Fri Apr 24 07:50:52 PM CEST 2026] FAIL Tree_DP_for_Diameter_v6_240142_fault_locations.csv (status=1)
[Fri Apr 24 07:50:52 PM CEST 2026] FAIL Tree_DP_for_Diameter_v3_3929184_fault_locations.csv (status=1)
[Fri Apr 24 07:50:52 PM CEST 2026] FAIL Tree_DP_for_Diameter_v7_4024584_fault_locations.csv (status=1)
[Fri Apr 24 07:50:52 PM CEST 2026] FAIL Tree_DP_for_Diameter_v4_511339_fault_locations.csv (status=1)
[Fri Apr 24 07:50:52 PM CEST 2026] START Tree_DP_for_Diameter_v8_197671_fault_locations.csv
[Fri Apr 24 07:50:52 PM CEST 2026] START Tree_DP_for_Independent_Set_v10_797180_fault_locations.csv
[Fri Apr 24 07:50:52 PM CEST 2026] START Tree_DP_for_Independent_Set_v1_4131155_fault_locations.csv
[Fri Apr 24 07:50:52 PM CEST 2026] START Tree_DP_for_Independent_Set_v2_587451_fault_locations.csv
[Fri Apr 24 07:50:52 PM CEST 2026] FAIL Tree_DP_for_Diameter_v8_197671_fault_locations.csv (status=1)
[Fri Apr 24 07:50:52 PM CEST 2026] START Tree_DP_for_Independent_Set_v3_3840413_fault_locations.csv
[Fri Apr 24 07:50:52 PM CEST 2026] START Tree_DP_for_Independent_Set_v4_433331_fault_locations.csv
[Fri Apr 24 07:50:52 PM CEST 2026] START Tree_DP_for_Independent_Set_v5_1123024_fault_locations.csv
[Fri Apr 24 07:50:52 PM CEST 2026] START Tree_DP_for_Independent_Set_v6_298682_fault_locations.csv
[Fri Apr 24 07:50:52 PM CEST 2026] FAIL Tree_DP_for_Independent_Set_v4_433331_fault_locations.csv (status=1)
[Fri Apr 24 07:50:52 PM CEST 2026] FAIL Tree_DP_for_Independent_Set_v10_797180_fault_locations.csv (status=1)
[Fri Apr 24 07:50:52 PM CEST 2026] FAIL Tree_DP_for_Independent_Set_v6_298682_fault_locations.csv (status=1)
[Fri Apr 24 07:50:52 PM CEST 2026] FAIL Tree_DP_for_Independent_Set_v1_4131155_fault_locations.csv (status=1)
[Fri Apr 24 07:50:52 PM CEST 2026] FAIL Tree_DP_for_Independent_Set_v3_3840413_fault_locations.csv (status=1)
[Fri Apr 24 07:50:52 PM CEST 2026] FAIL Tree_DP_for_Independent_Set_v5_1123024_fault_locations.csv (status=1)
[Fri Apr 24 07:50:52 PM CEST 2026] FAIL Tree_DP_for_Independent_Set_v2_587451_fault_locations.csv (status=1)
[Fri Apr 24 07:50:52 PM CEST 2026] START Tree_DP_for_Independent_Set_v7_3931915_fault_locations.csv
[Fri Apr 24 07:50:52 PM CEST 2026] START Tree_DP_for_Independent_Set_v8_96092_fault_locations.csv
[Fri Apr 24 07:50:52 PM CEST 2026] START Tree_DP_for_Independent_Set_v9_836623_fault_locations.csv
[Fri Apr 24 07:50:52 PM CEST 2026] START Tree_DP_for_Vertex_Cover_v1_4133706_fault_locations.csv
[Fri Apr 24 07:50:52 PM CEST 2026] START Tree_DP_for_Vertex_Cover_v2_584351_fault_locations.csv
[Fri Apr 24 07:50:52 PM CEST 2026] START Tree_DP_for_Vertex_Cover_v3_3845238_fault_locations.csv
[Fri Apr 24 07:50:52 PM CEST 2026] FAIL Tree_DP_for_Independent_Set_v9_836623_fault_locations.csv (status=1)
[Fri Apr 24 07:50:52 PM CEST 2026] START Tree_DP_for_Vertex_Cover_v4_481195_fault_locations.csv
[Fri Apr 24 07:50:52 PM CEST 2026] FAIL Tree_DP_for_Vertex_Cover_v1_4133706_fault_locations.csv (status=1)
[Fri Apr 24 07:50:52 PM CEST 2026] START Tree_DP_for_Vertex_Cover_v5_983219_fault_locations.csv
[Fri Apr 24 07:50:52 PM CEST 2026] FAIL Tree_DP_for_Vertex_Cover_v3_3845238_fault_locations.csv (status=1)
[Fri Apr 24 07:50:52 PM CEST 2026] FAIL Tree_DP_for_Independent_Set_v7_3931915_fault_locations.csv (status=1)
[Fri Apr 24 07:50:52 PM CEST 2026] FAIL Tree_DP_for_Vertex_Cover_v5_983219_fault_locations.csv (status=1)
[Fri Apr 24 07:50:52 PM CEST 2026] FAIL Tree_DP_for_Vertex_Cover_v4_481195_fault_locations.csv (status=1)
[Fri Apr 24 07:50:52 PM CEST 2026] FAIL Tree_DP_for_Independent_Set_v8_96092_fault_locations.csv (status=1)
[Fri Apr 24 07:50:52 PM CEST 2026] FAIL Tree_DP_for_Vertex_Cover_v2_584351_fault_locations.csv (status=1)
[Fri Apr 24 07:50:52 PM CEST 2026] START Tree_DP_for_Vertex_Cover_v6_276970_fault_locations.csv
[Fri Apr 24 07:50:52 PM CEST 2026] START Tree_DP_for_Vertex_Cover_v7_4030354_fault_locations.csv
[Fri Apr 24 07:50:52 PM CEST 2026] START Tree_DP_for_Vertex_Cover_v8_177658_fault_locations.csv
[Fri Apr 24 07:50:52 PM CEST 2026] START Tree_DP_for_Vertex_Cover_v9_856953_fault_locations.csv
[Fri Apr 24 07:50:52 PM CEST 2026] START Tree_Flattening_via_DFS_v10_711898_fault_locations.csv
[Fri Apr 24 07:50:52 PM CEST 2026] FAIL Tree_DP_for_Vertex_Cover_v6_276970_fault_locations.csv (status=1)
[Fri Apr 24 07:50:52 PM CEST 2026] START Tree_Flattening_via_DFS_v2_639951_fault_locations.csv
[Fri Apr 24 07:50:52 PM CEST 2026] FAIL Tree_DP_for_Vertex_Cover_v7_4030354_fault_locations.csv (status=1)
[Fri Apr 24 07:50:52 PM CEST 2026] START Tree_Flattening_via_DFS_v3_3874822_fault_locations.csv
[Fri Apr 24 07:50:52 PM CEST 2026] FAIL Tree_DP_for_Vertex_Cover_v9_856953_fault_locations.csv (status=1)
[Fri Apr 24 07:50:52 PM CEST 2026] START Tree_Flattening_via_DFS_v4_479204_fault_locations.csv
[Fri Apr 24 07:50:52 PM CEST 2026] FAIL Tree_Flattening_via_DFS_v3_3874822_fault_locations.csv (status=1)
[Fri Apr 24 07:50:52 PM CEST 2026] FAIL Tree_Flattening_via_DFS_v4_479204_fault_locations.csv (status=1)
[Fri Apr 24 07:50:52 PM CEST 2026] FAIL Tree_DP_for_Vertex_Cover_v8_177658_fault_locations.csv (status=1)
[Fri Apr 24 07:50:52 PM CEST 2026] FAIL Tree_Flattening_via_DFS_v10_711898_fault_locations.csv (status=1)
[Fri Apr 24 07:50:52 PM CEST 2026] FAIL Tree_Flattening_via_DFS_v2_639951_fault_locations.csv (status=1)
[Fri Apr 24 07:50:52 PM CEST 2026] START Tree_Flattening_via_DFS_v5_1088484_fault_locations.csv
[Fri Apr 24 07:50:52 PM CEST 2026] START Tree_Flattening_via_DFS_v6_282069_fault_locations.csv
[Fri Apr 24 07:50:52 PM CEST 2026] START Tree_Flattening_via_DFS_v7_3929703_fault_locations.csv
[Fri Apr 24 07:50:52 PM CEST 2026] START Trial_Division_Primality_Check_v10_826488_fault_locations.csv
[Fri Apr 24 07:50:52 PM CEST 2026] START Trial_Division_Primality_Check_v1_4101147_fault_locations.csv
[Fri Apr 24 07:50:52 PM CEST 2026] START Trial_Division_Primality_Check_v3_3820013_fault_locations.csv
[Fri Apr 24 07:50:52 PM CEST 2026] FAIL Tree_Flattening_via_DFS_v7_3929703_fault_locations.csv (status=1)
[Fri Apr 24 07:50:52 PM CEST 2026] START Trial_Division_Primality_Check_v4_430444_fault_locations.csv
[Fri Apr 24 07:50:52 PM CEST 2026] FAIL Tree_Flattening_via_DFS_v5_1088484_fault_locations.csv (status=1)
[Fri Apr 24 07:50:52 PM CEST 2026] FAIL Trial_Division_Primality_Check_v10_826488_fault_locations.csv (status=1)
[Fri Apr 24 07:50:52 PM CEST 2026] START Trial_Division_Primality_Check_v5_1130402_fault_locations.csv
[Fri Apr 24 07:50:52 PM CEST 2026] FAIL Trial_Division_Primality_Check_v1_4101147_fault_locations.csv (status=1)
[Fri Apr 24 07:50:52 PM CEST 2026] FAIL Tree_Flattening_via_DFS_v6_282069_fault_locations.csv (status=1)
[Fri Apr 24 07:50:52 PM CEST 2026] FAIL Trial_Division_Primality_Check_v4_430444_fault_locations.csv (status=1)
[Fri Apr 24 07:50:52 PM CEST 2026] FAIL Trial_Division_Primality_Check_v3_3820013_fault_locations.csv (status=1)
[Fri Apr 24 07:50:52 PM CEST 2026] FAIL Trial_Division_Primality_Check_v5_1130402_fault_locations.csv (status=1)
[Fri Apr 24 07:50:52 PM CEST 2026] START Trial_Division_Primality_Check_v6_218608_fault_locations.csv
[Fri Apr 24 07:50:52 PM CEST 2026] START Trial_Division_Primality_Check_v7_4019525_fault_locations.csv
[Fri Apr 24 07:50:52 PM CEST 2026] START Trial_Division_Primality_Check_v8_69115_fault_locations.csv
[Fri Apr 24 07:50:52 PM CEST 2026] START Trial_Division_Primality_Check_v9_884840_fault_locations.csv
[Fri Apr 24 07:50:52 PM CEST 2026] START Trial_Division_v10_807723_fault_locations.csv
[Fri Apr 24 07:50:52 PM CEST 2026] START Trial_Division_v1_4100817_fault_locations.csv
[Fri Apr 24 07:50:52 PM CEST 2026] START Trial_Division_v2_587561_fault_locations.csv
[Fri Apr 24 07:50:52 PM CEST 2026] FAIL Trial_Division_Primality_Check_v6_218608_fault_locations.csv (status=1)
[Fri Apr 24 07:50:52 PM CEST 2026] FAIL Trial_Division_Primality_Check_v8_69115_fault_locations.csv (status=1)
[Fri Apr 24 07:50:52 PM CEST 2026] START Trial_Division_v3_3802740_fault_locations.csv
[Fri Apr 24 07:50:52 PM CEST 2026] FAIL Trial_Division_Primality_Check_v9_884840_fault_locations.csv (status=1)
[Fri Apr 24 07:50:52 PM CEST 2026] FAIL Trial_Division_v10_807723_fault_locations.csv (status=1)
[Fri Apr 24 07:50:52 PM CEST 2026] FAIL Trial_Division_v1_4100817_fault_locations.csv (status=1)
[Fri Apr 24 07:50:52 PM CEST 2026] FAIL Trial_Division_Primality_Check_v7_4019525_fault_locations.csv (status=1)
[Fri Apr 24 07:50:52 PM CEST 2026] FAIL Trial_Division_v2_587561_fault_locations.csv (status=1)
[Fri Apr 24 07:50:52 PM CEST 2026] FAIL Trial_Division_v3_3802740_fault_locations.csv (status=1)
[Fri Apr 24 07:50:52 PM CEST 2026] START Trial_Division_v4_472316_fault_locations.csv
[Fri Apr 24 07:50:52 PM CEST 2026] START Trial_Division_v5_997713_fault_locations.csv
[Fri Apr 24 07:50:52 PM CEST 2026] START Trial_Division_v6_276444_fault_locations.csv
[Fri Apr 24 07:50:52 PM CEST 2026] START Trial_Division_v7_3999856_fault_locations.csv
[Fri Apr 24 07:50:52 PM CEST 2026] START Trial_Division_v8_97108_fault_locations.csv
[Fri Apr 24 07:50:52 PM CEST 2026] START Trial_Division_v9_878257_fault_locations.csv
[Fri Apr 24 07:50:52 PM CEST 2026] START Triangle_Area_Shoelace_v10_831936_fault_locations.csv
[Fri Apr 24 07:50:52 PM CEST 2026] FAIL Trial_Division_v5_997713_fault_locations.csv (status=1)
[Fri Apr 24 07:50:52 PM CEST 2026] FAIL Trial_Division_v6_276444_fault_locations.csv (status=1)
[Fri Apr 24 07:50:52 PM CEST 2026] START Triangle_Area_Shoelace_v1_33859_fault_locations.csv
[Fri Apr 24 07:50:52 PM CEST 2026] FAIL Trial_Division_v7_3999856_fault_locations.csv (status=1)
[Fri Apr 24 07:50:52 PM CEST 2026] FAIL Trial_Division_v8_97108_fault_locations.csv (status=1)
[Fri Apr 24 07:50:52 PM CEST 2026] FAIL Trial_Division_v9_878257_fault_locations.csv (status=1)
[Fri Apr 24 07:50:52 PM CEST 2026] FAIL Trial_Division_v4_472316_fault_locations.csv (status=1)
[Fri Apr 24 07:50:53 PM CEST 2026] DONE Triangle_Area_Shoelace_v10_831936_fault_locations.csv
[Fri Apr 24 07:50:56 PM CEST 2026] DONE Triangle_Area_Shoelace_v1_33859_fault_locations.csv
[Fri Apr 24 07:50:56 PM CEST 2026] START Triangle_Area_Shoelace_v2_609584_fault_locations.csv
[Fri Apr 24 07:50:56 PM CEST 2026] START Triangle_Area_Shoelace_v3_3874383_fault_locations.csv
[Fri Apr 24 07:50:56 PM CEST 2026] START Triangle_Area_Shoelace_v4_471913_fault_locations.csv
[Fri Apr 24 07:50:56 PM CEST 2026] START Triangle_Area_Shoelace_v6_317751_fault_locations.csv
[Fri Apr 24 07:50:56 PM CEST 2026] START Triangle_Area_Shoelace_v7_4069470_fault_locations.csv
[Fri Apr 24 07:50:56 PM CEST 2026] START Triangle_Area_Shoelace_v8_146981_fault_locations.csv
[Fri Apr 24 07:50:56 PM CEST 2026] START Triangle_Area_Shoelace_v9_880399_fault_locations.csv
[Fri Apr 24 07:50:56 PM CEST 2026] START Triangle_Centroid_v10_763969_fault_locations.csv
[Fri Apr 24 07:50:56 PM CEST 2026] FAIL Triangle_Area_Shoelace_v2_609584_fault_locations.csv (status=1)
[Fri Apr 24 07:50:56 PM CEST 2026] FAIL Triangle_Area_Shoelace_v6_317751_fault_locations.csv (status=1)
[Fri Apr 24 07:50:56 PM CEST 2026] FAIL Triangle_Area_Shoelace_v9_880399_fault_locations.csv (status=1)
[Fri Apr 24 07:50:56 PM CEST 2026] DONE Triangle_Area_Shoelace_v3_3874383_fault_locations.csv
[Fri Apr 24 07:50:57 PM CEST 2026] DONE Triangle_Centroid_v10_763969_fault_locations.csv
[Fri Apr 24 07:50:57 PM CEST 2026] DONE Triangle_Area_Shoelace_v7_4069470_fault_locations.csv
[Fri Apr 24 07:50:57 PM CEST 2026] DONE Triangle_Area_Shoelace_v8_146981_fault_locations.csv
[Fri Apr 24 07:50:57 PM CEST 2026] DONE Triangle_Area_Shoelace_v4_471913_fault_locations.csv
[Fri Apr 24 07:50:57 PM CEST 2026] START Triangle_Centroid_v1_4181581_fault_locations.csv
[Fri Apr 24 07:50:57 PM CEST 2026] START Triangle_Centroid_v2_596934_fault_locations.csv
[Fri Apr 24 07:50:57 PM CEST 2026] START Triangle_Centroid_v3_3850200_fault_locations.csv
[Fri Apr 24 07:50:57 PM CEST 2026] START Triangle_Centroid_v4_394840_fault_locations.csv
[Fri Apr 24 07:50:57 PM CEST 2026] START Triangle_Centroid_v5_1090780_fault_locations.csv
[Fri Apr 24 07:50:57 PM CEST 2026] START Triangle_Centroid_v6_324514_fault_locations.csv
[Fri Apr 24 07:50:57 PM CEST 2026] START Triangle_Centroid_v7_4037167_fault_locations.csv
[Fri Apr 24 07:50:57 PM CEST 2026] START Triangle_Centroid_v8_109594_fault_locations.csv
[Fri Apr 24 07:50:59 PM CEST 2026] DONE Triangle_Centroid_v1_4181581_fault_locations.csv
[Fri Apr 24 07:51:00 PM CEST 2026] DONE Triangle_Centroid_v2_596934_fault_locations.csv
[Fri Apr 24 07:51:01 PM CEST 2026] DONE Triangle_Centroid_v5_1090780_fault_locations.csv
[Fri Apr 24 07:51:01 PM CEST 2026] DONE Triangle_Centroid_v8_109594_fault_locations.csv
[Fri Apr 24 07:51:02 PM CEST 2026] DONE Triangle_Centroid_v7_4037167_fault_locations.csv
[Fri Apr 24 07:51:03 PM CEST 2026] DONE Triangle_Centroid_v4_394840_fault_locations.csv
[Fri Apr 24 07:51:08 PM CEST 2026] DONE Triangle_Centroid_v6_324514_fault_locations.csv
[Fri Apr 24 07:58:32 PM CEST 2026] DONE Triangle_Centroid_v3_3850200_fault_locations.csv
[Fri Apr 24 07:58:32 PM CEST 2026] START Triangle_Centroid_v9_912268_fault_locations.csv
[Fri Apr 24 07:58:32 PM CEST 2026] START Triangle_Circumcenter_v10_718686_fault_locations.csv
[Fri Apr 24 07:58:32 PM CEST 2026] START Triangle_Circumcenter_v1_4168500_fault_locations.csv
[Fri Apr 24 07:58:32 PM CEST 2026] START Triangle_Circumcenter_v2_536047_fault_locations.csv
[Fri Apr 24 07:58:32 PM CEST 2026] START Triangle_Circumcenter_v3_3797801_fault_locations.csv
[Fri Apr 24 07:58:32 PM CEST 2026] START Triangle_Circumcenter_v4_490151_fault_locations.csv
[Fri Apr 24 07:58:32 PM CEST 2026] START Triangle_Circumcenter_v5_1123595_fault_locations.csv
[Fri Apr 24 07:58:32 PM CEST 2026] START Triangle_Circumcenter_v6_310207_fault_locations.csv
[Fri Apr 24 07:58:33 PM CEST 2026] DONE Triangle_Centroid_v9_912268_fault_locations.csv
[Fri Apr 24 07:58:38 PM CEST 2026] DONE Triangle_Circumcenter_v5_1123595_fault_locations.csv
[Fri Apr 24 07:58:40 PM CEST 2026] DONE Triangle_Circumcenter_v4_490151_fault_locations.csv
[Fri Apr 24 07:58:40 PM CEST 2026] DONE Triangle_Circumcenter_v2_536047_fault_locations.csv
[Fri Apr 24 07:58:41 PM CEST 2026] DONE Triangle_Circumcenter_v1_4168500_fault_locations.csv
[Fri Apr 24 07:58:42 PM CEST 2026] DONE Triangle_Circumcenter_v10_718686_fault_locations.csv
[Fri Apr 24 07:58:43 PM CEST 2026] DONE Triangle_Circumcenter_v6_310207_fault_locations.csv
[Fri Apr 24 07:58:43 PM CEST 2026] DONE Triangle_Circumcenter_v3_3797801_fault_locations.csv
[Fri Apr 24 07:58:43 PM CEST 2026] START Triangle_Circumcenter_v7_3944126_fault_locations.csv
[Fri Apr 24 07:58:43 PM CEST 2026] START Triangle_Circumcenter_v8_99237_fault_locations.csv
[Fri Apr 24 07:58:43 PM CEST 2026] START Triangle_Circumcenter_v9_929108_fault_locations.csv
[Fri Apr 24 07:58:43 PM CEST 2026] START Triangle_Counting_via_Matrix_Multiplication_v10_789883_fault_locations.csv
[Fri Apr 24 07:58:43 PM CEST 2026] START Triangle_Counting_via_Matrix_Multiplication_v1_4173225_fault_locations.csv
[Fri Apr 24 07:58:43 PM CEST 2026] START Triangle_Counting_via_Matrix_Multiplication_v3_3827303_fault_locations.csv
[Fri Apr 24 07:58:43 PM CEST 2026] START Triangle_Counting_via_Matrix_Multiplication_v4_459720_fault_locations.csv
[Fri Apr 24 07:58:43 PM CEST 2026] START Triangle_Counting_via_Matrix_Multiplication_v5_989792_fault_locations.csv
[Fri Apr 24 07:58:43 PM CEST 2026] FAIL Triangle_Counting_via_Matrix_Multiplication_v1_4173225_fault_locations.csv (status=1)
[Fri Apr 24 07:58:43 PM CEST 2026] FAIL Triangle_Counting_via_Matrix_Multiplication_v3_3827303_fault_locations.csv (status=1)
[Fri Apr 24 07:58:43 PM CEST 2026] FAIL Triangle_Counting_via_Matrix_Multiplication_v4_459720_fault_locations.csv (status=1)
[Fri Apr 24 07:58:43 PM CEST 2026] FAIL Triangle_Counting_via_Matrix_Multiplication_v10_789883_fault_locations.csv (status=1)
[Fri Apr 24 07:58:43 PM CEST 2026] FAIL Triangle_Counting_via_Matrix_Multiplication_v5_989792_fault_locations.csv (status=1)
[Fri Apr 24 07:58:53 PM CEST 2026] DONE Triangle_Circumcenter_v7_3944126_fault_locations.csv
[Fri Apr 24 07:58:55 PM CEST 2026] DONE Triangle_Circumcenter_v9_929108_fault_locations.csv
[Fri Apr 24 07:58:57 PM CEST 2026] DONE Triangle_Circumcenter_v8_99237_fault_locations.csv
[Fri Apr 24 07:58:57 PM CEST 2026] START Triangle_Counting_via_Matrix_Multiplication_v6_326201_fault_locations.csv
[Fri Apr 24 07:58:57 PM CEST 2026] START Triangle_Counting_via_Matrix_Multiplication_v7_4017346_fault_locations.csv
[Fri Apr 24 07:58:57 PM CEST 2026] START Triangle_Counting_via_Matrix_Multiplication_v8_70966_fault_locations.csv
[Fri Apr 24 07:58:57 PM CEST 2026] START Triangle_Counting_via_Matrix_Multiplication_v9_947659_fault_locations.csv
[Fri Apr 24 07:58:57 PM CEST 2026] START Triangle_Enumeration_Node_Iterator_v10_707235_fault_locations.csv
[Fri Apr 24 07:58:57 PM CEST 2026] START Triangle_Enumeration_Node_Iterator_v1_4136903_fault_locations.csv
[Fri Apr 24 07:58:57 PM CEST 2026] START Triangle_Enumeration_Node_Iterator_v2_631246_fault_locations.csv
[Fri Apr 24 07:58:57 PM CEST 2026] START Triangle_Enumeration_Node_Iterator_v3_3911219_fault_locations.csv
[Fri Apr 24 07:58:57 PM CEST 2026] FAIL Triangle_Counting_via_Matrix_Multiplication_v6_326201_fault_locations.csv (status=1)
[Fri Apr 24 07:58:57 PM CEST 2026] FAIL Triangle_Counting_via_Matrix_Multiplication_v7_4017346_fault_locations.csv (status=1)
[Fri Apr 24 07:58:57 PM CEST 2026] FAIL Triangle_Enumeration_Node_Iterator_v1_4136903_fault_locations.csv (status=1)
[Fri Apr 24 07:58:57 PM CEST 2026] FAIL Triangle_Enumeration_Node_Iterator_v2_631246_fault_locations.csv (status=1)
[Fri Apr 24 07:58:57 PM CEST 2026] FAIL Triangle_Counting_via_Matrix_Multiplication_v9_947659_fault_locations.csv (status=1)
[Fri Apr 24 07:58:58 PM CEST 2026] FAIL Triangle_Enumeration_Node_Iterator_v3_3911219_fault_locations.csv (status=1)
[Fri Apr 24 07:58:58 PM CEST 2026] FAIL Triangle_Counting_via_Matrix_Multiplication_v8_70966_fault_locations.csv (status=1)
[Fri Apr 24 07:59:32 PM CEST 2026] DONE Triangle_Enumeration_Node_Iterator_v10_707235_fault_locations.csv
[Fri Apr 24 07:59:32 PM CEST 2026] START Triangle_Enumeration_Node_Iterator_v5_1094317_fault_locations.csv
[Fri Apr 24 07:59:32 PM CEST 2026] START Triangle_Enumeration_Node_Iterator_v6_249378_fault_locations.csv
[Fri Apr 24 07:59:32 PM CEST 2026] START Triangle_Enumeration_Node_Iterator_v7_3965614_fault_locations.csv
[Fri Apr 24 07:59:32 PM CEST 2026] START Triangle_Enumeration_Node_Iterator_v8_209538_fault_locations.csv
[Fri Apr 24 07:59:32 PM CEST 2026] START Triangle_Enumeration_Node_Iterator_v9_833834_fault_locations.csv
[Fri Apr 24 07:59:32 PM CEST 2026] FAIL Triangle_Enumeration_Node_Iterator_v5_1094317_fault_locations.csv (status=1)
[Fri Apr 24 07:59:32 PM CEST 2026] FAIL Triangle_Enumeration_Node_Iterator_v6_249378_fault_locations.csv (status=1)
[Fri Apr 24 07:59:32 PM CEST 2026] START Triangle_Incenter_v3_3791886_fault_locations.csv
[Fri Apr 24 07:59:32 PM CEST 2026] START Triangle_Incenter_v4_490225_fault_locations.csv
[Fri Apr 24 07:59:32 PM CEST 2026] START Triangle_Incenter_v9_887897_fault_locations.csv
[Fri Apr 24 07:59:32 PM CEST 2026] FAIL Triangle_Enumeration_Node_Iterator_v9_833834_fault_locations.csv (status=1)
[Fri Apr 24 07:59:32 PM CEST 2026] FAIL Triangle_Enumeration_Node_Iterator_v7_3965614_fault_locations.csv (status=1)
[Fri Apr 24 07:59:34 PM CEST 2026] DONE Triangle_Enumeration_Node_Iterator_v8_209538_fault_locations.csv
[Fri Apr 24 07:59:36 PM CEST 2026] DONE Triangle_Incenter_v4_490225_fault_locations.csv
[Fri Apr 24 07:59:38 PM CEST 2026] DONE Triangle_Incenter_v3_3791886_fault_locations.csv
[Fri Apr 24 08:26:53 PM CEST 2026] DONE Triangle_Incenter_v9_887897_fault_locations.csv
[Fri Apr 24 08:26:53 PM CEST 2026] START Triangle_Mesh_Construction_v10_779377_fault_locations.csv
[Fri Apr 24 08:26:53 PM CEST 2026] START Triangle_Mesh_Construction_v1_4114030_fault_locations.csv
[Fri Apr 24 08:26:53 PM CEST 2026] START Triangle_Mesh_Construction_v3_3793323_fault_locations.csv
[Fri Apr 24 08:26:53 PM CEST 2026] START Triangle_Mesh_Construction_v4_395256_fault_locations.csv
[Fri Apr 24 08:26:53 PM CEST 2026] START Triangle_Mesh_Construction_v5_1076092_fault_locations.csv
[Fri Apr 24 08:26:53 PM CEST 2026] START Triangle_Mesh_Construction_v7_3965682_fault_locations.csv
[Fri Apr 24 08:26:53 PM CEST 2026] START Triangle_Mesh_Construction_v8_128993_fault_locations.csv
[Fri Apr 24 08:26:53 PM CEST 2026] START Triangle_Orthocenter_v10_728127_fault_locations.csv
[Fri Apr 24 08:26:53 PM CEST 2026] DONE Triangle_Mesh_Construction_v7_3965682_fault_locations.csv
[Fri Apr 24 08:26:53 PM CEST 2026] DONE Triangle_Mesh_Construction_v3_3793323_fault_locations.csv
[Fri Apr 24 08:26:54 PM CEST 2026] DONE Triangle_Mesh_Construction_v1_4114030_fault_locations.csv
[Fri Apr 24 08:26:56 PM CEST 2026] DONE Triangle_Mesh_Construction_v8_128993_fault_locations.csv
[Fri Apr 24 08:27:35 PM CEST 2026] DONE Triangle_Mesh_Construction_v5_1076092_fault_locations.csv
[Fri Apr 24 08:29:12 PM CEST 2026] DONE Triangle_Mesh_Construction_v10_779377_fault_locations.csv
[Fri Apr 24 08:38:31 PM CEST 2026] DONE Triangle_Orthocenter_v10_728127_fault_locations.csv
[Fri Apr 24 08:42:49 PM CEST 2026] DONE Triangle_Mesh_Construction_v4_395256_fault_locations.csv
[Fri Apr 24 08:42:49 PM CEST 2026] START Triangle_Orthocenter_v1_3764_fault_locations.csv
[Fri Apr 24 08:42:49 PM CEST 2026] START Triangle_Orthocenter_v2_604854_fault_locations.csv
[Fri Apr 24 08:42:49 PM CEST 2026] START Triangle_Orthocenter_v5_1021360_fault_locations.csv
[Fri Apr 24 08:42:49 PM CEST 2026] START Triangle_Orthocenter_v9_892510_fault_locations.csv
[Fri Apr 24 08:42:49 PM CEST 2026] START Triangle_Strip_Generation_v2_562494_fault_locations.csv
[Fri Apr 24 08:42:49 PM CEST 2026] START Triangle_Strip_Generation_v3_3836047_fault_locations.csv
[Fri Apr 24 08:42:49 PM CEST 2026] START Triangle_Strip_Generation_v4_494408_fault_locations.csv
[Fri Apr 24 08:42:49 PM CEST 2026] START Triangle_Strip_Generation_v5_995257_fault_locations.csv
[Fri Apr 24 08:42:49 PM CEST 2026] FAIL Triangle_Strip_Generation_v2_562494_fault_locations.csv (status=1)
[Fri Apr 24 08:42:49 PM CEST 2026] DONE Triangle_Strip_Generation_v3_3836047_fault_locations.csv
[Fri Apr 24 08:42:49 PM CEST 2026] DONE Triangle_Strip_Generation_v4_494408_fault_locations.csv
[Fri Apr 24 08:42:50 PM CEST 2026] DONE Triangle_Strip_Generation_v5_995257_fault_locations.csv
[Fri Apr 24 08:42:56 PM CEST 2026] DONE Triangle_Orthocenter_v9_892510_fault_locations.csv
[Fri Apr 24 08:42:57 PM CEST 2026] DONE Triangle_Orthocenter_v5_1021360_fault_locations.csv
[Fri Apr 24 08:42:57 PM CEST 2026] DONE Triangle_Orthocenter_v2_604854_fault_locations.csv
[Fri Apr 24 08:43:03 PM CEST 2026] DONE Triangle_Orthocenter_v1_3764_fault_locations.csv
[Fri Apr 24 08:43:03 PM CEST 2026] START Triangle_Strip_Generation_v6_272327_fault_locations.csv
[Fri Apr 24 08:43:03 PM CEST 2026] START Triangle_Strip_Generation_v7_3946567_fault_locations.csv
[Fri Apr 24 08:43:03 PM CEST 2026] START Triangle_Strip_Generation_v8_106429_fault_locations.csv
[Fri Apr 24 08:43:03 PM CEST 2026] START Triangle_Strip_Generation_v9_962728_fault_locations.csv
[Fri Apr 24 08:43:03 PM CEST 2026] START Triangle_Type_Detection_v10_790274_fault_locations.csv
[Fri Apr 24 08:43:03 PM CEST 2026] START Triangle_Type_Detection_v1_4092505_fault_locations.csv
[Fri Apr 24 08:43:03 PM CEST 2026] FAIL Triangle_Strip_Generation_v7_3946567_fault_locations.csv (status=1)
[Fri Apr 24 08:43:03 PM CEST 2026] START Triangle_Type_Detection_v2_629021_fault_locations.csv
[Fri Apr 24 08:43:03 PM CEST 2026] FAIL Triangle_Strip_Generation_v8_106429_fault_locations.csv (status=1)
[Fri Apr 24 08:43:03 PM CEST 2026] START Triangle_Type_Detection_v3_3888860_fault_locations.csv
[Fri Apr 24 08:43:03 PM CEST 2026] FAIL Triangle_Type_Detection_v10_790274_fault_locations.csv (status=1)
[Fri Apr 24 08:43:03 PM CEST 2026] FAIL Triangle_Type_Detection_v2_629021_fault_locations.csv (status=1)
[Fri Apr 24 08:43:03 PM CEST 2026] FAIL Triangle_Type_Detection_v3_3888860_fault_locations.csv (status=1)
[Fri Apr 24 08:43:04 PM CEST 2026] DONE Triangle_Strip_Generation_v6_272327_fault_locations.csv
[Fri Apr 24 08:43:04 PM CEST 2026] DONE Triangle_Type_Detection_v1_4092505_fault_locations.csv
[Fri Apr 24 08:43:15 PM CEST 2026] DONE Triangle_Strip_Generation_v9_962728_fault_locations.csv
[Fri Apr 24 08:43:15 PM CEST 2026] START Triangle_Type_Detection_v4_423513_fault_locations.csv
[Fri Apr 24 08:43:15 PM CEST 2026] START Triangle_Type_Detection_v5_1063207_fault_locations.csv
[Fri Apr 24 08:43:15 PM CEST 2026] START Triangle_Type_Detection_v6_250084_fault_locations.csv
[Fri Apr 24 08:43:15 PM CEST 2026] START Triangle_Type_Detection_v7_4085417_fault_locations.csv
[Fri Apr 24 08:43:15 PM CEST 2026] START Triangle_Type_Detection_v9_866608_fault_locations.csv
[Fri Apr 24 08:43:15 PM CEST 2026] START Triangulation_of_Graph_v10_820326_fault_locations.csv
[Fri Apr 24 08:43:15 PM CEST 2026] START Triangulation_of_Graph_v1_4134081_fault_locations.csv
[Fri Apr 24 08:43:15 PM CEST 2026] FAIL Triangle_Type_Detection_v6_250084_fault_locations.csv (status=1)
[Fri Apr 24 08:43:15 PM CEST 2026] FAIL Triangle_Type_Detection_v7_4085417_fault_locations.csv (status=1)
[Fri Apr 24 08:43:15 PM CEST 2026] START Triangulation_of_Graph_v2_605127_fault_locations.csv
[Fri Apr 24 08:43:15 PM CEST 2026] FAIL Triangulation_of_Graph_v10_820326_fault_locations.csv (status=1)
[Fri Apr 24 08:43:15 PM CEST 2026] FAIL Triangulation_of_Graph_v1_4134081_fault_locations.csv (status=1)
[Fri Apr 24 08:43:15 PM CEST 2026] FAIL Triangulation_of_Graph_v2_605127_fault_locations.csv (status=1)
[Fri Apr 24 08:43:15 PM CEST 2026] FAIL Triangle_Type_Detection_v4_423513_fault_locations.csv (status=1)
[Fri Apr 24 08:43:15 PM CEST 2026] FAIL Triangle_Type_Detection_v5_1063207_fault_locations.csv (status=1)
[Fri Apr 24 08:43:26 PM CEST 2026] DONE Triangle_Type_Detection_v9_866608_fault_locations.csv
[Fri Apr 24 08:43:26 PM CEST 2026] START Triangulation_of_Graph_v3_3861437_fault_locations.csv
[Fri Apr 24 08:43:26 PM CEST 2026] START Triangulation_of_Graph_v4_446461_fault_locations.csv
[Fri Apr 24 08:43:26 PM CEST 2026] START Triangulation_of_Graph_v5_1070124_fault_locations.csv
[Fri Apr 24 08:43:26 PM CEST 2026] START Triangulation_of_Graph_v6_297481_fault_locations.csv
[Fri Apr 24 08:43:26 PM CEST 2026] START Triangulation_of_Graph_v7_3979666_fault_locations.csv
[Fri Apr 24 08:43:26 PM CEST 2026] START Triangulation_of_Graph_v8_156482_fault_locations.csv
[Fri Apr 24 08:43:26 PM CEST 2026] FAIL Triangulation_of_Graph_v4_446461_fault_locations.csv (status=1)
[Fri Apr 24 08:43:26 PM CEST 2026] START Triangulation_of_Graph_v9_909230_fault_locations.csv
[Fri Apr 24 08:43:26 PM CEST 2026] START Triconnected_Components_v10_778052_fault_locations.csv
[Fri Apr 24 08:43:26 PM CEST 2026] FAIL Triangulation_of_Graph_v6_297481_fault_locations.csv (status=1)
[Fri Apr 24 08:43:26 PM CEST 2026] FAIL Triangulation_of_Graph_v9_909230_fault_locations.csv (status=1)
[Fri Apr 24 08:43:26 PM CEST 2026] FAIL Triconnected_Components_v10_778052_fault_locations.csv (status=1)
[Fri Apr 24 08:43:27 PM CEST 2026] FAIL Triangulation_of_Graph_v5_1070124_fault_locations.csv (status=1)
[Fri Apr 24 08:43:27 PM CEST 2026] FAIL Triangulation_of_Graph_v8_156482_fault_locations.csv (status=1)
[Fri Apr 24 08:43:27 PM CEST 2026] FAIL Triangulation_of_Graph_v7_3979666_fault_locations.csv (status=1)
[Fri Apr 24 08:43:27 PM CEST 2026] FAIL Triangulation_of_Graph_v3_3861437_fault_locations.csv (status=1)
[Fri Apr 24 08:43:27 PM CEST 2026] START Triconnected_Components_v1_4124690_fault_locations.csv
[Fri Apr 24 08:43:27 PM CEST 2026] START Triconnected_Components_v3_3840092_fault_locations.csv
[Fri Apr 24 08:43:27 PM CEST 2026] START Triconnected_Components_v5_981785_fault_locations.csv
[Fri Apr 24 08:43:27 PM CEST 2026] START Triconnected_Components_v6_260837_fault_locations.csv
[Fri Apr 24 08:43:27 PM CEST 2026] START Triconnected_Components_v7_4057130_fault_locations.csv
[Fri Apr 24 08:43:27 PM CEST 2026] FAIL Triconnected_Components_v1_4124690_fault_locations.csv (status=1)
[Fri Apr 24 08:43:27 PM CEST 2026] START Triconnected_Components_v8_103725_fault_locations.csv
[Fri Apr 24 08:43:27 PM CEST 2026] START Tridiagonal_Matrix_Algorithm_v10_774505_fault_locations.csv
[Fri Apr 24 08:43:27 PM CEST 2026] FAIL Triconnected_Components_v5_981785_fault_locations.csv (status=1)
[Fri Apr 24 08:43:27 PM CEST 2026] START Tridiagonal_Matrix_Algorithm_v1_4135438_fault_locations.csv
[Fri Apr 24 08:43:27 PM CEST 2026] FAIL Triconnected_Components_v6_260837_fault_locations.csv (status=1)
[Fri Apr 24 08:43:27 PM CEST 2026] FAIL Triconnected_Components_v7_4057130_fault_locations.csv (status=1)
[Fri Apr 24 08:43:27 PM CEST 2026] FAIL Triconnected_Components_v8_103725_fault_locations.csv (status=1)
[Fri Apr 24 08:43:27 PM CEST 2026] FAIL Triconnected_Components_v3_3840092_fault_locations.csv (status=1)
[Fri Apr 24 08:43:34 PM CEST 2026] DONE Tridiagonal_Matrix_Algorithm_v1_4135438_fault_locations.csv
[Fri Apr 24 08:43:42 PM CEST 2026] DONE Tridiagonal_Matrix_Algorithm_v10_774505_fault_locations.csv
[Fri Apr 24 08:43:42 PM CEST 2026] START Tridiagonal_Matrix_Algorithm_v3_3890408_fault_locations.csv
[Fri Apr 24 08:43:42 PM CEST 2026] START Tridiagonal_Matrix_Algorithm_v4_409079_fault_locations.csv
[Fri Apr 24 08:43:42 PM CEST 2026] START Tridiagonal_Matrix_Algorithm_v5_1081353_fault_locations.csv
[Fri Apr 24 08:43:42 PM CEST 2026] START Tridiagonal_Matrix_Algorithm_v7_4069446_fault_locations.csv
[Fri Apr 24 08:43:42 PM CEST 2026] START Tridiagonal_Matrix_Algorithm_v8_67803_fault_locations.csv
[Fri Apr 24 08:43:42 PM CEST 2026] START Triple_DES_112_v1_4124389_fault_locations.csv
[Fri Apr 24 08:43:42 PM CEST 2026] START Triple_DES_112_v2_675587_fault_locations.csv
[Fri Apr 24 08:43:42 PM CEST 2026] START Triple_DES_112_v3_3828214_fault_locations.csv
[Fri Apr 24 08:43:42 PM CEST 2026] FAIL Triple_DES_112_v2_675587_fault_locations.csv (status=1)
[Fri Apr 24 08:43:42 PM CEST 2026] FAIL Triple_DES_112_v3_3828214_fault_locations.csv (status=1)
[Fri Apr 24 08:43:42 PM CEST 2026] FAIL Triple_DES_112_v1_4124389_fault_locations.csv (status=1)
[Fri Apr 24 08:43:45 PM CEST 2026] DONE Tridiagonal_Matrix_Algorithm_v4_409079_fault_locations.csv
[Fri Apr 24 08:43:46 PM CEST 2026] DONE Tridiagonal_Matrix_Algorithm_v5_1081353_fault_locations.csv
[Fri Apr 24 08:43:46 PM CEST 2026] DONE Tridiagonal_Matrix_Algorithm_v8_67803_fault_locations.csv
[Fri Apr 24 08:43:50 PM CEST 2026] DONE Tridiagonal_Matrix_Algorithm_v7_4069446_fault_locations.csv
[Fri Apr 24 08:43:51 PM CEST 2026] DONE Tridiagonal_Matrix_Algorithm_v3_3890408_fault_locations.csv
[Fri Apr 24 08:43:51 PM CEST 2026] START Triple_DES_112_v5_1076525_fault_locations.csv
[Fri Apr 24 08:43:51 PM CEST 2026] START Triple_DES_112_v6_348780_fault_locations.csv
[Fri Apr 24 08:43:51 PM CEST 2026] START Triple_DES_112_v8_155609_fault_locations.csv
[Fri Apr 24 08:43:51 PM CEST 2026] START Triple_DES_168_v10_790028_fault_locations.csv
[Fri Apr 24 08:43:51 PM CEST 2026] START Triple_DES_168_v5_1105805_fault_locations.csv
[Fri Apr 24 08:43:51 PM CEST 2026] START Triple_DES_168_v6_292894_fault_locations.csv
[Fri Apr 24 08:43:51 PM CEST 2026] FAIL Triple_DES_112_v6_348780_fault_locations.csv (status=1)
[Fri Apr 24 08:43:51 PM CEST 2026] START Triple_DES_168_v8_118499_fault_locations.csv
[Fri Apr 24 08:43:51 PM CEST 2026] FAIL Triple_DES_112_v8_155609_fault_locations.csv (status=1)
[Fri Apr 24 08:43:51 PM CEST 2026] START Triple_DES_3DES_v10_744193_fault_locations.csv
[Fri Apr 24 08:43:51 PM CEST 2026] FAIL Triple_DES_168_v10_790028_fault_locations.csv (status=1)
[Fri Apr 24 08:43:51 PM CEST 2026] FAIL Triple_DES_168_v5_1105805_fault_locations.csv (status=1)
[Fri Apr 24 08:43:51 PM CEST 2026] FAIL Triple_DES_168_v8_118499_fault_locations.csv (status=1)
[Fri Apr 24 08:43:51 PM CEST 2026] FAIL Triple_DES_3DES_v10_744193_fault_locations.csv (status=1)
[Fri Apr 24 08:43:51 PM CEST 2026] FAIL Triple_DES_168_v6_292894_fault_locations.csv (status=1)
[Fri Apr 24 08:43:51 PM CEST 2026] FAIL Triple_DES_112_v5_1076525_fault_locations.csv (status=1)
[Fri Apr 24 08:43:51 PM CEST 2026] START Triple_DES_3DES_v2_593245_fault_locations.csv
[Fri Apr 24 08:43:51 PM CEST 2026] START Triple_DES_3DES_v4_395540_fault_locations.csv
[Fri Apr 24 08:43:51 PM CEST 2026] START Triple_DES_3DES_v5_1101809_fault_locations.csv
[Fri Apr 24 08:43:51 PM CEST 2026] START Triple_DES_3DES_v6_285936_fault_locations.csv
[Fri Apr 24 08:43:51 PM CEST 2026] START Triple_DES_3DES_v7_4034219_fault_locations.csv
[Fri Apr 24 08:43:51 PM CEST 2026] FAIL Triple_DES_3DES_v2_593245_fault_locations.csv (status=1)
[Fri Apr 24 08:43:51 PM CEST 2026] START Triple_DES_3DES_v9_881547_fault_locations.csv
[Fri Apr 24 08:43:51 PM CEST 2026] FAIL Triple_DES_3DES_v4_395540_fault_locations.csv (status=1)
[Fri Apr 24 08:43:51 PM CEST 2026] START Triplet_Network_v10_825183_fault_locations.csv
[Fri Apr 24 08:43:51 PM CEST 2026] FAIL Triple_DES_3DES_v5_1101809_fault_locations.csv (status=1)
[Fri Apr 24 08:43:51 PM CEST 2026] FAIL Triple_DES_3DES_v6_285936_fault_locations.csv (status=1)
[Fri Apr 24 08:43:51 PM CEST 2026] START Triplet_Network_v7_4030279_fault_locations.csv
[Fri Apr 24 08:43:51 PM CEST 2026] FAIL Triple_DES_3DES_v9_881547_fault_locations.csv (status=1)
[Fri Apr 24 08:43:51 PM CEST 2026] FAIL Triple_DES_3DES_v7_4034219_fault_locations.csv (status=1)
[Fri Apr 24 08:43:56 PM CEST 2026] DONE Triplet_Network_v10_825183_fault_locations.csv
[Fri Apr 24 08:43:57 PM CEST 2026] DONE Triplet_Network_v7_4030279_fault_locations.csv
[Fri Apr 24 08:43:57 PM CEST 2026] START Triplet_Network_v9_936789_fault_locations.csv
[Fri Apr 24 08:43:57 PM CEST 2026] START Trivium_v10_790906_fault_locations.csv
[Fri Apr 24 08:43:57 PM CEST 2026] START Trivium_v1_2386_fault_locations.csv
[Fri Apr 24 08:43:57 PM CEST 2026] START Trivium_v2_676377_fault_locations.csv
[Fri Apr 24 08:43:57 PM CEST 2026] START Trivium_v3_3825929_fault_locations.csv
[Fri Apr 24 08:43:57 PM CEST 2026] START Trivium_v4_415673_fault_locations.csv
[Fri Apr 24 08:43:57 PM CEST 2026] FAIL Trivium_v10_790906_fault_locations.csv (status=1)
[Fri Apr 24 08:43:57 PM CEST 2026] START Trivium_v5_1138963_fault_locations.csv
[Fri Apr 24 08:43:57 PM CEST 2026] START Trivium_v6_383345_fault_locations.csv
[Fri Apr 24 08:43:57 PM CEST 2026] FAIL Trivium_v2_676377_fault_locations.csv (status=1)
[Fri Apr 24 08:43:57 PM CEST 2026] FAIL Trivium_v1_2386_fault_locations.csv (status=1)
[Fri Apr 24 08:43:57 PM CEST 2026] FAIL Trivium_v4_415673_fault_locations.csv (status=1)
[Fri Apr 24 08:43:57 PM CEST 2026] FAIL Trivium_v3_3825929_fault_locations.csv (status=1)
[Fri Apr 24 08:43:57 PM CEST 2026] FAIL Trivium_v6_383345_fault_locations.csv (status=1)
[Fri Apr 24 08:43:57 PM CEST 2026] FAIL Trivium_v5_1138963_fault_locations.csv (status=1)
[Fri Apr 24 08:44:07 PM CEST 2026] DONE Triplet_Network_v9_936789_fault_locations.csv
[Fri Apr 24 08:44:07 PM CEST 2026] START Trivium_v7_4060552_fault_locations.csv
[Fri Apr 24 08:44:07 PM CEST 2026] START Trivium_v8_92210_fault_locations.csv
[Fri Apr 24 08:44:07 PM CEST 2026] START Trivium_v9_899696_fault_locations.csv
[Fri Apr 24 08:44:07 PM CEST 2026] START TRPO_Trust_Region_Policy_Optimization_v10_706713_fault_locations.csv
[Fri Apr 24 08:44:07 PM CEST 2026] START TRPO_Trust_Region_Policy_Optimization_v4_461107_fault_locations.csv
[Fri Apr 24 08:44:07 PM CEST 2026] START TRPO_Trust_Region_Policy_Optimization_v7_3936777_fault_locations.csv
[Fri Apr 24 08:44:07 PM CEST 2026] START Truncated_SVD_v6_384993_fault_locations.csv
[Fri Apr 24 08:44:07 PM CEST 2026] START Truncated_SVD_v7_4058558_fault_locations.csv
[Fri Apr 24 08:44:07 PM CEST 2026] FAIL Trivium_v7_4060552_fault_locations.csv (status=1)
[Fri Apr 24 08:44:07 PM CEST 2026] FAIL Trivium_v9_899696_fault_locations.csv (status=1)
[Fri Apr 24 08:44:07 PM CEST 2026] FAIL Trivium_v8_92210_fault_locations.csv (status=1)
[Fri Apr 24 08:44:14 PM CEST 2026] DONE Truncated_SVD_v6_384993_fault_locations.csv
[Fri Apr 24 08:44:20 PM CEST 2026] DONE Truncated_SVD_v7_4058558_fault_locations.csv
[Fri Apr 24 08:44:29 PM CEST 2026] DONE TRPO_Trust_Region_Policy_Optimization_v10_706713_fault_locations.csv
[Fri Apr 24 08:44:31 PM CEST 2026] DONE TRPO_Trust_Region_Policy_Optimization_v4_461107_fault_locations.csv
[Fri Apr 24 08:46:36 PM CEST 2026] DONE TRPO_Trust_Region_Policy_Optimization_v7_3936777_fault_locations.csv
[Fri Apr 24 08:46:36 PM CEST 2026] START t_SNE_Dimensionality_Reduction_v3_3873805_fault_locations.csv
[Fri Apr 24 08:46:36 PM CEST 2026] START t_SNE_t_Distributed_Stochastic_Neighbor_Embedding_v3_3838204_fault_locations.csv
[Fri Apr 24 08:46:36 PM CEST 2026] START Tukey_Depth_v10_764682_fault_locations.csv
[Fri Apr 24 08:46:36 PM CEST 2026] START Tukey_Depth_v2_658906_fault_locations.csv
[Fri Apr 24 08:46:36 PM CEST 2026] START Tukey_Depth_v3_3887033_fault_locations.csv
[Fri Apr 24 08:46:36 PM CEST 2026] START Tukey_Depth_v4_394279_fault_locations.csv
[Fri Apr 24 08:46:36 PM CEST 2026] START Tukey_Depth_v5_1015670_fault_locations.csv
[Fri Apr 24 08:46:36 PM CEST 2026] FAIL Tukey_Depth_v10_764682_fault_locations.csv (status=1)
[Fri Apr 24 08:46:36 PM CEST 2026] START Tukey_Depth_v7_4031957_fault_locations.csv
[Fri Apr 24 08:46:36 PM CEST 2026] FAIL Tukey_Depth_v3_3887033_fault_locations.csv (status=1)
[Fri Apr 24 08:46:38 PM CEST 2026] DONE Tukey_Depth_v7_4031957_fault_locations.csv
[Fri Apr 24 08:46:39 PM CEST 2026] DONE Tukey_Depth_v2_658906_fault_locations.csv
[Fri Apr 24 08:46:41 PM CEST 2026] DONE Tukey_Depth_v5_1015670_fault_locations.csv
[Fri Apr 24 08:46:42 PM CEST 2026] DONE Tukey_Depth_v4_394279_fault_locations.csv
[Fri Apr 24 08:52:43 PM CEST 2026] DONE t_SNE_t_Distributed_Stochastic_Neighbor_Embedding_v3_3838204_fault_locations.csv
[Fri Apr 24 09:04:50 PM CEST 2026] DONE t_SNE_Dimensionality_Reduction_v3_3873805_fault_locations.csv
[Fri Apr 24 09:04:50 PM CEST 2026] START Tukey_Depth_v8_121193_fault_locations.csv
[Fri Apr 24 09:04:50 PM CEST 2026] START Tukey_Depth_v9_877909_fault_locations.csv
[Fri Apr 24 09:04:50 PM CEST 2026] START Twofish_128_v1_4167465_fault_locations.csv
[Fri Apr 24 09:04:50 PM CEST 2026] START Twofish_128_v2_623907_fault_locations.csv
[Fri Apr 24 09:04:50 PM CEST 2026] START Twofish_128_v3_3876054_fault_locations.csv
[Fri Apr 24 09:04:50 PM CEST 2026] FAIL Tukey_Depth_v9_877909_fault_locations.csv (status=1)
[Fri Apr 24 09:04:50 PM CEST 2026] START Twofish_128_v5_997959_fault_locations.csv
[Fri Apr 24 09:04:50 PM CEST 2026] FAIL Twofish_128_v1_4167465_fault_locations.csv (status=1)
[Fri Apr 24 09:04:50 PM CEST 2026] START Twofish_128_v7_3978243_fault_locations.csv
[Fri Apr 24 09:04:50 PM CEST 2026] FAIL Twofish_128_v2_623907_fault_locations.csv (status=1)
[Fri Apr 24 09:04:50 PM CEST 2026] START Twofish_192_v10_684759_fault_locations.csv
[Fri Apr 24 09:04:50 PM CEST 2026] FAIL Twofish_128_v3_3876054_fault_locations.csv (status=1)
[Fri Apr 24 09:04:50 PM CEST 2026] FAIL Twofish_192_v10_684759_fault_locations.csv (status=1)
[Fri Apr 24 09:04:50 PM CEST 2026] FAIL Twofish_128_v5_997959_fault_locations.csv (status=1)
[Fri Apr 24 09:04:50 PM CEST 2026] FAIL Twofish_128_v7_3978243_fault_locations.csv (status=1)
[Fri Apr 24 09:06:33 PM CEST 2026] DONE Tukey_Depth_v8_121193_fault_locations.csv
[Fri Apr 24 09:06:33 PM CEST 2026] START Twofish_192_v1_4131186_fault_locations.csv
[Fri Apr 24 09:06:33 PM CEST 2026] START Twofish_192_v3_3858587_fault_locations.csv
[Fri Apr 24 09:06:33 PM CEST 2026] START Twofish_192_v5_1131177_fault_locations.csv
[Fri Apr 24 09:06:33 PM CEST 2026] START Twofish_192_v7_4086203_fault_locations.csv
[Fri Apr 24 09:06:33 PM CEST 2026] START Twofish_192_v8_53149_fault_locations.csv
[Fri Apr 24 09:06:33 PM CEST 2026] START Twofish_192_v9_973573_fault_locations.csv
[Fri Apr 24 09:06:33 PM CEST 2026] FAIL Twofish_192_v3_3858587_fault_locations.csv (status=1)
[Fri Apr 24 09:06:33 PM CEST 2026] FAIL Twofish_192_v1_4131186_fault_locations.csv (status=1)
[Fri Apr 24 09:06:33 PM CEST 2026] START Twofish_256_v10_703691_fault_locations.csv
[Fri Apr 24 09:06:33 PM CEST 2026] FAIL Twofish_192_v5_1131177_fault_locations.csv (status=1)
[Fri Apr 24 09:06:33 PM CEST 2026] START Twofish_256_v2_544428_fault_locations.csv
[Fri Apr 24 09:06:33 PM CEST 2026] FAIL Twofish_192_v7_4086203_fault_locations.csv (status=1)
[Fri Apr 24 09:06:33 PM CEST 2026] FAIL Twofish_256_v10_703691_fault_locations.csv (status=1)
[Fri Apr 24 09:06:33 PM CEST 2026] FAIL Twofish_192_v9_973573_fault_locations.csv (status=1)
[Fri Apr 24 09:06:33 PM CEST 2026] FAIL Twofish_256_v2_544428_fault_locations.csv (status=1)
[Fri Apr 24 09:06:33 PM CEST 2026] FAIL Twofish_192_v8_53149_fault_locations.csv (status=1)
[Fri Apr 24 09:06:33 PM CEST 2026] START Twofish_256_v4_511631_fault_locations.csv
[Fri Apr 24 09:06:33 PM CEST 2026] START Twofish_256_v5_1097469_fault_locations.csv
[Fri Apr 24 09:06:33 PM CEST 2026] START Twofish_256_v6_234236_fault_locations.csv
[Fri Apr 24 09:06:33 PM CEST 2026] START Twofish_256_v8_69990_fault_locations.csv
[Fri Apr 24 09:06:33 PM CEST 2026] FAIL Twofish_256_v4_511631_fault_locations.csv (status=1)
[Fri Apr 24 09:06:33 PM CEST 2026] START Twofish_256_v9_916208_fault_locations.csv
[Fri Apr 24 09:06:33 PM CEST 2026] FAIL Twofish_256_v5_1097469_fault_locations.csv (status=1)
[Fri Apr 24 09:06:33 PM CEST 2026] START Twofish_CBC_v10_738502_fault_locations.csv
[Fri Apr 24 09:06:33 PM CEST 2026] FAIL Twofish_256_v6_234236_fault_locations.csv (status=1)
[Fri Apr 24 09:06:33 PM CEST 2026] START Twofish_CBC_v1_4786_fault_locations.csv
[Fri Apr 24 09:06:33 PM CEST 2026] START Twofish_CBC_v4_497700_fault_locations.csv
[Fri Apr 24 09:06:33 PM CEST 2026] FAIL Twofish_256_v9_916208_fault_locations.csv (status=1)
[Fri Apr 24 09:06:33 PM CEST 2026] FAIL Twofish_CBC_v10_738502_fault_locations.csv (status=1)
[Fri Apr 24 09:06:33 PM CEST 2026] FAIL Twofish_CBC_v1_4786_fault_locations.csv (status=1)
[Fri Apr 24 09:06:33 PM CEST 2026] FAIL Twofish_CBC_v4_497700_fault_locations.csv (status=1)
[Fri Apr 24 09:06:33 PM CEST 2026] FAIL Twofish_256_v8_69990_fault_locations.csv (status=1)
[Fri Apr 24 09:06:33 PM CEST 2026] START Twofish_CBC_v6_225611_fault_locations.csv
[Fri Apr 24 09:06:33 PM CEST 2026] START Twofish_CBC_v8_176853_fault_locations.csv
[Fri Apr 24 09:06:33 PM CEST 2026] START Twofish_CBC_v9_866427_fault_locations.csv
[Fri Apr 24 09:06:33 PM CEST 2026] START Twofish_CFB_v10_828696_fault_locations.csv
[Fri Apr 24 09:06:33 PM CEST 2026] START Twofish_CFB_v1_4165775_fault_locations.csv
[Fri Apr 24 09:06:33 PM CEST 2026] FAIL Twofish_CBC_v6_225611_fault_locations.csv (status=1)
[Fri Apr 24 09:06:33 PM CEST 2026] FAIL Twofish_CBC_v8_176853_fault_locations.csv (status=1)
[Fri Apr 24 09:06:33 PM CEST 2026] START Twofish_CFB_v2_667056_fault_locations.csv
[Fri Apr 24 09:06:33 PM CEST 2026] START Twofish_CFB_v3_3857361_fault_locations.csv
[Fri Apr 24 09:06:33 PM CEST 2026] FAIL Twofish_CBC_v9_866427_fault_locations.csv (status=1)
[Fri Apr 24 09:06:33 PM CEST 2026] FAIL Twofish_CFB_v10_828696_fault_locations.csv (status=1)
[Fri Apr 24 09:06:33 PM CEST 2026] START Twofish_CFB_v4_432302_fault_locations.csv
[Fri Apr 24 09:06:33 PM CEST 2026] FAIL Twofish_CFB_v1_4165775_fault_locations.csv (status=1)
[Fri Apr 24 09:06:33 PM CEST 2026] FAIL Twofish_CFB_v2_667056_fault_locations.csv (status=1)
[Fri Apr 24 09:06:33 PM CEST 2026] FAIL Twofish_CFB_v3_3857361_fault_locations.csv (status=1)
[Fri Apr 24 09:06:33 PM CEST 2026] FAIL Twofish_CFB_v4_432302_fault_locations.csv (status=1)
[Fri Apr 24 09:06:33 PM CEST 2026] START Twofish_CFB_v8_184888_fault_locations.csv
[Fri Apr 24 09:06:33 PM CEST 2026] START Twofish_ECB_v1_4153096_fault_locations.csv
[Fri Apr 24 09:06:33 PM CEST 2026] START Twofish_ECB_v5_1099467_fault_locations.csv
[Fri Apr 24 09:06:33 PM CEST 2026] START Twofish_ECB_v7_3962449_fault_locations.csv
[Fri Apr 24 09:06:33 PM CEST 2026] START Twofish_ECB_v8_129325_fault_locations.csv
[Fri Apr 24 09:06:33 PM CEST 2026] FAIL Twofish_CFB_v8_184888_fault_locations.csv (status=1)
[Fri Apr 24 09:06:33 PM CEST 2026] START Twofish_GCM_128_v10_746278_fault_locations.csv
[Fri Apr 24 09:06:33 PM CEST 2026] FAIL Twofish_ECB_v1_4153096_fault_locations.csv (status=1)
[Fri Apr 24 09:06:33 PM CEST 2026] START Twofish_GCM_128_v4_447240_fault_locations.csv
[Fri Apr 24 09:06:33 PM CEST 2026] FAIL Twofish_ECB_v5_1099467_fault_locations.csv (status=1)
[Fri Apr 24 09:06:33 PM CEST 2026] START Twofish_GCM_128_v5_1077945_fault_locations.csv
[Fri Apr 24 09:06:33 PM CEST 2026] FAIL Twofish_ECB_v8_129325_fault_locations.csv (status=1)
[Fri Apr 24 09:06:33 PM CEST 2026] FAIL Twofish_ECB_v7_3962449_fault_locations.csv (status=1)
[Fri Apr 24 09:06:33 PM CEST 2026] FAIL Twofish_GCM_128_v10_746278_fault_locations.csv (status=1)
[Fri Apr 24 09:06:33 PM CEST 2026] FAIL Twofish_GCM_128_v4_447240_fault_locations.csv (status=1)
[Fri Apr 24 09:06:33 PM CEST 2026] FAIL Twofish_GCM_128_v5_1077945_fault_locations.csv (status=1)
[Fri Apr 24 09:06:33 PM CEST 2026] START Twofish_GCM_128_v9_891335_fault_locations.csv
[Fri Apr 24 09:06:33 PM CEST 2026] START Twofish_GCM_256_v10_685282_fault_locations.csv
[Fri Apr 24 09:06:33 PM CEST 2026] START Twofish_GCM_256_v1_37492_fault_locations.csv
[Fri Apr 24 09:06:33 PM CEST 2026] START Twofish_GCM_256_v2_550844_fault_locations.csv
[Fri Apr 24 09:06:33 PM CEST 2026] START Twofish_GCM_256_v4_514822_fault_locations.csv
[Fri Apr 24 09:06:33 PM CEST 2026] FAIL Twofish_GCM_128_v9_891335_fault_locations.csv (status=1)
[Fri Apr 24 09:06:33 PM CEST 2026] START Twofish_GCM_256_v5_1029437_fault_locations.csv
[Fri Apr 24 09:06:33 PM CEST 2026] START Twofish_GCM_256_v6_237687_fault_locations.csv
[Fri Apr 24 09:06:33 PM CEST 2026] FAIL Twofish_GCM_256_v10_685282_fault_locations.csv (status=1)
[Fri Apr 24 09:06:33 PM CEST 2026] FAIL Twofish_GCM_256_v1_37492_fault_locations.csv (status=1)
[Fri Apr 24 09:06:33 PM CEST 2026] START Twofish_GCM_256_v7_3989383_fault_locations.csv
[Fri Apr 24 09:06:33 PM CEST 2026] FAIL Twofish_GCM_256_v2_550844_fault_locations.csv (status=1)
[Fri Apr 24 09:06:33 PM CEST 2026] FAIL Twofish_GCM_256_v4_514822_fault_locations.csv (status=1)
[Fri Apr 24 09:06:33 PM CEST 2026] FAIL Twofish_GCM_256_v5_1029437_fault_locations.csv (status=1)
[Fri Apr 24 09:06:33 PM CEST 2026] FAIL Twofish_GCM_256_v7_3989383_fault_locations.csv (status=1)
[Fri Apr 24 09:06:33 PM CEST 2026] FAIL Twofish_GCM_256_v6_237687_fault_locations.csv (status=1)
[Fri Apr 24 09:06:33 PM CEST 2026] START Twofish_GCM_256_v8_59938_fault_locations.csv
[Fri Apr 24 09:06:33 PM CEST 2026] START Twofish_GCM_256_v9_945921_fault_locations.csv
[Fri Apr 24 09:06:33 PM CEST 2026] START Twofish_GCM_v10_826617_fault_locations.csv
[Fri Apr 24 09:06:33 PM CEST 2026] START Twofish_GCM_v1_4143898_fault_locations.csv
[Fri Apr 24 09:06:33 PM CEST 2026] START Twofish_GCM_v2_584338_fault_locations.csv
[Fri Apr 24 09:06:33 PM CEST 2026] START Twofish_GCM_v4_524183_fault_locations.csv
[Fri Apr 24 09:06:33 PM CEST 2026] FAIL Twofish_GCM_256_v9_945921_fault_locations.csv (status=1)
[Fri Apr 24 09:06:33 PM CEST 2026] FAIL Twofish_GCM_v10_826617_fault_locations.csv (status=1)
[Fri Apr 24 09:06:33 PM CEST 2026] START Twofish_GCM_v5_1016321_fault_locations.csv
[Fri Apr 24 09:06:33 PM CEST 2026] START Twofish_GCM_v6_364156_fault_locations.csv
[Fri Apr 24 09:06:33 PM CEST 2026] FAIL Twofish_GCM_256_v8_59938_fault_locations.csv (status=1)
[Fri Apr 24 09:06:33 PM CEST 2026] FAIL Twofish_GCM_v4_524183_fault_locations.csv (status=1)
[Fri Apr 24 09:06:33 PM CEST 2026] FAIL Twofish_GCM_v5_1016321_fault_locations.csv (status=1)
[Fri Apr 24 09:06:33 PM CEST 2026] FAIL Twofish_GCM_v2_584338_fault_locations.csv (status=1)
[Fri Apr 24 09:06:33 PM CEST 2026] FAIL Twofish_GCM_v6_364156_fault_locations.csv (status=1)
[Fri Apr 24 09:06:33 PM CEST 2026] FAIL Twofish_GCM_v1_4143898_fault_locations.csv (status=1)
[Fri Apr 24 09:06:33 PM CEST 2026] START Twofish_GCM_v7_4033804_fault_locations.csv
[Fri Apr 24 09:06:33 PM CEST 2026] START Twofish_GCM_v8_67204_fault_locations.csv
[Fri Apr 24 09:06:33 PM CEST 2026] START Twofish_GCM_v9_925528_fault_locations.csv
[Fri Apr 24 09:06:33 PM CEST 2026] START Twofish_OFB_v1_4104697_fault_locations.csv
[Fri Apr 24 09:06:33 PM CEST 2026] START Twofish_OFB_v2_534282_fault_locations.csv
[Fri Apr 24 09:06:33 PM CEST 2026] FAIL Twofish_GCM_v7_4033804_fault_locations.csv (status=1)
[Fri Apr 24 09:06:33 PM CEST 2026] START Twofish_OFB_v3_3928544_fault_locations.csv
[Fri Apr 24 09:06:33 PM CEST 2026] FAIL Twofish_GCM_v8_67204_fault_locations.csv (status=1)
[Fri Apr 24 09:06:33 PM CEST 2026] FAIL Twofish_GCM_v9_925528_fault_locations.csv (status=1)
[Fri Apr 24 09:06:33 PM CEST 2026] START Twofish_OFB_v4_432286_fault_locations.csv
[Fri Apr 24 09:06:33 PM CEST 2026] START Twofish_OFB_v6_377203_fault_locations.csv
[Fri Apr 24 09:06:33 PM CEST 2026] FAIL Twofish_OFB_v1_4104697_fault_locations.csv (status=1)
[Fri Apr 24 09:06:33 PM CEST 2026] FAIL Twofish_OFB_v2_534282_fault_locations.csv (status=1)
[Fri Apr 24 09:06:33 PM CEST 2026] FAIL Twofish_OFB_v4_432286_fault_locations.csv (status=1)
[Fri Apr 24 09:06:33 PM CEST 2026] FAIL Twofish_OFB_v6_377203_fault_locations.csv (status=1)
[Fri Apr 24 09:06:33 PM CEST 2026] FAIL Twofish_OFB_v3_3928544_fault_locations.csv (status=1)
[Fri Apr 24 09:06:33 PM CEST 2026] START Twofish_OFB_v7_4062563_fault_locations.csv
[Fri Apr 24 09:06:33 PM CEST 2026] START Twofish_OFB_v8_177217_fault_locations.csv
[Fri Apr 24 09:06:33 PM CEST 2026] START Twofish_v10_772436_fault_locations.csv
[Fri Apr 24 09:06:33 PM CEST 2026] START Twofish_v2_584841_fault_locations.csv
[Fri Apr 24 09:06:33 PM CEST 2026] FAIL Twofish_OFB_v7_4062563_fault_locations.csv (status=1)
[Fri Apr 24 09:06:33 PM CEST 2026] START Twofish_v3_3890085_fault_locations.csv
[Fri Apr 24 09:06:33 PM CEST 2026] START Twofish_v4_450503_fault_locations.csv
[Fri Apr 24 09:06:33 PM CEST 2026] FAIL Twofish_OFB_v8_177217_fault_locations.csv (status=1)
[Fri Apr 24 09:06:33 PM CEST 2026] START Twofish_v6_369470_fault_locations.csv
[Fri Apr 24 09:06:33 PM CEST 2026] FAIL Twofish_v10_772436_fault_locations.csv (status=1)
[Fri Apr 24 09:06:33 PM CEST 2026] START Twofish_v8_59542_fault_locations.csv
[Fri Apr 24 09:06:33 PM CEST 2026] FAIL Twofish_v2_584841_fault_locations.csv (status=1)
[Fri Apr 24 09:06:33 PM CEST 2026] FAIL Twofish_v3_3890085_fault_locations.csv (status=1)
[Fri Apr 24 09:06:33 PM CEST 2026] FAIL Twofish_v4_450503_fault_locations.csv (status=1)
[Fri Apr 24 09:06:33 PM CEST 2026] FAIL Twofish_v6_369470_fault_locations.csv (status=1)
[Fri Apr 24 09:06:33 PM CEST 2026] FAIL Twofish_v8_59542_fault_locations.csv (status=1)
[Fri Apr 24 09:06:33 PM CEST 2026] START Twofish_v9_906780_fault_locations.csv
[Fri Apr 24 09:06:33 PM CEST 2026] START Twofish_XTS_v10_829373_fault_locations.csv
[Fri Apr 24 09:06:33 PM CEST 2026] START Twofish_XTS_v2_537793_fault_locations.csv
[Fri Apr 24 09:06:33 PM CEST 2026] START Twofish_XTS_v3_3827649_fault_locations.csv
[Fri Apr 24 09:06:33 PM CEST 2026] START Twofish_XTS_v4_460166_fault_locations.csv
[Fri Apr 24 09:06:33 PM CEST 2026] START Twofish_XTS_v5_1046761_fault_locations.csv
[Fri Apr 24 09:06:33 PM CEST 2026] START Twofish_XTS_v7_4059910_fault_locations.csv
[Fri Apr 24 09:06:33 PM CEST 2026] FAIL Twofish_XTS_v10_829373_fault_locations.csv (status=1)
[Fri Apr 24 09:06:33 PM CEST 2026] START Twofish_XTS_v8_59123_fault_locations.csv
[Fri Apr 24 09:06:33 PM CEST 2026] FAIL Twofish_XTS_v2_537793_fault_locations.csv (status=1)
[Fri Apr 24 09:06:33 PM CEST 2026] FAIL Twofish_v9_906780_fault_locations.csv (status=1)
[Fri Apr 24 09:06:33 PM CEST 2026] FAIL Twofish_XTS_v3_3827649_fault_locations.csv (status=1)
[Fri Apr 24 09:06:33 PM CEST 2026] FAIL Twofish_XTS_v4_460166_fault_locations.csv (status=1)
[Fri Apr 24 09:06:33 PM CEST 2026] FAIL Twofish_XTS_v7_4059910_fault_locations.csv (status=1)
[Fri Apr 24 09:06:33 PM CEST 2026] FAIL Twofish_XTS_v5_1046761_fault_locations.csv (status=1)
[Fri Apr 24 09:06:33 PM CEST 2026] FAIL Twofish_XTS_v8_59123_fault_locations.csv (status=1)
[Fri Apr 24 09:06:33 PM CEST 2026] START Twofish_XTS_v9_954348_fault_locations.csv
[Fri Apr 24 09:06:33 PM CEST 2026] START UMAP_Uniform_Manifold_Approximation_and_Projection_v5_1038426_fault_locations.csv
[Fri Apr 24 09:06:33 PM CEST 2026] START UMAP_Uniform_Manifold_Approximation_and_Projection_v8_191821_fault_locations.csv
[Fri Apr 24 09:06:33 PM CEST 2026] START UNet_v1_4151129_fault_locations.csv
[Fri Apr 24 09:06:33 PM CEST 2026] START U_Net_v2_588503_fault_locations.csv
[Fri Apr 24 09:06:33 PM CEST 2026] START U_Net_v3_3805544_fault_locations.csv
[Fri Apr 24 09:06:33 PM CEST 2026] FAIL Twofish_XTS_v9_954348_fault_locations.csv (status=1)
[Fri Apr 24 09:06:33 PM CEST 2026] START UNet_v4_486625_fault_locations.csv
[Fri Apr 24 09:06:33 PM CEST 2026] START Uniform_Cost_Search_v10_824607_fault_locations.csv
[Fri Apr 24 09:06:33 PM CEST 2026] FAIL Uniform_Cost_Search_v10_824607_fault_locations.csv (status=1)
[Fri Apr 24 09:06:38 PM CEST 2026] DONE UNet_v4_486625_fault_locations.csv
[Fri Apr 24 09:06:55 PM CEST 2026] DONE U_Net_v2_588503_fault_locations.csv
[Fri Apr 24 09:07:18 PM CEST 2026] DONE U_Net_v3_3805544_fault_locations.csv
[Fri Apr 24 09:07:47 PM CEST 2026] DONE UMAP_Uniform_Manifold_Approximation_and_Projection_v8_191821_fault_locations.csv
[Fri Apr 24 09:09:01 PM CEST 2026] DONE UNet_v1_4151129_fault_locations.csv
[Fri Apr 24 09:13:46 PM CEST 2026] DONE UMAP_Uniform_Manifold_Approximation_and_Projection_v5_1038426_fault_locations.csv
[Fri Apr 24 09:13:46 PM CEST 2026] START Uniform_Cost_Search_v1_4095736_fault_locations.csv
[Fri Apr 24 09:13:46 PM CEST 2026] START Uniform_Cost_Search_v2_596495_fault_locations.csv
[Fri Apr 24 09:13:46 PM CEST 2026] START Uniform_Cost_Search_v4_391051_fault_locations.csv
[Fri Apr 24 09:13:46 PM CEST 2026] START Uniform_Cost_Search_v5_984017_fault_locations.csv
[Fri Apr 24 09:13:46 PM CEST 2026] START Uniform_Cost_Search_v6_356591_fault_locations.csv
[Fri Apr 24 09:13:46 PM CEST 2026] FAIL Uniform_Cost_Search_v1_4095736_fault_locations.csv (status=1)
[Fri Apr 24 09:13:46 PM CEST 2026] START Uniform_Cost_Search_v7_3940482_fault_locations.csv
[Fri Apr 24 09:13:46 PM CEST 2026] FAIL Uniform_Cost_Search_v2_596495_fault_locations.csv (status=1)
[Fri Apr 24 09:13:46 PM CEST 2026] START Uniform_Cost_Search_v8_50798_fault_locations.csv
[Fri Apr 24 09:13:46 PM CEST 2026] START Union_by_Rank_v10_711714_fault_locations.csv
[Fri Apr 24 09:13:46 PM CEST 2026] FAIL Uniform_Cost_Search_v5_984017_fault_locations.csv (status=1)
[Fri Apr 24 09:13:46 PM CEST 2026] FAIL Uniform_Cost_Search_v6_356591_fault_locations.csv (status=1)
[Fri Apr 24 09:13:46 PM CEST 2026] FAIL Uniform_Cost_Search_v7_3940482_fault_locations.csv (status=1)
[Fri Apr 24 09:13:46 PM CEST 2026] FAIL Uniform_Cost_Search_v4_391051_fault_locations.csv (status=1)
[Fri Apr 24 09:13:46 PM CEST 2026] FAIL Uniform_Cost_Search_v8_50798_fault_locations.csv (status=1)
[Fri Apr 24 09:13:46 PM CEST 2026] FAIL Union_by_Rank_v10_711714_fault_locations.csv (status=1)
[Fri Apr 24 09:13:46 PM CEST 2026] START Union_by_Rank_v1_33061_fault_locations.csv
[Fri Apr 24 09:13:46 PM CEST 2026] START Union_by_Rank_v2_562309_fault_locations.csv
[Fri Apr 24 09:13:46 PM CEST 2026] START Union_by_Rank_v3_3789501_fault_locations.csv
[Fri Apr 24 09:13:46 PM CEST 2026] START Union_by_Rank_v4_402294_fault_locations.csv
[Fri Apr 24 09:13:46 PM CEST 2026] START Union_by_Rank_v5_982652_fault_locations.csv
[Fri Apr 24 09:13:46 PM CEST 2026] FAIL Union_by_Rank_v1_33061_fault_locations.csv (status=1)
[Fri Apr 24 09:13:46 PM CEST 2026] START Union_by_Rank_v6_358679_fault_locations.csv
[Fri Apr 24 09:13:46 PM CEST 2026] START Union_by_Rank_v7_4032674_fault_locations.csv
[Fri Apr 24 09:13:46 PM CEST 2026] FAIL Union_by_Rank_v2_562309_fault_locations.csv (status=1)
[Fri Apr 24 09:13:46 PM CEST 2026] FAIL Union_by_Rank_v3_3789501_fault_locations.csv (status=1)
[Fri Apr 24 09:13:46 PM CEST 2026] START Union_by_Rank_v8_72002_fault_locations.csv
[Fri Apr 24 09:13:46 PM CEST 2026] FAIL Union_by_Rank_v4_402294_fault_locations.csv (status=1)
[Fri Apr 24 09:13:46 PM CEST 2026] FAIL Union_by_Rank_v5_982652_fault_locations.csv (status=1)
[Fri Apr 24 09:13:46 PM CEST 2026] FAIL Union_by_Rank_v7_4032674_fault_locations.csv (status=1)
[Fri Apr 24 09:13:46 PM CEST 2026] FAIL Union_by_Rank_v8_72002_fault_locations.csv (status=1)
[Fri Apr 24 09:13:46 PM CEST 2026] FAIL Union_by_Rank_v6_358679_fault_locations.csv (status=1)
[Fri Apr 24 09:13:46 PM CEST 2026] START Union_by_Rank_v9_848258_fault_locations.csv
[Fri Apr 24 09:13:46 PM CEST 2026] START Union_by_Size_v10_777424_fault_locations.csv
[Fri Apr 24 09:13:46 PM CEST 2026] START Union_by_Size_v1_4186067_fault_locations.csv
[Fri Apr 24 09:13:46 PM CEST 2026] START Union_by_Size_v3_3924014_fault_locations.csv
[Fri Apr 24 09:13:46 PM CEST 2026] FAIL Union_by_Rank_v9_848258_fault_locations.csv (status=1)
[Fri Apr 24 09:13:46 PM CEST 2026] START Union_by_Size_v4_477326_fault_locations.csv
[Fri Apr 24 09:13:46 PM CEST 2026] FAIL Union_by_Size_v10_777424_fault_locations.csv (status=1)
[Fri Apr 24 09:13:46 PM CEST 2026] START Union_by_Size_v5_1045179_fault_locations.csv
[Fri Apr 24 09:13:46 PM CEST 2026] START Union_by_Size_v6_308453_fault_locations.csv
[Fri Apr 24 09:13:46 PM CEST 2026] START Union_by_Size_v7_4035009_fault_locations.csv
[Fri Apr 24 09:13:46 PM CEST 2026] FAIL Union_by_Size_v3_3924014_fault_locations.csv (status=1)
[Fri Apr 24 09:13:46 PM CEST 2026] FAIL Union_by_Size_v4_477326_fault_locations.csv (status=1)
[Fri Apr 24 09:13:46 PM CEST 2026] FAIL Union_by_Size_v7_4035009_fault_locations.csv (status=1)
[Fri Apr 24 09:13:46 PM CEST 2026] FAIL Union_by_Size_v1_4186067_fault_locations.csv (status=1)
[Fri Apr 24 09:13:46 PM CEST 2026] FAIL Union_by_Size_v6_308453_fault_locations.csv (status=1)
[Fri Apr 24 09:13:46 PM CEST 2026] FAIL Union_by_Size_v5_1045179_fault_locations.csv (status=1)
[Fri Apr 24 09:13:46 PM CEST 2026] START Union_by_Size_v8_75524_fault_locations.csv
[Fri Apr 24 09:13:46 PM CEST 2026] START Union_by_Size_v9_877806_fault_locations.csv
[Fri Apr 24 09:13:46 PM CEST 2026] START Union_Find_Disjoint_Set_Union_v10_826658_fault_locations.csv
[Fri Apr 24 09:13:46 PM CEST 2026] START Union_Find_Disjoint_Set_Union_v1_4124310_fault_locations.csv
[Fri Apr 24 09:13:46 PM CEST 2026] FAIL Union_by_Size_v8_75524_fault_locations.csv (status=1)
[Fri Apr 24 09:13:46 PM CEST 2026] START Union_Find_Disjoint_Set_Union_v2_548468_fault_locations.csv
[Fri Apr 24 09:13:47 PM CEST 2026] START Union_Find_Disjoint_Set_Union_v3_3920113_fault_locations.csv
[Fri Apr 24 09:13:47 PM CEST 2026] FAIL Union_by_Size_v9_877806_fault_locations.csv (status=1)
[Fri Apr 24 09:13:47 PM CEST 2026] FAIL Union_Find_Disjoint_Set_Union_v10_826658_fault_locations.csv (status=1)
[Fri Apr 24 09:13:47 PM CEST 2026] START Union_Find_Disjoint_Set_Union_v4_434883_fault_locations.csv
[Fri Apr 24 09:13:47 PM CEST 2026] START Union_Find_Disjoint_Set_Union_v5_1028867_fault_locations.csv
[Fri Apr 24 09:13:47 PM CEST 2026] FAIL Union_Find_Disjoint_Set_Union_v2_548468_fault_locations.csv (status=1)
[Fri Apr 24 09:13:47 PM CEST 2026] FAIL Union_Find_Disjoint_Set_Union_v4_434883_fault_locations.csv (status=1)
[Fri Apr 24 09:13:47 PM CEST 2026] FAIL Union_Find_Disjoint_Set_Union_v5_1028867_fault_locations.csv (status=1)
[Fri Apr 24 09:13:47 PM CEST 2026] FAIL Union_Find_Disjoint_Set_Union_v1_4124310_fault_locations.csv (status=1)
[Fri Apr 24 09:13:47 PM CEST 2026] FAIL Union_Find_Disjoint_Set_Union_v3_3920113_fault_locations.csv (status=1)
[Fri Apr 24 09:13:47 PM CEST 2026] START Union_Find_Disjoint_Set_Union_v6_299050_fault_locations.csv
[Fri Apr 24 09:13:47 PM CEST 2026] START Union_Find_Disjoint_Set_Union_v7_4064182_fault_locations.csv
[Fri Apr 24 09:13:47 PM CEST 2026] START Union_Find_Disjoint_Set_Union_v8_181369_fault_locations.csv
[Fri Apr 24 09:13:47 PM CEST 2026] START Union_Find_Disjoint_Set_Union_v9_959562_fault_locations.csv
[Fri Apr 24 09:13:47 PM CEST 2026] START Union_of_Polygons_v10_716977_fault_locations.csv
[Fri Apr 24 09:13:47 PM CEST 2026] FAIL Union_Find_Disjoint_Set_Union_v6_299050_fault_locations.csv (status=1)
[Fri Apr 24 09:13:47 PM CEST 2026] START Union_of_Polygons_v2_656873_fault_locations.csv
[Fri Apr 24 09:13:47 PM CEST 2026] FAIL Union_Find_Disjoint_Set_Union_v7_4064182_fault_locations.csv (status=1)
[Fri Apr 24 09:13:47 PM CEST 2026] FAIL Union_Find_Disjoint_Set_Union_v8_181369_fault_locations.csv (status=1)
[Fri Apr 24 09:13:47 PM CEST 2026] START Union_of_Rectangles_v10_752535_fault_locations.csv
[Fri Apr 24 09:13:47 PM CEST 2026] FAIL Union_Find_Disjoint_Set_Union_v9_959562_fault_locations.csv (status=1)
[Fri Apr 24 09:13:47 PM CEST 2026] START Union_of_Rectangles_v1_18543_fault_locations.csv
[Fri Apr 24 09:13:47 PM CEST 2026] FAIL Union_of_Polygons_v10_716977_fault_locations.csv (status=1)
[Fri Apr 24 09:13:47 PM CEST 2026] FAIL Union_of_Rectangles_v10_752535_fault_locations.csv (status=1)
[Fri Apr 24 09:13:47 PM CEST 2026] FAIL Union_of_Rectangles_v1_18543_fault_locations.csv (status=1)
[Fri Apr 24 09:14:16 PM CEST 2026] DONE Union_of_Polygons_v2_656873_fault_locations.csv
[Fri Apr 24 09:14:16 PM CEST 2026] START Union_of_Rectangles_v4_397280_fault_locations.csv
[Fri Apr 24 09:14:16 PM CEST 2026] START Union_of_Rectangles_v5_1030518_fault_locations.csv
[Fri Apr 24 09:14:16 PM CEST 2026] START Union_of_Rectangles_v6_323545_fault_locations.csv
[Fri Apr 24 09:14:16 PM CEST 2026] START Union_of_Rectangles_v7_4011470_fault_locations.csv
[Fri Apr 24 09:14:16 PM CEST 2026] START Union_of_Rectangles_v8_68070_fault_locations.csv
[Fri Apr 24 09:14:16 PM CEST 2026] FAIL Union_of_Rectangles_v4_397280_fault_locations.csv (status=1)
[Fri Apr 24 09:14:16 PM CEST 2026] START Union_of_Rectangles_v9_881025_fault_locations.csv
[Fri Apr 24 09:14:16 PM CEST 2026] START Unscented_Kalman_Filter_v7_4033695_fault_locations.csv
[Fri Apr 24 09:14:16 PM CEST 2026] START Upwind_Scheme_v2_591925_fault_locations.csv
[Fri Apr 24 09:14:16 PM CEST 2026] FAIL Union_of_Rectangles_v5_1030518_fault_locations.csv (status=1)
[Fri Apr 24 09:14:16 PM CEST 2026] FAIL Union_of_Rectangles_v9_881025_fault_locations.csv (status=1)
[Fri Apr 24 09:14:16 PM CEST 2026] FAIL Union_of_Rectangles_v7_4011470_fault_locations.csv (status=1)
[Fri Apr 24 09:14:16 PM CEST 2026] FAIL Union_of_Rectangles_v6_323545_fault_locations.csv (status=1)
[Fri Apr 24 09:14:18 PM CEST 2026] DONE Upwind_Scheme_v2_591925_fault_locations.csv
[Fri Apr 24 09:14:20 PM CEST 2026] DONE Union_of_Rectangles_v8_68070_fault_locations.csv
[Fri Apr 24 09:16:16 PM CEST 2026] DONE Unscented_Kalman_Filter_v7_4033695_fault_locations.csv
[Fri Apr 24 09:16:16 PM CEST 2026] START Upwind_Scheme_v5_998023_fault_locations.csv
[Fri Apr 24 09:16:16 PM CEST 2026] START Upwind_Scheme_v6_315607_fault_locations.csv
[Fri Apr 24 09:16:16 PM CEST 2026] START Upwind_Scheme_v7_4009069_fault_locations.csv
[Fri Apr 24 09:16:16 PM CEST 2026] START Upwind_Scheme_v9_861359_fault_locations.csv
[Fri Apr 24 09:16:16 PM CEST 2026] START Variational_Autoencoder_VAE_v5_1131569_fault_locations.csv
[Fri Apr 24 09:16:16 PM CEST 2026] START Variational_Autoencoder_VAE_v9_845886_fault_locations.csv
[Fri Apr 24 09:16:16 PM CEST 2026] START Variational_Inference_v10_776521_fault_locations.csv
[Fri Apr 24 09:16:16 PM CEST 2026] START Variational_Inference_v2_630528_fault_locations.csv
[Fri Apr 24 09:16:20 PM CEST 2026] DONE Upwind_Scheme_v5_998023_fault_locations.csv
[Fri Apr 24 09:16:21 PM CEST 2026] DONE Upwind_Scheme_v7_4009069_fault_locations.csv
[Fri Apr 24 09:16:22 PM CEST 2026] DONE Upwind_Scheme_v9_861359_fault_locations.csv
[Fri Apr 24 09:16:23 PM CEST 2026] DONE Variational_Inference_v2_630528_fault_locations.csv
[Fri Apr 24 09:16:23 PM CEST 2026] DONE Variational_Autoencoder_VAE_v9_845886_fault_locations.csv
[Fri Apr 24 09:16:26 PM CEST 2026] DONE Variational_Autoencoder_VAE_v5_1131569_fault_locations.csv
[Fri Apr 24 09:16:37 PM CEST 2026] DONE Upwind_Scheme_v6_315607_fault_locations.csv
[Fri Apr 24 09:16:53 PM CEST 2026] DONE Variational_Inference_v10_776521_fault_locations.csv
[Fri Apr 24 09:16:53 PM CEST 2026] START Vector_Cross_Product_v10_790884_fault_locations.csv
[Fri Apr 24 09:16:53 PM CEST 2026] START Vector_Cross_Product_v1_4127760_fault_locations.csv
[Fri Apr 24 09:16:53 PM CEST 2026] START Vector_Cross_Product_v2_622910_fault_locations.csv
[Fri Apr 24 09:16:53 PM CEST 2026] START Vector_Cross_Product_v3_3880429_fault_locations.csv
[Fri Apr 24 09:16:53 PM CEST 2026] START Vector_Cross_Product_v4_427414_fault_locations.csv
[Fri Apr 24 09:16:53 PM CEST 2026] START Vector_Cross_Product_v5_1048677_fault_locations.csv
[Fri Apr 24 09:16:53 PM CEST 2026] START Vector_Cross_Product_v6_378332_fault_locations.csv
[Fri Apr 24 09:16:53 PM CEST 2026] FAIL Vector_Cross_Product_v10_790884_fault_locations.csv (status=1)
[Fri Apr 24 09:16:53 PM CEST 2026] START Vector_Cross_Product_v7_4081281_fault_locations.csv
[Fri Apr 24 09:16:53 PM CEST 2026] FAIL Vector_Cross_Product_v3_3880429_fault_locations.csv (status=1)
[Fri Apr 24 09:16:53 PM CEST 2026] FAIL Vector_Cross_Product_v6_378332_fault_locations.csv (status=1)
[Fri Apr 24 09:16:54 PM CEST 2026] FAIL Vector_Cross_Product_v5_1048677_fault_locations.csv (status=1)
[Fri Apr 24 09:16:57 PM CEST 2026] DONE Vector_Cross_Product_v1_4127760_fault_locations.csv
[Fri Apr 24 09:16:57 PM CEST 2026] DONE Vector_Cross_Product_v4_427414_fault_locations.csv
[Fri Apr 24 09:16:57 PM CEST 2026] DONE Vector_Cross_Product_v7_4081281_fault_locations.csv
[Fri Apr 24 09:19:34 PM CEST 2026] DONE Vector_Cross_Product_v2_622910_fault_locations.csv
[Fri Apr 24 09:19:34 PM CEST 2026] START Vector_Cross_Product_v8_67563_fault_locations.csv
[Fri Apr 24 09:19:34 PM CEST 2026] START Vector_Cross_Product_v9_938831_fault_locations.csv
[Fri Apr 24 09:19:34 PM CEST 2026] START Vector_Dot_Product_v10_791212_fault_locations.csv
[Fri Apr 24 09:19:34 PM CEST 2026] START Vector_Dot_Product_v1_4136779_fault_locations.csv
[Fri Apr 24 09:19:34 PM CEST 2026] START Vector_Dot_Product_v2_535215_fault_locations.csv
[Fri Apr 24 09:19:34 PM CEST 2026] START Vector_Dot_Product_v3_3827859_fault_locations.csv
[Fri Apr 24 09:19:34 PM CEST 2026] START Vector_Dot_Product_v4_444467_fault_locations.csv
[Fri Apr 24 09:19:34 PM CEST 2026] START Vector_Dot_Product_v5_1074697_fault_locations.csv
[Fri Apr 24 09:19:34 PM CEST 2026] FAIL Vector_Dot_Product_v2_535215_fault_locations.csv (status=1)
[Fri Apr 24 09:19:34 PM CEST 2026] FAIL Vector_Dot_Product_v1_4136779_fault_locations.csv (status=1)
[Fri Apr 24 09:19:34 PM CEST 2026] FAIL Vector_Dot_Product_v3_3827859_fault_locations.csv (status=1)
[Fri Apr 24 09:19:34 PM CEST 2026] FAIL Vector_Dot_Product_v4_444467_fault_locations.csv (status=1)
[Fri Apr 24 09:19:34 PM CEST 2026] FAIL Vector_Dot_Product_v5_1074697_fault_locations.csv (status=1)
[Fri Apr 24 09:19:35 PM CEST 2026] DONE Vector_Dot_Product_v10_791212_fault_locations.csv
[Fri Apr 24 09:19:37 PM CEST 2026] DONE Vector_Cross_Product_v9_938831_fault_locations.csv
[Fri Apr 24 09:19:38 PM CEST 2026] DONE Vector_Cross_Product_v8_67563_fault_locations.csv
[Fri Apr 24 09:19:38 PM CEST 2026] START Vector_Dot_Product_v6_307048_fault_locations.csv
[Fri Apr 24 09:19:38 PM CEST 2026] START Vector_Dot_Product_v7_3972872_fault_locations.csv
[Fri Apr 24 09:19:38 PM CEST 2026] START Vector_Dot_Product_v8_134835_fault_locations.csv
[Fri Apr 24 09:19:38 PM CEST 2026] START Vector_Dot_Product_v9_949082_fault_locations.csv
[Fri Apr 24 09:19:38 PM CEST 2026] FAIL Vector_Dot_Product_v6_307048_fault_locations.csv (status=1)
[Fri Apr 24 09:19:38 PM CEST 2026] START Vector_Projection_v10_759687_fault_locations.csv
[Fri Apr 24 09:19:38 PM CEST 2026] START Vector_Projection_v2_590442_fault_locations.csv
[Fri Apr 24 09:19:38 PM CEST 2026] START Vector_Projection_v3_3878604_fault_locations.csv
[Fri Apr 24 09:19:38 PM CEST 2026] START Vector_Projection_v5_1130752_fault_locations.csv
[Fri Apr 24 09:19:38 PM CEST 2026] FAIL Vector_Dot_Product_v9_949082_fault_locations.csv (status=1)
[Fri Apr 24 09:19:38 PM CEST 2026] FAIL Vector_Dot_Product_v7_3972872_fault_locations.csv (status=1)
[Fri Apr 24 09:19:40 PM CEST 2026] DONE Vector_Projection_v10_759687_fault_locations.csv
[Fri Apr 24 09:19:40 PM CEST 2026] DONE Vector_Projection_v5_1130752_fault_locations.csv
[Fri Apr 24 09:19:40 PM CEST 2026] DONE Vector_Dot_Product_v8_134835_fault_locations.csv
[Fri Apr 24 09:19:41 PM CEST 2026] DONE Vector_Projection_v2_590442_fault_locations.csv
[Fri Apr 24 09:20:05 PM CEST 2026] DONE Vector_Projection_v3_3878604_fault_locations.csv
[Fri Apr 24 09:20:05 PM CEST 2026] START Vector_Projection_v8_208909_fault_locations.csv
[Fri Apr 24 09:20:05 PM CEST 2026] START Vector_Projection_v9_922868_fault_locations.csv
[Fri Apr 24 09:20:05 PM CEST 2026] START Velocity_Verlet_v10_793389_fault_locations.csv
[Fri Apr 24 09:20:05 PM CEST 2026] START Velocity_Verlet_v1_20683_fault_locations.csv
[Fri Apr 24 09:20:05 PM CEST 2026] START Velocity_Verlet_v4_448475_fault_locations.csv
[Fri Apr 24 09:20:05 PM CEST 2026] START Velocity_Verlet_v6_312203_fault_locations.csv
[Fri Apr 24 09:20:05 PM CEST 2026] START Velocity_Verlet_v7_3977661_fault_locations.csv
[Fri Apr 24 09:20:05 PM CEST 2026] START Velocity_Verlet_v9_924243_fault_locations.csv
[Fri Apr 24 09:20:07 PM CEST 2026] DONE Vector_Projection_v9_922868_fault_locations.csv
[Fri Apr 24 09:20:10 PM CEST 2026] DONE Velocity_Verlet_v4_448475_fault_locations.csv
[Fri Apr 24 09:20:10 PM CEST 2026] DONE Velocity_Verlet_v9_924243_fault_locations.csv
[Fri Apr 24 09:20:10 PM CEST 2026] DONE Velocity_Verlet_v7_3977661_fault_locations.csv
[Fri Apr 24 09:20:11 PM CEST 2026] DONE Velocity_Verlet_v10_793389_fault_locations.csv
[Fri Apr 24 09:20:12 PM CEST 2026] DONE Velocity_Verlet_v6_312203_fault_locations.csv
[Fri Apr 24 09:20:14 PM CEST 2026] DONE Vector_Projection_v8_208909_fault_locations.csv
[Fri Apr 24 09:20:30 PM CEST 2026] DONE Velocity_Verlet_v1_20683_fault_locations.csv
[Fri Apr 24 09:20:30 PM CEST 2026] START Verlet_Integration_v1_3866_fault_locations.csv
[Fri Apr 24 09:20:30 PM CEST 2026] START Verlet_Integration_v2_627878_fault_locations.csv
[Fri Apr 24 09:20:30 PM CEST 2026] START Verlet_Integration_v3_3803277_fault_locations.csv
[Fri Apr 24 09:20:30 PM CEST 2026] START Verlet_Integration_v5_1078386_fault_locations.csv
[Fri Apr 24 09:20:30 PM CEST 2026] START Verlet_Integration_v6_376392_fault_locations.csv
[Fri Apr 24 09:20:30 PM CEST 2026] START Verlet_Integration_v9_882212_fault_locations.csv
[Fri Apr 24 09:20:30 PM CEST 2026] START Vertex_Connectivity_Menger’s_Theorem_v10_815885_fault_locations.csv
[Fri Apr 24 09:20:30 PM CEST 2026] START Vertex_Connectivity_Menger’s_Theorem_v1_4146333_fault_locations.csv
[Fri Apr 24 09:20:30 PM CEST 2026] FAIL Vertex_Connectivity_Menger’s_Theorem_v10_815885_fault_locations.csv (status=1)
[Fri Apr 24 09:20:30 PM CEST 2026] FAIL Vertex_Connectivity_Menger’s_Theorem_v1_4146333_fault_locations.csv (status=1)
[Fri Apr 24 09:20:32 PM CEST 2026] DONE Verlet_Integration_v1_3866_fault_locations.csv
[Fri Apr 24 09:20:34 PM CEST 2026] DONE Verlet_Integration_v6_376392_fault_locations.csv
[Fri Apr 24 09:20:36 PM CEST 2026] DONE Verlet_Integration_v9_882212_fault_locations.csv
[Fri Apr 24 09:20:45 PM CEST 2026] DONE Verlet_Integration_v3_3803277_fault_locations.csv
[Fri Apr 24 09:21:43 PM CEST 2026] DONE Verlet_Integration_v2_627878_fault_locations.csv
[Fri Apr 24 09:36:51 PM CEST 2026] DONE Verlet_Integration_v5_1078386_fault_locations.csv
[Fri Apr 24 09:36:51 PM CEST 2026] START Vertex_Connectivity_Menger’s_Theorem_v2_665908_fault_locations.csv
[Fri Apr 24 09:36:51 PM CEST 2026] START Vertex_Connectivity_Menger’s_Theorem_v3_3791060_fault_locations.csv
[Fri Apr 24 09:36:51 PM CEST 2026] START Vertex_Connectivity_Menger’s_Theorem_v4_394607_fault_locations.csv
[Fri Apr 24 09:36:52 PM CEST 2026] START Vertex_Connectivity_Menger’s_Theorem_v5_988064_fault_locations.csv
[Fri Apr 24 09:36:52 PM CEST 2026] FAIL Vertex_Connectivity_Menger’s_Theorem_v2_665908_fault_locations.csv (status=1)
[Fri Apr 24 09:36:52 PM CEST 2026] START Vertex_Connectivity_Menger’s_Theorem_v6_277186_fault_locations.csv
[Fri Apr 24 09:36:52 PM CEST 2026] START Vertex_Connectivity_Menger’s_Theorem_v7_4024660_fault_locations.csv
[Fri Apr 24 09:36:52 PM CEST 2026] START Vertex_Connectivity_Menger’s_Theorem_v9_833694_fault_locations.csv
[Fri Apr 24 09:36:52 PM CEST 2026] FAIL Vertex_Connectivity_Menger’s_Theorem_v4_394607_fault_locations.csv (status=1)
[Fri Apr 24 09:36:52 PM CEST 2026] START VGG16_v10_725714_fault_locations.csv
[Fri Apr 24 09:36:52 PM CEST 2026] FAIL Vertex_Connectivity_Menger’s_Theorem_v6_277186_fault_locations.csv (status=1)
[Fri Apr 24 09:36:52 PM CEST 2026] FAIL Vertex_Connectivity_Menger’s_Theorem_v7_4024660_fault_locations.csv (status=1)
[Fri Apr 24 09:36:52 PM CEST 2026] FAIL Vertex_Connectivity_Menger’s_Theorem_v9_833694_fault_locations.csv (status=1)
[Fri Apr 24 09:36:52 PM CEST 2026] FAIL Vertex_Connectivity_Menger’s_Theorem_v3_3791060_fault_locations.csv (status=1)
[Fri Apr 24 09:36:52 PM CEST 2026] FAIL Vertex_Connectivity_Menger’s_Theorem_v5_988064_fault_locations.csv (status=1)
[Fri Apr 24 09:37:03 PM CEST 2026] DONE VGG16_v10_725714_fault_locations.csv
[Fri Apr 24 09:37:03 PM CEST 2026] START View_Frustum_Culling_v10_753002_fault_locations.csv
[Fri Apr 24 09:37:03 PM CEST 2026] START View_Frustum_Culling_v1_4131299_fault_locations.csv
[Fri Apr 24 09:37:03 PM CEST 2026] START View_Frustum_Culling_v2_669375_fault_locations.csv
[Fri Apr 24 09:37:03 PM CEST 2026] START View_Frustum_Culling_v3_3840504_fault_locations.csv
[Fri Apr 24 09:37:03 PM CEST 2026] START View_Frustum_Culling_v7_3969762_fault_locations.csv
[Fri Apr 24 09:37:04 PM CEST 2026] START Visibility_Graph_v10_710505_fault_locations.csv
[Fri Apr 24 09:37:04 PM CEST 2026] START Visibility_Graph_v1_4111736_fault_locations.csv
[Fri Apr 24 09:37:04 PM CEST 2026] START Visibility_Graph_v3_3781929_fault_locations.csv
[Fri Apr 24 09:37:04 PM CEST 2026] FAIL Visibility_Graph_v1_4111736_fault_locations.csv (status=1)
[Fri Apr 24 09:37:04 PM CEST 2026] FAIL Visibility_Graph_v3_3781929_fault_locations.csv (status=1)
[Fri Apr 24 09:37:05 PM CEST 2026] DONE View_Frustum_Culling_v3_3840504_fault_locations.csv
[Fri Apr 24 09:37:14 PM CEST 2026] DONE View_Frustum_Culling_v2_669375_fault_locations.csv
[Fri Apr 24 09:37:15 PM CEST 2026] DONE Visibility_Graph_v10_710505_fault_locations.csv
[Fri Apr 24 09:37:23 PM CEST 2026] DONE View_Frustum_Culling_v1_4131299_fault_locations.csv
[Fri Apr 24 09:37:37 PM CEST 2026] DONE View_Frustum_Culling_v7_3969762_fault_locations.csv
[Fri Apr 24 09:39:04 PM CEST 2026] DONE View_Frustum_Culling_v10_753002_fault_locations.csv
[Fri Apr 24 09:39:04 PM CEST 2026] START Visibility_Graph_v5_1097486_fault_locations.csv
[Fri Apr 24 09:39:04 PM CEST 2026] START Visibility_Graph_v7_3951767_fault_locations.csv
[Fri Apr 24 09:39:04 PM CEST 2026] START Visibility_Polygon_Computation_v10_691533_fault_locations.csv
[Fri Apr 24 09:39:04 PM CEST 2026] START Visibility_Polygon_Computation_v9_874301_fault_locations.csv
[Fri Apr 24 09:39:04 PM CEST 2026] FAIL Visibility_Graph_v5_1097486_fault_locations.csv (status=1)
[Fri Apr 24 09:39:04 PM CEST 2026] START Vision_Transformer_ViT_v5_1086193_fault_locations.csv
[Fri Apr 24 09:39:04 PM CEST 2026] START VMPC_v10_802982_fault_locations.csv
[Fri Apr 24 09:39:04 PM CEST 2026] START VMPC_v1_4107168_fault_locations.csv
[Fri Apr 24 09:39:04 PM CEST 2026] START VMPC_v2_615593_fault_locations.csv
[Fri Apr 24 09:39:04 PM CEST 2026] FAIL VMPC_v10_802982_fault_locations.csv (status=1)
[Fri Apr 24 09:39:04 PM CEST 2026] FAIL VMPC_v1_4107168_fault_locations.csv (status=1)
[Fri Apr 24 09:39:04 PM CEST 2026] FAIL VMPC_v2_615593_fault_locations.csv (status=1)
[Fri Apr 24 09:39:04 PM CEST 2026] FAIL Visibility_Graph_v7_3951767_fault_locations.csv (status=1)
[Fri Apr 24 09:39:22 PM CEST 2026] DONE Visibility_Polygon_Computation_v10_691533_fault_locations.csv
[Fri Apr 24 09:39:45 PM CEST 2026] DONE Vision_Transformer_ViT_v5_1086193_fault_locations.csv
[Fri Apr 24 09:44:16 PM CEST 2026] DONE Visibility_Polygon_Computation_v9_874301_fault_locations.csv
[Fri Apr 24 09:44:16 PM CEST 2026] START VMPC_v3_3900323_fault_locations.csv
[Fri Apr 24 09:44:16 PM CEST 2026] START VMPC_v4_412856_fault_locations.csv
[Fri Apr 24 09:44:16 PM CEST 2026] START VMPC_v6_363801_fault_locations.csv
[Fri Apr 24 09:44:16 PM CEST 2026] START VMPC_v7_3947118_fault_locations.csv
[Fri Apr 24 09:44:16 PM CEST 2026] START VMPC_v8_89177_fault_locations.csv
[Fri Apr 24 09:44:16 PM CEST 2026] START VMPC_v9_855976_fault_locations.csv
[Fri Apr 24 09:44:16 PM CEST 2026] START Volume_of_Fluid_Method_v10_681375_fault_locations.csv
[Fri Apr 24 09:44:16 PM CEST 2026] FAIL VMPC_v7_3947118_fault_locations.csv (status=1)
[Fri Apr 24 09:44:16 PM CEST 2026] FAIL VMPC_v4_412856_fault_locations.csv (status=1)
[Fri Apr 24 09:44:16 PM CEST 2026] START Volume_of_Fluid_Method_v1_4165452_fault_locations.csv
[Fri Apr 24 09:44:16 PM CEST 2026] FAIL VMPC_v8_89177_fault_locations.csv (status=1)
[Fri Apr 24 09:44:16 PM CEST 2026] FAIL VMPC_v9_855976_fault_locations.csv (status=1)
[Fri Apr 24 09:44:16 PM CEST 2026] FAIL VMPC_v3_3900323_fault_locations.csv (status=1)
[Fri Apr 24 09:44:16 PM CEST 2026] FAIL VMPC_v6_363801_fault_locations.csv (status=1)
[Fri Apr 24 09:44:20 PM CEST 2026] DONE Volume_of_Fluid_Method_v1_4165452_fault_locations.csv
[Fri Apr 24 09:44:28 PM CEST 2026] DONE Volume_of_Fluid_Method_v10_681375_fault_locations.csv
[Fri Apr 24 09:44:28 PM CEST 2026] START Volume_of_Fluid_Method_v2_563717_fault_locations.csv
[Fri Apr 24 09:44:28 PM CEST 2026] START Volume_of_Fluid_Method_v3_3863862_fault_locations.csv
[Fri Apr 24 09:44:28 PM CEST 2026] START Volume_of_Fluid_Method_v4_449620_fault_locations.csv
[Fri Apr 24 09:44:28 PM CEST 2026] START Voronoi_Cell_Area_Computation_v8_64956_fault_locations.csv
[Fri Apr 24 09:44:28 PM CEST 2026] START Voronoi_Cell_Area_Computation_v9_955847_fault_locations.csv
[Fri Apr 24 09:44:28 PM CEST 2026] START Voronoi_Diagram_Fortune’s_Algorithm_v10_740593_fault_locations.csv
[Fri Apr 24 09:44:28 PM CEST 2026] START Voronoi_Diagram_Fortune’s_Algorithm_v7_3992841_fault_locations.csv
[Fri Apr 24 09:44:28 PM CEST 2026] START Voronoi_Diagram_Fortune’s_Algorithm_v8_80587_fault_locations.csv
[Fri Apr 24 09:44:32 PM CEST 2026] DONE Volume_of_Fluid_Method_v2_563717_fault_locations.csv
[Fri Apr 24 09:44:35 PM CEST 2026] DONE Volume_of_Fluid_Method_v3_3863862_fault_locations.csv
[Fri Apr 24 09:44:36 PM CEST 2026] DONE Voronoi_Diagram_Fortune’s_Algorithm_v7_3992841_fault_locations.csv
[Fri Apr 24 09:44:38 PM CEST 2026] DONE Volume_of_Fluid_Method_v4_449620_fault_locations.csv
[Fri Apr 24 09:44:50 PM CEST 2026] DONE Voronoi_Diagram_Fortune’s_Algorithm_v8_80587_fault_locations.csv
[Fri Apr 24 09:44:52 PM CEST 2026] DONE Voronoi_Cell_Area_Computation_v8_64956_fault_locations.csv
[Fri Apr 24 09:44:57 PM CEST 2026] DONE Voronoi_Diagram_Fortune’s_Algorithm_v10_740593_fault_locations.csv
[Fri Apr 24 10:12:05 PM CEST 2026] DONE Voronoi_Cell_Area_Computation_v9_955847_fault_locations.csv
[Fri Apr 24 10:12:05 PM CEST 2026] START Voronoi_Diagram_Incremental_v10_701839_fault_locations.csv
[Fri Apr 24 10:12:05 PM CEST 2026] START Voronoi_Diagram_Incremental_v1_4129331_fault_locations.csv
[Fri Apr 24 10:12:05 PM CEST 2026] START Voronoi_Diagram_Incremental_v2_575743_fault_locations.csv
[Fri Apr 24 10:12:05 PM CEST 2026] START Voronoi_Diagram_Incremental_v3_3846645_fault_locations.csv
[Fri Apr 24 10:12:05 PM CEST 2026] START Voronoi_Diagram_Incremental_v4_392544_fault_locations.csv
[Fri Apr 24 10:12:05 PM CEST 2026] START Voronoi_Diagram_Incremental_v5_1001726_fault_locations.csv
[Fri Apr 24 10:12:05 PM CEST 2026] START Voronoi_Diagram_Incremental_v6_328936_fault_locations.csv
[Fri Apr 24 10:12:05 PM CEST 2026] START Voronoi_Diagram_Incremental_v8_72793_fault_locations.csv
[Fri Apr 24 10:12:05 PM CEST 2026] FAIL Voronoi_Diagram_Incremental_v8_72793_fault_locations.csv (status=1)
[Fri Apr 24 10:12:05 PM CEST 2026] FAIL Voronoi_Diagram_Incremental_v10_701839_fault_locations.csv (status=1)
[Fri Apr 24 10:12:07 PM CEST 2026] DONE Voronoi_Diagram_Incremental_v6_328936_fault_locations.csv
[Fri Apr 24 10:12:09 PM CEST 2026] DONE Voronoi_Diagram_Incremental_v1_4129331_fault_locations.csv
[Fri Apr 24 10:12:13 PM CEST 2026] DONE Voronoi_Diagram_Incremental_v5_1001726_fault_locations.csv
[Fri Apr 24 10:12:24 PM CEST 2026] DONE Voronoi_Diagram_Incremental_v4_392544_fault_locations.csv
[Fri Apr 24 10:14:00 PM CEST 2026] DONE Voronoi_Diagram_Incremental_v2_575743_fault_locations.csv
[Fri Apr 24 10:17:18 PM CEST 2026] DONE Voronoi_Diagram_Incremental_v3_3846645_fault_locations.csv
[Fri Apr 24 10:17:18 PM CEST 2026] START Voronoi_n=200_v1_4183277_fault_locations.csv
[Fri Apr 24 10:17:18 PM CEST 2026] START Voronoi_n=200_v7_3962078_fault_locations.csv
[Fri Apr 24 10:17:18 PM CEST 2026] START Voronoi_n=20_v10_830375_fault_locations.csv
[Fri Apr 24 10:17:18 PM CEST 2026] START Voronoi_n=20_v1_4118714_fault_locations.csv
[Fri Apr 24 10:17:18 PM CEST 2026] START Voronoi_n=20_v2_541572_fault_locations.csv
[Fri Apr 24 10:17:18 PM CEST 2026] FAIL Voronoi_n=200_v1_4183277_fault_locations.csv (status=1)
[Fri Apr 24 10:17:18 PM CEST 2026] FAIL Voronoi_n=200_v7_3962078_fault_locations.csv (status=1)
[Fri Apr 24 10:17:18 PM CEST 2026] START Voronoi_n=20_v3_3816917_fault_locations.csv
[Fri Apr 24 10:17:18 PM CEST 2026] FAIL Voronoi_n=20_v10_830375_fault_locations.csv (status=1)
[Fri Apr 24 10:17:18 PM CEST 2026] START Voronoi_n=20_v4_436547_fault_locations.csv
[Fri Apr 24 10:17:18 PM CEST 2026] FAIL Voronoi_n=20_v1_4118714_fault_locations.csv (status=1)
[Fri Apr 24 10:17:18 PM CEST 2026] START Voronoi_n=20_v5_1106351_fault_locations.csv
[Fri Apr 24 10:17:18 PM CEST 2026] FAIL Voronoi_n=20_v2_541572_fault_locations.csv (status=1)
[Fri Apr 24 10:17:18 PM CEST 2026] FAIL Voronoi_n=20_v3_3816917_fault_locations.csv (status=1)
[Fri Apr 24 10:17:18 PM CEST 2026] FAIL Voronoi_n=20_v4_436547_fault_locations.csv (status=1)
[Fri Apr 24 10:17:18 PM CEST 2026] FAIL Voronoi_n=20_v5_1106351_fault_locations.csv (status=1)
[Fri Apr 24 10:17:18 PM CEST 2026] START Voronoi_n=20_v6_312563_fault_locations.csv
[Fri Apr 24 10:17:18 PM CEST 2026] START Voronoi_n=20_v7_4055391_fault_locations.csv
[Fri Apr 24 10:17:18 PM CEST 2026] START Voronoi_n=20_v8_205734_fault_locations.csv
[Fri Apr 24 10:17:18 PM CEST 2026] START Voronoi_n=20_v9_852417_fault_locations.csv
[Fri Apr 24 10:17:18 PM CEST 2026] START Voronoi_Random_Seeds_v10_723886_fault_locations.csv
[Fri Apr 24 10:17:18 PM CEST 2026] FAIL Voronoi_n=20_v6_312563_fault_locations.csv (status=1)
[Fri Apr 24 10:17:18 PM CEST 2026] START Voronoi_Random_Seeds_v1_37441_fault_locations.csv
[Fri Apr 24 10:17:18 PM CEST 2026] FAIL Voronoi_n=20_v7_4055391_fault_locations.csv (status=1)
[Fri Apr 24 10:17:18 PM CEST 2026] START Voronoi_Random_Seeds_v2_534206_fault_locations.csv
[Fri Apr 24 10:17:18 PM CEST 2026] FAIL Voronoi_n=20_v8_205734_fault_locations.csv (status=1)
[Fri Apr 24 10:17:18 PM CEST 2026] START Voronoi_Random_Seeds_v3_3893193_fault_locations.csv
[Fri Apr 24 10:17:18 PM CEST 2026] FAIL Voronoi_n=20_v9_852417_fault_locations.csv (status=1)
[Fri Apr 24 10:17:19 PM CEST 2026] DONE Voronoi_Random_Seeds_v1_37441_fault_locations.csv
[Fri Apr 24 10:17:20 PM CEST 2026] DONE Voronoi_Random_Seeds_v10_723886_fault_locations.csv
[Fri Apr 24 10:17:21 PM CEST 2026] DONE Voronoi_Random_Seeds_v3_3893193_fault_locations.csv
[Fri Apr 24 10:17:27 PM CEST 2026] DONE Voronoi_Random_Seeds_v2_534206_fault_locations.csv
[Fri Apr 24 10:17:27 PM CEST 2026] START Voronoi_Random_Seeds_v4_483034_fault_locations.csv
[Fri Apr 24 10:17:27 PM CEST 2026] START Voronoi_Random_Seeds_v5_1062308_fault_locations.csv
[Fri Apr 24 10:17:27 PM CEST 2026] START Voronoi_Random_Seeds_v6_312068_fault_locations.csv
[Fri Apr 24 10:17:27 PM CEST 2026] START Voronoi_Random_Seeds_v7_4037940_fault_locations.csv
[Fri Apr 24 10:17:27 PM CEST 2026] START Voronoi_Random_Seeds_v9_934739_fault_locations.csv
[Fri Apr 24 10:17:27 PM CEST 2026] START Vorticity_Stream_Function_Method_v5_984443_fault_locations.csv
[Fri Apr 24 10:17:27 PM CEST 2026] START Vorticity_Stream_Function_Method_v6_286850_fault_locations.csv
[Fri Apr 24 10:17:27 PM CEST 2026] START Vorticity_Stream_Function_Method_v8_108122_fault_locations.csv
[Fri Apr 24 10:17:28 PM CEST 2026] DONE Voronoi_Random_Seeds_v9_934739_fault_locations.csv
[Fri Apr 24 10:17:31 PM CEST 2026] DONE Voronoi_Random_Seeds_v5_1062308_fault_locations.csv
[Fri Apr 24 10:17:34 PM CEST 2026] DONE Voronoi_Random_Seeds_v4_483034_fault_locations.csv
[Fri Apr 24 10:17:35 PM CEST 2026] DONE Voronoi_Random_Seeds_v7_4037940_fault_locations.csv
[Fri Apr 24 10:17:44 PM CEST 2026] DONE Vorticity_Stream_Function_Method_v8_108122_fault_locations.csv
[Fri Apr 24 10:17:46 PM CEST 2026] DONE Voronoi_Random_Seeds_v6_312068_fault_locations.csv
[Fri Apr 24 10:17:57 PM CEST 2026] DONE Vorticity_Stream_Function_Method_v6_286850_fault_locations.csv
[Fri Apr 24 10:18:31 PM CEST 2026] DONE Vorticity_Stream_Function_Method_v5_984443_fault_locations.csv
[Fri Apr 24 10:18:31 PM CEST 2026] START Voting_Classifier_v10_681441_fault_locations.csv
[Fri Apr 24 10:18:31 PM CEST 2026] START Voting_Classifier_v1_4154451_fault_locations.csv
[Fri Apr 24 10:18:31 PM CEST 2026] START Voting_Classifier_v2_536638_fault_locations.csv
[Fri Apr 24 10:18:31 PM CEST 2026] START Voting_Classifier_v5_1112332_fault_locations.csv
[Fri Apr 24 10:18:31 PM CEST 2026] START Voting_Classifier_v6_287073_fault_locations.csv
[Fri Apr 24 10:18:31 PM CEST 2026] START Voting_Classifier_v7_4079354_fault_locations.csv
[Fri Apr 24 10:18:31 PM CEST 2026] START Voting_Classifier_v8_147961_fault_locations.csv
[Fri Apr 24 10:18:31 PM CEST 2026] FAIL Voting_Classifier_v2_536638_fault_locations.csv (status=1)
[Fri Apr 24 10:18:31 PM CEST 2026] START Voting_Classifier_v9_906047_fault_locations.csv
[Fri Apr 24 10:18:31 PM CEST 2026] FAIL Voting_Classifier_v8_147961_fault_locations.csv (status=1)
[Fri Apr 24 10:18:32 PM CEST 2026] DONE Voting_Classifier_v5_1112332_fault_locations.csv
[Fri Apr 24 10:18:32 PM CEST 2026] DONE Voting_Classifier_v6_287073_fault_locations.csv
[Fri Apr 24 10:18:32 PM CEST 2026] DONE Voting_Classifier_v9_906047_fault_locations.csv
[Fri Apr 24 10:18:33 PM CEST 2026] DONE Voting_Classifier_v10_681441_fault_locations.csv
[Fri Apr 24 10:18:37 PM CEST 2026] DONE Voting_Classifier_v1_4154451_fault_locations.csv
[Fri Apr 24 10:23:17 PM CEST 2026] DONE Voting_Classifier_v7_4079354_fault_locations.csv
[Fri Apr 24 10:23:17 PM CEST 2026] START Warshall’s_Transitive_Closure_v10_749714_fault_locations.csv
[Fri Apr 24 10:23:17 PM CEST 2026] START Warshall’s_Transitive_Closure_v1_4155604_fault_locations.csv
[Fri Apr 24 10:23:17 PM CEST 2026] START Warshall’s_Transitive_Closure_v2_584482_fault_locations.csv
[Fri Apr 24 10:23:17 PM CEST 2026] START Warshall’s_Transitive_Closure_v3_3812954_fault_locations.csv
[Fri Apr 24 10:23:17 PM CEST 2026] FAIL Warshall’s_Transitive_Closure_v10_749714_fault_locations.csv (status=1)
[Fri Apr 24 10:23:17 PM CEST 2026] START Warshall’s_Transitive_Closure_v4_453290_fault_locations.csv
[Fri Apr 24 10:23:17 PM CEST 2026] START Warshall’s_Transitive_Closure_v5_1049928_fault_locations.csv
[Fri Apr 24 10:23:17 PM CEST 2026] FAIL Warshall’s_Transitive_Closure_v1_4155604_fault_locations.csv (status=1)
[Fri Apr 24 10:23:17 PM CEST 2026] START Warshall’s_Transitive_Closure_v6_326237_fault_locations.csv
[Fri Apr 24 10:23:17 PM CEST 2026] FAIL Warshall’s_Transitive_Closure_v2_584482_fault_locations.csv (status=1)
[Fri Apr 24 10:23:17 PM CEST 2026] START Warshall’s_Transitive_Closure_v7_3952867_fault_locations.csv
[Fri Apr 24 10:23:17 PM CEST 2026] FAIL Warshall’s_Transitive_Closure_v4_453290_fault_locations.csv (status=1)
[Fri Apr 24 10:23:17 PM CEST 2026] FAIL Warshall’s_Transitive_Closure_v7_3952867_fault_locations.csv (status=1)
[Fri Apr 24 10:23:17 PM CEST 2026] FAIL Warshall’s_Transitive_Closure_v3_3812954_fault_locations.csv (status=1)
[Fri Apr 24 10:23:17 PM CEST 2026] FAIL Warshall’s_Transitive_Closure_v5_1049928_fault_locations.csv (status=1)
[Fri Apr 24 10:23:17 PM CEST 2026] FAIL Warshall’s_Transitive_Closure_v6_326237_fault_locations.csv (status=1)
[Fri Apr 24 10:23:17 PM CEST 2026] START Warshall’s_Transitive_Closure_v8_80553_fault_locations.csv
[Fri Apr 24 10:23:17 PM CEST 2026] START Warshall’s_Transitive_Closure_v9_894651_fault_locations.csv
[Fri Apr 24 10:23:17 PM CEST 2026] START Wasserstein_GAN_WGAN_v4_431023_fault_locations.csv
[Fri Apr 24 10:23:17 PM CEST 2026] START Wasserstein_GAN_WGAN_v6_334934_fault_locations.csv
[Fri Apr 24 10:23:17 PM CEST 2026] START Wave_Equation_Solver_v1_4147657_fault_locations.csv
[Fri Apr 24 10:23:17 PM CEST 2026] FAIL Warshall’s_Transitive_Closure_v8_80553_fault_locations.csv (status=1)
[Fri Apr 24 10:23:17 PM CEST 2026] START Wave_Equation_Solver_v3_3791038_fault_locations.csv
[Fri Apr 24 10:23:17 PM CEST 2026] FAIL Warshall’s_Transitive_Closure_v9_894651_fault_locations.csv (status=1)
[Fri Apr 24 10:23:17 PM CEST 2026] START Wave_Equation_Solver_v5_981411_fault_locations.csv
[Fri Apr 24 10:23:17 PM CEST 2026] START Wavelet_Transform_v10_769188_fault_locations.csv
[Fri Apr 24 10:23:18 PM CEST 2026] DONE Wavelet_Transform_v10_769188_fault_locations.csv
[Fri Apr 24 10:23:26 PM CEST 2026] DONE Wave_Equation_Solver_v1_4147657_fault_locations.csv
[Fri Apr 24 10:23:27 PM CEST 2026] DONE Wave_Equation_Solver_v3_3791038_fault_locations.csv
[Fri Apr 24 10:23:33 PM CEST 2026] DONE Wasserstein_GAN_WGAN_v6_334934_fault_locations.csv
[Fri Apr 24 10:23:41 PM CEST 2026] DONE Wasserstein_GAN_WGAN_v4_431023_fault_locations.csv
[Fri Apr 24 10:26:02 PM CEST 2026] DONE Wave_Equation_Solver_v5_981411_fault_locations.csv
[Fri Apr 24 10:26:02 PM CEST 2026] START Wavelet_Transform_v1_4092586_fault_locations.csv
[Fri Apr 24 10:26:02 PM CEST 2026] START Wavelet_Transform_v2_657177_fault_locations.csv
[Fri Apr 24 10:26:02 PM CEST 2026] START Wavelet_Transform_v3_3842331_fault_locations.csv
[Fri Apr 24 10:26:02 PM CEST 2026] START Wavelet_Transform_v4_461317_fault_locations.csv
[Fri Apr 24 10:26:02 PM CEST 2026] START Wavelet_Transform_v5_995547_fault_locations.csv
[Fri Apr 24 10:26:02 PM CEST 2026] START Wavelet_Transform_v6_284406_fault_locations.csv
[Fri Apr 24 10:26:02 PM CEST 2026] START Wavelet_Transform_v7_3984703_fault_locations.csv
[Fri Apr 24 10:26:02 PM CEST 2026] START Wavelet_Transform_v9_954450_fault_locations.csv
[Fri Apr 24 10:26:04 PM CEST 2026] DONE Wavelet_Transform_v7_3984703_fault_locations.csv
[Fri Apr 24 10:26:04 PM CEST 2026] DONE Wavelet_Transform_v1_4092586_fault_locations.csv
[Fri Apr 24 10:26:05 PM CEST 2026] DONE Wavelet_Transform_v4_461317_fault_locations.csv
[Fri Apr 24 10:26:05 PM CEST 2026] DONE Wavelet_Transform_v2_657177_fault_locations.csv
[Fri Apr 24 10:26:06 PM CEST 2026] DONE Wavelet_Transform_v9_954450_fault_locations.csv
[Fri Apr 24 10:26:10 PM CEST 2026] DONE Wavelet_Transform_v6_284406_fault_locations.csv
[Fri Apr 24 10:26:18 PM CEST 2026] DONE Wavelet_Transform_v3_3842331_fault_locations.csv
[Fri Apr 24 10:37:40 PM CEST 2026] DONE Wavelet_Transform_v5_995547_fault_locations.csv
[Fri Apr 24 10:37:40 PM CEST 2026] START Weisfeiler_Lehman_Isomorphism_Test_v1_4107012_fault_locations.csv
[Fri Apr 24 10:37:40 PM CEST 2026] START Weisfeiler_Lehman_Isomorphism_Test_v2_628265_fault_locations.csv
[Fri Apr 24 10:37:40 PM CEST 2026] START Weisfeiler_Lehman_Isomorphism_Test_v3_3790367_fault_locations.csv
[Fri Apr 24 10:37:40 PM CEST 2026] START Weisfeiler_Lehman_Isomorphism_Test_v4_430730_fault_locations.csv
[Fri Apr 24 10:37:40 PM CEST 2026] START Weisfeiler_Lehman_Isomorphism_Test_v5_1010371_fault_locations.csv
[Fri Apr 24 10:37:40 PM CEST 2026] FAIL Weisfeiler_Lehman_Isomorphism_Test_v1_4107012_fault_locations.csv (status=1)
[Fri Apr 24 10:37:40 PM CEST 2026] START Weisfeiler_Lehman_Isomorphism_Test_v7_4032334_fault_locations.csv
[Fri Apr 24 10:37:40 PM CEST 2026] FAIL Weisfeiler_Lehman_Isomorphism_Test_v2_628265_fault_locations.csv (status=1)
[Fri Apr 24 10:37:40 PM CEST 2026] START Weisfeiler_Lehman_Isomorphism_Test_v8_114936_fault_locations.csv
[Fri Apr 24 10:37:40 PM CEST 2026] START Weisfeiler_Lehman_Isomorphism_Test_v9_907088_fault_locations.csv
[Fri Apr 24 10:37:40 PM CEST 2026] FAIL Weisfeiler_Lehman_Isomorphism_Test_v4_430730_fault_locations.csv (status=1)
[Fri Apr 24 10:37:40 PM CEST 2026] FAIL Weisfeiler_Lehman_Isomorphism_Test_v7_4032334_fault_locations.csv (status=1)
[Fri Apr 24 10:37:40 PM CEST 2026] FAIL Weisfeiler_Lehman_Isomorphism_Test_v3_3790367_fault_locations.csv (status=1)
[Fri Apr 24 10:37:40 PM CEST 2026] FAIL Weisfeiler_Lehman_Isomorphism_Test_v5_1010371_fault_locations.csv (status=1)
[Fri Apr 24 10:37:40 PM CEST 2026] FAIL Weisfeiler_Lehman_Isomorphism_Test_v8_114936_fault_locations.csv (status=1)
[Fri Apr 24 10:37:40 PM CEST 2026] FAIL Weisfeiler_Lehman_Isomorphism_Test_v9_907088_fault_locations.csv (status=1)
[Fri Apr 24 10:37:40 PM CEST 2026] START Welch_Spectral_Method_v2_613403_fault_locations.csv
[Fri Apr 24 10:37:40 PM CEST 2026] START Welch_Spectral_Method_v4_489370_fault_locations.csv
[Fri Apr 24 10:37:40 PM CEST 2026] START Welch_Spectral_Method_v5_1069662_fault_locations.csv
[Fri Apr 24 10:37:40 PM CEST 2026] START Welch_Spectral_Method_v8_140357_fault_locations.csv
[Fri Apr 24 10:37:40 PM CEST 2026] START Welch_Spectral_Method_v9_856975_fault_locations.csv
[Fri Apr 24 10:37:40 PM CEST 2026] START Welsh_Powell_Algorithm_v10_694618_fault_locations.csv
[Fri Apr 24 10:37:41 PM CEST 2026] START Welsh_Powell_Algorithm_v1_11835_fault_locations.csv
[Fri Apr 24 10:37:41 PM CEST 2026] START Welsh_Powell_Algorithm_v2_649004_fault_locations.csv
[Fri Apr 24 10:37:41 PM CEST 2026] FAIL Welsh_Powell_Algorithm_v10_694618_fault_locations.csv (status=1)
[Fri Apr 24 10:37:41 PM CEST 2026] FAIL Welsh_Powell_Algorithm_v2_649004_fault_locations.csv (status=1)
[Fri Apr 24 10:37:41 PM CEST 2026] FAIL Welsh_Powell_Algorithm_v1_11835_fault_locations.csv (status=1)
[Fri Apr 24 10:37:44 PM CEST 2026] DONE Welch_Spectral_Method_v4_489370_fault_locations.csv
[Fri Apr 24 10:37:49 PM CEST 2026] DONE Welch_Spectral_Method_v9_856975_fault_locations.csv
[Fri Apr 24 10:37:57 PM CEST 2026] DONE Welch_Spectral_Method_v8_140357_fault_locations.csv
[Fri Apr 24 10:41:16 PM CEST 2026] DONE Welch_Spectral_Method_v2_613403_fault_locations.csv
[Fri Apr 24 10:42:48 PM CEST 2026] DONE Welch_Spectral_Method_v5_1069662_fault_locations.csv
[Fri Apr 24 10:42:48 PM CEST 2026] START Welsh_Powell_Algorithm_v3_3791247_fault_locations.csv
[Fri Apr 24 10:42:48 PM CEST 2026] START Welsh_Powell_Algorithm_v4_418951_fault_locations.csv
[Fri Apr 24 10:42:48 PM CEST 2026] START Welsh_Powell_Algorithm_v5_995645_fault_locations.csv
[Fri Apr 24 10:42:48 PM CEST 2026] START Welsh_Powell_Algorithm_v6_363968_fault_locations.csv
[Fri Apr 24 10:42:48 PM CEST 2026] START Welsh_Powell_Algorithm_v8_117608_fault_locations.csv
[Fri Apr 24 10:42:48 PM CEST 2026] FAIL Welsh_Powell_Algorithm_v3_3791247_fault_locations.csv (status=1)
[Fri Apr 24 10:42:48 PM CEST 2026] FAIL Welsh_Powell_Algorithm_v4_418951_fault_locations.csv (status=1)
[Fri Apr 24 10:42:48 PM CEST 2026] START Welsh_Powell_Algorithm_v9_843165_fault_locations.csv
[Fri Apr 24 10:42:48 PM CEST 2026] FAIL Welsh_Powell_Algorithm_v5_995645_fault_locations.csv (status=1)
[Fri Apr 24 10:42:48 PM CEST 2026] START Wheel_Factorization_v10_754261_fault_locations.csv
[Fri Apr 24 10:42:48 PM CEST 2026] START Wheel_Factorization_v2_530259_fault_locations.csv
[Fri Apr 24 10:42:48 PM CEST 2026] FAIL Welsh_Powell_Algorithm_v6_363968_fault_locations.csv (status=1)
[Fri Apr 24 10:42:48 PM CEST 2026] FAIL Welsh_Powell_Algorithm_v8_117608_fault_locations.csv (status=1)
[Fri Apr 24 10:42:48 PM CEST 2026] FAIL Welsh_Powell_Algorithm_v9_843165_fault_locations.csv (status=1)
[Fri Apr 24 10:42:48 PM CEST 2026] FAIL Wheel_Factorization_v10_754261_fault_locations.csv (status=1)
[Fri Apr 24 10:42:48 PM CEST 2026] FAIL Wheel_Factorization_v2_530259_fault_locations.csv (status=1)
[Fri Apr 24 10:42:48 PM CEST 2026] START Wheel_Factorization_v5_1077548_fault_locations.csv
[Fri Apr 24 10:42:48 PM CEST 2026] START Wheel_Factorization_v6_299888_fault_locations.csv
[Fri Apr 24 10:42:48 PM CEST 2026] START Wheel_Factorization_v7_4075143_fault_locations.csv
[Fri Apr 24 10:42:48 PM CEST 2026] START Wheel_Factorization_v8_148994_fault_locations.csv
[Fri Apr 24 10:42:48 PM CEST 2026] START Whirlpool_v10_805002_fault_locations.csv
[Fri Apr 24 10:42:48 PM CEST 2026] FAIL Wheel_Factorization_v5_1077548_fault_locations.csv (status=1)
[Fri Apr 24 10:42:48 PM CEST 2026] START Whirlpool_v1_4135260_fault_locations.csv
[Fri Apr 24 10:42:48 PM CEST 2026] FAIL Wheel_Factorization_v6_299888_fault_locations.csv (status=1)
[Fri Apr 24 10:42:48 PM CEST 2026] START Whirlpool_v3_3918356_fault_locations.csv
[Fri Apr 24 10:42:48 PM CEST 2026] FAIL Wheel_Factorization_v7_4075143_fault_locations.csv (status=1)
[Fri Apr 24 10:42:48 PM CEST 2026] START Whirlpool_v4_468219_fault_locations.csv
[Fri Apr 24 10:42:48 PM CEST 2026] FAIL Wheel_Factorization_v8_148994_fault_locations.csv (status=1)
[Fri Apr 24 10:42:48 PM CEST 2026] FAIL Whirlpool_v1_4135260_fault_locations.csv (status=1)
[Fri Apr 24 10:42:48 PM CEST 2026] FAIL Whirlpool_v4_468219_fault_locations.csv (status=1)
[Fri Apr 24 10:42:48 PM CEST 2026] FAIL Whirlpool_v10_805002_fault_locations.csv (status=1)
[Fri Apr 24 10:42:48 PM CEST 2026] FAIL Whirlpool_v3_3918356_fault_locations.csv (status=1)
[Fri Apr 24 10:42:48 PM CEST 2026] START Whirlpool_v5_995560_fault_locations.csv
[Fri Apr 24 10:42:48 PM CEST 2026] START Whirlpool_v7_3954545_fault_locations.csv
[Fri Apr 24 10:42:48 PM CEST 2026] START Whirlpool_v9_876551_fault_locations.csv
[Fri Apr 24 10:42:48 PM CEST 2026] START Whisper_Model_v3_3881022_fault_locations.csv
[Fri Apr 24 10:42:48 PM CEST 2026] START Wiener_Filter_v2_670972_fault_locations.csv
[Fri Apr 24 10:42:48 PM CEST 2026] START Wiener_Filter_v4_410593_fault_locations.csv
[Fri Apr 24 10:42:48 PM CEST 2026] START Wiener_Filter_v6_264567_fault_locations.csv
[Fri Apr 24 10:42:48 PM CEST 2026] START Wiener_Filter_v7_4049197_fault_locations.csv
[Fri Apr 24 10:42:48 PM CEST 2026] FAIL Whirlpool_v5_995560_fault_locations.csv (status=1)
[Fri Apr 24 10:42:48 PM CEST 2026] FAIL Whirlpool_v7_3954545_fault_locations.csv (status=1)
[Fri Apr 24 10:42:48 PM CEST 2026] FAIL Whirlpool_v9_876551_fault_locations.csv (status=1)
[Fri Apr 24 10:42:53 PM CEST 2026] DONE Wiener_Filter_v7_4049197_fault_locations.csv
[Fri Apr 24 10:42:53 PM CEST 2026] DONE Wiener_Filter_v4_410593_fault_locations.csv
[Fri Apr 24 10:42:54 PM CEST 2026] DONE Wiener_Filter_v6_264567_fault_locations.csv
[Fri Apr 24 10:42:55 PM CEST 2026] DONE Whisper_Model_v3_3881022_fault_locations.csv
[Fri Apr 24 10:43:00 PM CEST 2026] DONE Wiener_Filter_v2_670972_fault_locations.csv
[Fri Apr 24 10:43:00 PM CEST 2026] START Williams’_p+1_Algorithm_v10_716992_fault_locations.csv
[Fri Apr 24 10:43:00 PM CEST 2026] START Williams’_p+1_Algorithm_v1_4169766_fault_locations.csv
[Fri Apr 24 10:43:00 PM CEST 2026] START Williams’_p+1_Algorithm_v2_617342_fault_locations.csv
[Fri Apr 24 10:43:00 PM CEST 2026] START Williams’_p+1_Algorithm_v4_438135_fault_locations.csv
[Fri Apr 24 10:43:00 PM CEST 2026] FAIL Williams’_p+1_Algorithm_v10_716992_fault_locations.csv (status=1)
[Fri Apr 24 10:43:00 PM CEST 2026] START Williams’_p+1_Algorithm_v5_1104688_fault_locations.csv
[Fri Apr 24 10:43:00 PM CEST 2026] START Williams’_p+1_Algorithm_v6_356429_fault_locations.csv
[Fri Apr 24 10:43:00 PM CEST 2026] START Williams’_p+1_Algorithm_v7_4037058_fault_locations.csv
[Fri Apr 24 10:43:00 PM CEST 2026] FAIL Williams’_p+1_Algorithm_v1_4169766_fault_locations.csv (status=1)
[Fri Apr 24 10:43:00 PM CEST 2026] FAIL Williams’_p+1_Algorithm_v2_617342_fault_locations.csv (status=1)
[Fri Apr 24 10:43:00 PM CEST 2026] START Williams’_p+1_Algorithm_v8_65113_fault_locations.csv
[Fri Apr 24 10:43:00 PM CEST 2026] FAIL Williams’_p+1_Algorithm_v5_1104688_fault_locations.csv (status=1)
[Fri Apr 24 10:43:00 PM CEST 2026] FAIL Williams’_p+1_Algorithm_v6_356429_fault_locations.csv (status=1)
[Fri Apr 24 10:43:00 PM CEST 2026] FAIL Williams’_p+1_Algorithm_v7_4037058_fault_locations.csv (status=1)
[Fri Apr 24 10:43:00 PM CEST 2026] FAIL Williams’_p+1_Algorithm_v8_65113_fault_locations.csv (status=1)
[Fri Apr 24 10:43:01 PM CEST 2026] DONE Williams’_p+1_Algorithm_v4_438135_fault_locations.csv
[Fri Apr 24 10:43:01 PM CEST 2026] START Williams’_p+1_Algorithm_v9_957362_fault_locations.csv
[Fri Apr 24 10:43:01 PM CEST 2026] START Wilson’s_Theorem_v10_781334_fault_locations.csv
[Fri Apr 24 10:43:01 PM CEST 2026] START Wilson’s_Theorem_v1_4112594_fault_locations.csv
[Fri Apr 24 10:43:01 PM CEST 2026] START Wilson’s_Theorem_v2_546585_fault_locations.csv
[Fri Apr 24 10:43:01 PM CEST 2026] START Wilson’s_Theorem_v3_3869724_fault_locations.csv
[Fri Apr 24 10:43:01 PM CEST 2026] FAIL Williams’_p+1_Algorithm_v9_957362_fault_locations.csv (status=1)
[Fri Apr 24 10:43:01 PM CEST 2026] START Wilson’s_Theorem_v4_487978_fault_locations.csv
[Fri Apr 24 10:43:01 PM CEST 2026] START Wilson’s_Theorem_v5_1020481_fault_locations.csv
[Fri Apr 24 10:43:01 PM CEST 2026] START Wilson’s_Theorem_v6_308205_fault_locations.csv
[Fri Apr 24 10:43:01 PM CEST 2026] FAIL Wilson’s_Theorem_v4_487978_fault_locations.csv (status=1)
[Fri Apr 24 10:43:01 PM CEST 2026] FAIL Wilson’s_Theorem_v10_781334_fault_locations.csv (status=1)
[Fri Apr 24 10:43:01 PM CEST 2026] FAIL Wilson’s_Theorem_v1_4112594_fault_locations.csv (status=1)
[Fri Apr 24 10:43:01 PM CEST 2026] FAIL Wilson’s_Theorem_v2_546585_fault_locations.csv (status=1)
[Fri Apr 24 10:43:01 PM CEST 2026] FAIL Wilson’s_Theorem_v6_308205_fault_locations.csv (status=1)
[Fri Apr 24 10:43:01 PM CEST 2026] FAIL Wilson’s_Theorem_v5_1020481_fault_locations.csv (status=1)
[Fri Apr 24 10:43:14 PM CEST 2026] DONE Wilson’s_Theorem_v3_3869724_fault_locations.csv
[Fri Apr 24 10:43:14 PM CEST 2026] START Wilson’s_Theorem_v7_4025252_fault_locations.csv
[Fri Apr 24 10:43:14 PM CEST 2026] START Wilson’s_Theorem_v8_156326_fault_locations.csv
[Fri Apr 24 10:43:14 PM CEST 2026] START Wilson’s_Theorem_v9_832316_fault_locations.csv
[Fri Apr 24 10:43:14 PM CEST 2026] START Winograd_Matrix_Multiplication_v10_698168_fault_locations.csv
[Fri Apr 24 10:43:14 PM CEST 2026] START Winograd_Matrix_Multiplication_v1_17396_fault_locations.csv
[Fri Apr 24 10:43:14 PM CEST 2026] START Winograd_Matrix_Multiplication_v2_530573_fault_locations.csv
[Fri Apr 24 10:43:14 PM CEST 2026] FAIL Wilson’s_Theorem_v9_832316_fault_locations.csv (status=1)
[Fri Apr 24 10:43:14 PM CEST 2026] START Winograd_Matrix_Multiplication_v3_3862207_fault_locations.csv
[Fri Apr 24 10:43:14 PM CEST 2026] START Winograd_Matrix_Multiplication_v4_488800_fault_locations.csv
[Fri Apr 24 10:43:14 PM CEST 2026] FAIL Wilson’s_Theorem_v7_4025252_fault_locations.csv (status=1)
[Fri Apr 24 10:43:14 PM CEST 2026] FAIL Winograd_Matrix_Multiplication_v4_488800_fault_locations.csv (status=1)
[Fri Apr 24 10:43:14 PM CEST 2026] FAIL Wilson’s_Theorem_v8_156326_fault_locations.csv (status=1)
[Fri Apr 24 10:43:19 PM CEST 2026] DONE Winograd_Matrix_Multiplication_v1_17396_fault_locations.csv
[Fri Apr 24 10:43:19 PM CEST 2026] DONE Winograd_Matrix_Multiplication_v10_698168_fault_locations.csv
[Fri Apr 24 10:43:21 PM CEST 2026] DONE Winograd_Matrix_Multiplication_v3_3862207_fault_locations.csv
[Fri Apr 24 10:43:22 PM CEST 2026] DONE Winograd_Matrix_Multiplication_v2_530573_fault_locations.csv
[Fri Apr 24 10:43:22 PM CEST 2026] START Winograd_Matrix_Multiplication_v6_363646_fault_locations.csv
[Fri Apr 24 10:43:22 PM CEST 2026] START Winograd_Matrix_Multiplication_v7_4006549_fault_locations.csv
[Fri Apr 24 10:43:22 PM CEST 2026] START Winograd_Matrix_Multiplication_v8_152897_fault_locations.csv
[Fri Apr 24 10:43:22 PM CEST 2026] START Winograd_Matrix_Multiplication_v9_846803_fault_locations.csv
[Fri Apr 24 10:43:22 PM CEST 2026] START Word2Vec_v2_600051_fault_locations.csv
[Fri Apr 24 10:43:22 PM CEST 2026] FAIL Winograd_Matrix_Multiplication_v6_363646_fault_locations.csv (status=1)
[Fri Apr 24 10:43:22 PM CEST 2026] START Word2Vec_v9_872399_fault_locations.csv
[Fri Apr 24 10:43:22 PM CEST 2026] START Workspace_Reachability_v1_4135893_fault_locations.csv
[Fri Apr 24 10:43:22 PM CEST 2026] FAIL Winograd_Matrix_Multiplication_v9_846803_fault_locations.csv (status=1)
[Fri Apr 24 10:43:22 PM CEST 2026] START Workspace_Reachability_v2_623465_fault_locations.csv
[Fri Apr 24 10:43:22 PM CEST 2026] FAIL Workspace_Reachability_v1_4135893_fault_locations.csv (status=1)
[Fri Apr 24 10:43:22 PM CEST 2026] FAIL Winograd_Matrix_Multiplication_v7_4006549_fault_locations.csv (status=1)
[Fri Apr 24 10:43:22 PM CEST 2026] FAIL Winograd_Matrix_Multiplication_v8_152897_fault_locations.csv (status=1)
[Fri Apr 24 10:43:24 PM CEST 2026] DONE Workspace_Reachability_v2_623465_fault_locations.csv
[Fri Apr 24 10:43:34 PM CEST 2026] DONE Word2Vec_v9_872399_fault_locations.csv
[Fri Apr 24 10:43:47 PM CEST 2026] DONE Word2Vec_v2_600051_fault_locations.csv
[Fri Apr 24 10:43:47 PM CEST 2026] START Workspace_Reachability_v3_3862305_fault_locations.csv
[Fri Apr 24 10:43:47 PM CEST 2026] START Workspace_Reachability_v4_445478_fault_locations.csv
[Fri Apr 24 10:43:47 PM CEST 2026] START Workspace_Reachability_v5_1107390_fault_locations.csv
[Fri Apr 24 10:43:47 PM CEST 2026] START Workspace_Reachability_v7_4054077_fault_locations.csv
[Fri Apr 24 10:43:47 PM CEST 2026] START Workspace_Reachability_v9_877857_fault_locations.csv
[Fri Apr 24 10:43:47 PM CEST 2026] START XChaCha12_v10_749727_fault_locations.csv
[Fri Apr 24 10:43:47 PM CEST 2026] START XChaCha12_v2_611897_fault_locations.csv
[Fri Apr 24 10:43:47 PM CEST 2026] START XChaCha12_v3_3797372_fault_locations.csv
[Fri Apr 24 10:43:47 PM CEST 2026] FAIL XChaCha12_v2_611897_fault_locations.csv (status=1)
[Fri Apr 24 10:43:47 PM CEST 2026] FAIL Workspace_Reachability_v3_3862305_fault_locations.csv (status=1)
[Fri Apr 24 10:43:47 PM CEST 2026] FAIL XChaCha12_v3_3797372_fault_locations.csv (status=1)
[Fri Apr 24 10:43:47 PM CEST 2026] FAIL XChaCha12_v10_749727_fault_locations.csv (status=1)
[Fri Apr 24 10:43:49 PM CEST 2026] DONE Workspace_Reachability_v4_445478_fault_locations.csv
[Fri Apr 24 10:43:49 PM CEST 2026] DONE Workspace_Reachability_v5_1107390_fault_locations.csv
[Fri Apr 24 10:43:50 PM CEST 2026] DONE Workspace_Reachability_v7_4054077_fault_locations.csv
[Fri Apr 24 10:43:50 PM CEST 2026] DONE Workspace_Reachability_v9_877857_fault_locations.csv
[Fri Apr 24 10:43:50 PM CEST 2026] START XChaCha12_v6_271029_fault_locations.csv
[Fri Apr 24 10:43:50 PM CEST 2026] START XChaCha12_v7_4053040_fault_locations.csv
[Fri Apr 24 10:43:50 PM CEST 2026] START XChaCha12_v8_204106_fault_locations.csv
[Fri Apr 24 10:43:50 PM CEST 2026] START XChaCha12_v9_946522_fault_locations.csv
[Fri Apr 24 10:43:50 PM CEST 2026] START XChaCha8_v10_822658_fault_locations.csv
[Fri Apr 24 10:43:50 PM CEST 2026] FAIL XChaCha12_v6_271029_fault_locations.csv (status=1)
[Fri Apr 24 10:43:50 PM CEST 2026] FAIL XChaCha12_v7_4053040_fault_locations.csv (status=1)
[Fri Apr 24 10:43:50 PM CEST 2026] START XChaCha8_v1_4190925_fault_locations.csv
[Fri Apr 24 10:43:50 PM CEST 2026] START XChaCha8_v2_637902_fault_locations.csv
[Fri Apr 24 10:43:50 PM CEST 2026] START XChaCha8_v3_3841043_fault_locations.csv
[Fri Apr 24 10:43:50 PM CEST 2026] FAIL XChaCha12_v9_946522_fault_locations.csv (status=1)
[Fri Apr 24 10:43:50 PM CEST 2026] FAIL XChaCha8_v10_822658_fault_locations.csv (status=1)
[Fri Apr 24 10:43:50 PM CEST 2026] FAIL XChaCha8_v2_637902_fault_locations.csv (status=1)
[Fri Apr 24 10:43:50 PM CEST 2026] FAIL XChaCha8_v3_3841043_fault_locations.csv (status=1)
[Fri Apr 24 10:43:50 PM CEST 2026] FAIL XChaCha8_v1_4190925_fault_locations.csv (status=1)
[Fri Apr 24 10:43:50 PM CEST 2026] FAIL XChaCha12_v8_204106_fault_locations.csv (status=1)
[Fri Apr 24 10:43:50 PM CEST 2026] START XChaCha8_v6_354520_fault_locations.csv
[Fri Apr 24 10:43:50 PM CEST 2026] START XChaCha8_v8_161513_fault_locations.csv
[Fri Apr 24 10:43:50 PM CEST 2026] START XChaCha8_v9_849482_fault_locations.csv
[Fri Apr 24 10:43:50 PM CEST 2026] START XGBoost_Regressor_v10_774186_fault_locations.csv
[Fri Apr 24 10:43:50 PM CEST 2026] START XGBoost_Regressor_v1_4186894_fault_locations.csv
[Fri Apr 24 10:43:50 PM CEST 2026] FAIL XChaCha8_v6_354520_fault_locations.csv (status=1)
[Fri Apr 24 10:43:50 PM CEST 2026] FAIL XChaCha8_v8_161513_fault_locations.csv (status=1)
[Fri Apr 24 10:43:50 PM CEST 2026] START XGBoost_Regressor_v3_3807713_fault_locations.csv
[Fri Apr 24 10:43:50 PM CEST 2026] FAIL XChaCha8_v9_849482_fault_locations.csv (status=1)
[Fri Apr 24 10:43:50 PM CEST 2026] START XGBoost_Regressor_v4_503737_fault_locations.csv
[Fri Apr 24 10:43:50 PM CEST 2026] START XGBoost_Regressor_v5_1139044_fault_locations.csv
[Fri Apr 24 10:43:51 PM CEST 2026] DONE XGBoost_Regressor_v5_1139044_fault_locations.csv
[Fri Apr 24 10:43:56 PM CEST 2026] DONE XGBoost_Regressor_v3_3807713_fault_locations.csv
[Fri Apr 24 10:43:57 PM CEST 2026] DONE XGBoost_Regressor_v10_774186_fault_locations.csv
[Fri Apr 24 10:43:58 PM CEST 2026] DONE XGBoost_Regressor_v1_4186894_fault_locations.csv
[Fri Apr 24 10:44:02 PM CEST 2026] DONE XGBoost_Regressor_v4_503737_fault_locations.csv
[Fri Apr 24 10:44:02 PM CEST 2026] START XGBoost_Regressor_v6_378683_fault_locations.csv
[Fri Apr 24 10:44:02 PM CEST 2026] START XGBoost_Regressor_v7_4009917_fault_locations.csv
[Fri Apr 24 10:44:02 PM CEST 2026] START XGBoost_Regressor_v9_954371_fault_locations.csv
[Fri Apr 24 10:44:02 PM CEST 2026] START XGBoost_v10_798515_fault_locations.csv
[Fri Apr 24 10:44:02 PM CEST 2026] START XTEA_Extended_TEA_v1_4108664_fault_locations.csv
[Fri Apr 24 10:44:02 PM CEST 2026] START XTEA_Extended_TEA_v2_585933_fault_locations.csv
[Fri Apr 24 10:44:02 PM CEST 2026] START XTEA_Extended_TEA_v7_3942316_fault_locations.csv
[Fri Apr 24 10:44:02 PM CEST 2026] START XTEA_Extended_TEA_v8_156579_fault_locations.csv
[Fri Apr 24 10:44:02 PM CEST 2026] FAIL XTEA_Extended_TEA_v2_585933_fault_locations.csv (status=1)
[Fri Apr 24 10:44:02 PM CEST 2026] FAIL XTEA_Extended_TEA_v7_3942316_fault_locations.csv (status=1)
[Fri Apr 24 10:44:02 PM CEST 2026] FAIL XTEA_Extended_TEA_v8_156579_fault_locations.csv (status=1)
[Fri Apr 24 10:44:02 PM CEST 2026] FAIL XTEA_Extended_TEA_v1_4108664_fault_locations.csv (status=1)
[Fri Apr 24 10:44:03 PM CEST 2026] DONE XGBoost_Regressor_v7_4009917_fault_locations.csv
[Fri Apr 24 10:44:05 PM CEST 2026] DONE XGBoost_Regressor_v9_954371_fault_locations.csv
[Fri Apr 24 10:44:18 PM CEST 2026] DONE XGBoost_Regressor_v6_378683_fault_locations.csv
[Fri Apr 24 10:44:34 PM CEST 2026] DONE XGBoost_v10_798515_fault_locations.csv
[Fri Apr 24 10:44:34 PM CEST 2026] START XXTEA_v4_420737_fault_locations.csv
[Fri Apr 24 10:44:34 PM CEST 2026] START XXTEA_v5_989191_fault_locations.csv
[Fri Apr 24 10:44:34 PM CEST 2026] START XXTEA_v6_294963_fault_locations.csv
[Fri Apr 24 10:44:34 PM CEST 2026] START XXTEA_v8_90244_fault_locations.csv
[Fri Apr 24 10:44:34 PM CEST 2026] START XXTEA_v9_872479_fault_locations.csv
[Fri Apr 24 10:44:34 PM CEST 2026] START Yen’s_K_Shortest_Paths_Algorithm_v1_4099953_fault_locations.csv
[Fri Apr 24 10:44:34 PM CEST 2026] START Yen’s_K_Shortest_Paths_Algorithm_v2_615735_fault_locations.csv
[Fri Apr 24 10:44:34 PM CEST 2026] START Yen’s_K_Shortest_Paths_Algorithm_v5_1053006_fault_locations.csv
[Fri Apr 24 10:44:35 PM CEST 2026] FAIL Yen’s_K_Shortest_Paths_Algorithm_v5_1053006_fault_locations.csv (status=1)
[Fri Apr 24 10:44:35 PM CEST 2026] FAIL XXTEA_v9_872479_fault_locations.csv (status=1)
[Fri Apr 24 10:44:35 PM CEST 2026] FAIL Yen’s_K_Shortest_Paths_Algorithm_v1_4099953_fault_locations.csv (status=1)
[Fri Apr 24 10:44:35 PM CEST 2026] FAIL XXTEA_v4_420737_fault_locations.csv (status=1)
[Fri Apr 24 10:44:35 PM CEST 2026] FAIL Yen’s_K_Shortest_Paths_Algorithm_v2_615735_fault_locations.csv (status=1)
[Fri Apr 24 10:44:35 PM CEST 2026] FAIL XXTEA_v6_294963_fault_locations.csv (status=1)
[Fri Apr 24 10:44:35 PM CEST 2026] FAIL XXTEA_v8_90244_fault_locations.csv (status=1)
[Fri Apr 24 10:44:35 PM CEST 2026] FAIL XXTEA_v5_989191_fault_locations.csv (status=1)
[Fri Apr 24 10:44:35 PM CEST 2026] START Yen’s_K_Shortest_Paths_Algorithm_v7_4004420_fault_locations.csv
[Fri Apr 24 10:44:35 PM CEST 2026] START Yen’s_K_Shortest_Paths_Algorithm_v8_128586_fault_locations.csv
[Fri Apr 24 10:44:35 PM CEST 2026] START YOLOv3_v10_762284_fault_locations.csv
[Fri Apr 24 10:44:35 PM CEST 2026] START YOLOv3_v3_3819912_fault_locations.csv
[Fri Apr 24 10:44:35 PM CEST 2026] START YOLOv3_v6_307997_fault_locations.csv
[Fri Apr 24 10:44:35 PM CEST 2026] START YOLOv3_v7_4065291_fault_locations.csv
[Fri Apr 24 10:44:35 PM CEST 2026] START YOLOv4_v3_3808635_fault_locations.csv
[Fri Apr 24 10:44:35 PM CEST 2026] START YOLOv4_v4_470240_fault_locations.csv
[Fri Apr 24 10:44:35 PM CEST 2026] FAIL Yen’s_K_Shortest_Paths_Algorithm_v7_4004420_fault_locations.csv (status=1)
[Fri Apr 24 10:44:35 PM CEST 2026] FAIL Yen’s_K_Shortest_Paths_Algorithm_v8_128586_fault_locations.csv (status=1)
[Fri Apr 24 10:44:39 PM CEST 2026] DONE YOLOv3_v10_762284_fault_locations.csv
[Fri Apr 24 10:44:42 PM CEST 2026] DONE YOLOv3_v3_3819912_fault_locations.csv
[Fri Apr 24 10:44:43 PM CEST 2026] DONE YOLOv4_v4_470240_fault_locations.csv
[Fri Apr 24 10:44:44 PM CEST 2026] DONE YOLOv3_v7_4065291_fault_locations.csv
[Fri Apr 24 10:44:49 PM CEST 2026] DONE YOLOv4_v3_3808635_fault_locations.csv
[Fri Apr 24 10:45:10 PM CEST 2026] DONE YOLOv3_v6_307997_fault_locations.csv
[Fri Apr 24 10:45:10 PM CEST 2026] START YOLOv4_v6_329084_fault_locations.csv
[Fri Apr 24 10:45:10 PM CEST 2026] START YOLOv5_v10_729310_fault_locations.csv
[Fri Apr 24 10:45:10 PM CEST 2026] START YOLOv5_v2_612727_fault_locations.csv
[Fri Apr 24 10:45:10 PM CEST 2026] START YOLOv8_v1_4133980_fault_locations.csv
[Fri Apr 24 10:45:10 PM CEST 2026] START YOLOv8_v4_386815_fault_locations.csv
[Fri Apr 24 10:45:10 PM CEST 2026] START YOLOv8_v5_1086527_fault_locations.csv
[Fri Apr 24 10:45:10 PM CEST 2026] START Zone_Computation_in_Arrangement_v1_4162575_fault_locations.csv
[Fri Apr 24 10:45:10 PM CEST 2026] START Zone_Computation_in_Arrangement_v2_606091_fault_locations.csv
[Fri Apr 24 10:45:18 PM CEST 2026] DONE Zone_Computation_in_Arrangement_v1_4162575_fault_locations.csv
[Fri Apr 24 10:45:20 PM CEST 2026] DONE Zone_Computation_in_Arrangement_v2_606091_fault_locations.csv
[Fri Apr 24 10:45:22 PM CEST 2026] DONE YOLOv8_v1_4133980_fault_locations.csv
[Fri Apr 24 10:45:22 PM CEST 2026] DONE YOLOv5_v2_612727_fault_locations.csv
[Fri Apr 24 10:45:23 PM CEST 2026] DONE YOLOv5_v10_729310_fault_locations.csv
[Fri Apr 24 10:45:23 PM CEST 2026] DONE YOLOv8_v4_386815_fault_locations.csv
[Fri Apr 24 10:45:35 PM CEST 2026] DONE YOLOv4_v6_329084_fault_locations.csv
[Fri Apr 24 11:12:01 PM CEST 2026] DONE YOLOv8_v5_1086527_fault_locations.csv
[Fri Apr 24 11:12:01 PM CEST 2026] START Zone_Computation_in_Arrangement_v4_507166_fault_locations.csv
[Fri Apr 24 11:12:01 PM CEST 2026] START Zone_Computation_in_Arrangement_v7_4050027_fault_locations.csv
[Fri Apr 24 11:12:01 PM CEST 2026] START Zone_Computation_in_Arrangement_v9_924665_fault_locations.csv
[Fri Apr 24 11:12:01 PM CEST 2026] START ZUC_Stream_Cipher_v3_3912007_fault_locations.csv
[Fri Apr 24 11:12:01 PM CEST 2026] START ZUC_Stream_Cipher_v4_526887_fault_locations.csv
[Fri Apr 24 11:12:01 PM CEST 2026] START ZUC_Stream_Cipher_v6_235836_fault_locations.csv
[Fri Apr 24 11:12:01 PM CEST 2026] START ZUC_Stream_Cipher_v7_3965214_fault_locations.csv
[Fri Apr 24 11:12:01 PM CEST 2026] FAIL Zone_Computation_in_Arrangement_v9_924665_fault_locations.csv (status=1)
[Fri Apr 24 11:12:01 PM CEST 2026] START ZUC_Stream_Cipher_v9_954333_fault_locations.csv
[Fri Apr 24 11:12:01 PM CEST 2026] FAIL ZUC_Stream_Cipher_v4_526887_fault_locations.csv (status=1)
[Fri Apr 24 11:12:01 PM CEST 2026] FAIL ZUC_Stream_Cipher_v6_235836_fault_locations.csv (status=1)
[Fri Apr 24 11:12:01 PM CEST 2026] FAIL ZUC_Stream_Cipher_v7_3965214_fault_locations.csv (status=1)
[Fri Apr 24 11:12:01 PM CEST 2026] FAIL ZUC_Stream_Cipher_v9_954333_fault_locations.csv (status=1)
[Fri Apr 24 11:12:01 PM CEST 2026] FAIL ZUC_Stream_Cipher_v3_3912007_fault_locations.csv (status=1)
[Fri Apr 24 11:12:02 PM CEST 2026] DONE Zone_Computation_in_Arrangement_v4_507166_fault_locations.csv
[Fri Apr 24 11:12:17 PM CEST 2026] DONE Zone_Computation_in_Arrangement_v7_4050027_fault_locations.csv
Finished all jobs at Fri Apr 24 11:12:17 PM CEST 2026
